{
"type": "FeatureCollection",
"name": "WHUInfo_Roads",
"crs": { "type": "name", "properties": { "name": "urn:ogc:def:crs:OGC:1.3:CRS84" } },
"features": [
{ "type": "Feature", "properties": { "osm_id": "112939112", "code": 5112, "fclass": "trunk", "name": "珞喻路", "ref": "G316", "oneway": "F", "maxspeed": 40, "layer": 0, "bridge": "F", "tunnel": "F" }, "geometry": { "type": "MultiLineString", "coordinates": [ [ [ 114.352527, 30.5276307 ], [ 114.3498336, 30.5284052 ], [ 114.3483143, 30.528839 ] ] ] } },
{ "type": "Feature", "properties": { "osm_id": "112941282", "code": 5113, "fclass": "primary", "name": null, "ref": null, "oneway": "F", "maxspeed": 30, "layer": 0, "bridge": "F", "tunnel": "F" }, "geometry": { "type": "MultiLineString", "coordinates": [ [ [ 114.356917105088101, 30.52621282568192 ], [ 114.3566969, 30.5263341 ], [ 114.3563459, 30.5265095 ], [ 114.356029, 30.5266574 ], [ 114.3559508, 30.5266924 ], [ 114.3557455, 30.5267844 ], [ 114.3556853, 30.5268113 ], [ 114.3554045, 30.5269125 ], [ 114.3551455, 30.526997 ], [ 114.3548285, 30.5271044 ], [ 114.3545443, 30.5271883 ], [ 114.3542412, 30.5272735 ], [ 114.3538175, 30.52739 ], [ 114.352504, 30.5277598 ], [ 114.3520376, 30.5278952 ], [ 114.351979, 30.5279125 ] ] ] } },
{ "type": "Feature", "properties": { "osm_id": "122744425", "code": 5141, "fclass": "service", "name": null, "ref": null, "oneway": "B", "maxspeed": 0, "layer": 0, "bridge": "F", "tunnel": "F" }, "geometry": { "type": "MultiLineString", "coordinates": [ [ [ 114.3539388, 30.5277091 ], [ 114.3539399, 30.5277743 ], [ 114.3539411, 30.5281928 ], [ 114.3539391, 30.5282129 ], [ 114.3539355, 30.5282304 ], [ 114.3539276, 30.5282465 ], [ 114.3539173, 30.5282586 ], [ 114.3539049, 30.5282679 ], [ 114.3538839, 30.5282764 ], [ 114.3538554, 30.5282834 ], [ 114.3538283, 30.5282868 ], [ 114.352343, 30.5282881 ], [ 114.3523028, 30.5282858 ], [ 114.3522815, 30.5282796 ], [ 114.3522628, 30.5282691 ], [ 114.3522463, 30.5282525 ], [ 114.3520966, 30.528013 ], [ 114.3520742, 30.527977 ], [ 114.3520375, 30.527918 ] ] ] } },
{ "type": "Feature", "properties": { "osm_id": "953298308", "code": 5152, "fclass": "cycleway", "name": null, "ref": null, "oneway": "B", "maxspeed": 0, "layer": 0, "bridge": "F", "tunnel": "F" }, "geometry": { "type": "MultiLineString", "coordinates": [ [ [ 114.3519473, 30.5280539 ], [ 114.3520379, 30.5280305 ], [ 114.3520966, 30.528013 ], [ 114.3522657, 30.5279644 ], [ 114.353861, 30.5275043 ] ] ] } },
{ "type": "Feature", "properties": { "osm_id": "1279001413", "code": 5132, "fclass": "trunk_link", "name": "珞喻路", "ref": null, "oneway": "F", "maxspeed": 40, "layer": 0, "bridge": "F", "tunnel": "F" }, "geometry": { "type": "MultiLineString", "coordinates": [ [ [ 114.352527, 30.5276307 ], [ 114.351979, 30.5279125 ] ] ] } },
{ "type": "Feature", "properties": { "osm_id": "1480419216", "code": 5124, "fclass": "pedestrian", "name": null, "ref": null, "oneway": "B", "maxspeed": 0, "layer": 0, "bridge": "F", "tunnel": "F" }, "geometry": { "type": "MultiLineString", "coordinates": [ [ [ 114.3523024, 30.5282226 ], [ 114.3522141, 30.5279958 ], [ 114.352271, 30.5279794 ], [ 114.3537819, 30.5275429 ], [ 114.3538069, 30.5276071 ], [ 114.3538138, 30.5276249 ], [ 114.3537995, 30.527629 ], [ 114.3536352, 30.5276765 ], [ 114.3533206, 30.5277673 ], [ 114.3530175, 30.5278548 ], [ 114.3528459, 30.5279043 ], [ 114.3526866, 30.5279503 ], [ 114.3525935, 30.5279772 ], [ 114.3523608, 30.5280444 ], [ 114.3524172, 30.5281895 ], [ 114.3523024, 30.5282226 ] ] ] } },
{ "type": "Feature", "properties": { "osm_id": "1480419217", "code": 5153, "fclass": "footway", "name": null, "ref": null, "oneway": "B", "maxspeed": 0, "layer": 0, "bridge": "F", "tunnel": "F" }, "geometry": { "type": "MultiLineString", "coordinates": [ [ [ 114.3522657, 30.5279644 ], [ 114.352271, 30.5279794 ], [ 114.3522985, 30.528049 ], [ 114.3538069, 30.5276071 ], [ 114.3538907, 30.5275825 ] ] ] } },
{ "type": "Feature", "properties": { "osm_id": "100305694", "code": 5113, "fclass": "primary", "name": "珞狮路", "ref": null, "oneway": "F", "maxspeed": 0, "layer": 0, "bridge": "F", "tunnel": "F" }, "geometry": { "type": "MultiLineString", "coordinates": [ [ [ 114.3481304, 30.5294225 ], [ 114.348624, 30.5307255 ], [ 114.3489576, 30.5315726 ], [ 114.3490685, 30.5318638 ] ] ] } },
{ "type": "Feature", "properties": { "osm_id": "100305700", "code": 5113, "fclass": "primary", "name": "珞喻路", "ref": null, "oneway": "F", "maxspeed": 40, "layer": 0, "bridge": "F", "tunnel": "F" }, "geometry": { "type": "MultiLineString", "coordinates": [ [ [ 114.351979, 30.5279125 ], [ 114.3519481, 30.5279223 ], [ 114.3504508, 30.528352 ], [ 114.3497628, 30.5285619 ], [ 114.3488272, 30.5288393 ], [ 114.3484468, 30.5289521 ], [ 114.3483607, 30.5289747 ], [ 114.3481337, 30.5290366 ], [ 114.3479982, 30.5290735 ] ] ] } },
{ "type": "Feature", "properties": { "osm_id": "103755064", "code": 5112, "fclass": "trunk", "name": "二环线", "ref": null, "oneway": "F", "maxspeed": 60, "layer": 1, "bridge": "T", "tunnel": "F" }, "geometry": { "type": "MultiLineString", "coordinates": [ [ [ 114.347781979594387, 30.52874185322921 ], [ 114.3484113, 30.5303539 ], [ 114.3486017, 30.5308417 ], [ 114.348681, 30.5310596 ] ] ] } },
{ "type": "Feature", "properties": { "osm_id": "953298310", "code": 5152, "fclass": "cycleway", "name": null, "ref": null, "oneway": "B", "maxspeed": 0, "layer": 0, "bridge": "F", "tunnel": "F" }, "geometry": { "type": "MultiLineString", "coordinates": [ [ [ 114.349724, 30.5333508 ], [ 114.3495015, 30.532776 ], [ 114.3491796, 30.5319447 ], [ 114.3487455, 30.5307932 ], [ 114.3482324, 30.5294325 ] ] ] } },
{ "type": "Feature", "properties": { "osm_id": "1279001408", "code": 5133, "fclass": "primary_link", "name": null, "ref": null, "oneway": "F", "maxspeed": 0, "layer": 0, "bridge": "F", "tunnel": "F" }, "geometry": { "type": "MultiLineString", "coordinates": [ [ [ 114.3484468, 30.5289521 ], [ 114.3482983, 30.5290634 ], [ 114.3482557, 30.5291033 ], [ 114.3482258, 30.5291443 ], [ 114.348213, 30.5291637 ], [ 114.3481981, 30.5291863 ], [ 114.3481739, 30.5292303 ], [ 114.3481609, 30.5292701 ], [ 114.3481304, 30.5294225 ] ] ] } },
{ "type": "Feature", "properties": { "osm_id": "1480437152", "code": 5152, "fclass": "cycleway", "name": null, "ref": null, "oneway": "B", "maxspeed": 0, "layer": 0, "bridge": "F", "tunnel": "F" }, "geometry": { "type": "MultiLineString", "coordinates": [ [ [ 114.3520742, 30.527977 ], [ 114.3520377, 30.5279878 ], [ 114.3519475, 30.5280116 ], [ 114.349796, 30.5286486 ], [ 114.34939, 30.5287689 ], [ 114.3488632, 30.5289248 ], [ 114.3484701, 30.5290472 ] ] ] } },
{ "type": "Feature", "properties": { "osm_id": "1480437173", "code": 5141, "fclass": "service", "name": null, "ref": null, "oneway": "B", "maxspeed": 0, "layer": 0, "bridge": "F", "tunnel": "F" }, "geometry": { "type": "MultiLineString", "coordinates": [ [ [ 114.3492219, 30.5291233 ], [ 114.349007, 30.5292661 ], [ 114.3488632, 30.5289248 ], [ 114.3488272, 30.5288393 ] ] ] } },
{ "type": "Feature", "properties": { "osm_id": "1480437174", "code": 5152, "fclass": "cycleway", "name": null, "ref": null, "oneway": "B", "maxspeed": 0, "layer": 0, "bridge": "F", "tunnel": "F" }, "geometry": { "type": "MultiLineString", "coordinates": [ [ [ 114.3484701, 30.5290472 ], [ 114.348411, 30.5290767 ], [ 114.3483729, 30.529103 ], [ 114.348329, 30.5291413 ], [ 114.3482994, 30.5291708 ], [ 114.3482733, 30.5292048 ], [ 114.3482506, 30.529246 ], [ 114.3482399, 30.5292765 ], [ 114.3482286, 30.5293122 ], [ 114.3482224, 30.5293615 ], [ 114.3482232, 30.5293936 ], [ 114.3482324, 30.5294325 ] ] ] } },
{ "type": "Feature", "properties": { "osm_id": "1480437175", "code": 5153, "fclass": "footway", "name": null, "ref": null, "oneway": "B", "maxspeed": 0, "layer": 0, "bridge": "F", "tunnel": "F" }, "geometry": { "type": "MultiLineString", "coordinates": [ [ [ 114.3482733, 30.5292048 ], [ 114.348213, 30.5291637 ], [ 114.348172, 30.5291357 ], [ 114.3481337, 30.5290366 ], [ 114.348018, 30.5287365 ], [ 114.347993858614601, 30.528673769443557 ] ] ] } },
{ "type": "Feature", "properties": { "osm_id": "953298311", "code": 5152, "fclass": "cycleway", "name": null, "ref": null, "oneway": "B", "maxspeed": 0, "layer": 0, "bridge": "F", "tunnel": "F" }, "geometry": { "type": "MultiLineString", "coordinates": [ [ [ 114.3538441, 30.5274599 ], [ 114.3548543, 30.5271656 ], [ 114.3550182, 30.5271109 ], [ 114.3554345, 30.5269767 ], [ 114.3556204, 30.5269158 ], [ 114.355685, 30.5268947 ], [ 114.3557452, 30.5268742 ], [ 114.3558269, 30.5268369 ], [ 114.3559957, 30.5267605 ], [ 114.3561046, 30.5267084 ], [ 114.3563239, 30.5266036 ], [ 114.3566475, 30.526449 ], [ 114.3567431, 30.5264032 ], [ 114.3569075, 30.5263199 ], [ 114.3569665, 30.5263111 ], [ 114.356967018928614, 30.526310805988011 ] ] ] } },
{ "type": "Feature", "properties": { "osm_id": "243164210", "code": 5114, "fclass": "secondary", "name": "八一路", "ref": null, "oneway": "F", "maxspeed": 50, "layer": 0, "bridge": "F", "tunnel": "F" }, "geometry": { "type": "MultiLineString", "coordinates": [ [ [ 114.3596964, 30.5325522 ], [ 114.3596694, 30.5325614 ], [ 114.3592939, 30.5326892 ], [ 114.3576952, 30.5332124 ] ] ] } },
{ "type": "Feature", "properties": { "osm_id": "415176586", "code": 5122, "fclass": "residential", "name": null, "ref": null, "oneway": "T", "maxspeed": 30, "layer": 0, "bridge": "F", "tunnel": "F" }, "geometry": { "type": "MultiLineString", "coordinates": [ [ [ 114.3575537, 30.533073 ], [ 114.3576495, 30.5333179 ], [ 114.3576595, 30.5333272 ], [ 114.3576747, 30.5333323 ], [ 114.3576826, 30.5333313 ], [ 114.3587544, 30.5329558 ], [ 114.3588933, 30.5329022 ], [ 114.3591158, 30.5328069 ], [ 114.3592939, 30.5326892 ] ] ] } },
{ "type": "Feature", "properties": { "osm_id": "558269480", "code": 5153, "fclass": "footway", "name": null, "ref": null, "oneway": "B", "maxspeed": 0, "layer": 1, "bridge": "T", "tunnel": "F" }, "geometry": { "type": "MultiLineString", "coordinates": [ [ [ 114.3595023, 30.5327553 ], [ 114.3593703, 30.5324433 ] ] ] } },
{ "type": "Feature", "properties": { "osm_id": "558269482", "code": 5155, "fclass": "steps", "name": null, "ref": null, "oneway": "B", "maxspeed": 0, "layer": 0, "bridge": "T", "tunnel": "F" }, "geometry": { "type": "MultiLineString", "coordinates": [ [ [ 114.3595023, 30.5327553 ], [ 114.3594487, 30.5327728 ], [ 114.3592697, 30.5328312 ] ] ] } },
{ "type": "Feature", "properties": { "osm_id": "1479939762", "code": 5155, "fclass": "steps", "name": null, "ref": null, "oneway": "B", "maxspeed": 0, "layer": 0, "bridge": "T", "tunnel": "F" }, "geometry": { "type": "MultiLineString", "coordinates": [ [ [ 114.3596931, 30.5326931 ], [ 114.3595023, 30.5327553 ] ] ] } },
{ "type": "Feature", "properties": { "osm_id": "1480167617", "code": 5152, "fclass": "cycleway", "name": null, "ref": null, "oneway": "B", "maxspeed": 0, "layer": 0, "bridge": "F", "tunnel": "F" }, "geometry": { "type": "MultiLineString", "coordinates": [ [ [ 114.3576465, 30.5333904 ], [ 114.35895, 30.5329414 ], [ 114.3590208, 30.5329109 ], [ 114.3591967, 30.5328276 ], [ 114.3592535, 30.5328007 ], [ 114.3597126, 30.5326543 ] ] ] } },
{ "type": "Feature", "properties": { "osm_id": "1480167618", "code": 5153, "fclass": "footway", "name": null, "ref": null, "oneway": "B", "maxspeed": 0, "layer": 0, "bridge": "F", "tunnel": "F" }, "geometry": { "type": "MultiLineString", "coordinates": [ [ [ 114.3576534, 30.5334061 ], [ 114.3583563, 30.5331738 ], [ 114.359108723264626, 30.532926634681399 ] ], [ [ 114.359221517810553, 30.532883450772196 ], [ 114.3592072, 30.5328513 ], [ 114.3591967, 30.5328276 ] ] ] } },
{ "type": "Feature", "properties": { "osm_id": "1480167619", "code": 5153, "fclass": "footway", "name": null, "ref": null, "oneway": "B", "maxspeed": 0, "layer": 0, "bridge": "F", "tunnel": "F" }, "geometry": { "type": "MultiLineString", "coordinates": [ [ [ 114.3592697, 30.5328312 ], [ 114.3592072, 30.5328513 ] ] ] } },
{ "type": "Feature", "properties": { "osm_id": "312772215", "code": 5152, "fclass": "cycleway", "name": null, "ref": null, "oneway": "B", "maxspeed": 0, "layer": 0, "bridge": "F", "tunnel": "F" }, "geometry": { "type": "MultiLineString", "coordinates": [ [ [ 114.3530901, 30.5351801 ], [ 114.353211, 30.5351241 ], [ 114.3534781, 30.5349904 ], [ 114.3535577, 30.5349506 ], [ 114.3542865, 30.5345937 ], [ 114.3543725, 30.5345516 ], [ 114.3547672, 30.5343869 ], [ 114.3550313, 30.5342795 ], [ 114.3550473, 30.5342934 ], [ 114.3550905, 30.534276 ], [ 114.3551651, 30.5342459 ], [ 114.3552318, 30.5342583 ], [ 114.3561266, 30.5339424 ], [ 114.3561554, 30.533904 ], [ 114.356361, 30.5338284 ], [ 114.357293, 30.5335056 ], [ 114.3575811, 30.5334071 ] ] ] } },
{ "type": "Feature", "properties": { "osm_id": "402823351", "code": 5153, "fclass": "footway", "name": null, "ref": null, "oneway": "B", "maxspeed": 0, "layer": 0, "bridge": "F", "tunnel": "F" }, "geometry": { "type": "MultiLineString", "coordinates": [ [ [ 114.3563221, 30.5286333 ], [ 114.3563501, 30.5286333 ], [ 114.3567377, 30.5286328 ], [ 114.356779, 30.5286328 ] ] ] } },
{ "type": "Feature", "properties": { "osm_id": "1397459409", "code": 5153, "fclass": "footway", "name": null, "ref": null, "oneway": "B", "maxspeed": 0, "layer": 0, "bridge": "F", "tunnel": "F" }, "geometry": { "type": "MultiLineString", "coordinates": [ [ [ 114.3567365, 30.5284852 ], [ 114.3566927, 30.5285277 ], [ 114.3567371, 30.5285617 ] ] ] } },
{ "type": "Feature", "properties": { "osm_id": "1397459410", "code": 5153, "fclass": "footway", "name": null, "ref": null, "oneway": "B", "maxspeed": 0, "layer": 0, "bridge": "F", "tunnel": "F" }, "geometry": { "type": "MultiLineString", "coordinates": [ [ [ 114.3567371, 30.5285617 ], [ 114.3567811, 30.5285259 ], [ 114.3567365, 30.5284852 ] ] ] } },
{ "type": "Feature", "properties": { "osm_id": "1397459411", "code": 5141, "fclass": "service", "name": null, "ref": null, "oneway": "B", "maxspeed": 0, "layer": 0, "bridge": "F", "tunnel": "F" }, "geometry": { "type": "MultiLineString", "coordinates": [ [ [ 114.3563218, 30.5284257 ], [ 114.3563515, 30.5284257 ], [ 114.3567364, 30.5284254 ], [ 114.356904, 30.5284253 ] ] ] } },
{ "type": "Feature", "properties": { "osm_id": "1397459412", "code": 5153, "fclass": "footway", "name": null, "ref": null, "oneway": "B", "maxspeed": 0, "layer": 0, "bridge": "F", "tunnel": "F" }, "geometry": { "type": "MultiLineString", "coordinates": [ [ [ 114.3571106, 30.5286324 ], [ 114.3572916, 30.5286321 ], [ 114.3573161, 30.5286321 ] ] ] } },
{ "type": "Feature", "properties": { "osm_id": "1397459413", "code": 5153, "fclass": "footway", "name": null, "ref": null, "oneway": "B", "maxspeed": 0, "layer": 0, "bridge": "F", "tunnel": "F" }, "geometry": { "type": "MultiLineString", "coordinates": [ [ [ 114.3569669, 30.5286325 ], [ 114.3570306, 30.5286325 ], [ 114.3571106, 30.5286324 ] ] ] } },
{ "type": "Feature", "properties": { "osm_id": "1397459414", "code": 5153, "fclass": "footway", "name": null, "ref": null, "oneway": "B", "maxspeed": 0, "layer": 0, "bridge": "F", "tunnel": "F" }, "geometry": { "type": "MultiLineString", "coordinates": [ [ [ 114.356779, 30.5286328 ], [ 114.3569669, 30.5286325 ] ] ] } },
{ "type": "Feature", "properties": { "osm_id": "1397459415", "code": 5153, "fclass": "footway", "name": null, "ref": null, "oneway": "B", "maxspeed": 0, "layer": 0, "bridge": "F", "tunnel": "F" }, "geometry": { "type": "MultiLineString", "coordinates": [ [ [ 114.356779, 30.5286328 ], [ 114.3567792, 30.5287504 ] ] ] } },
{ "type": "Feature", "properties": { "osm_id": "1441621551", "code": 5153, "fclass": "footway", "name": null, "ref": null, "oneway": "B", "maxspeed": 0, "layer": -1, "bridge": "F", "tunnel": "T" }, "geometry": { "type": "MultiLineString", "coordinates": [ [ [ 114.3543395, 30.5286369 ], [ 114.3543413, 30.5288213 ], [ 114.3545896, 30.5288205 ], [ 114.3551219, 30.5288189 ], [ 114.3553341, 30.5288197 ], [ 114.3557161, 30.5288193 ], [ 114.3560219, 30.5288189 ], [ 114.3562764, 30.5288176 ], [ 114.3567791, 30.5288171 ], [ 114.3570309, 30.5288168 ], [ 114.3570306, 30.5286325 ] ] ] } },
{ "type": "Feature", "properties": { "osm_id": "1480439889", "code": 5153, "fclass": "footway", "name": null, "ref": null, "oneway": "B", "maxspeed": 0, "layer": 0, "bridge": "F", "tunnel": "F" }, "geometry": { "type": "MultiLineString", "coordinates": [ [ [ 114.3567377, 30.5286328 ], [ 114.3567371, 30.5285617 ] ] ] } },
{ "type": "Feature", "properties": { "osm_id": "1480439890", "code": 5153, "fclass": "footway", "name": null, "ref": null, "oneway": "B", "maxspeed": 0, "layer": 0, "bridge": "F", "tunnel": "F" }, "geometry": { "type": "MultiLineString", "coordinates": [ [ [ 114.3567365, 30.5284852 ], [ 114.3567364, 30.5284254 ] ] ] } },
{ "type": "Feature", "properties": { "osm_id": "1391147723", "code": 5153, "fclass": "footway", "name": null, "ref": null, "oneway": "B", "maxspeed": 0, "layer": 0, "bridge": "F", "tunnel": "F" }, "geometry": { "type": "MultiLineString", "coordinates": [ [ [ 114.3557033, 30.5312726 ], [ 114.3557031, 30.5312257 ] ] ] } },
{ "type": "Feature", "properties": { "osm_id": "1441621557", "code": 5124, "fclass": "pedestrian", "name": null, "ref": null, "oneway": "B", "maxspeed": 0, "layer": 0, "bridge": "F", "tunnel": "F" }, "geometry": { "type": "MultiLineString", "coordinates": [ [ [ 114.3551424, 30.5311921 ], [ 114.3555864, 30.5311897 ], [ 114.3555864, 30.531061 ], [ 114.3556622, 30.531061 ], [ 114.3556621, 30.5310084 ], [ 114.3556621, 30.5309691 ], [ 114.3557027, 30.5309691 ], [ 114.3557601, 30.530969 ], [ 114.3557601, 30.5310082 ], [ 114.3557601, 30.5310625 ], [ 114.355819, 30.5310625 ], [ 114.3558191, 30.5311901 ], [ 114.356279, 30.53119 ], [ 114.356279, 30.5312211 ], [ 114.3562836, 30.5312703 ], [ 114.3562428, 30.5312704 ], [ 114.3561746, 30.5312707 ], [ 114.3557033, 30.5312726 ], [ 114.3552276, 30.5312727 ], [ 114.3552276, 30.5313328 ], [ 114.3552277, 30.5315314 ], [ 114.3551547, 30.5315317 ], [ 114.3551442, 30.5315317 ], [ 114.3551431, 30.5313337 ], [ 114.3551425, 30.5312302 ], [ 114.3551424, 30.5311921 ] ] ] } },
{ "type": "Feature", "properties": { "osm_id": "1471868947", "code": 5153, "fclass": "footway", "name": null, "ref": null, "oneway": "B", "maxspeed": 0, "layer": 0, "bridge": "F", "tunnel": "F" }, "geometry": { "type": "MultiLineString", "coordinates": [ [ [ 114.3551242, 30.5313339 ], [ 114.3551431, 30.5313337 ], [ 114.3552276, 30.5313328 ] ] ] } },
{ "type": "Feature", "properties": { "osm_id": "1382968012", "code": 5141, "fclass": "service", "name": null, "ref": null, "oneway": "B", "maxspeed": 0, "layer": 0, "bridge": "F", "tunnel": "F" }, "geometry": { "type": "MultiLineString", "coordinates": [ [ [ 114.3579475, 30.5329154 ], [ 114.3579365, 30.5328912 ], [ 114.3578862, 30.5327809 ], [ 114.3578448, 30.5326937 ], [ 114.3578233, 30.5326421 ], [ 114.3578123, 30.5326108 ], [ 114.3578065, 30.5325747 ], [ 114.3578068, 30.5325335 ], [ 114.3577998, 30.5321053 ], [ 114.3576792, 30.5319036 ], [ 114.3576786, 30.5318716 ], [ 114.357679, 30.5312956 ], [ 114.3576792, 30.5309868 ] ] ] } },
{ "type": "Feature", "properties": { "osm_id": "1480400147", "code": 5141, "fclass": "service", "name": null, "ref": null, "oneway": "B", "maxspeed": 0, "layer": 0, "bridge": "F", "tunnel": "F" }, "geometry": { "type": "MultiLineString", "coordinates": [ [ [ 114.3563205, 30.5275568 ], [ 114.3563368, 30.5274989 ], [ 114.356369, 30.5274336 ], [ 114.3564092, 30.5273734 ], [ 114.3564291, 30.5273498 ], [ 114.3564471, 30.5273285 ], [ 114.3564608, 30.5273192 ], [ 114.3564767, 30.527313 ], [ 114.3564957, 30.5273101 ] ] ] } },
{ "type": "Feature", "properties": { "osm_id": "1480400148", "code": 5141, "fclass": "service", "name": null, "ref": null, "oneway": "B", "maxspeed": 0, "layer": 0, "bridge": "F", "tunnel": "F" }, "geometry": { "type": "MultiLineString", "coordinates": [ [ [ 114.3564957, 30.5273101 ], [ 114.3565406, 30.5273084 ], [ 114.3570161, 30.5273079 ] ] ] } },
{ "type": "Feature", "properties": { "osm_id": "1382968013", "code": 5141, "fclass": "service", "name": null, "ref": null, "oneway": "B", "maxspeed": 0, "layer": 0, "bridge": "F", "tunnel": "F" }, "geometry": { "type": "MultiLineString", "coordinates": [ [ [ 114.3575487, 30.5317981 ], [ 114.3576248, 30.5318432 ], [ 114.3576786, 30.5318716 ] ] ] } },
{ "type": "Feature", "properties": { "osm_id": "1485821107", "code": 5124, "fclass": "pedestrian", "name": null, "ref": null, "oneway": "B", "maxspeed": 0, "layer": 0, "bridge": "F", "tunnel": "F" }, "geometry": { "type": "MultiLineString", "coordinates": [ [ [ 114.3577306, 30.5317368 ], [ 114.3577286, 30.5312958 ], [ 114.3577281, 30.5312165 ], [ 114.3577767, 30.5312165 ], [ 114.3577766, 30.5311502 ], [ 114.3582014, 30.5311496 ], [ 114.3582015, 30.5312209 ], [ 114.3582017, 30.5312971 ], [ 114.3582019, 30.5314046 ], [ 114.3579985, 30.5314049 ], [ 114.3579989, 30.5315776 ], [ 114.3580529, 30.5315775 ], [ 114.3580532, 30.531736 ], [ 114.3577306, 30.5317368 ] ] ] } },
{ "type": "Feature", "properties": { "osm_id": "1485821108", "code": 5153, "fclass": "footway", "name": null, "ref": null, "oneway": "B", "maxspeed": 0, "layer": 0, "bridge": "F", "tunnel": "F" }, "geometry": { "type": "MultiLineString", "coordinates": [ [ [ 114.357679, 30.5312956 ], [ 114.3577286, 30.5312958 ], [ 114.3582017, 30.5312971 ] ] ] } },
{ "type": "Feature", "properties": { "osm_id": "1480419202", "code": 5141, "fclass": "service", "name": null, "ref": null, "oneway": "B", "maxspeed": 0, "layer": 0, "bridge": "F", "tunnel": "F" }, "geometry": { "type": "MultiLineString", "coordinates": [ [ [ 114.3561816, 30.5270526 ], [ 114.3568242, 30.5270419 ] ] ] } },
{ "type": "Feature", "properties": { "osm_id": "1480419203", "code": 5141, "fclass": "service", "name": null, "ref": null, "oneway": "B", "maxspeed": 0, "layer": -1, "bridge": "F", "tunnel": "T" }, "geometry": { "type": "MultiLineString", "coordinates": [ [ [ 114.3560261, 30.5268068 ], [ 114.3561224, 30.5269552 ] ] ] } },
{ "type": "Feature", "properties": { "osm_id": "1480419204", "code": 5141, "fclass": "service", "name": null, "ref": null, "oneway": "B", "maxspeed": 0, "layer": 0, "bridge": "F", "tunnel": "F" }, "geometry": { "type": "MultiLineString", "coordinates": [ [ [ 114.3559508, 30.5266924 ], [ 114.3559957, 30.5267605 ], [ 114.3560261, 30.5268068 ] ] ] } },
{ "type": "Feature", "properties": { "osm_id": "1480419205", "code": 5141, "fclass": "service", "name": null, "ref": null, "oneway": "B", "maxspeed": 0, "layer": 0, "bridge": "F", "tunnel": "F" }, "geometry": { "type": "MultiLineString", "coordinates": [ [ [ 114.3561224, 30.5269552 ], [ 114.3561816, 30.5270526 ] ] ] } },
{ "type": "Feature", "properties": { "osm_id": "1480419206", "code": 5141, "fclass": "service", "name": null, "ref": null, "oneway": "B", "maxspeed": 0, "layer": -1, "bridge": "F", "tunnel": "T" }, "geometry": { "type": "MultiLineString", "coordinates": [ [ [ 114.3568666, 30.5270206 ], [ 114.3569639, 30.5269716 ] ] ] } },
{ "type": "Feature", "properties": { "osm_id": "1480419208", "code": 5141, "fclass": "service", "name": null, "ref": null, "oneway": "B", "maxspeed": 0, "layer": 0, "bridge": "F", "tunnel": "F" }, "geometry": { "type": "MultiLineString", "coordinates": [ [ [ 114.3568242, 30.5270419 ], [ 114.3568666, 30.5270206 ] ] ] } },
{ "type": "Feature", "properties": { "osm_id": "1480419210", "code": 5153, "fclass": "footway", "name": null, "ref": null, "oneway": "B", "maxspeed": 0, "layer": 0, "bridge": "F", "tunnel": "F" }, "geometry": { "type": "MultiLineString", "coordinates": [ [ [ 114.3561046, 30.5267084 ], [ 114.3561375, 30.5267573 ] ] ] } },
{ "type": "Feature", "properties": { "osm_id": "1480419211", "code": 5153, "fclass": "footway", "name": null, "ref": null, "oneway": "B", "maxspeed": 0, "layer": -1, "bridge": "F", "tunnel": "T" }, "geometry": { "type": "MultiLineString", "coordinates": [ [ [ 114.3561375, 30.5267573 ], [ 114.3561755, 30.526815 ], [ 114.3566431, 30.5265993 ], [ 114.3566597, 30.5265246 ] ] ] } },
{ "type": "Feature", "properties": { "osm_id": "1480419213", "code": 5153, "fclass": "footway", "name": null, "ref": null, "oneway": "B", "maxspeed": 0, "layer": 0, "bridge": "F", "tunnel": "F" }, "geometry": { "type": "MultiLineString", "coordinates": [ [ [ 114.3563588, 30.526659 ], [ 114.3563239, 30.5266036 ] ] ] } },
{ "type": "Feature", "properties": { "osm_id": "1471868928", "code": 5155, "fclass": "steps", "name": null, "ref": null, "oneway": "B", "maxspeed": 0, "layer": 0, "bridge": "F", "tunnel": "F" }, "geometry": { "type": "MultiLineString", "coordinates": [ [ [ 114.3564357, 30.5294097 ], [ 114.3565685, 30.5294099 ] ] ] } },
{ "type": "Feature", "properties": { "osm_id": "104108016", "code": 5153, "fclass": "footway", "name": null, "ref": null, "oneway": "B", "maxspeed": 0, "layer": 0, "bridge": "F", "tunnel": "F" }, "geometry": { "type": "MultiLineString", "coordinates": [ [ [ 114.3550727, 30.5280755 ], [ 114.3547763, 30.5280759 ], [ 114.3547483, 30.5280759 ], [ 114.3544822, 30.5280762 ] ] ] } },
{ "type": "Feature", "properties": { "osm_id": "104950054", "code": 5153, "fclass": "footway", "name": null, "ref": null, "oneway": "B", "maxspeed": 0, "layer": 0, "bridge": "F", "tunnel": "F" }, "geometry": { "type": "MultiLineString", "coordinates": [ [ [ 114.3544822, 30.5280762 ], [ 114.3543413, 30.5280763 ] ] ] } },
{ "type": "Feature", "properties": { "osm_id": "104950060", "code": 5153, "fclass": "footway", "name": null, "ref": null, "oneway": "B", "maxspeed": 0, "layer": 0, "bridge": "F", "tunnel": "F" }, "geometry": { "type": "MultiLineString", "coordinates": [ [ [ 114.3543413, 30.5280763 ], [ 114.3540758, 30.5280766 ] ] ] } },
{ "type": "Feature", "properties": { "osm_id": "1389536014", "code": 5153, "fclass": "footway", "name": null, "ref": null, "oneway": "B", "maxspeed": 0, "layer": 0, "bridge": "F", "tunnel": "F" }, "geometry": { "type": "MultiLineString", "coordinates": [ [ [ 114.3547483, 30.5280759 ], [ 114.3547481, 30.5279552 ] ] ] } },
{ "type": "Feature", "properties": { "osm_id": "1472522860", "code": 5153, "fclass": "footway", "name": null, "ref": null, "oneway": "B", "maxspeed": 0, "layer": 0, "bridge": "F", "tunnel": "F" }, "geometry": { "type": "MultiLineString", "coordinates": [ [ [ 114.3549629, 30.527686 ], [ 114.3550722, 30.5276849 ] ] ] } },
{ "type": "Feature", "properties": { "osm_id": "1485103560", "code": 5153, "fclass": "footway", "name": null, "ref": null, "oneway": "B", "maxspeed": 0, "layer": 0, "bridge": "F", "tunnel": "F" }, "geometry": { "type": "MultiLineString", "coordinates": [ [ [ 114.354777, 30.5282163 ], [ 114.3547763, 30.5280759 ] ] ] } },
{ "type": "Feature", "properties": { "osm_id": "273985259", "code": 5141, "fclass": "service", "name": null, "ref": null, "oneway": "B", "maxspeed": 0, "layer": 0, "bridge": "F", "tunnel": "F" }, "geometry": { "type": "MultiLineString", "coordinates": [ [ [ 114.3573153, 30.5280056 ], [ 114.3573154, 30.5281511 ], [ 114.3573157, 30.5283768 ], [ 114.357316, 30.5286067 ], [ 114.3573161, 30.5286321 ], [ 114.3573166, 30.5290669 ] ] ] } },
{ "type": "Feature", "properties": { "osm_id": "358205761", "code": 5141, "fclass": "service", "name": null, "ref": null, "oneway": "B", "maxspeed": 0, "layer": 0, "bridge": "F", "tunnel": "F" }, "geometry": { "type": "MultiLineString", "coordinates": [ [ [ 114.3570161, 30.5273079 ], [ 114.3570574, 30.5273876 ], [ 114.3570611, 30.5274105 ], [ 114.3570616, 30.5274454 ], [ 114.357063, 30.527526 ], [ 114.3570628, 30.5275994 ], [ 114.3570615, 30.5276832 ], [ 114.3570597, 30.5279616 ], [ 114.3570583, 30.5280063 ] ] ] } },
{ "type": "Feature", "properties": { "osm_id": "415176587", "code": 5115, "fclass": "tertiary", "name": "广八路", "ref": null, "oneway": "B", "maxspeed": 30, "layer": 0, "bridge": "F", "tunnel": "F" }, "geometry": { "type": "MultiLineString", "coordinates": [ [ [ 114.3596729, 30.5324175 ], [ 114.3596215, 30.5322855 ], [ 114.3595129, 30.5320205 ], [ 114.3594001, 30.531733 ], [ 114.3593565, 30.5316297 ], [ 114.3590358, 30.5308072 ], [ 114.3588095, 30.530136 ], [ 114.3584133, 30.5292205 ], [ 114.3581016, 30.5286109 ], [ 114.3580618, 30.528531 ], [ 114.3579385, 30.5282999 ], [ 114.3571129, 30.5269828 ], [ 114.3570727, 30.5269166 ], [ 114.3569543, 30.526732 ], [ 114.3567431, 30.5264032 ], [ 114.3566969, 30.5263341 ] ] ] } },
{ "type": "Feature", "properties": { "osm_id": "1396795297", "code": 5153, "fclass": "footway", "name": null, "ref": null, "oneway": "B", "maxspeed": 0, "layer": 0, "bridge": "F", "tunnel": "F" }, "geometry": { "type": "MultiLineString", "coordinates": [ [ [ 114.3570628, 30.5275994 ], [ 114.3567962, 30.5275975 ], [ 114.3567963, 30.5276824 ], [ 114.3570615, 30.5276832 ] ] ] } },
{ "type": "Feature", "properties": { "osm_id": "1397459389", "code": 5141, "fclass": "service", "name": null, "ref": null, "oneway": "B", "maxspeed": 0, "layer": 0, "bridge": "F", "tunnel": "F" }, "geometry": { "type": "MultiLineString", "coordinates": [ [ [ 114.3570161, 30.5273079 ], [ 114.3569365, 30.5271834 ], [ 114.3565403, 30.5271876 ], [ 114.3565406, 30.5273084 ] ] ] } },
{ "type": "Feature", "properties": { "osm_id": "1397459428", "code": 5141, "fclass": "service", "name": null, "ref": null, "oneway": "B", "maxspeed": 0, "layer": 0, "bridge": "F", "tunnel": "F" }, "geometry": { "type": "MultiLineString", "coordinates": [ [ [ 114.3563213, 30.5281474 ], [ 114.3563731, 30.5281475 ], [ 114.357269, 30.528151 ], [ 114.3573154, 30.5281511 ] ] ] } },
{ "type": "Feature", "properties": { "osm_id": "1478489984", "code": 5153, "fclass": "footway", "name": null, "ref": null, "oneway": "B", "maxspeed": 0, "layer": -1, "bridge": "F", "tunnel": "T" }, "geometry": { "type": "MultiLineString", "coordinates": [ [ [ 114.3564521, 30.5278824 ], [ 114.356511, 30.527835 ], [ 114.3566044, 30.5278336 ], [ 114.3569162, 30.5278317 ] ] ] } },
{ "type": "Feature", "properties": { "osm_id": "1480419207", "code": 5141, "fclass": "service", "name": null, "ref": null, "oneway": "B", "maxspeed": 0, "layer": 0, "bridge": "F", "tunnel": "F" }, "geometry": { "type": "MultiLineString", "coordinates": [ [ [ 114.3569639, 30.5269716 ], [ 114.3570727, 30.5269166 ] ] ] } },
{ "type": "Feature", "properties": { "osm_id": "1480419215", "code": 5153, "fclass": "footway", "name": null, "ref": null, "oneway": "B", "maxspeed": 0, "layer": 0, "bridge": "F", "tunnel": "F" }, "geometry": { "type": "MultiLineString", "coordinates": [ [ [ 114.3571129, 30.5269828 ], [ 114.3572092, 30.5269365 ], [ 114.357172, 30.5268791 ] ] ] } },
{ "type": "Feature", "properties": { "osm_id": "1485103557", "code": 5141, "fclass": "service", "name": null, "ref": null, "oneway": "B", "maxspeed": 0, "layer": 0, "bridge": "F", "tunnel": "F" }, "geometry": { "type": "MultiLineString", "coordinates": [ [ [ 114.3563211, 30.5280086 ], [ 114.3564414, 30.5280083 ], [ 114.3570583, 30.5280063 ], [ 114.3573153, 30.5280056 ] ] ] } },
{ "type": "Feature", "properties": { "osm_id": "1441555675", "code": 5141, "fclass": "service", "name": null, "ref": null, "oneway": "B", "maxspeed": 0, "layer": 0, "bridge": "F", "tunnel": "F" }, "geometry": { "type": "MultiLineString", "coordinates": [ [ [ 114.3518479, 30.5295387 ], [ 114.3518001, 30.529538 ], [ 114.3512121, 30.5295289 ], [ 114.3511577, 30.5295281 ] ] ] } },
{ "type": "Feature", "properties": { "osm_id": "1441555676", "code": 5141, "fclass": "service", "name": null, "ref": null, "oneway": "B", "maxspeed": 0, "layer": 0, "bridge": "F", "tunnel": "F" }, "geometry": { "type": "MultiLineString", "coordinates": [ [ [ 114.3511505, 30.5298748 ], [ 114.3511561, 30.5296042 ], [ 114.3511577, 30.5295281 ] ] ] } },
{ "type": "Feature", "properties": { "osm_id": "1441555677", "code": 5153, "fclass": "footway", "name": null, "ref": null, "oneway": "B", "maxspeed": 0, "layer": 0, "bridge": "F", "tunnel": "F" }, "geometry": { "type": "MultiLineString", "coordinates": [ [ [ 114.3506389, 30.5295941 ], [ 114.3506844, 30.529595 ], [ 114.3508457, 30.5295981 ], [ 114.3511561, 30.5296042 ] ] ] } },
{ "type": "Feature", "properties": { "osm_id": "1441555678", "code": 5141, "fclass": "service", "name": null, "ref": null, "oneway": "B", "maxspeed": 0, "layer": 0, "bridge": "F", "tunnel": "F" }, "geometry": { "type": "MultiLineString", "coordinates": [ [ [ 114.3512121, 30.5295289 ], [ 114.3512159, 30.529348 ], [ 114.3512175, 30.5292642 ] ] ] } },
{ "type": "Feature", "properties": { "osm_id": "1441555694", "code": 5155, "fclass": "steps", "name": null, "ref": null, "oneway": "B", "maxspeed": 0, "layer": 0, "bridge": "F", "tunnel": "F" }, "geometry": { "type": "MultiLineString", "coordinates": [ [ [ 114.3518024, 30.5294269 ], [ 114.3518502, 30.5294277 ] ] ] } },
{ "type": "Feature", "properties": { "osm_id": "1383484214", "code": 5153, "fclass": "footway", "name": null, "ref": null, "oneway": "B", "maxspeed": 0, "layer": 0, "bridge": "F", "tunnel": "F" }, "geometry": { "type": "MultiLineString", "coordinates": [ [ [ 114.3522789, 30.530866 ], [ 114.352209, 30.5308669 ], [ 114.351908, 30.5308708 ] ] ] } },
{ "type": "Feature", "properties": { "osm_id": "1471868943", "code": 5124, "fclass": "pedestrian", "name": null, "ref": null, "oneway": "B", "maxspeed": 0, "layer": 0, "bridge": "F", "tunnel": "F" }, "geometry": { "type": "MultiLineString", "coordinates": [ [ [ 114.3522093, 30.5309662 ], [ 114.352209, 30.5308669 ], [ 114.3522097, 30.5307875 ], [ 114.3518658, 30.5307874 ], [ 114.3518656, 30.5308369 ], [ 114.3518839, 30.5308408 ], [ 114.3518976, 30.5308481 ], [ 114.3519041, 30.5308583 ], [ 114.351908, 30.5308708 ], [ 114.3519045, 30.5308845 ], [ 114.3518969, 30.5308937 ], [ 114.3518835, 30.5309011 ], [ 114.3518652, 30.5309048 ], [ 114.351865, 30.5309647 ], [ 114.3522093, 30.5309662 ] ] ] } },
{ "type": "Feature", "properties": { "osm_id": "1441555674", "code": 5153, "fclass": "footway", "name": null, "ref": null, "oneway": "B", "maxspeed": 0, "layer": 0, "bridge": "F", "tunnel": "F" }, "geometry": { "type": "MultiLineString", "coordinates": [ [ [ 114.3518407, 30.5298855 ], [ 114.3517929, 30.5298848 ], [ 114.3511505, 30.5298748 ] ] ] } },
{ "type": "Feature", "properties": { "osm_id": "1441555679", "code": 5153, "fclass": "footway", "name": null, "ref": null, "oneway": "B", "maxspeed": 0, "layer": -1, "bridge": "F", "tunnel": "T" }, "geometry": { "type": "MultiLineString", "coordinates": [ [ [ 114.3511453, 30.5300984 ], [ 114.3511493, 30.5299465 ] ] ] } },
{ "type": "Feature", "properties": { "osm_id": "1480437187", "code": 5153, "fclass": "footway", "name": null, "ref": null, "oneway": "B", "maxspeed": 0, "layer": 1, "bridge": "F", "tunnel": "F" }, "geometry": { "type": "MultiLineString", "coordinates": [ [ [ 114.3511493, 30.5299465 ], [ 114.3511505, 30.5298748 ] ] ] } },
{ "type": "Feature", "properties": { "osm_id": "1480437188", "code": 5153, "fclass": "footway", "name": null, "ref": null, "oneway": "B", "maxspeed": 0, "layer": 1, "bridge": "F", "tunnel": "F" }, "geometry": { "type": "MultiLineString", "coordinates": [ [ [ 114.3511441, 30.5301796 ], [ 114.3511453, 30.5300984 ] ] ] } },
{ "type": "Feature", "properties": { "osm_id": "1382928324", "code": 5153, "fclass": "footway", "name": null, "ref": null, "oneway": "B", "maxspeed": 0, "layer": 0, "bridge": "F", "tunnel": "F" }, "geometry": { "type": "MultiLineString", "coordinates": [ [ [ 114.3517069, 30.53019 ], [ 114.3511441, 30.5301796 ], [ 114.3506702, 30.530171 ] ] ] } },
{ "type": "Feature", "properties": { "osm_id": "1441621549", "code": 5141, "fclass": "service", "name": null, "ref": null, "oneway": "B", "maxspeed": 0, "layer": 0, "bridge": "F", "tunnel": "F" }, "geometry": { "type": "MultiLineString", "coordinates": [ [ [ 114.3518376, 30.5300348 ], [ 114.3517069, 30.53019 ] ] ] } },
{ "type": "Feature", "properties": { "osm_id": "1441555683", "code": 5141, "fclass": "service", "name": null, "ref": null, "oneway": "B", "maxspeed": 0, "layer": 0, "bridge": "F", "tunnel": "F" }, "geometry": { "type": "MultiLineString", "coordinates": [ [ [ 114.3491644, 30.5308685 ], [ 114.3491737, 30.5301817 ], [ 114.3491737, 30.5301394 ], [ 114.3491772, 30.5301173 ], [ 114.3491871, 30.5300987 ], [ 114.3492006, 30.5300821 ], [ 114.3492239, 30.530068 ], [ 114.3492545, 30.5300585 ], [ 114.3492979, 30.5300539 ], [ 114.3493394, 30.530054 ], [ 114.3497365, 30.5300545 ], [ 114.3499378, 30.5298921 ] ] ] } },
{ "type": "Feature", "properties": { "osm_id": "1480437163", "code": 5141, "fclass": "service", "name": null, "ref": null, "oneway": "B", "maxspeed": 0, "layer": 0, "bridge": "F", "tunnel": "F" }, "geometry": { "type": "MultiLineString", "coordinates": [ [ [ 114.3493394, 30.530054 ], [ 114.349343, 30.529863 ], [ 114.3491844, 30.5298608 ], [ 114.3491877, 30.5296831 ] ] ] } },
{ "type": "Feature", "properties": { "osm_id": "127024100", "code": 5122, "fclass": "residential", "name": "依云街", "ref": null, "oneway": "B", "maxspeed": 0, "layer": 0, "bridge": "F", "tunnel": "F" }, "geometry": { "type": "MultiLineString", "coordinates": [ [ [ 114.359623346370043, 30.531525146803251 ], [ 114.3593565, 30.5316297 ] ] ] } },
{ "type": "Feature", "properties": { "osm_id": "243164215", "code": 5114, "fclass": "secondary", "name": "八一路", "ref": null, "oneway": "F", "maxspeed": 50, "layer": 0, "bridge": "F", "tunnel": "F" }, "geometry": { "type": "MultiLineString", "coordinates": [ [ [ 114.3576489, 30.5331078 ], [ 114.3592335, 30.5325669 ] ] ] } },
{ "type": "Feature", "properties": { "osm_id": "415176584", "code": 5122, "fclass": "residential", "name": null, "ref": null, "oneway": "F", "maxspeed": 30, "layer": 0, "bridge": "F", "tunnel": "F" }, "geometry": { "type": "MultiLineString", "coordinates": [ [ [ 114.3575537, 30.533073 ], [ 114.3575576, 30.5330569 ], [ 114.3575688, 30.5330479 ], [ 114.357597, 30.5330363 ], [ 114.3579475, 30.5329154 ], [ 114.3586146, 30.5326929 ], [ 114.3587245, 30.5326588 ], [ 114.3588306, 30.5326326 ], [ 114.3592335, 30.5325669 ] ] ] } },
{ "type": "Feature", "properties": { "osm_id": "415176585", "code": 5114, "fclass": "secondary", "name": "八一路", "ref": null, "oneway": "F", "maxspeed": 50, "layer": 0, "bridge": "F", "tunnel": "F" }, "geometry": { "type": "MultiLineString", "coordinates": [ [ [ 114.3592335, 30.5325669 ], [ 114.3596729, 30.5324175 ] ] ] } },
{ "type": "Feature", "properties": { "osm_id": "558269481", "code": 5155, "fclass": "steps", "name": null, "ref": null, "oneway": "B", "maxspeed": 0, "layer": 0, "bridge": "T", "tunnel": "F" }, "geometry": { "type": "MultiLineString", "coordinates": [ [ [ 114.3593703, 30.5324433 ], [ 114.3591109, 30.5325286 ] ] ] } },
{ "type": "Feature", "properties": { "osm_id": "1479939763", "code": 5155, "fclass": "steps", "name": null, "ref": null, "oneway": "B", "maxspeed": 0, "layer": 0, "bridge": "T", "tunnel": "F" }, "geometry": { "type": "MultiLineString", "coordinates": [ [ [ 114.3595104, 30.5323185 ], [ 114.3595156, 30.5323425 ], [ 114.3595141, 30.5323563 ], [ 114.3595092, 30.5323722 ], [ 114.3594988, 30.5323862 ], [ 114.3594835, 30.5323967 ], [ 114.3594635, 30.5324065 ], [ 114.3593703, 30.5324433 ] ] ] } },
{ "type": "Feature", "properties": { "osm_id": "1479975471", "code": 5141, "fclass": "service", "name": null, "ref": null, "oneway": "B", "maxspeed": 0, "layer": 0, "bridge": "F", "tunnel": "F" }, "geometry": { "type": "MultiLineString", "coordinates": [ [ [ 114.3595224, 30.5316859 ], [ 114.3594001, 30.531733 ] ] ] } },
{ "type": "Feature", "properties": { "osm_id": "1480167614", "code": 5153, "fclass": "footway", "name": null, "ref": null, "oneway": "B", "maxspeed": 0, "layer": 0, "bridge": "F", "tunnel": "F" }, "geometry": { "type": "MultiLineString", "coordinates": [ [ [ 114.3575688, 30.5330479 ], [ 114.3575553, 30.5330181 ], [ 114.3579365, 30.5328912 ], [ 114.3590292, 30.5325274 ], [ 114.3593931, 30.5324062 ], [ 114.359428, 30.5323874 ], [ 114.359452, 30.5323708 ], [ 114.3594724, 30.5323502 ], [ 114.3594872, 30.5323254 ], [ 114.3594953, 30.5323057 ], [ 114.3594969, 30.5322868 ], [ 114.3594977, 30.5322643 ], [ 114.3594957, 30.5322406 ], [ 114.3594937, 30.5322206 ], [ 114.3594876, 30.5321984 ], [ 114.3594677, 30.5321471 ], [ 114.3592976, 30.5316995 ] ] ] } },
{ "type": "Feature", "properties": { "osm_id": "1480167615", "code": 5153, "fclass": "footway", "name": null, "ref": null, "oneway": "B", "maxspeed": 0, "layer": 0, "bridge": "F", "tunnel": "F" }, "geometry": { "type": "MultiLineString", "coordinates": [ [ [ 114.3591109, 30.5325286 ], [ 114.3590402, 30.5325521 ], [ 114.3590292, 30.5325274 ] ] ] } },
{ "type": "Feature", "properties": { "osm_id": "307265573", "code": 5141, "fclass": "service", "name": null, "ref": null, "oneway": "B", "maxspeed": 0, "layer": 0, "bridge": "F", "tunnel": "F" }, "geometry": { "type": "MultiLineString", "coordinates": [ [ [ 114.3518534, 30.529274 ], [ 114.3518502, 30.5294277 ], [ 114.3518479, 30.5295387 ], [ 114.3518461, 30.5296269 ], [ 114.3518407, 30.5298855 ], [ 114.3518376, 30.5300348 ] ] ] } },
{ "type": "Feature", "properties": { "osm_id": "1472522854", "code": 5153, "fclass": "footway", "name": null, "ref": null, "oneway": "B", "maxspeed": 0, "layer": 0, "bridge": "F", "tunnel": "F" }, "geometry": { "type": "MultiLineString", "coordinates": [ [ [ 114.3497181, 30.5296369 ], [ 114.3497198, 30.5295545 ], [ 114.3497219, 30.5294567 ] ] ] } },
{ "type": "Feature", "properties": { "osm_id": "1472522855", "code": 5153, "fclass": "footway", "name": null, "ref": null, "oneway": "B", "maxspeed": 0, "layer": 0, "bridge": "F", "tunnel": "F" }, "geometry": { "type": "MultiLineString", "coordinates": [ [ [ 114.3494097, 30.5296309 ], [ 114.3494121, 30.5295492 ], [ 114.3494149, 30.5294519 ] ] ] } },
{ "type": "Feature", "properties": { "osm_id": "103949725", "code": 5141, "fclass": "service", "name": "毕昇路", "ref": null, "oneway": "B", "maxspeed": 0, "layer": 0, "bridge": "F", "tunnel": "F" }, "geometry": { "type": "MultiLineString", "coordinates": [ [ [ 114.3563254, 30.5309314 ], [ 114.3557027, 30.5309291 ], [ 114.3551223, 30.530927 ], [ 114.3550767, 30.5309268 ] ] ] } },
{ "type": "Feature", "properties": { "osm_id": "104219265", "code": 5153, "fclass": "footway", "name": null, "ref": null, "oneway": "B", "maxspeed": 0, "layer": 0, "bridge": "F", "tunnel": "F" }, "geometry": { "type": "MultiLineString", "coordinates": [ [ [ 114.3563254, 30.5309314 ], [ 114.3564027, 30.530931 ], [ 114.3567263, 30.5309292 ], [ 114.3573161, 30.5309259 ], [ 114.357435, 30.5309252 ] ] ] } },
{ "type": "Feature", "properties": { "osm_id": "104372386", "code": 5122, "fclass": "residential", "name": "求是一路", "ref": null, "oneway": "B", "maxspeed": 0, "layer": 0, "bridge": "F", "tunnel": "F" }, "geometry": { "type": "MultiLineString", "coordinates": [ [ [ 114.3563226, 30.5290671 ], [ 114.3563226, 30.5290953 ], [ 114.3563228, 30.5292238 ], [ 114.3563231, 30.5294095 ], [ 114.3563237, 30.5298157 ], [ 114.356324, 30.5300108 ], [ 114.3563243, 30.5302264 ], [ 114.3563246, 30.5303744 ], [ 114.3563254, 30.5309314 ] ] ] } },
{ "type": "Feature", "properties": { "osm_id": "104372402", "code": 5122, "fclass": "residential", "name": "求是大道", "ref": null, "oneway": "B", "maxspeed": 0, "layer": 0, "bridge": "F", "tunnel": "F" }, "geometry": { "type": "MultiLineString", "coordinates": [ [ [ 114.3550806, 30.5321295 ], [ 114.3553249, 30.5321293 ], [ 114.3556857, 30.5321291 ], [ 114.3560919, 30.5321288 ], [ 114.3562091, 30.5321286 ], [ 114.3563273, 30.5321285 ] ] ] } },
{ "type": "Feature", "properties": { "osm_id": "122744428", "code": 5122, "fclass": "residential", "name": "求是二路", "ref": null, "oneway": "B", "maxspeed": 0, "layer": 0, "bridge": "F", "tunnel": "F" }, "geometry": { "type": "MultiLineString", "coordinates": [ [ [ 114.3550739, 30.5290689 ], [ 114.3550739, 30.5290975 ], [ 114.3550743, 30.5293246 ], [ 114.3550754, 30.5300408 ], [ 114.3550754, 30.5300631 ], [ 114.3550757, 30.5302677 ], [ 114.3550761, 30.5304909 ], [ 114.3550766, 30.5308434 ], [ 114.3550767, 30.5309268 ], [ 114.3550771, 30.5311606 ], [ 114.3550772, 30.5312006 ], [ 114.3550754, 30.5312307 ], [ 114.3550776, 30.5314868 ], [ 114.3550777, 30.5315543 ], [ 114.3550777, 30.5315817 ], [ 114.3550782, 30.5319061 ], [ 114.3550806, 30.5321295 ] ] ] } },
{ "type": "Feature", "properties": { "osm_id": "202517255", "code": 5122, "fclass": "residential", "name": "求是大道", "ref": null, "oneway": "B", "maxspeed": 0, "layer": 0, "bridge": "F", "tunnel": "F" }, "geometry": { "type": "MultiLineString", "coordinates": [ [ [ 114.3550806, 30.5321295 ], [ 114.355011, 30.5321296 ], [ 114.3546728, 30.5321303 ], [ 114.3541062, 30.5321314 ], [ 114.3540644, 30.5321315 ], [ 114.3539542, 30.5321317 ], [ 114.3537118, 30.5321322 ] ] ] } },
{ "type": "Feature", "properties": { "osm_id": "273992081", "code": 5122, "fclass": "residential", "name": "汉林东路", "ref": null, "oneway": "B", "maxspeed": 0, "layer": 0, "bridge": "F", "tunnel": "F" }, "geometry": { "type": "MultiLineString", "coordinates": [ [ [ 114.3574738, 30.5330633 ], [ 114.3574508, 30.532986 ], [ 114.3574067, 30.532878 ], [ 114.3573646, 30.5327947 ], [ 114.3573457, 30.5327433 ], [ 114.3573389, 30.5327145 ], [ 114.3573346, 30.5326809 ], [ 114.3573268, 30.5324427 ], [ 114.3573328, 30.5320388 ], [ 114.357297, 30.5319438 ] ] ] } },
{ "type": "Feature", "properties": { "osm_id": "358205746", "code": 5153, "fclass": "footway", "name": null, "ref": null, "oneway": "B", "maxspeed": 0, "layer": 0, "bridge": "F", "tunnel": "F" }, "geometry": { "type": "MultiLineString", "coordinates": [ [ [ 114.3565672, 30.5313603 ], [ 114.3568423, 30.5313588 ] ] ] } },
{ "type": "Feature", "properties": { "osm_id": "358205747", "code": 5153, "fclass": "footway", "name": null, "ref": null, "oneway": "B", "maxspeed": 0, "layer": 0, "bridge": "F", "tunnel": "F" }, "geometry": { "type": "MultiLineString", "coordinates": [ [ [ 114.3568394, 30.5311616 ], [ 114.3570769, 30.5311625 ], [ 114.3572529, 30.5311602 ] ] ] } },
{ "type": "Feature", "properties": { "osm_id": "358205748", "code": 5153, "fclass": "footway", "name": null, "ref": null, "oneway": "B", "maxspeed": 0, "layer": 0, "bridge": "F", "tunnel": "F" }, "geometry": { "type": "MultiLineString", "coordinates": [ [ [ 114.3568394, 30.5311616 ], [ 114.3568423, 30.5313588 ] ] ] } },
{ "type": "Feature", "properties": { "osm_id": "358205749", "code": 5153, "fclass": "footway", "name": null, "ref": null, "oneway": "B", "maxspeed": 0, "layer": 0, "bridge": "F", "tunnel": "F" }, "geometry": { "type": "MultiLineString", "coordinates": [ [ [ 114.3572529, 30.5311602 ], [ 114.3572552, 30.5312716 ], [ 114.3572586, 30.5314446 ], [ 114.3572948, 30.5315282 ], [ 114.3573953, 30.5315278 ], [ 114.3573933, 30.5310967 ], [ 114.3573148, 30.531097 ] ] ] } },
{ "type": "Feature", "properties": { "osm_id": "358205753", "code": 5141, "fclass": "service", "name": null, "ref": null, "oneway": "B", "maxspeed": 0, "layer": 0, "bridge": "F", "tunnel": "F" }, "geometry": { "type": "MultiLineString", "coordinates": [ [ [ 114.3541052, 30.531164 ], [ 114.3544285, 30.5311629 ], [ 114.3545397, 30.5311625 ], [ 114.3550413, 30.5311607 ], [ 114.3550771, 30.5311606 ] ] ] } },
{ "type": "Feature", "properties": { "osm_id": "436981355", "code": 5153, "fclass": "footway", "name": null, "ref": null, "oneway": "B", "maxspeed": 0, "layer": 0, "bridge": "F", "tunnel": "F" }, "geometry": { "type": "MultiLineString", "coordinates": [ [ [ 114.3550754, 30.5312307 ], [ 114.3551237, 30.5312303 ], [ 114.3551425, 30.5312302 ], [ 114.3557031, 30.5312257 ], [ 114.3562427, 30.5312214 ], [ 114.356279, 30.5312211 ], [ 114.3563259, 30.5312207 ] ] ] } },
{ "type": "Feature", "properties": { "osm_id": "536353533", "code": 5153, "fclass": "footway", "name": null, "ref": null, "oneway": "B", "maxspeed": 0, "layer": 0, "bridge": "F", "tunnel": "F" }, "geometry": { "type": "MultiLineString", "coordinates": [ [ [ 114.3557031, 30.5312257 ], [ 114.3557028, 30.5310083 ], [ 114.3557027, 30.5309691 ], [ 114.3557027, 30.5309291 ] ] ] } },
{ "type": "Feature", "properties": { "osm_id": "539822022", "code": 5153, "fclass": "footway", "name": null, "ref": null, "oneway": "B", "maxspeed": 0, "layer": 0, "bridge": "F", "tunnel": "F" }, "geometry": { "type": "MultiLineString", "coordinates": [ [ [ 114.3570767, 30.5313575 ], [ 114.3570802, 30.5316169 ] ] ] } },
{ "type": "Feature", "properties": { "osm_id": "539822024", "code": 5153, "fclass": "footway", "name": null, "ref": null, "oneway": "B", "maxspeed": 0, "layer": 0, "bridge": "F", "tunnel": "F" }, "geometry": { "type": "MultiLineString", "coordinates": [ [ [ 114.3570767, 30.5313575 ], [ 114.3570769, 30.5311625 ] ] ] } },
{ "type": "Feature", "properties": { "osm_id": "539822026", "code": 5153, "fclass": "footway", "name": null, "ref": null, "oneway": "B", "maxspeed": 0, "layer": 0, "bridge": "F", "tunnel": "F" }, "geometry": { "type": "MultiLineString", "coordinates": [ [ [ 114.357135, 30.5313572 ], [ 114.3571336, 30.5314431 ], [ 114.3572586, 30.5314446 ] ] ] } },
{ "type": "Feature", "properties": { "osm_id": "539822027", "code": 5153, "fclass": "footway", "name": null, "ref": null, "oneway": "B", "maxspeed": 0, "layer": 0, "bridge": "F", "tunnel": "F" }, "geometry": { "type": "MultiLineString", "coordinates": [ [ [ 114.357135, 30.5313572 ], [ 114.3571355, 30.5312711 ], [ 114.3572552, 30.5312716 ] ] ] } },
{ "type": "Feature", "properties": { "osm_id": "539822029", "code": 5153, "fclass": "footway", "name": null, "ref": null, "oneway": "B", "maxspeed": 0, "layer": 0, "bridge": "F", "tunnel": "F" }, "geometry": { "type": "MultiLineString", "coordinates": [ [ [ 114.3551696, 30.5320514 ], [ 114.3552731, 30.5320135 ], [ 114.3553918, 30.53198 ], [ 114.3555038, 30.5319623 ], [ 114.3556508, 30.5319426 ], [ 114.3557643, 30.5319218 ], [ 114.3559209, 30.5318712 ], [ 114.3560585, 30.5318177 ], [ 114.356088, 30.5318046 ], [ 114.3562116, 30.5317522 ] ] ] } },
{ "type": "Feature", "properties": { "osm_id": "539822035", "code": 5153, "fclass": "footway", "name": null, "ref": null, "oneway": "B", "maxspeed": 0, "layer": 0, "bridge": "F", "tunnel": "F" }, "geometry": { "type": "MultiLineString", "coordinates": [ [ [ 114.3562432, 30.5316451 ], [ 114.3562428, 30.5312704 ], [ 114.3562427, 30.5312214 ] ] ] } },
{ "type": "Feature", "properties": { "osm_id": "990913727", "code": 5141, "fclass": "service", "name": null, "ref": null, "oneway": "B", "maxspeed": 0, "layer": 0, "bridge": "F", "tunnel": "F" }, "geometry": { "type": "MultiLineString", "coordinates": [ [ [ 114.3541063, 30.5315586 ], [ 114.3545845, 30.5315565 ], [ 114.3550777, 30.5315543 ] ] ] } },
{ "type": "Feature", "properties": { "osm_id": "1036845875", "code": 5141, "fclass": "service", "name": null, "ref": null, "oneway": "B", "maxspeed": 0, "layer": 0, "bridge": "F", "tunnel": "F" }, "geometry": { "type": "MultiLineString", "coordinates": [ [ [ 114.3543448, 30.5319075 ], [ 114.3544481, 30.5319073 ], [ 114.3545843, 30.531907 ], [ 114.3550782, 30.5319061 ] ] ] } },
{ "type": "Feature", "properties": { "osm_id": "1037329806", "code": 5141, "fclass": "service", "name": null, "ref": null, "oneway": "B", "maxspeed": 0, "layer": 0, "bridge": "F", "tunnel": "F" }, "geometry": { "type": "MultiLineString", "coordinates": [ [ [ 114.3560839, 30.5330355 ], [ 114.3560859, 30.5328089 ], [ 114.3560879, 30.5325803 ], [ 114.3560903, 30.5323087 ], [ 114.3560919, 30.5321288 ] ] ] } },
{ "type": "Feature", "properties": { "osm_id": "1050745724", "code": 5153, "fclass": "footway", "name": null, "ref": null, "oneway": "B", "maxspeed": 0, "layer": 0, "bridge": "F", "tunnel": "F" }, "geometry": { "type": "MultiLineString", "coordinates": [ [ [ 114.3551721, 30.5316256 ], [ 114.355329, 30.5316827 ], [ 114.3555142, 30.5316797 ], [ 114.3559292, 30.5317685 ], [ 114.3559735, 30.5317727 ], [ 114.3560362, 30.5317699 ] ] ] } },
{ "type": "Feature", "properties": { "osm_id": "1050745725", "code": 5153, "fclass": "footway", "name": null, "ref": null, "oneway": "B", "maxspeed": 0, "layer": 0, "bridge": "F", "tunnel": "F" }, "geometry": { "type": "MultiLineString", "coordinates": [ [ [ 114.3556508, 30.5319426 ], [ 114.3556739, 30.5319777 ], [ 114.35568, 30.5319922 ], [ 114.3556837, 30.5320097 ], [ 114.3556865, 30.5320722 ] ] ] } },
{ "type": "Feature", "properties": { "osm_id": "1050745726", "code": 5153, "fclass": "footway", "name": null, "ref": null, "oneway": "B", "maxspeed": 0, "layer": 0, "bridge": "F", "tunnel": "F" }, "geometry": { "type": "MultiLineString", "coordinates": [ [ [ 114.3562116, 30.5317522 ], [ 114.3562117, 30.5318832 ], [ 114.3562119, 30.5320537 ] ] ] } },
{ "type": "Feature", "properties": { "osm_id": "1382806701", "code": 5155, "fclass": "steps", "name": null, "ref": null, "oneway": "B", "maxspeed": 0, "layer": 0, "bridge": "F", "tunnel": "F" }, "geometry": { "type": "MultiLineString", "coordinates": [ [ [ 114.3562119, 30.5320537 ], [ 114.3562126, 30.5320973 ] ] ] } },
{ "type": "Feature", "properties": { "osm_id": "1382968019", "code": 5155, "fclass": "steps", "name": null, "ref": null, "oneway": "B", "maxspeed": 0, "layer": 0, "bridge": "F", "tunnel": "F" }, "geometry": { "type": "MultiLineString", "coordinates": [ [ [ 114.357435, 30.5309252 ], [ 114.3575109, 30.5309248 ] ] ] } },
{ "type": "Feature", "properties": { "osm_id": "1382968060", "code": 5155, "fclass": "steps", "name": null, "ref": null, "oneway": "B", "maxspeed": 0, "layer": 0, "bridge": "F", "tunnel": "F" }, "geometry": { "type": "MultiLineString", "coordinates": [ [ [ 114.3563261, 30.5313617 ], [ 114.3565672, 30.5313603 ] ] ] } },
{ "type": "Feature", "properties": { "osm_id": "1383475026", "code": 5122, "fclass": "residential", "name": "求是大道", "ref": null, "oneway": "B", "maxspeed": 0, "layer": 0, "bridge": "F", "tunnel": "F" }, "geometry": { "type": "MultiLineString", "coordinates": [ [ [ 114.3567665, 30.5321282 ], [ 114.357297, 30.5319438 ], [ 114.3574999, 30.5318582 ], [ 114.3575177, 30.5318446 ], [ 114.3575323, 30.531829 ], [ 114.3575414, 30.5318151 ], [ 114.3575487, 30.5317981 ] ] ] } },
{ "type": "Feature", "properties": { "osm_id": "1391147724", "code": 5153, "fclass": "footway", "name": null, "ref": null, "oneway": "B", "maxspeed": 0, "layer": 0, "bridge": "F", "tunnel": "F" }, "geometry": { "type": "MultiLineString", "coordinates": [ [ [ 114.3557028, 30.5310083 ], [ 114.3556621, 30.5310084 ], [ 114.355299, 30.5310094 ] ] ] } },
{ "type": "Feature", "properties": { "osm_id": "1391147725", "code": 5153, "fclass": "footway", "name": null, "ref": null, "oneway": "B", "maxspeed": 0, "layer": 0, "bridge": "F", "tunnel": "F" }, "geometry": { "type": "MultiLineString", "coordinates": [ [ [ 114.3563256, 30.5310076 ], [ 114.3557601, 30.5310082 ], [ 114.3557028, 30.5310083 ] ] ] } },
{ "type": "Feature", "properties": { "osm_id": "1391147726", "code": 5153, "fclass": "footway", "name": null, "ref": null, "oneway": "B", "maxspeed": 0, "layer": 0, "bridge": "F", "tunnel": "F" }, "geometry": { "type": "MultiLineString", "coordinates": [ [ [ 114.3552585, 30.5309942 ], [ 114.3552665, 30.5309914 ], [ 114.355275, 30.530991 ], [ 114.3552833, 30.5309928 ], [ 114.3552905, 30.5309968 ], [ 114.3552959, 30.5310025 ], [ 114.355299, 30.5310094 ], [ 114.3552993, 30.5310174 ], [ 114.3552965, 30.5310249 ], [ 114.3552909, 30.5310312 ], [ 114.3552832, 30.5310355 ], [ 114.3552742, 30.5310374 ], [ 114.3552651, 30.5310366 ], [ 114.3552568, 30.5310331 ], [ 114.3552503, 30.5310275 ], [ 114.3552464, 30.5310203 ], [ 114.3552455, 30.5310124 ], [ 114.3552475, 30.5310052 ], [ 114.355252, 30.530999 ], [ 114.3552585, 30.5309942 ] ] ] } },
{ "type": "Feature", "properties": { "osm_id": "1396640830", "code": 5122, "fclass": "residential", "name": "求是一路", "ref": null, "oneway": "B", "maxspeed": 0, "layer": 0, "bridge": "F", "tunnel": "F" }, "geometry": { "type": "MultiLineString", "coordinates": [ [ [ 114.3563254, 30.5309314 ], [ 114.3563256, 30.5310076 ], [ 114.3563259, 30.5312207 ], [ 114.3563261, 30.5313617 ], [ 114.3563265, 30.531645 ], [ 114.3563272, 30.5320969 ], [ 114.3563273, 30.5321285 ] ] ] } },
{ "type": "Feature", "properties": { "osm_id": "1441621550", "code": 5153, "fclass": "footway", "name": null, "ref": null, "oneway": "B", "maxspeed": 0, "layer": 0, "bridge": "F", "tunnel": "F" }, "geometry": { "type": "MultiLineString", "coordinates": [ [ [ 114.3562116, 30.5317522 ], [ 114.356213, 30.5316448 ], [ 114.3562432, 30.5316451 ], [ 114.3563265, 30.531645 ] ] ] } },
{ "type": "Feature", "properties": { "osm_id": "1441621556", "code": 5153, "fclass": "footway", "name": null, "ref": null, "oneway": "B", "maxspeed": 0, "layer": 0, "bridge": "F", "tunnel": "F" }, "geometry": { "type": "MultiLineString", "coordinates": [ [ [ 114.3556508, 30.5319426 ], [ 114.355329, 30.5316827 ] ] ] } },
{ "type": "Feature", "properties": { "osm_id": "1443127383", "code": 5153, "fclass": "footway", "name": null, "ref": null, "oneway": "B", "maxspeed": 0, "layer": 0, "bridge": "F", "tunnel": "F" }, "geometry": { "type": "MultiLineString", "coordinates": [ [ [ 114.3541052, 30.5312026 ], [ 114.3544286, 30.5312019 ], [ 114.3550413, 30.5312007 ], [ 114.3550772, 30.5312006 ] ] ] } },
{ "type": "Feature", "properties": { "osm_id": "1472842325", "code": 5141, "fclass": "service", "name": null, "ref": null, "oneway": "B", "maxspeed": 0, "layer": 0, "bridge": "F", "tunnel": "F" }, "geometry": { "type": "MultiLineString", "coordinates": [ [ [ 114.3553437, 30.5325779 ], [ 114.355323, 30.5325244 ], [ 114.3553206, 30.5325043 ], [ 114.3553224, 30.5323165 ], [ 114.3553249, 30.5321293 ] ] ] } },
{ "type": "Feature", "properties": { "osm_id": "1474085629", "code": 5122, "fclass": "residential", "name": "玉兰路", "ref": null, "oneway": "B", "maxspeed": 0, "layer": 0, "bridge": "F", "tunnel": "F" }, "geometry": { "type": "MultiLineString", "coordinates": [ [ [ 114.3567665, 30.5321282 ], [ 114.3567669, 30.5325823 ], [ 114.3567669, 30.5326182 ], [ 114.3567653, 30.5328065 ], [ 114.3567673, 30.5330246 ] ] ] } },
{ "type": "Feature", "properties": { "osm_id": "1480400123", "code": 5153, "fclass": "footway", "name": null, "ref": null, "oneway": "B", "maxspeed": 0, "layer": 0, "bridge": "F", "tunnel": "F" }, "geometry": { "type": "MultiLineString", "coordinates": [ [ [ 114.3568423, 30.5313588 ], [ 114.3570767, 30.5313575 ] ] ] } },
{ "type": "Feature", "properties": { "osm_id": "1480400124", "code": 5153, "fclass": "footway", "name": null, "ref": null, "oneway": "B", "maxspeed": 0, "layer": 0, "bridge": "F", "tunnel": "F" }, "geometry": { "type": "MultiLineString", "coordinates": [ [ [ 114.3570767, 30.5313575 ], [ 114.357135, 30.5313572 ] ] ] } },
{ "type": "Feature", "properties": { "osm_id": "1480400126", "code": 5153, "fclass": "footway", "name": null, "ref": null, "oneway": "B", "maxspeed": 0, "layer": 0, "bridge": "F", "tunnel": "F" }, "geometry": { "type": "MultiLineString", "coordinates": [ [ [ 114.3567263, 30.5309292 ], [ 114.3567283, 30.5310101 ], [ 114.3567313, 30.5310384 ], [ 114.3567384, 30.5310662 ], [ 114.3567535, 30.5310939 ], [ 114.3567748, 30.5311176 ], [ 114.3568394, 30.5311616 ] ] ] } },
{ "type": "Feature", "properties": { "osm_id": "1480400127", "code": 5153, "fclass": "footway", "name": null, "ref": null, "oneway": "B", "maxspeed": 0, "layer": 0, "bridge": "F", "tunnel": "F" }, "geometry": { "type": "MultiLineString", "coordinates": [ [ [ 114.3572529, 30.5311602 ], [ 114.3573146, 30.5311171 ], [ 114.3573148, 30.531097 ], [ 114.3573161, 30.5309259 ] ] ] } },
{ "type": "Feature", "properties": { "osm_id": "1480400128", "code": 5153, "fclass": "footway", "name": null, "ref": null, "oneway": "B", "maxspeed": 0, "layer": 0, "bridge": "F", "tunnel": "F" }, "geometry": { "type": "MultiLineString", "coordinates": [ [ [ 114.3555142, 30.5316797 ], [ 114.3555143, 30.5316363 ], [ 114.3558558, 30.5316363 ], [ 114.3560362, 30.5317699 ], [ 114.356088, 30.5318046 ], [ 114.3562117, 30.5318832 ] ] ] } },
{ "type": "Feature", "properties": { "osm_id": "1480400129", "code": 5155, "fclass": "steps", "name": null, "ref": null, "oneway": "B", "maxspeed": 0, "layer": 0, "bridge": "F", "tunnel": "F" }, "geometry": { "type": "MultiLineString", "coordinates": [ [ [ 114.3551282, 30.5320523 ], [ 114.3551696, 30.5320514 ] ] ] } },
{ "type": "Feature", "properties": { "osm_id": "1480400130", "code": 5122, "fclass": "residential", "name": "求是大道", "ref": null, "oneway": "B", "maxspeed": 0, "layer": 0, "bridge": "F", "tunnel": "F" }, "geometry": { "type": "MultiLineString", "coordinates": [ [ [ 114.3563273, 30.5321285 ], [ 114.3567665, 30.5321282 ] ] ] } },
{ "type": "Feature", "properties": { "osm_id": "1480400131", "code": 5153, "fclass": "footway", "name": null, "ref": null, "oneway": "B", "maxspeed": 0, "layer": 0, "bridge": "F", "tunnel": "F" }, "geometry": { "type": "MultiLineString", "coordinates": [ [ [ 114.3551285, 30.5320997 ], [ 114.3556865, 30.532099 ], [ 114.3562126, 30.5320973 ], [ 114.3563272, 30.5320969 ], [ 114.3567813, 30.5320955 ], [ 114.3574694, 30.5318426 ], [ 114.3575108, 30.5317457 ], [ 114.3575178, 30.5316975 ], [ 114.357519, 30.5316341 ], [ 114.3575109, 30.5309248 ] ] ] } },
{ "type": "Feature", "properties": { "osm_id": "1480400132", "code": 5155, "fclass": "steps", "name": null, "ref": null, "oneway": "B", "maxspeed": 0, "layer": 0, "bridge": "F", "tunnel": "F" }, "geometry": { "type": "MultiLineString", "coordinates": [ [ [ 114.3556865, 30.5320722 ], [ 114.3556865, 30.532099 ] ] ] } },
{ "type": "Feature", "properties": { "osm_id": "1480400133", "code": 5153, "fclass": "footway", "name": null, "ref": null, "oneway": "B", "maxspeed": 0, "layer": 0, "bridge": "F", "tunnel": "F" }, "geometry": { "type": "MultiLineString", "coordinates": [ [ [ 114.3551285, 30.5320997 ], [ 114.3551282, 30.5320523 ], [ 114.3551254, 30.5316057 ], [ 114.3551242, 30.5313339 ], [ 114.3551237, 30.5312303 ], [ 114.3551223, 30.530927 ] ] ] } },
{ "type": "Feature", "properties": { "osm_id": "1480400134", "code": 5155, "fclass": "steps", "name": null, "ref": null, "oneway": "B", "maxspeed": 0, "layer": 0, "bridge": "F", "tunnel": "F" }, "geometry": { "type": "MultiLineString", "coordinates": [ [ [ 114.3551254, 30.5316057 ], [ 114.3551721, 30.5316256 ] ] ] } },
{ "type": "Feature", "properties": { "osm_id": "1382968049", "code": 5141, "fclass": "service", "name": null, "ref": null, "oneway": "B", "maxspeed": 0, "layer": 0, "bridge": "F", "tunnel": "F" }, "geometry": { "type": "MultiLineString", "coordinates": [ [ [ 114.3563246, 30.5303744 ], [ 114.356425, 30.5303743 ], [ 114.3569369, 30.5303739 ] ] ] } },
{ "type": "Feature", "properties": { "osm_id": "1397459408", "code": 5141, "fclass": "service", "name": null, "ref": null, "oneway": "B", "maxspeed": 0, "layer": 0, "bridge": "F", "tunnel": "F" }, "geometry": { "type": "MultiLineString", "coordinates": [ [ [ 114.3574453, 30.529696 ], [ 114.3573426, 30.5296961 ], [ 114.3572353, 30.5296963 ], [ 114.3570214, 30.5296966 ] ] ] } },
{ "type": "Feature", "properties": { "osm_id": "1480400141", "code": 5122, "fclass": "residential", "name": "回归路", "ref": null, "oneway": "B", "maxspeed": 0, "layer": 0, "bridge": "F", "tunnel": "F" }, "geometry": { "type": "MultiLineString", "coordinates": [ [ [ 114.3574468, 30.5301036 ], [ 114.3574465, 30.5300048 ], [ 114.3574453, 30.529696 ], [ 114.3574445, 30.5295031 ], [ 114.3574439, 30.5293327 ], [ 114.3574422, 30.5291689 ] ] ] } },
{ "type": "Feature", "properties": { "osm_id": "1382968055", "code": 5153, "fclass": "footway", "name": null, "ref": null, "oneway": "B", "maxspeed": 0, "layer": 0, "bridge": "F", "tunnel": "F" }, "geometry": { "type": "MultiLineString", "coordinates": [ [ [ 114.356324, 30.5300108 ], [ 114.3564261, 30.5300107 ], [ 114.3566762, 30.5300106 ], [ 114.3566929, 30.5300105 ], [ 114.3567113, 30.5300105 ] ] ] } },
{ "type": "Feature", "properties": { "osm_id": "1382968005", "code": 5153, "fclass": "footway", "name": null, "ref": null, "oneway": "B", "maxspeed": 0, "layer": 0, "bridge": "F", "tunnel": "F" }, "geometry": { "type": "MultiLineString", "coordinates": [ [ [ 114.3569533, 30.5296956 ], [ 114.3570214, 30.5296966 ] ] ] } },
{ "type": "Feature", "properties": { "osm_id": "1382968006", "code": 5153, "fclass": "footway", "name": null, "ref": null, "oneway": "B", "maxspeed": 0, "layer": -1, "bridge": "F", "tunnel": "T" }, "geometry": { "type": "MultiLineString", "coordinates": [ [ [ 114.3567115, 30.5296941 ], [ 114.3569533, 30.5296956 ] ] ] } },
{ "type": "Feature", "properties": { "osm_id": "1382968052", "code": 5153, "fclass": "footway", "name": null, "ref": null, "oneway": "B", "maxspeed": 0, "layer": 0, "bridge": "F", "tunnel": "F" }, "geometry": { "type": "MultiLineString", "coordinates": [ [ [ 114.3566901, 30.5303268 ], [ 114.3566929, 30.5300105 ], [ 114.3566911, 30.5296942 ] ] ] } },
{ "type": "Feature", "properties": { "osm_id": "1382968053", "code": 5153, "fclass": "footway", "name": null, "ref": null, "oneway": "B", "maxspeed": 0, "layer": 0, "bridge": "F", "tunnel": "F" }, "geometry": { "type": "MultiLineString", "coordinates": [ [ [ 114.3566911, 30.5296942 ], [ 114.3567115, 30.5296941 ] ] ] } },
{ "type": "Feature", "properties": { "osm_id": "1383198090", "code": 5122, "fclass": "residential", "name": "求是二路", "ref": null, "oneway": "B", "maxspeed": 0, "layer": 0, "bridge": "F", "tunnel": "F" }, "geometry": { "type": "MultiLineString", "coordinates": [ [ [ 114.3550736, 30.5286349 ], [ 114.3550732, 30.5283979 ], [ 114.3550731, 30.5283003 ], [ 114.355073, 30.5282555 ] ] ] } },
{ "type": "Feature", "properties": { "osm_id": "1397459397", "code": 5153, "fclass": "footway", "name": null, "ref": null, "oneway": "B", "maxspeed": 0, "layer": 0, "bridge": "F", "tunnel": "F" }, "geometry": { "type": "MultiLineString", "coordinates": [ [ [ 114.3550732, 30.5283979 ], [ 114.3550144, 30.5283979 ], [ 114.3549943, 30.5283979 ], [ 114.3547214, 30.5283981 ], [ 114.3545896, 30.5283982 ], [ 114.3544786, 30.5283983 ], [ 114.3544699, 30.5283983 ] ] ] } },
{ "type": "Feature", "properties": { "osm_id": "1442936179", "code": 5124, "fclass": "pedestrian", "name": null, "ref": null, "oneway": "B", "maxspeed": 0, "layer": 0, "bridge": "F", "tunnel": "F" }, "geometry": { "type": "MultiLineString", "coordinates": [ [ [ 114.3555573, 30.5286116 ], [ 114.355582, 30.5286039 ], [ 114.3556203, 30.5285921 ], [ 114.3556192, 30.5282974 ], [ 114.3555814, 30.5282975 ], [ 114.3555545, 30.5282976 ], [ 114.3555573, 30.5286116 ] ] ] } },
{ "type": "Feature", "properties": { "osm_id": "1442936181", "code": 5153, "fclass": "footway", "name": null, "ref": null, "oneway": "B", "maxspeed": 0, "layer": 0, "bridge": "F", "tunnel": "F" }, "geometry": { "type": "MultiLineString", "coordinates": [ [ [ 114.3555821, 30.5286342 ], [ 114.355582, 30.5286039 ], [ 114.3555814, 30.5282975 ], [ 114.3555813, 30.5282549 ] ] ] } },
{ "type": "Feature", "properties": { "osm_id": "1485103565", "code": 5153, "fclass": "footway", "name": null, "ref": null, "oneway": "B", "maxspeed": 0, "layer": 0, "bridge": "F", "tunnel": "F" }, "geometry": { "type": "MultiLineString", "coordinates": [ [ [ 114.3549821, 30.5282999 ], [ 114.3550731, 30.5283003 ] ] ] } },
{ "type": "Feature", "properties": { "osm_id": "307265569", "code": 5152, "fclass": "cycleway", "name": null, "ref": null, "oneway": "B", "maxspeed": 0, "layer": 0, "bridge": "F", "tunnel": "F" }, "geometry": { "type": "MultiLineString", "coordinates": [ [ [ 114.353336, 30.529825 ], [ 114.353309, 30.5298575 ], [ 114.3532865, 30.5298792 ], [ 114.3532707, 30.5298908 ], [ 114.35326, 30.5298987 ], [ 114.35323, 30.5299121 ], [ 114.3531956, 30.5299229 ], [ 114.3531499, 30.5299324 ], [ 114.3530125, 30.5299574 ] ] ] } },
{ "type": "Feature", "properties": { "osm_id": "307265570", "code": 5155, "fclass": "steps", "name": null, "ref": null, "oneway": "B", "maxspeed": 0, "layer": 1, "bridge": "T", "tunnel": "F" }, "geometry": { "type": "MultiLineString", "coordinates": [ [ [ 114.3533806, 30.5295754 ], [ 114.3531043, 30.5295791 ] ] ] } },
{ "type": "Feature", "properties": { "osm_id": "1382816575", "code": 5152, "fclass": "cycleway", "name": null, "ref": null, "oneway": "B", "maxspeed": 0, "layer": 0, "bridge": "F", "tunnel": "F" }, "geometry": { "type": "MultiLineString", "coordinates": [ [ [ 114.353015, 30.5300662 ], [ 114.3530125, 30.5299574 ] ] ] } },
{ "type": "Feature", "properties": { "osm_id": "1392378067", "code": 5153, "fclass": "footway", "name": null, "ref": null, "oneway": "B", "maxspeed": 0, "layer": 0, "bridge": "F", "tunnel": "F" }, "geometry": { "type": "MultiLineString", "coordinates": [ [ [ 114.352978, 30.5290722 ], [ 114.3529794, 30.5291789 ], [ 114.3529798, 30.5292205 ] ] ] } },
{ "type": "Feature", "properties": { "osm_id": "1442936167", "code": 5153, "fclass": "footway", "name": null, "ref": null, "oneway": "B", "maxspeed": 0, "layer": 0, "bridge": "F", "tunnel": "F" }, "geometry": { "type": "MultiLineString", "coordinates": [ [ [ 114.3529677, 30.5300671 ], [ 114.3529665, 30.529929 ] ] ] } },
{ "type": "Feature", "properties": { "osm_id": "1472842308", "code": 5124, "fclass": "pedestrian", "name": null, "ref": null, "oneway": "B", "maxspeed": 0, "layer": 0, "bridge": "F", "tunnel": "F" }, "geometry": { "type": "MultiLineString", "coordinates": [ [ [ 114.3528397, 30.5292596 ], [ 114.3528402, 30.5292091 ], [ 114.35284, 30.5291793 ], [ 114.3529794, 30.5291789 ], [ 114.3531128, 30.5291786 ], [ 114.3531143, 30.5292578 ], [ 114.3530526, 30.5292329 ], [ 114.3529798, 30.5292205 ], [ 114.3529096, 30.5292306 ], [ 114.3528397, 30.5292596 ] ] ] } },
{ "type": "Feature", "properties": { "osm_id": "1472842312", "code": 5153, "fclass": "footway", "name": null, "ref": null, "oneway": "B", "maxspeed": 0, "layer": 0, "bridge": "F", "tunnel": "F" }, "geometry": { "type": "MultiLineString", "coordinates": [ [ [ 114.3532447, 30.5294114 ], [ 114.3533328, 30.5294099 ] ] ] } },
{ "type": "Feature", "properties": { "osm_id": "1472842318", "code": 5141, "fclass": "service", "name": null, "ref": null, "oneway": "B", "maxspeed": 0, "layer": 0, "bridge": "F", "tunnel": "F" }, "geometry": { "type": "MultiLineString", "coordinates": [ [ [ 114.3522924, 30.5294263 ], [ 114.3525877, 30.5294241 ] ] ] } },
{ "type": "Feature", "properties": { "osm_id": "1442936180", "code": 5124, "fclass": "pedestrian", "name": null, "ref": null, "oneway": "B", "maxspeed": 0, "layer": 0, "bridge": "F", "tunnel": "F" }, "geometry": { "type": "MultiLineString", "coordinates": [ [ [ 114.3558013, 30.5282959 ], [ 114.3558391, 30.5282956 ], [ 114.3558707, 30.5282955 ], [ 114.355872, 30.5286113 ], [ 114.3558379, 30.5286017 ], [ 114.3558026, 30.5285908 ], [ 114.3558013, 30.5282959 ] ] ] } },
{ "type": "Feature", "properties": { "osm_id": "1442936182", "code": 5153, "fclass": "footway", "name": null, "ref": null, "oneway": "B", "maxspeed": 0, "layer": 0, "bridge": "F", "tunnel": "F" }, "geometry": { "type": "MultiLineString", "coordinates": [ [ [ 114.3558378, 30.5286339 ], [ 114.3558379, 30.5286017 ], [ 114.3558391, 30.5282956 ], [ 114.3558393, 30.5282548 ] ] ] } },
{ "type": "Feature", "properties": { "osm_id": "1472842313", "code": 5153, "fclass": "footway", "name": null, "ref": null, "oneway": "B", "maxspeed": 0, "layer": 0, "bridge": "F", "tunnel": "F" }, "geometry": { "type": "MultiLineString", "coordinates": [ [ [ 114.3532984, 30.5304189 ], [ 114.3532555, 30.5304189 ] ] ] } },
{ "type": "Feature", "properties": { "osm_id": "1391147717", "code": 5155, "fclass": "steps", "name": null, "ref": null, "oneway": "B", "maxspeed": 0, "layer": 0, "bridge": "F", "tunnel": "F" }, "geometry": { "type": "MultiLineString", "coordinates": [ [ [ 114.3545397, 30.5311625 ], [ 114.3545396, 30.5311136 ] ] ] } },
{ "type": "Feature", "properties": { "osm_id": "1443127390", "code": 5153, "fclass": "footway", "name": null, "ref": null, "oneway": "B", "maxspeed": 0, "layer": 0, "bridge": "F", "tunnel": "F" }, "geometry": { "type": "MultiLineString", "coordinates": [ [ [ 114.3523229, 30.5317966 ], [ 114.3529992, 30.5317865 ], [ 114.3530294, 30.5317869 ], [ 114.3530504, 30.5317862 ] ] ] } },
{ "type": "Feature", "properties": { "osm_id": "1391147716", "code": 5155, "fclass": "steps", "name": null, "ref": null, "oneway": "B", "maxspeed": 0, "layer": 0, "bridge": "F", "tunnel": "F" }, "geometry": { "type": "MultiLineString", "coordinates": [ [ [ 114.3545497, 30.5307967 ], [ 114.3545498, 30.530844 ] ] ] } },
{ "type": "Feature", "properties": { "osm_id": "1382939857", "code": 5141, "fclass": "service", "name": null, "ref": null, "oneway": "B", "maxspeed": 0, "layer": 0, "bridge": "F", "tunnel": "F" }, "geometry": { "type": "MultiLineString", "coordinates": [ [ [ 114.3553224, 30.5323165 ], [ 114.3560903, 30.5323087 ] ] ] } },
{ "type": "Feature", "properties": { "osm_id": "1472842324", "code": 5153, "fclass": "footway", "name": null, "ref": null, "oneway": "B", "maxspeed": 0, "layer": 0, "bridge": "F", "tunnel": "F" }, "geometry": { "type": "MultiLineString", "coordinates": [ [ [ 114.3550494, 30.5326666 ], [ 114.3550527, 30.5325787 ] ] ] } },
{ "type": "Feature", "properties": { "osm_id": "1472842326", "code": 5153, "fclass": "footway", "name": null, "ref": null, "oneway": "B", "maxspeed": 0, "layer": 0, "bridge": "F", "tunnel": "F" }, "geometry": { "type": "MultiLineString", "coordinates": [ [ [ 114.3547741, 30.532916 ], [ 114.3546718, 30.5329177 ] ] ] } },
{ "type": "Feature", "properties": { "osm_id": "1472842327", "code": 5153, "fclass": "footway", "name": null, "ref": null, "oneway": "B", "maxspeed": 0, "layer": 0, "bridge": "F", "tunnel": "F" }, "geometry": { "type": "MultiLineString", "coordinates": [ [ [ 114.3547763, 30.5327261 ], [ 114.3546725, 30.5327244 ] ] ] } },
{ "type": "Feature", "properties": { "osm_id": "203427109", "code": 5153, "fclass": "footway", "name": null, "ref": null, "oneway": "B", "maxspeed": 0, "layer": 0, "bridge": "F", "tunnel": "F" }, "geometry": { "type": "MultiLineString", "coordinates": [ [ [ 114.3567673, 30.5330246 ], [ 114.3569232, 30.5330618 ], [ 114.3570063, 30.5330567 ], [ 114.3573757, 30.5329241 ] ] ] } },
{ "type": "Feature", "properties": { "osm_id": "1387978149", "code": 5152, "fclass": "cycleway", "name": null, "ref": null, "oneway": "B", "maxspeed": 0, "layer": 0, "bridge": "F", "tunnel": "F" }, "geometry": { "type": "MultiLineString", "coordinates": [ [ [ 114.3574058, 30.5330861 ], [ 114.3573441, 30.5331069 ], [ 114.3562611, 30.5334815 ], [ 114.3561997, 30.5335027 ], [ 114.3558458, 30.5336244 ], [ 114.3554561, 30.5337672 ], [ 114.3551079, 30.5338923 ], [ 114.3550365, 30.5338652 ], [ 114.3549667, 30.5338576 ], [ 114.3549322, 30.5338606 ], [ 114.3548936, 30.5338718 ], [ 114.354592, 30.53399 ] ] ] } },
{ "type": "Feature", "properties": { "osm_id": "1481028903", "code": 5153, "fclass": "footway", "name": null, "ref": null, "oneway": "B", "maxspeed": 0, "layer": 0, "bridge": "F", "tunnel": "F" }, "geometry": { "type": "MultiLineString", "coordinates": [ [ [ 114.3573441, 30.5331069 ], [ 114.3573681, 30.5331691 ], [ 114.3573799, 30.5332082 ], [ 114.3573825, 30.5332446 ], [ 114.3573821, 30.533285 ], [ 114.3573726, 30.5333237 ], [ 114.3573639, 30.5333492 ], [ 114.3573522, 30.5333735 ], [ 114.3573327, 30.5334092 ], [ 114.3573037, 30.533451 ], [ 114.3572885, 30.5334587 ], [ 114.3572725, 30.5334597 ], [ 114.3572545, 30.5334507 ], [ 114.3572356, 30.5334397 ], [ 114.3572093, 30.5334227 ], [ 114.3571672, 30.5333944 ], [ 114.3571315, 30.5333735 ], [ 114.3570961, 30.5333569 ], [ 114.3570516, 30.5333432 ], [ 114.3569791, 30.5333293 ], [ 114.3569275, 30.5333255 ] ] ] } },
{ "type": "Feature", "properties": { "osm_id": "103949718", "code": 5141, "fclass": "service", "name": null, "ref": null, "oneway": "B", "maxspeed": 0, "layer": 0, "bridge": "F", "tunnel": "F" }, "geometry": { "type": "MultiLineString", "coordinates": [ [ [ 114.3504131, 30.5328055 ], [ 114.3506031, 30.5316985 ], [ 114.3506265, 30.5315615 ], [ 114.3506723, 30.5313072 ], [ 114.350677, 30.5307403 ], [ 114.3506798, 30.5306661 ] ] ] } },
{ "type": "Feature", "properties": { "osm_id": "1483109338", "code": 5141, "fclass": "service", "name": null, "ref": null, "oneway": "B", "maxspeed": 0, "layer": 0, "bridge": "F", "tunnel": "F" }, "geometry": { "type": "MultiLineString", "coordinates": [ [ [ 114.3495589, 30.5315498 ], [ 114.3497815, 30.5315914 ], [ 114.3499693, 30.5316237 ], [ 114.3506031, 30.5316985 ] ] ] } },
{ "type": "Feature", "properties": { "osm_id": "1483109343", "code": 5141, "fclass": "service", "name": null, "ref": null, "oneway": "B", "maxspeed": 0, "layer": 0, "bridge": "F", "tunnel": "F" }, "geometry": { "type": "MultiLineString", "coordinates": [ [ [ 114.3506031, 30.5316985 ], [ 114.3513079, 30.5317525 ] ] ] } },
{ "type": "Feature", "properties": { "osm_id": "1483109334", "code": 5141, "fclass": "service", "name": null, "ref": null, "oneway": "B", "maxspeed": 0, "layer": 0, "bridge": "F", "tunnel": "F" }, "geometry": { "type": "MultiLineString", "coordinates": [ [ [ 114.3494056, 30.532002 ], [ 114.3493994, 30.5319728 ], [ 114.3494016, 30.5319576 ], [ 114.3494094, 30.5319448 ], [ 114.3494192, 30.5319349 ], [ 114.3494338, 30.5319259 ], [ 114.3494524, 30.5319191 ], [ 114.3494724, 30.5319159 ], [ 114.3495024, 30.5319162 ], [ 114.3495297, 30.5319209 ], [ 114.3495574, 30.5319294 ], [ 114.3495851, 30.5319419 ], [ 114.3496286, 30.5319746 ], [ 114.350214, 30.5325331 ], [ 114.3503387, 30.5328644 ] ] ] } },
{ "type": "Feature", "properties": { "osm_id": "1383484210", "code": 5154, "fclass": "path", "name": null, "ref": null, "oneway": "B", "maxspeed": 0, "layer": 0, "bridge": "F", "tunnel": "F" }, "geometry": { "type": "MultiLineString", "coordinates": [ [ [ 114.3518004, 30.532108 ], [ 114.3518012, 30.5320356 ], [ 114.3518065, 30.531813 ] ] ] } },
{ "type": "Feature", "properties": { "osm_id": "1383484208", "code": 5141, "fclass": "service", "name": null, "ref": null, "oneway": "B", "maxspeed": 0, "layer": 0, "bridge": "F", "tunnel": "F" }, "geometry": { "type": "MultiLineString", "coordinates": [ [ [ 114.351769, 30.5318129 ], [ 114.3517745, 30.5315303 ] ] ] } },
{ "type": "Feature", "properties": { "osm_id": "1383484211", "code": 5141, "fclass": "service", "name": null, "ref": null, "oneway": "B", "maxspeed": 0, "layer": 0, "bridge": "F", "tunnel": "F" }, "geometry": { "type": "MultiLineString", "coordinates": [ [ [ 114.3517745, 30.5315303 ], [ 114.3515043, 30.5315287 ] ] ] } },
{ "type": "Feature", "properties": { "osm_id": "1472522858", "code": 5153, "fclass": "footway", "name": null, "ref": null, "oneway": "B", "maxspeed": 0, "layer": 0, "bridge": "F", "tunnel": "F" }, "geometry": { "type": "MultiLineString", "coordinates": [ [ [ 114.3519866, 30.5318126 ], [ 114.3519862, 30.5317995 ] ] ] } },
{ "type": "Feature", "properties": { "osm_id": "1474085623", "code": 5153, "fclass": "footway", "name": null, "ref": null, "oneway": "B", "maxspeed": 0, "layer": 0, "bridge": "F", "tunnel": "F" }, "geometry": { "type": "MultiLineString", "coordinates": [ [ [ 114.3513357, 30.5332027 ], [ 114.3513347, 30.533144 ] ] ] } },
{ "type": "Feature", "properties": { "osm_id": "104449522", "code": 5141, "fclass": "service", "name": null, "ref": null, "oneway": "B", "maxspeed": 0, "layer": 0, "bridge": "F", "tunnel": "F" }, "geometry": { "type": "MultiLineString", "coordinates": [ [ [ 114.3517542, 30.5346297 ], [ 114.3510332, 30.5341241 ], [ 114.3508673, 30.5342996 ], [ 114.3507783, 30.5343937 ] ] ] } },
{ "type": "Feature", "properties": { "osm_id": "236801239", "code": 5115, "fclass": "tertiary", "name": "珞珈山路", "ref": null, "oneway": "F", "maxspeed": 0, "layer": 0, "bridge": "F", "tunnel": "F" }, "geometry": { "type": "MultiLineString", "coordinates": [ [ [ 114.3518029, 30.5351126 ], [ 114.3517784, 30.5350955 ], [ 114.3517247, 30.5350587 ], [ 114.3514125, 30.5348401 ], [ 114.3510997, 30.5346211 ], [ 114.3507783, 30.5343937 ], [ 114.3501855, 30.5339815 ], [ 114.3501552, 30.533959 ], [ 114.3501269, 30.5339449 ], [ 114.3500992, 30.5339382 ], [ 114.3500689, 30.5339339 ], [ 114.3500382, 30.5339341 ], [ 114.3500014, 30.5339378 ], [ 114.3499636, 30.5339456 ], [ 114.3499146, 30.5339591 ], [ 114.3498606, 30.5339796 ] ] ] } },
{ "type": "Feature", "properties": { "osm_id": "1383484769", "code": 5154, "fclass": "path", "name": null, "ref": null, "oneway": "B", "maxspeed": 0, "layer": 0, "bridge": "F", "tunnel": "F" }, "geometry": { "type": "MultiLineString", "coordinates": [ [ [ 114.3521272, 30.5343585 ], [ 114.3520943, 30.5343592 ], [ 114.3520556, 30.53436 ], [ 114.3516502, 30.5343683 ] ] ] } },
{ "type": "Feature", "properties": { "osm_id": "1481002326", "code": 5141, "fclass": "service", "name": null, "ref": null, "oneway": "B", "maxspeed": 0, "layer": 0, "bridge": "F", "tunnel": "F" }, "geometry": { "type": "MultiLineString", "coordinates": [ [ [ 114.3504007, 30.5348227 ], [ 114.3509861, 30.5347579 ], [ 114.3510997, 30.5346211 ] ] ] } },
{ "type": "Feature", "properties": { "osm_id": "243164211", "code": 5114, "fclass": "secondary", "name": "八一路下穿通道", "ref": null, "oneway": "F", "maxspeed": 50, "layer": -1, "bridge": "F", "tunnel": "T" }, "geometry": { "type": "MultiLineString", "coordinates": [ [ [ 114.351709, 30.5355547 ], [ 114.352868, 30.5349576 ], [ 114.3535072, 30.5346403 ], [ 114.354125, 30.5343553 ], [ 114.3558704, 30.5337054 ], [ 114.3568564, 30.5333643 ], [ 114.3576489, 30.5331078 ] ] ] } },
{ "type": "Feature", "properties": { "osm_id": "312772220", "code": 5152, "fclass": "cycleway", "name": null, "ref": null, "oneway": "B", "maxspeed": 0, "layer": 0, "bridge": "F", "tunnel": "F" }, "geometry": { "type": "MultiLineString", "coordinates": [ [ [ 114.354592, 30.53399 ], [ 114.3539622, 30.5342502 ], [ 114.3539947, 30.5342956 ], [ 114.3540095, 30.5343154 ], [ 114.3533698, 30.5346294 ] ] ] } },
{ "type": "Feature", "properties": { "osm_id": "1382939848", "code": 5153, "fclass": "footway", "name": null, "ref": null, "oneway": "B", "maxspeed": 0, "layer": 0, "bridge": "F", "tunnel": "F" }, "geometry": { "type": "MultiLineString", "coordinates": [ [ [ 114.3526198, 30.5322129 ], [ 114.3527933, 30.5322111 ], [ 114.3528176, 30.532191 ] ] ] } },
{ "type": "Feature", "properties": { "osm_id": "1387514496", "code": 5141, "fclass": "service", "name": null, "ref": null, "oneway": "B", "maxspeed": 0, "layer": 0, "bridge": "F", "tunnel": "F" }, "geometry": { "type": "MultiLineString", "coordinates": [ [ [ 114.3528645, 30.5321919 ], [ 114.3529401, 30.532182 ], [ 114.353419, 30.5323327 ] ] ] } },
{ "type": "Feature", "properties": { "osm_id": "1387514497", "code": 5155, "fclass": "steps", "name": null, "ref": null, "oneway": "B", "maxspeed": 0, "layer": 0, "bridge": "F", "tunnel": "F" }, "geometry": { "type": "MultiLineString", "coordinates": [ [ [ 114.3528176, 30.532191 ], [ 114.3528645, 30.5321919 ] ] ] } },
{ "type": "Feature", "properties": { "osm_id": "358205767", "code": 5153, "fclass": "footway", "name": null, "ref": null, "oneway": "B", "maxspeed": 0, "layer": 0, "bridge": "F", "tunnel": "F" }, "geometry": { "type": "MultiLineString", "coordinates": [ [ [ 114.35349, 30.533089 ], [ 114.3534948, 30.5334183 ] ] ] } },
{ "type": "Feature", "properties": { "osm_id": "1387514494", "code": 5141, "fclass": "service", "name": null, "ref": null, "oneway": "B", "maxspeed": 0, "layer": 0, "bridge": "F", "tunnel": "F" }, "geometry": { "type": "MultiLineString", "coordinates": [ [ [ 114.3521876, 30.5328921 ], [ 114.3522218, 30.532977 ], [ 114.3522251, 30.5330248 ], [ 114.3522151, 30.5330706 ], [ 114.352193, 30.5331182 ], [ 114.3521588, 30.5331615 ], [ 114.3521232, 30.5331947 ], [ 114.3520792, 30.5332151 ], [ 114.351975, 30.5332329 ] ] ] } },
{ "type": "Feature", "properties": { "osm_id": "1474085622", "code": 5153, "fclass": "footway", "name": null, "ref": null, "oneway": "B", "maxspeed": 0, "layer": 0, "bridge": "F", "tunnel": "F" }, "geometry": { "type": "MultiLineString", "coordinates": [ [ [ 114.352193, 30.5331182 ], [ 114.35227, 30.5331155 ] ] ] } },
{ "type": "Feature", "properties": { "osm_id": "358205768", "code": 5153, "fclass": "footway", "name": null, "ref": null, "oneway": "B", "maxspeed": 0, "layer": 0, "bridge": "F", "tunnel": "F" }, "geometry": { "type": "MultiLineString", "coordinates": [ [ [ 114.3539547, 30.5327326 ], [ 114.3539552, 30.5330027 ] ] ] } },
{ "type": "Feature", "properties": { "osm_id": "202358434", "code": 5141, "fclass": "service", "name": null, "ref": null, "oneway": "B", "maxspeed": 0, "layer": 0, "bridge": "F", "tunnel": "F" }, "geometry": { "type": "MultiLineString", "coordinates": [ [ [ 114.3527374, 30.5330509 ], [ 114.3533972, 30.5330426 ], [ 114.3533941, 30.5327799 ], [ 114.3534128, 30.5327358 ], [ 114.3535766, 30.5324414 ] ] ] } },
{ "type": "Feature", "properties": { "osm_id": "202358435", "code": 5141, "fclass": "service", "name": null, "ref": null, "oneway": "B", "maxspeed": 0, "layer": 0, "bridge": "F", "tunnel": "F" }, "geometry": { "type": "MultiLineString", "coordinates": [ [ [ 114.3527363, 30.5328223 ], [ 114.3527585, 30.5327749 ], [ 114.3528573, 30.5325644 ], [ 114.352999, 30.5322537 ], [ 114.3535766, 30.5324414 ] ] ] } },
{ "type": "Feature", "properties": { "osm_id": "1037322795", "code": 5153, "fclass": "footway", "name": null, "ref": null, "oneway": "B", "maxspeed": 0, "layer": 0, "bridge": "F", "tunnel": "F" }, "geometry": { "type": "MultiLineString", "coordinates": [ [ [ 114.3531716, 30.5326369 ], [ 114.3531662, 30.5326244 ], [ 114.3531567, 30.5326138 ], [ 114.3531441, 30.5326062 ], [ 114.3531294, 30.532602 ], [ 114.3531139, 30.5326019 ], [ 114.3530991, 30.5326056 ], [ 114.3530862, 30.532613 ], [ 114.3530764, 30.5326233 ], [ 114.3530705, 30.5326356 ], [ 114.3530693, 30.5326503 ], [ 114.3530737, 30.5326646 ], [ 114.3530833, 30.5326768 ], [ 114.353097, 30.5326857 ], [ 114.3531132, 30.5326902 ], [ 114.3531304, 30.53269 ], [ 114.3531465, 30.5326849 ], [ 114.3531597, 30.5326756 ], [ 114.3531688, 30.5326631 ], [ 114.3531725, 30.5326502 ], [ 114.3531716, 30.5326369 ] ] ] } },
{ "type": "Feature", "properties": { "osm_id": "1472842333", "code": 5141, "fclass": "service", "name": null, "ref": null, "oneway": "B", "maxspeed": 0, "layer": 0, "bridge": "F", "tunnel": "F" }, "geometry": { "type": "MultiLineString", "coordinates": [ [ [ 114.3526999, 30.5336946 ], [ 114.3526969, 30.5335407 ], [ 114.3526987, 30.5335012 ], [ 114.3527117, 30.5334588 ], [ 114.352728, 30.5334237 ], [ 114.3527374, 30.5330509 ], [ 114.3527363, 30.5328223 ] ] ] } },
{ "type": "Feature", "properties": { "osm_id": "203427213", "code": 5141, "fclass": "service", "name": null, "ref": null, "oneway": "B", "maxspeed": 0, "layer": 0, "bridge": "F", "tunnel": "F" }, "geometry": { "type": "MultiLineString", "coordinates": [ [ [ 114.3535766, 30.5324414 ], [ 114.3536221, 30.5323495 ] ] ] } },
{ "type": "Feature", "properties": { "osm_id": "1382939859", "code": 5141, "fclass": "service", "name": null, "ref": null, "oneway": "B", "maxspeed": 0, "layer": 0, "bridge": "F", "tunnel": "F" }, "geometry": { "type": "MultiLineString", "coordinates": [ [ [ 114.3526607, 30.5339202 ], [ 114.3522411, 30.5339263 ] ] ] } },
{ "type": "Feature", "properties": { "osm_id": "1387530050", "code": 5141, "fclass": "service", "name": null, "ref": null, "oneway": "B", "maxspeed": 0, "layer": 0, "bridge": "F", "tunnel": "F" }, "geometry": { "type": "MultiLineString", "coordinates": [ [ [ 114.3522411, 30.5339263 ], [ 114.352247, 30.5341467 ], [ 114.3522524, 30.5343463 ] ] ] } },
{ "type": "Feature", "properties": { "osm_id": "103943355", "code": 5132, "fclass": "trunk_link", "name": null, "ref": null, "oneway": "F", "maxspeed": 40, "layer": 0, "bridge": "F", "tunnel": "F" }, "geometry": { "type": "MultiLineString", "coordinates": [ [ [ 114.3489511, 30.5314523 ], [ 114.3490664, 30.5317488 ], [ 114.3490685, 30.5318638 ] ] ] } },
{ "type": "Feature", "properties": { "osm_id": "103943358", "code": 5132, "fclass": "trunk_link", "name": null, "ref": null, "oneway": "F", "maxspeed": 40, "layer": 1, "bridge": "T", "tunnel": "F" }, "geometry": { "type": "MultiLineString", "coordinates": [ [ [ 114.348681, 30.5310596 ], [ 114.3488156, 30.5311126 ], [ 114.3489511, 30.5314523 ] ] ] } },
{ "type": "Feature", "properties": { "osm_id": "1441555693", "code": 5152, "fclass": "cycleway", "name": null, "ref": null, "oneway": "B", "maxspeed": 0, "layer": 0, "bridge": "F", "tunnel": "F" }, "geometry": { "type": "MultiLineString", "coordinates": [ [ [ 114.3494354, 30.5291379 ], [ 114.3496615, 30.5291417 ], [ 114.3498712, 30.5291452 ] ] ] } },
{ "type": "Feature", "properties": { "osm_id": "1480437161", "code": 5152, "fclass": "cycleway", "name": null, "ref": null, "oneway": "B", "maxspeed": 0, "layer": 0, "bridge": "F", "tunnel": "F" }, "geometry": { "type": "MultiLineString", "coordinates": [ [ [ 114.3494344, 30.5292125 ], [ 114.3494348, 30.5291877 ], [ 114.3494354, 30.5291379 ], [ 114.3494362, 30.529084 ], [ 114.3494366, 30.5290569 ] ] ] } },
{ "type": "Feature", "properties": { "osm_id": "243164212", "code": 5114, "fclass": "secondary", "name": "八一路", "ref": null, "oneway": "F", "maxspeed": 50, "layer": 0, "bridge": "F", "tunnel": "F" }, "geometry": { "type": "MultiLineString", "coordinates": [ [ [ 114.3517755, 30.5356632 ], [ 114.3511191, 30.5360151 ], [ 114.3509269, 30.5361023 ], [ 114.3507451, 30.5361735 ] ] ] } },
{ "type": "Feature", "properties": { "osm_id": "243164214", "code": 5114, "fclass": "secondary", "name": "八一路", "ref": null, "oneway": "F", "maxspeed": 50, "layer": 0, "bridge": "F", "tunnel": "F" }, "geometry": { "type": "MultiLineString", "coordinates": [ [ [ 114.350542590173916, 30.536147321544266 ], [ 114.3507002, 30.5360677 ], [ 114.3508853, 30.5359741 ], [ 114.351709, 30.5355547 ] ] ] } },
{ "type": "Feature", "properties": { "osm_id": "306232311", "code": 5115, "fclass": "tertiary", "name": null, "ref": null, "oneway": "F", "maxspeed": 0, "layer": 0, "bridge": "F", "tunnel": "F" }, "geometry": { "type": "MultiLineString", "coordinates": [ [ [ 114.3505854, 30.535774 ], [ 114.3507021, 30.5358731 ], [ 114.3507447, 30.5358887 ], [ 114.3507824, 30.5358945 ], [ 114.3508186, 30.5358944 ], [ 114.3508608, 30.5358847 ], [ 114.3509029, 30.5358717 ], [ 114.3517491, 30.535441 ], [ 114.3517858, 30.5354196 ], [ 114.3518146, 30.5354005 ], [ 114.3518339, 30.5353829 ], [ 114.3518491, 30.5353654 ], [ 114.3518628, 30.5353418 ], [ 114.3518709, 30.535325 ], [ 114.351878, 30.5353029 ], [ 114.3518816, 30.5352817 ], [ 114.3518829, 30.5352659 ], [ 114.3518825, 30.5352506 ], [ 114.351881, 30.5352364 ], [ 114.3518782, 30.5352197 ], [ 114.3518721, 30.5352023 ], [ 114.3518625, 30.5351811 ], [ 114.3518566, 30.5351691 ], [ 114.351848, 30.5351572 ], [ 114.351835, 30.5351399 ], [ 114.351825, 30.5351291 ], [ 114.3518029, 30.5351126 ] ] ] } },
{ "type": "Feature", "properties": { "osm_id": "1481002316", "code": 5141, "fclass": "service", "name": null, "ref": null, "oneway": "B", "maxspeed": 0, "layer": 0, "bridge": "F", "tunnel": "F" }, "geometry": { "type": "MultiLineString", "coordinates": [ [ [ 114.3513708, 30.5355324 ], [ 114.3509704, 30.5357302 ], [ 114.3506959, 30.5353223 ], [ 114.3512224, 30.5350526 ], [ 114.3512509, 30.5350299 ], [ 114.3514125, 30.5348401 ] ] ] } },
{ "type": "Feature", "properties": { "osm_id": "1481002317", "code": 5141, "fclass": "service", "name": null, "ref": null, "oneway": "B", "maxspeed": 0, "layer": 0, "bridge": "F", "tunnel": "F" }, "geometry": { "type": "MultiLineString", "coordinates": [ [ [ 114.3509704, 30.5357302 ], [ 114.3508769, 30.5357757 ], [ 114.3509029, 30.5358717 ] ] ] } },
{ "type": "Feature", "properties": { "osm_id": "1481002320", "code": 5141, "fclass": "service", "name": null, "ref": null, "oneway": "B", "maxspeed": 0, "layer": 0, "bridge": "F", "tunnel": "F" }, "geometry": { "type": "MultiLineString", "coordinates": [ [ [ 114.3516603, 30.5352898 ], [ 114.3512509, 30.5350299 ] ] ] } },
{ "type": "Feature", "properties": { "osm_id": "104451083", "code": 5141, "fclass": "service", "name": null, "ref": null, "oneway": "B", "maxspeed": 0, "layer": 0, "bridge": "F", "tunnel": "F" }, "geometry": { "type": "MultiLineString", "coordinates": [ [ [ 114.3513096, 30.5324807 ], [ 114.3510276, 30.5327199 ], [ 114.3508599, 30.5325731 ], [ 114.3505403, 30.5328397 ], [ 114.3503999, 30.5329729 ], [ 114.3503019, 30.5328935 ] ] ] } },
{ "type": "Feature", "properties": { "osm_id": "127030845", "code": 5132, "fclass": "trunk_link", "name": null, "ref": null, "oneway": "F", "maxspeed": 0, "layer": 0, "bridge": "F", "tunnel": "F" }, "geometry": { "type": "MultiLineString", "coordinates": [ [ [ 114.3498687, 30.5340099 ], [ 114.3499612, 30.5340822 ], [ 114.3500738, 30.5343629 ] ] ] } },
{ "type": "Feature", "properties": { "osm_id": "149552429", "code": 5113, "fclass": "primary", "name": "珞狮路", "ref": null, "oneway": "F", "maxspeed": 0, "layer": 0, "bridge": "F", "tunnel": "F" }, "geometry": { "type": "MultiLineString", "coordinates": [ [ [ 114.3497124, 30.5335753 ], [ 114.349786, 30.5337657 ] ] ] } },
{ "type": "Feature", "properties": { "osm_id": "149554145", "code": 5112, "fclass": "trunk", "name": "二环线", "ref": null, "oneway": "F", "maxspeed": 60, "layer": 1, "bridge": "T", "tunnel": "F" }, "geometry": { "type": "MultiLineString", "coordinates": [ [ [ 114.348681, 30.5310596 ], [ 114.3488362, 30.5314879 ], [ 114.3491473, 30.5323104 ], [ 114.3493887, 30.5329388 ], [ 114.3498071, 30.5340204 ], [ 114.35027, 30.5351271 ], [ 114.350743130451662, 30.536398516762056 ] ] ] } },
{ "type": "Feature", "properties": { "osm_id": "149561626", "code": 5112, "fclass": "trunk", "name": "二环线", "ref": null, "oneway": "F", "maxspeed": 60, "layer": 1, "bridge": "T", "tunnel": "F" }, "geometry": { "type": "MultiLineString", "coordinates": [ [ [ 114.3497333, 30.534049 ], [ 114.3492881, 30.532921 ], [ 114.3488684, 30.5318483 ], [ 114.3485519, 30.5309843 ], [ 114.3483308, 30.5303755 ], [ 114.34769189177311, 30.528770801446488 ] ] ] } },
{ "type": "Feature", "properties": { "osm_id": "415176579", "code": 5113, "fclass": "primary", "name": "珞狮路", "ref": null, "oneway": "F", "maxspeed": 0, "layer": 0, "bridge": "F", "tunnel": "F" }, "geometry": { "type": "MultiLineString", "coordinates": [ [ [ 114.349786, 30.5337657 ], [ 114.3498606, 30.5339796 ], [ 114.3498687, 30.5340099 ], [ 114.3501504, 30.5347085 ], [ 114.3504348, 30.5353831 ], [ 114.3505854, 30.535774 ], [ 114.3507002, 30.5360677 ] ] ] } },
{ "type": "Feature", "properties": { "osm_id": "1382939839", "code": 5154, "fclass": "path", "name": null, "ref": null, "oneway": "B", "maxspeed": 0, "layer": 0, "bridge": "F", "tunnel": "F" }, "geometry": { "type": "MultiLineString", "coordinates": [ [ [ 114.3523352, 30.5321037 ], [ 114.3518004, 30.532108 ] ] ] } },
{ "type": "Feature", "properties": { "osm_id": "1382939841", "code": 5141, "fclass": "service", "name": null, "ref": null, "oneway": "B", "maxspeed": 0, "layer": 0, "bridge": "F", "tunnel": "F" }, "geometry": { "type": "MultiLineString", "coordinates": [ [ [ 114.3517355, 30.5327274 ], [ 114.3522452, 30.5327256 ], [ 114.3522915, 30.5327264 ] ] ] } },
{ "type": "Feature", "properties": { "osm_id": "1382939842", "code": 5141, "fclass": "service", "name": null, "ref": null, "oneway": "B", "maxspeed": 0, "layer": 0, "bridge": "F", "tunnel": "F" }, "geometry": { "type": "MultiLineString", "coordinates": [ [ [ 114.3513315, 30.5329611 ], [ 114.3520989, 30.5329542 ], [ 114.35215, 30.5329524 ] ] ] } },
{ "type": "Feature", "properties": { "osm_id": "1382939843", "code": 5141, "fclass": "service", "name": null, "ref": null, "oneway": "B", "maxspeed": 0, "layer": 0, "bridge": "F", "tunnel": "F" }, "geometry": { "type": "MultiLineString", "coordinates": [ [ [ 114.352002, 30.5331896 ], [ 114.3519574, 30.5331915 ], [ 114.3513357, 30.5332027 ] ] ] } },
{ "type": "Feature", "properties": { "osm_id": "1383484768", "code": 5141, "fclass": "service", "name": null, "ref": null, "oneway": "B", "maxspeed": 0, "layer": 0, "bridge": "F", "tunnel": "F" }, "geometry": { "type": "MultiLineString", "coordinates": [ [ [ 114.3520915, 30.5339553 ], [ 114.3520626, 30.5339612 ], [ 114.3518613, 30.5340024 ], [ 114.3516171, 30.5340026 ] ] ] } },
{ "type": "Feature", "properties": { "osm_id": "1383484771", "code": 5141, "fclass": "service", "name": null, "ref": null, "oneway": "B", "maxspeed": 0, "layer": 0, "bridge": "F", "tunnel": "F" }, "geometry": { "type": "MultiLineString", "coordinates": [ [ [ 114.3520138, 30.5337693 ], [ 114.3519869, 30.5337695 ], [ 114.3515829, 30.5337727 ] ] ] } },
{ "type": "Feature", "properties": { "osm_id": "1474085624", "code": 5153, "fclass": "footway", "name": null, "ref": null, "oneway": "B", "maxspeed": 0, "layer": 0, "bridge": "F", "tunnel": "F" }, "geometry": { "type": "MultiLineString", "coordinates": [ [ [ 114.3513332, 30.5330596 ], [ 114.3513315, 30.5329611 ] ] ] } },
{ "type": "Feature", "properties": { "osm_id": "1483109332", "code": 5141, "fclass": "service", "name": null, "ref": null, "oneway": "B", "maxspeed": 0, "layer": 0, "bridge": "F", "tunnel": "F" }, "geometry": { "type": "MultiLineString", "coordinates": [ [ [ 114.349652, 30.5334078 ], [ 114.349724, 30.5333508 ], [ 114.3503019, 30.5328935 ], [ 114.3503387, 30.5328644 ], [ 114.3503745, 30.532836 ], [ 114.3504131, 30.5328055 ] ] ] } },
{ "type": "Feature", "properties": { "osm_id": "1483109335", "code": 5141, "fclass": "service", "name": null, "ref": null, "oneway": "B", "maxspeed": 0, "layer": 0, "bridge": "F", "tunnel": "F" }, "geometry": { "type": "MultiLineString", "coordinates": [ [ [ 114.3500735, 30.5329279 ], [ 114.3497901, 30.5330083 ], [ 114.3496812, 30.5327234 ], [ 114.3494056, 30.532002 ] ] ] } },
{ "type": "Feature", "properties": { "osm_id": "1479975469", "code": 5141, "fclass": "service", "name": null, "ref": null, "oneway": "B", "maxspeed": 0, "layer": 0, "bridge": "F", "tunnel": "F" }, "geometry": { "type": "MultiLineString", "coordinates": [ [ [ 114.3597342, 30.5321894 ], [ 114.359645, 30.5319774 ], [ 114.3595224, 30.5316859 ], [ 114.359675213058424, 30.531626960527696 ] ], [ [ 114.359938772483389, 30.532144324707051 ], [ 114.3597342, 30.5321894 ] ] ] } },
{ "type": "Feature", "properties": { "osm_id": "104453207", "code": 5141, "fclass": "service", "name": null, "ref": null, "oneway": "B", "maxspeed": 0, "layer": 0, "bridge": "F", "tunnel": "F" }, "geometry": { "type": "MultiLineString", "coordinates": [ [ [ 114.358111, 30.5307115 ], [ 114.3590358, 30.5308072 ] ] ] } },
{ "type": "Feature", "properties": { "osm_id": "307265565", "code": 5141, "fclass": "service", "name": null, "ref": null, "oneway": "B", "maxspeed": 0, "layer": 0, "bridge": "F", "tunnel": "F" }, "geometry": { "type": "MultiLineString", "coordinates": [ [ [ 114.3550748, 30.5275946 ], [ 114.3547276, 30.5276029 ], [ 114.3540749, 30.5276285 ] ] ] } },
{ "type": "Feature", "properties": { "osm_id": "402879513", "code": 5155, "fclass": "steps", "name": null, "ref": null, "oneway": "B", "maxspeed": 0, "layer": 0, "bridge": "T", "tunnel": "F" }, "geometry": { "type": "MultiLineString", "coordinates": [ [ [ 114.3540655, 30.5274628 ], [ 114.3542222, 30.5274162 ], [ 114.3543759, 30.5273706 ] ] ] } },
{ "type": "Feature", "properties": { "osm_id": "402879519", "code": 5153, "fclass": "footway", "name": null, "ref": null, "oneway": "B", "maxspeed": 0, "layer": 1, "bridge": "T", "tunnel": "F" }, "geometry": { "type": "MultiLineString", "coordinates": [ [ [ 114.3542222, 30.5274162 ], [ 114.3540295, 30.5269259 ] ] ] } },
{ "type": "Feature", "properties": { "osm_id": "990914332", "code": 5155, "fclass": "steps", "name": null, "ref": null, "oneway": "B", "maxspeed": 0, "layer": 0, "bridge": "F", "tunnel": "F" }, "geometry": { "type": "MultiLineString", "coordinates": [ [ [ 114.3547249, 30.5275601 ], [ 114.3547276, 30.5276029 ] ] ] } },
{ "type": "Feature", "properties": { "osm_id": "1397459418", "code": 5141, "fclass": "service", "name": null, "ref": null, "oneway": "B", "maxspeed": 0, "layer": 0, "bridge": "F", "tunnel": "F" }, "geometry": { "type": "MultiLineString", "coordinates": [ [ [ 114.3548938, 30.5272597 ], [ 114.3548543, 30.5271656 ], [ 114.3548285, 30.5271044 ] ] ] } },
{ "type": "Feature", "properties": { "osm_id": "1480419192", "code": 5141, "fclass": "service", "name": null, "ref": null, "oneway": "B", "maxspeed": 0, "layer": 0, "bridge": "F", "tunnel": "F" }, "geometry": { "type": "MultiLineString", "coordinates": [ [ [ 114.3549735, 30.5274492 ], [ 114.3549159, 30.5273147 ] ] ] } },
{ "type": "Feature", "properties": { "osm_id": "1480419193", "code": 5141, "fclass": "service", "name": null, "ref": null, "oneway": "B", "maxspeed": 0, "layer": -1, "bridge": "F", "tunnel": "T" }, "geometry": { "type": "MultiLineString", "coordinates": [ [ [ 114.3549159, 30.5273147 ], [ 114.3548938, 30.5272597 ] ] ] } },
{ "type": "Feature", "properties": { "osm_id": "916497788", "code": 5152, "fclass": "cycleway", "name": null, "ref": null, "oneway": "B", "maxspeed": 0, "layer": 0, "bridge": "F", "tunnel": "F" }, "geometry": { "type": "MultiLineString", "coordinates": [ [ [ 114.3526654, 30.5273236 ], [ 114.353834, 30.5269814 ] ] ] } },
{ "type": "Feature", "properties": { "osm_id": "113819673", "code": 5122, "fclass": "residential", "name": null, "ref": null, "oneway": "B", "maxspeed": 0, "layer": 0, "bridge": "F", "tunnel": "F" }, "geometry": { "type": "MultiLineString", "coordinates": [ [ [ 114.354495, 30.5268455 ], [ 114.354397080683896, 30.52661620093863 ] ] ] } },
{ "type": "Feature", "properties": { "osm_id": "231522796", "code": 5112, "fclass": "trunk", "name": "珞喻路", "ref": null, "oneway": "F", "maxspeed": 40, "layer": 0, "bridge": "F", "tunnel": "F" }, "geometry": { "type": "MultiLineString", "coordinates": [ [ [ 114.3523081, 30.5276111 ], [ 114.3534884, 30.5272595 ], [ 114.3544595, 30.5269778 ], [ 114.3549207, 30.5268333 ], [ 114.3555867, 30.5266069 ], [ 114.3559145, 30.5264826 ], [ 114.3560812, 30.5264034 ], [ 114.3564098, 30.5262429 ], [ 114.356812719263615, 30.526007917485458 ] ] ] } },
{ "type": "Feature", "properties": { "osm_id": "236520139", "code": 5112, "fclass": "trunk", "name": "珞喻路", "ref": "G316", "oneway": "F", "maxspeed": 40, "layer": 0, "bridge": "F", "tunnel": "F" }, "geometry": { "type": "MultiLineString", "coordinates": [ [ [ 114.3565767, 30.5262476 ], [ 114.3559525, 30.5265523 ], [ 114.3556195, 30.5266869 ], [ 114.354956, 30.5269163 ] ] ] } },
{ "type": "Feature", "properties": { "osm_id": "478013806", "code": 5122, "fclass": "residential", "name": null, "ref": null, "oneway": "B", "maxspeed": 0, "layer": 0, "bridge": "F", "tunnel": "F" }, "geometry": { "type": "MultiLineString", "coordinates": [ [ [ 114.355573787476487, 30.52623808585691 ], [ 114.3556429, 30.5263647 ], [ 114.3556812, 30.5264405 ] ] ] } },
{ "type": "Feature", "properties": { "osm_id": "1279001409", "code": 5113, "fclass": "primary", "name": null, "ref": null, "oneway": "F", "maxspeed": 0, "layer": 0, "bridge": "F", "tunnel": "F" }, "geometry": { "type": "MultiLineString", "coordinates": [ [ [ 114.3518172, 30.527636 ], [ 114.3520689, 30.5275635 ], [ 114.3526827, 30.5273747 ], [ 114.3537291, 30.5270724 ], [ 114.354495, 30.5268455 ], [ 114.3548032, 30.5267413 ], [ 114.355346, 30.5265633 ], [ 114.3556812, 30.5264405 ], [ 114.3560359, 30.5262898 ], [ 114.3563789, 30.526134 ], [ 114.3565337, 30.5260703 ], [ 114.356793763158421, 30.525970706864697 ] ] ] } },
{ "type": "Feature", "properties": { "osm_id": "402879515", "code": 5155, "fclass": "steps", "name": null, "ref": null, "oneway": "B", "maxspeed": 0, "layer": 0, "bridge": "T", "tunnel": "F" }, "geometry": { "type": "MultiLineString", "coordinates": [ [ [ 114.353834, 30.5269814 ], [ 114.3540295, 30.5269259 ], [ 114.3543093, 30.5268473 ] ] ] } },
{ "type": "Feature", "properties": { "osm_id": "1478489986", "code": 5153, "fclass": "footway", "name": null, "ref": null, "oneway": "B", "maxspeed": 0, "layer": -1, "bridge": "F", "tunnel": "T" }, "geometry": { "type": "MultiLineString", "coordinates": [ [ [ 114.3567792, 30.5287504 ], [ 114.3567791, 30.5288171 ] ] ] } },
{ "type": "Feature", "properties": { "osm_id": "104474724", "code": 5122, "fclass": "residential", "name": "求是一路", "ref": null, "oneway": "B", "maxspeed": 0, "layer": -2, "bridge": "F", "tunnel": "F" }, "geometry": { "type": "MultiLineString", "coordinates": [ [ [ 114.3563222, 30.528705 ], [ 114.3563223, 30.5288193 ], [ 114.3563224, 30.5289326 ] ] ] } },
{ "type": "Feature", "properties": { "osm_id": "1383198091", "code": 5122, "fclass": "residential", "name": "求是一路", "ref": null, "oneway": "B", "maxspeed": 0, "layer": 0, "bridge": "F", "tunnel": "F" }, "geometry": { "type": "MultiLineString", "coordinates": [ [ [ 114.3563215, 30.5282541 ], [ 114.3563218, 30.5284257 ], [ 114.3563221, 30.5286333 ], [ 114.3563222, 30.528705 ] ] ] } },
{ "type": "Feature", "properties": { "osm_id": "1389536013", "code": 5153, "fclass": "footway", "name": null, "ref": null, "oneway": "B", "maxspeed": 0, "layer": 0, "bridge": "F", "tunnel": "F" }, "geometry": { "type": "MultiLineString", "coordinates": [ [ [ 114.3557164, 30.529069 ], [ 114.3557162, 30.5289067 ] ] ] } },
{ "type": "Feature", "properties": { "osm_id": "1390672142", "code": 5153, "fclass": "footway", "name": null, "ref": null, "oneway": "B", "maxspeed": 0, "layer": -1, "bridge": "F", "tunnel": "T" }, "geometry": { "type": "MultiLineString", "coordinates": [ [ [ 114.3557158, 30.5286756 ], [ 114.3557161, 30.5288193 ], [ 114.3557162, 30.5289067 ] ] ] } },
{ "type": "Feature", "properties": { "osm_id": "1442936173", "code": 5153, "fclass": "footway", "name": null, "ref": null, "oneway": "B", "maxspeed": 0, "layer": 0, "bridge": "F", "tunnel": "F" }, "geometry": { "type": "MultiLineString", "coordinates": [ [ [ 114.3553345, 30.5290694 ], [ 114.3553342, 30.5289075 ] ] ] } },
{ "type": "Feature", "properties": { "osm_id": "1442936174", "code": 5153, "fclass": "footway", "name": null, "ref": null, "oneway": "B", "maxspeed": 0, "layer": 0, "bridge": "F", "tunnel": "F" }, "geometry": { "type": "MultiLineString", "coordinates": [ [ [ 114.3560223, 30.5290686 ], [ 114.3560221, 30.5289061 ] ] ] } },
{ "type": "Feature", "properties": { "osm_id": "1442936175", "code": 5153, "fclass": "footway", "name": null, "ref": null, "oneway": "B", "maxspeed": 0, "layer": -1, "bridge": "F", "tunnel": "T" }, "geometry": { "type": "MultiLineString", "coordinates": [ [ [ 114.3553342, 30.5289075 ], [ 114.3553341, 30.5288197 ] ] ] } },
{ "type": "Feature", "properties": { "osm_id": "1442936176", "code": 5153, "fclass": "footway", "name": null, "ref": null, "oneway": "B", "maxspeed": 0, "layer": -1, "bridge": "F", "tunnel": "T" }, "geometry": { "type": "MultiLineString", "coordinates": [ [ [ 114.3560221, 30.5289061 ], [ 114.3560219, 30.5288189 ] ] ] } },
{ "type": "Feature", "properties": { "osm_id": "103949730", "code": 5122, "fclass": "residential", "name": "求是二路", "ref": null, "oneway": "B", "maxspeed": 0, "layer": 0, "bridge": "F", "tunnel": "F" }, "geometry": { "type": "MultiLineString", "coordinates": [ [ [ 114.3550736, 30.5286349 ], [ 114.3550737, 30.5287079 ] ] ] } },
{ "type": "Feature", "properties": { "osm_id": "104474721", "code": 5122, "fclass": "residential", "name": "求是二路", "ref": null, "oneway": "B", "maxspeed": 0, "layer": -2, "bridge": "F", "tunnel": "F" }, "geometry": { "type": "MultiLineString", "coordinates": [ [ [ 114.3550737, 30.5289298 ], [ 114.3550738, 30.528819 ], [ 114.3550737, 30.5287079 ] ] ] } },
{ "type": "Feature", "properties": { "osm_id": "1478489987", "code": 5153, "fclass": "footway", "name": null, "ref": null, "oneway": "B", "maxspeed": 0, "layer": 0, "bridge": "F", "tunnel": "F" }, "geometry": { "type": "MultiLineString", "coordinates": [ [ [ 114.3545888, 30.5286362 ], [ 114.3545889, 30.5287602 ] ] ] } },
{ "type": "Feature", "properties": { "osm_id": "1478489988", "code": 5153, "fclass": "footway", "name": null, "ref": null, "oneway": "B", "maxspeed": 0, "layer": -1, "bridge": "F", "tunnel": "T" }, "geometry": { "type": "MultiLineString", "coordinates": [ [ [ 114.3545889, 30.5287602 ], [ 114.3545896, 30.5288205 ] ] ] } },
{ "type": "Feature", "properties": { "osm_id": "358205766", "code": 5155, "fclass": "steps", "name": null, "ref": null, "oneway": "B", "maxspeed": 0, "layer": 0, "bridge": "F", "tunnel": "F" }, "geometry": { "type": "MultiLineString", "coordinates": [ [ [ 114.3533972, 30.5330426 ], [ 114.35349, 30.533089 ] ] ] } },
{ "type": "Feature", "properties": { "osm_id": "1478489985", "code": 5153, "fclass": "footway", "name": null, "ref": null, "oneway": "B", "maxspeed": 0, "layer": -1, "bridge": "F", "tunnel": "T" }, "geometry": { "type": "MultiLineString", "coordinates": [ [ [ 114.3566044, 30.5278336 ], [ 114.3566046, 30.5277611 ] ] ] } },
{ "type": "Feature", "properties": { "osm_id": "104946490", "code": 5113, "fclass": "primary", "name": "珞喻路", "ref": null, "oneway": "F", "maxspeed": 40, "layer": 0, "bridge": "F", "tunnel": "F" }, "geometry": { "type": "MultiLineString", "coordinates": [ [ [ 114.3482033, 30.5286836 ], [ 114.3483738, 30.5286356 ], [ 114.3488811, 30.5284952 ], [ 114.3495613, 30.5283012 ], [ 114.350657, 30.5279753 ], [ 114.3507377, 30.5279546 ], [ 114.3512527, 30.5278026 ], [ 114.3515489, 30.5277124 ], [ 114.3518172, 30.527636 ] ] ] } },
{ "type": "Feature", "properties": { "osm_id": "149554156", "code": 5113, "fclass": "primary", "name": "武珞路", "ref": null, "oneway": "F", "maxspeed": 40, "layer": 0, "bridge": "F", "tunnel": "F" }, "geometry": { "type": "MultiLineString", "coordinates": [ [ [ 114.347612801999347, 30.528854679014749 ], [ 114.3476202, 30.5288524 ] ] ] } },
{ "type": "Feature", "properties": { "osm_id": "180345971", "code": 5113, "fclass": "primary", "name": null, "ref": null, "oneway": "F", "maxspeed": 40, "layer": 0, "bridge": "F", "tunnel": "F" }, "geometry": { "type": "MultiLineString", "coordinates": [ [ [ 114.347860011367857, 30.528716779021611 ], [ 114.3478819, 30.5287753 ], [ 114.3479982, 30.5290735 ] ] ] } },
{ "type": "Feature", "properties": { "osm_id": "180345972", "code": 5112, "fclass": "trunk", "name": "珞喻路", "ref": "G316", "oneway": "F", "maxspeed": 40, "layer": 0, "bridge": "F", "tunnel": "F" }, "geometry": { "type": "MultiLineString", "coordinates": [ [ [ 114.3482906, 30.528766 ], [ 114.3497993, 30.5283259 ], [ 114.3523081, 30.5276111 ] ] ] } },
{ "type": "Feature", "properties": { "osm_id": "180345973", "code": 5113, "fclass": "primary", "name": null, "ref": null, "oneway": "F", "maxspeed": 0, "layer": 0, "bridge": "F", "tunnel": "F" }, "geometry": { "type": "MultiLineString", "coordinates": [ [ [ 114.34786, 30.5294609 ], [ 114.3477364, 30.5291461 ], [ 114.3476202, 30.5288524 ] ] ] } },
{ "type": "Feature", "properties": { "osm_id": "180345974", "code": 5112, "fclass": "trunk", "name": "珞喻路", "ref": "G316", "oneway": "F", "maxspeed": 40, "layer": -1, "bridge": "F", "tunnel": "T" }, "geometry": { "type": "MultiLineString", "coordinates": [ [ [ 114.347646803133017, 30.528939312475821 ], [ 114.3482906, 30.528766 ] ] ] } },
{ "type": "Feature", "properties": { "osm_id": "180345976", "code": 5112, "fclass": "trunk", "name": "珞喻路", "ref": "G316", "oneway": "F", "maxspeed": 40, "layer": -1, "bridge": "F", "tunnel": "T" }, "geometry": { "type": "MultiLineString", "coordinates": [ [ [ 114.3483143, 30.528839 ], [ 114.347678928402075, 30.529019276653955 ] ] ] } },
{ "type": "Feature", "properties": { "osm_id": "233473934", "code": 5113, "fclass": "primary", "name": null, "ref": null, "oneway": "F", "maxspeed": 0, "layer": 0, "bridge": "F", "tunnel": "F" }, "geometry": { "type": "MultiLineString", "coordinates": [ [ [ 114.3476202, 30.5288524 ], [ 114.347600046396082, 30.528800314424963 ] ] ] } },
{ "type": "Feature", "properties": { "osm_id": "233473986", "code": 5113, "fclass": "primary", "name": "武珞路", "ref": null, "oneway": "F", "maxspeed": 0, "layer": 0, "bridge": "F", "tunnel": "F" }, "geometry": { "type": "MultiLineString", "coordinates": [ [ [ 114.3476202, 30.5288524 ], [ 114.3478819, 30.5287753 ], [ 114.348018, 30.5287365 ], [ 114.3482033, 30.5286836 ] ] ] } },
{ "type": "Feature", "properties": { "osm_id": "236518323", "code": 5113, "fclass": "primary", "name": null, "ref": null, "oneway": "F", "maxspeed": 0, "layer": 0, "bridge": "F", "tunnel": "F" }, "geometry": { "type": "MultiLineString", "coordinates": [ [ [ 114.3479982, 30.5290735 ], [ 114.3481304, 30.5294225 ] ] ] } },
{ "type": "Feature", "properties": { "osm_id": "236518327", "code": 5113, "fclass": "primary", "name": "武珞路", "ref": null, "oneway": "F", "maxspeed": 0, "layer": 0, "bridge": "F", "tunnel": "F" }, "geometry": { "type": "MultiLineString", "coordinates": [ [ [ 114.3479982, 30.5290735 ], [ 114.3477364, 30.5291461 ], [ 114.347730512171694, 30.529147675695004 ] ] ] } },
{ "type": "Feature", "properties": { "osm_id": "236518329", "code": 5133, "fclass": "primary_link", "name": "珞狮路", "ref": null, "oneway": "F", "maxspeed": 40, "layer": 0, "bridge": "F", "tunnel": "F" }, "geometry": { "type": "MultiLineString", "coordinates": [ [ [ 114.348143464094278, 30.528625696220452 ], [ 114.3481739, 30.5286289 ], [ 114.3483738, 30.5286356 ] ] ] } },
{ "type": "Feature", "properties": { "osm_id": "492930479", "code": 5133, "fclass": "primary_link", "name": null, "ref": null, "oneway": "F", "maxspeed": 0, "layer": 0, "bridge": "F", "tunnel": "F" }, "geometry": { "type": "MultiLineString", "coordinates": [ [ [ 114.3483607, 30.5289747 ], [ 114.3482817, 30.5289619 ], [ 114.3482317, 30.5289406 ], [ 114.3481985, 30.5289159 ], [ 114.3481756, 30.5288933 ], [ 114.3481608, 30.5288548 ], [ 114.3481546, 30.5288166 ], [ 114.348155, 30.5287772 ], [ 114.3481633, 30.528739 ], [ 114.3481735, 30.5287149 ], [ 114.3482033, 30.5286836 ] ] ] } },
{ "type": "Feature", "properties": { "osm_id": "636203505", "code": 5141, "fclass": "service", "name": null, "ref": null, "oneway": "B", "maxspeed": 0, "layer": 0, "bridge": "F", "tunnel": "F" }, "geometry": { "type": "MultiLineString", "coordinates": [ [ [ 114.3495613, 30.5283012 ], [ 114.3494984, 30.5282633 ], [ 114.349493, 30.5282589 ], [ 114.3494571, 30.5282297 ], [ 114.349437749958128, 30.528209799067263 ] ] ] } },
{ "type": "Feature", "properties": { "osm_id": "1480437151", "code": 5153, "fclass": "footway", "name": null, "ref": null, "oneway": "B", "maxspeed": 0, "layer": -1, "bridge": "F", "tunnel": "T" }, "geometry": { "type": "MultiLineString", "coordinates": [ [ [ 114.3493079, 30.5288908 ], [ 114.3493561, 30.5288779 ], [ 114.3494243, 30.5288597 ], [ 114.3494143, 30.528833 ] ] ] } },
{ "type": "Feature", "properties": { "osm_id": "1480437153", "code": 5153, "fclass": "footway", "name": null, "ref": null, "oneway": "B", "maxspeed": 0, "layer": 0, "bridge": "F", "tunnel": "F" }, "geometry": { "type": "MultiLineString", "coordinates": [ [ [ 114.3494143, 30.528833 ], [ 114.34939, 30.5287689 ] ] ] } },
{ "type": "Feature", "properties": { "osm_id": "1480437158", "code": 5152, "fclass": "cycleway", "name": null, "ref": null, "oneway": "B", "maxspeed": 0, "layer": 0, "bridge": "F", "tunnel": "F" }, "geometry": { "type": "MultiLineString", "coordinates": [ [ [ 114.3494366, 30.5290569 ], [ 114.3494831, 30.5290251 ], [ 114.3495439, 30.5289816 ] ] ] } },
{ "type": "Feature", "properties": { "osm_id": "1480437159", "code": 5152, "fclass": "cycleway", "name": null, "ref": null, "oneway": "B", "maxspeed": 0, "layer": 0, "bridge": "F", "tunnel": "F" }, "geometry": { "type": "MultiLineString", "coordinates": [ [ [ 114.3494362, 30.529084 ], [ 114.3496627, 30.5290882 ], [ 114.3498642, 30.5290912 ] ] ] } },
{ "type": "Feature", "properties": { "osm_id": "1480437160", "code": 5152, "fclass": "cycleway", "name": null, "ref": null, "oneway": "B", "maxspeed": 0, "layer": 0, "bridge": "F", "tunnel": "F" }, "geometry": { "type": "MultiLineString", "coordinates": [ [ [ 114.3494831, 30.5290251 ], [ 114.3496641, 30.5290284 ], [ 114.3498376, 30.5290312 ] ] ] } },
{ "type": "Feature", "properties": { "osm_id": "1480437177", "code": 5141, "fclass": "service", "name": null, "ref": null, "oneway": "B", "maxspeed": 0, "layer": 0, "bridge": "F", "tunnel": "F" }, "geometry": { "type": "MultiLineString", "coordinates": [ [ [ 114.3488811, 30.5284952 ], [ 114.348844011317027, 30.528400587066631 ] ] ] } },
{ "type": "Feature", "properties": { "osm_id": "1480944411", "code": 5153, "fclass": "footway", "name": null, "ref": null, "oneway": "B", "maxspeed": 0, "layer": -1, "bridge": "F", "tunnel": "T" }, "geometry": { "type": "MultiLineString", "coordinates": [ [ [ 114.3493561, 30.5288779 ], [ 114.3493804, 30.5289377 ] ] ] } },
{ "type": "Feature", "properties": { "osm_id": "1480949274", "code": 5153, "fclass": "footway", "name": null, "ref": null, "oneway": "B", "maxspeed": 0, "layer": -2, "bridge": "F", "tunnel": "T" }, "geometry": { "type": "MultiLineString", "coordinates": [ [ [ 114.3493804, 30.5289377 ], [ 114.3496934, 30.5288457 ] ] ] } },
{ "type": "Feature", "properties": { "osm_id": "1480949277", "code": 5152, "fclass": "cycleway", "name": null, "ref": null, "oneway": "B", "maxspeed": 0, "layer": 0, "bridge": "F", "tunnel": "F" }, "geometry": { "type": "MultiLineString", "coordinates": [ [ [ 114.3498176, 30.5289862 ], [ 114.3496652, 30.5289836 ], [ 114.3495439, 30.5289816 ] ] ] } },
{ "type": "Feature", "properties": { "osm_id": "149570551", "code": 5112, "fclass": "trunk", "name": "珞喻路", "ref": null, "oneway": "F", "maxspeed": 40, "layer": 0, "bridge": "F", "tunnel": "F" }, "geometry": { "type": "MultiLineString", "coordinates": [ [ [ 114.3568570122317, 30.526094864082399 ], [ 114.3565767, 30.5262476 ] ] ] } },
{ "type": "Feature", "properties": { "osm_id": "1480419212", "code": 5153, "fclass": "footway", "name": null, "ref": null, "oneway": "B", "maxspeed": 0, "layer": 0, "bridge": "F", "tunnel": "F" }, "geometry": { "type": "MultiLineString", "coordinates": [ [ [ 114.3566597, 30.5265246 ], [ 114.356669, 30.5264856 ], [ 114.3566475, 30.526449 ] ] ] } },
{ "type": "Feature", "properties": { "osm_id": "1481608796", "code": 5141, "fclass": "service", "name": null, "ref": null, "oneway": "B", "maxspeed": 0, "layer": 0, "bridge": "F", "tunnel": "F" }, "geometry": { "type": "MultiLineString", "coordinates": [ [ [ 114.357137644480034, 30.526645742021511 ], [ 114.3569543, 30.526732 ] ] ] } },
{ "type": "Feature", "properties": { "osm_id": "1382900353", "code": 5153, "fclass": "footway", "name": null, "ref": null, "oneway": "B", "maxspeed": 0, "layer": 0, "bridge": "F", "tunnel": "F" }, "geometry": { "type": "MultiLineString", "coordinates": [ [ [ 114.3598199, 30.5326541 ], [ 114.3597775, 30.5326668 ], [ 114.3597259, 30.5326829 ], [ 114.3596931, 30.5326931 ] ] ] } },
{ "type": "Feature", "properties": { "osm_id": "1479978218", "code": 5141, "fclass": "service", "name": null, "ref": null, "oneway": "F", "maxspeed": 0, "layer": 0, "bridge": "F", "tunnel": "F" }, "geometry": { "type": "MultiLineString", "coordinates": [ [ [ 114.359946226360321, 30.532590914095923 ], [ 114.3598084, 30.5326276 ], [ 114.3597649, 30.5326391 ], [ 114.3597126, 30.5326543 ] ] ] } },
{ "type": "Feature", "properties": { "osm_id": "1484820232", "code": 5153, "fclass": "footway", "name": null, "ref": null, "oneway": "B", "maxspeed": 0, "layer": 0, "bridge": "F", "tunnel": "F" }, "geometry": { "type": "MultiLineString", "coordinates": [ [ [ 114.359819996544857, 30.532654320444074 ], [ 114.3598199, 30.5326541 ], [ 114.3598084, 30.5326276 ] ] ] } },
{ "type": "Feature", "properties": { "osm_id": "103747027", "code": 5122, "fclass": "residential", "name": "汉林东路", "ref": null, "oneway": "B", "maxspeed": 0, "layer": 0, "bridge": "F", "tunnel": "F" }, "geometry": { "type": "MultiLineString", "coordinates": [ [ [ 114.3575811, 30.5334071 ], [ 114.3576065, 30.5334882 ], [ 114.357610281363577, 30.533500320035262 ] ] ] } },
{ "type": "Feature", "properties": { "osm_id": "103755114", "code": 5112, "fclass": "trunk", "name": "二环线", "ref": null, "oneway": "F", "maxspeed": 60, "layer": 1, "bridge": "T", "tunnel": "F" }, "geometry": { "type": "MultiLineString", "coordinates": [ [ [ 114.350657155473712, 30.536432490207666 ], [ 114.3504206, 30.5357526 ], [ 114.3501478, 30.5350873 ], [ 114.3497333, 30.534049 ] ] ] } },
{ "type": "Feature", "properties": { "osm_id": "103949723", "code": 5122, "fclass": "residential", "name": "求是大道", "ref": null, "oneway": "B", "maxspeed": 0, "layer": 0, "bridge": "F", "tunnel": "F" }, "geometry": { "type": "MultiLineString", "coordinates": [ [ [ 114.3527479, 30.5318786 ], [ 114.3525966, 30.5321928 ], [ 114.3524774, 30.5324238 ], [ 114.3523887, 30.5325698 ] ] ] } },
{ "type": "Feature", "properties": { "osm_id": "103949733", "code": 5122, "fclass": "residential", "name": "玉兰路", "ref": null, "oneway": "B", "maxspeed": 0, "layer": 0, "bridge": "F", "tunnel": "F" }, "geometry": { "type": "MultiLineString", "coordinates": [ [ [ 114.3567673, 30.5330246 ], [ 114.3563756, 30.5331491 ], [ 114.3561565, 30.5332225 ], [ 114.3558172, 30.5333146 ], [ 114.3545326, 30.533648 ], [ 114.3539783, 30.5336813 ], [ 114.3538957, 30.5336816 ], [ 114.3532874, 30.533687 ], [ 114.3526999, 30.5336946 ], [ 114.3526589, 30.5336938 ], [ 114.3519853, 30.5337074 ] ] ] } },
{ "type": "Feature", "properties": { "osm_id": "104372389", "code": 5122, "fclass": "residential", "name": "求是大道", "ref": null, "oneway": "B", "maxspeed": 0, "layer": 0, "bridge": "F", "tunnel": "F" }, "geometry": { "type": "MultiLineString", "coordinates": [ [ [ 114.3523887, 30.5325698 ], [ 114.3522915, 30.5327264 ], [ 114.3521876, 30.5328921 ], [ 114.35215, 30.5329524 ], [ 114.352002, 30.5331896 ], [ 114.351975, 30.5332329 ], [ 114.3519611, 30.5332692 ], [ 114.3519217, 30.5333918 ], [ 114.3519104, 30.5334669 ], [ 114.3519191, 30.5335307 ], [ 114.3519377, 30.533599 ], [ 114.3519853, 30.5337074 ], [ 114.3520138, 30.5337693 ], [ 114.3520604, 30.5338716 ], [ 114.3520915, 30.5339553 ], [ 114.3521244, 30.5340529 ], [ 114.3521356, 30.5341145 ], [ 114.3521386, 30.534173 ], [ 114.3521272, 30.5343585 ], [ 114.3521239, 30.5344068 ], [ 114.3521133, 30.5345021 ], [ 114.3521063, 30.5346141 ], [ 114.3521076, 30.5346865 ] ] ] } },
{ "type": "Feature", "properties": { "osm_id": "104372395", "code": 5122, "fclass": "residential", "name": "物探路", "ref": null, "oneway": "B", "maxspeed": 0, "layer": 0, "bridge": "F", "tunnel": "F" }, "geometry": { "type": "MultiLineString", "coordinates": [ [ [ 114.3546728, 30.5321303 ], [ 114.3546736, 30.5324431 ], [ 114.3546734, 30.5325023 ], [ 114.3546731, 30.5325759 ], [ 114.3546725, 30.5327244 ], [ 114.3546718, 30.5329177 ], [ 114.3546714, 30.533009 ], [ 114.3546683, 30.5332266 ] ] ] } },
{ "type": "Feature", "properties": { "osm_id": "127029059", "code": 5114, "fclass": "secondary", "name": "八一路", "ref": null, "oneway": "F", "maxspeed": 40, "layer": 0, "bridge": "F", "tunnel": "F" }, "geometry": { "type": "MultiLineString", "coordinates": [ [ [ 114.3507451, 30.5361735 ], [ 114.350578612225675, 30.536236985346243 ] ] ] } },
{ "type": "Feature", "properties": { "osm_id": "149555237", "code": 5114, "fclass": "secondary", "name": "八一路", "ref": null, "oneway": "F", "maxspeed": 40, "layer": 0, "bridge": "F", "tunnel": "F" }, "geometry": { "type": "MultiLineString", "coordinates": [ [ [ 114.359989555052067, 30.532465911866012 ], [ 114.3599182, 30.532485 ], [ 114.3597219, 30.5325445 ], [ 114.3596964, 30.5325522 ] ] ] } },
{ "type": "Feature", "properties": { "osm_id": "202516852", "code": 5141, "fclass": "service", "name": null, "ref": null, "oneway": "B", "maxspeed": 0, "layer": 0, "bridge": "F", "tunnel": "F" }, "geometry": { "type": "MultiLineString", "coordinates": [ [ [ 114.3535766, 30.5324414 ], [ 114.3539528, 30.5324441 ], [ 114.3546736, 30.5324431 ] ] ] } },
{ "type": "Feature", "properties": { "osm_id": "203427107", "code": 5141, "fclass": "service", "name": null, "ref": null, "oneway": "B", "maxspeed": 0, "layer": 0, "bridge": "F", "tunnel": "F" }, "geometry": { "type": "MultiLineString", "coordinates": [ [ [ 114.3567669, 30.5325823 ], [ 114.3560879, 30.5325803 ], [ 114.3553437, 30.5325779 ] ] ] } },
{ "type": "Feature", "properties": { "osm_id": "203427110", "code": 5141, "fclass": "service", "name": null, "ref": null, "oneway": "B", "maxspeed": 0, "layer": 0, "bridge": "F", "tunnel": "F" }, "geometry": { "type": "MultiLineString", "coordinates": [ [ [ 114.355361, 30.5331894 ], [ 114.3556423, 30.5331908 ], [ 114.3558172, 30.5333146 ] ] ] } },
{ "type": "Feature", "properties": { "osm_id": "203427111", "code": 5141, "fclass": "service", "name": null, "ref": null, "oneway": "B", "maxspeed": 0, "layer": 0, "bridge": "F", "tunnel": "F" }, "geometry": { "type": "MultiLineString", "coordinates": [ [ [ 114.3556423, 30.5331908 ], [ 114.355646, 30.5330334 ], [ 114.3560839, 30.5330355 ] ] ] } },
{ "type": "Feature", "properties": { "osm_id": "203427210", "code": 5141, "fclass": "service", "name": null, "ref": null, "oneway": "B", "maxspeed": 0, "layer": 0, "bridge": "F", "tunnel": "F" }, "geometry": { "type": "MultiLineString", "coordinates": [ [ [ 114.3527585, 30.5327749 ], [ 114.3533941, 30.5327799 ] ] ] } },
{ "type": "Feature", "properties": { "osm_id": "203427211", "code": 5153, "fclass": "footway", "name": null, "ref": null, "oneway": "B", "maxspeed": 0, "layer": 0, "bridge": "F", "tunnel": "F" }, "geometry": { "type": "MultiLineString", "coordinates": [ [ [ 114.3539528, 30.5324441 ], [ 114.3539542, 30.5321317 ] ] ] } },
{ "type": "Feature", "properties": { "osm_id": "203427212", "code": 5141, "fclass": "service", "name": null, "ref": null, "oneway": "B", "maxspeed": 0, "layer": 0, "bridge": "F", "tunnel": "F" }, "geometry": { "type": "MultiLineString", "coordinates": [ [ [ 114.3539547, 30.5327326 ], [ 114.3539528, 30.5324441 ] ] ] } },
{ "type": "Feature", "properties": { "osm_id": "203427214", "code": 5141, "fclass": "service", "name": null, "ref": null, "oneway": "B", "maxspeed": 0, "layer": 0, "bridge": "F", "tunnel": "F" }, "geometry": { "type": "MultiLineString", "coordinates": [ [ [ 114.3534128, 30.5327358 ], [ 114.3539547, 30.5327326 ], [ 114.3546725, 30.5327244 ] ] ] } },
{ "type": "Feature", "properties": { "osm_id": "236801238", "code": 5114, "fclass": "secondary", "name": "珞狮北路", "ref": null, "oneway": "F", "maxspeed": 40, "layer": 0, "bridge": "F", "tunnel": "F" }, "geometry": { "type": "MultiLineString", "coordinates": [ [ [ 114.3507002, 30.5360677 ], [ 114.3507451, 30.5361735 ], [ 114.3507797, 30.5362638 ], [ 114.350821779193254, 30.536367438315594 ] ] ] } },
{ "type": "Feature", "properties": { "osm_id": "243164213", "code": 5114, "fclass": "secondary", "name": "八一路下穿通道", "ref": null, "oneway": "F", "maxspeed": 50, "layer": -1, "bridge": "F", "tunnel": "T" }, "geometry": { "type": "MultiLineString", "coordinates": [ [ [ 114.3576952, 30.5332124 ], [ 114.3568975, 30.5334638 ], [ 114.3559245, 30.5337974 ], [ 114.354181, 30.5344389 ], [ 114.3535683, 30.5347253 ], [ 114.3517755, 30.5356632 ] ] ] } },
{ "type": "Feature", "properties": { "osm_id": "273990968", "code": 5115, "fclass": "tertiary", "name": "汉林西路", "ref": null, "oneway": "B", "maxspeed": 0, "layer": 0, "bridge": "F", "tunnel": "F" }, "geometry": { "type": "MultiLineString", "coordinates": [ [ [ 114.3522526, 30.5348353 ], [ 114.3524279, 30.5349068 ], [ 114.3526214, 30.5349814 ], [ 114.3526929, 30.5350149 ], [ 114.3527022, 30.53502 ], [ 114.352739, 30.53504 ], [ 114.3527977, 30.5350721 ], [ 114.3528912, 30.5351337 ], [ 114.3529662, 30.5351877 ], [ 114.353025, 30.5352293 ], [ 114.3530805, 30.5352767 ], [ 114.3531395, 30.535328 ], [ 114.353168478972449, 30.535361281687912 ] ] ] } },
{ "type": "Feature", "properties": { "osm_id": "273992080", "code": 5122, "fclass": "residential", "name": "汉林东路", "ref": null, "oneway": "B", "maxspeed": 0, "layer": 0, "bridge": "F", "tunnel": "F" }, "geometry": { "type": "MultiLineString", "coordinates": [ [ [ 114.3574738, 30.5330633 ], [ 114.3575811, 30.5334071 ] ] ] } },
{ "type": "Feature", "properties": { "osm_id": "306232292", "code": 5141, "fclass": "service", "name": null, "ref": null, "oneway": "B", "maxspeed": 0, "layer": 0, "bridge": "F", "tunnel": "F" }, "geometry": { "type": "MultiLineString", "coordinates": [ [ [ 114.355044200730504, 30.534482755774029 ], [ 114.355012, 30.5344286 ] ] ] } },
{ "type": "Feature", "properties": { "osm_id": "312772184", "code": 5153, "fclass": "footway", "name": null, "ref": null, "oneway": "B", "maxspeed": 0, "layer": -1, "bridge": "F", "tunnel": "F" }, "geometry": { "type": "MultiLineString", "coordinates": [ [ [ 114.3547332, 30.5339999 ], [ 114.3544972, 30.5340943 ], [ 114.3542354, 30.5341992 ] ] ] } },
{ "type": "Feature", "properties": { "osm_id": "312772186", "code": 5153, "fclass": "footway", "name": null, "ref": null, "oneway": "B", "maxspeed": 0, "layer": -1, "bridge": "F", "tunnel": "F" }, "geometry": { "type": "MultiLineString", "coordinates": [ [ [ 114.3553517, 30.5341739 ], [ 114.3556674, 30.5340608 ], [ 114.3559854, 30.5339468 ] ] ] } },
{ "type": "Feature", "properties": { "osm_id": "312772191", "code": 5153, "fclass": "footway", "name": null, "ref": null, "oneway": "B", "maxspeed": 0, "layer": 0, "bridge": "F", "tunnel": "F" }, "geometry": { "type": "MultiLineString", "coordinates": [ [ [ 114.3549691, 30.534015 ], [ 114.3547989, 30.534126 ], [ 114.3547471, 30.5341682 ], [ 114.3546941, 30.5342028 ], [ 114.3546429, 30.5342233 ], [ 114.3545898, 30.5342368 ], [ 114.354516, 30.5342393 ], [ 114.3544507, 30.534237 ], [ 114.3543986, 30.5342365 ], [ 114.3543547, 30.5342447 ], [ 114.3543199, 30.5342575 ], [ 114.3542819, 30.5342822 ], [ 114.3542546, 30.5343068 ], [ 114.3542202, 30.5343431 ], [ 114.3541736, 30.5343905 ], [ 114.3541162, 30.5344437 ], [ 114.3540647, 30.5344845 ], [ 114.3540272, 30.5345142 ], [ 114.3539384, 30.5345865 ], [ 114.3538597, 30.5346334 ], [ 114.3537532, 30.5346794 ] ] ] } },
{ "type": "Feature", "properties": { "osm_id": "312772193", "code": 5155, "fclass": "steps", "name": null, "ref": null, "oneway": "B", "maxspeed": 0, "layer": -1, "bridge": "F", "tunnel": "F" }, "geometry": { "type": "MultiLineString", "coordinates": [ [ [ 114.3559854, 30.5339468 ], [ 114.3561114, 30.5339016 ] ] ] } },
{ "type": "Feature", "properties": { "osm_id": "312772200", "code": 5153, "fclass": "footway", "name": null, "ref": null, "oneway": "B", "maxspeed": 0, "layer": 0, "bridge": "F", "tunnel": "F" }, "geometry": { "type": "MultiLineString", "coordinates": [ [ [ 114.3539947, 30.5342956 ], [ 114.3540353, 30.5342793 ] ] ] } },
{ "type": "Feature", "properties": { "osm_id": "312772203", "code": 5153, "fclass": "footway", "name": null, "ref": null, "oneway": "B", "maxspeed": 0, "layer": 0, "bridge": "F", "tunnel": "F" }, "geometry": { "type": "MultiLineString", "coordinates": [ [ [ 114.3531388, 30.5348471 ], [ 114.3529707, 30.5348345 ] ] ] } },
{ "type": "Feature", "properties": { "osm_id": "312772205", "code": 5153, "fclass": "footway", "name": null, "ref": null, "oneway": "B", "maxspeed": 0, "layer": 0, "bridge": "F", "tunnel": "F" }, "geometry": { "type": "MultiLineString", "coordinates": [ [ [ 114.3549804, 30.5339009 ], [ 114.3549339, 30.5339182 ] ] ] } },
{ "type": "Feature", "properties": { "osm_id": "312772206", "code": 5152, "fclass": "cycleway", "name": null, "ref": null, "oneway": "B", "maxspeed": 0, "layer": 0, "bridge": "F", "tunnel": "F" }, "geometry": { "type": "MultiLineString", "coordinates": [ [ [ 114.3545774, 30.533959 ], [ 114.354592, 30.53399 ] ] ] } },
{ "type": "Feature", "properties": { "osm_id": "312772207", "code": 5152, "fclass": "cycleway", "name": null, "ref": null, "oneway": "B", "maxspeed": 0, "layer": 0, "bridge": "F", "tunnel": "F" }, "geometry": { "type": "MultiLineString", "coordinates": [ [ [ 114.3550313, 30.5342795 ], [ 114.3549323, 30.5341786 ], [ 114.3549253, 30.5341695 ], [ 114.3549215, 30.5341617 ], [ 114.354919, 30.5341517 ], [ 114.3549196, 30.5341417 ], [ 114.3549269, 30.5341192 ], [ 114.3549398, 30.5340772 ], [ 114.3549691, 30.534015 ], [ 114.3549823, 30.5339672 ], [ 114.3549849, 30.5339386 ], [ 114.3549804, 30.5339009 ], [ 114.3549667, 30.5338576 ] ] ] } },
{ "type": "Feature", "properties": { "osm_id": "312772209", "code": 5153, "fclass": "footway", "name": null, "ref": null, "oneway": "B", "maxspeed": 0, "layer": 0, "bridge": "F", "tunnel": "F" }, "geometry": { "type": "MultiLineString", "coordinates": [ [ [ 114.3537532, 30.5346794 ], [ 114.3536521, 30.5347029 ], [ 114.3535664, 30.5347116 ], [ 114.3535083, 30.5347045 ], [ 114.3534764, 30.5346965 ], [ 114.3534432, 30.5346852 ], [ 114.3534131, 30.5346694 ], [ 114.3533583, 30.5346353 ] ] ] } },
{ "type": "Feature", "properties": { "osm_id": "312772212", "code": 5153, "fclass": "footway", "name": null, "ref": null, "oneway": "B", "maxspeed": 0, "layer": 0, "bridge": "F", "tunnel": "F" }, "geometry": { "type": "MultiLineString", "coordinates": [ [ [ 114.353211, 30.5351241 ], [ 114.3532093, 30.534967 ] ] ] } },
{ "type": "Feature", "properties": { "osm_id": "312772213", "code": 5152, "fclass": "cycleway", "name": null, "ref": null, "oneway": "B", "maxspeed": 0, "layer": -1, "bridge": "F", "tunnel": "F" }, "geometry": { "type": "MultiLineString", "coordinates": [ [ [ 114.3533698, 30.5346294 ], [ 114.3533583, 30.5346353 ], [ 114.3532986, 30.5346661 ], [ 114.3531668, 30.5347339 ], [ 114.3529707, 30.5348345 ], [ 114.3527774, 30.5349343 ], [ 114.3527465, 30.5349687 ], [ 114.3527022, 30.53502 ] ] ] } },
{ "type": "Feature", "properties": { "osm_id": "312772217", "code": 5152, "fclass": "cycleway", "name": null, "ref": null, "oneway": "B", "maxspeed": 0, "layer": 0, "bridge": "F", "tunnel": "F" }, "geometry": { "type": "MultiLineString", "coordinates": [ [ [ 114.3551651, 30.5342459 ], [ 114.3551347, 30.5342165 ], [ 114.3551109, 30.5341935 ], [ 114.355087, 30.5341682 ], [ 114.3550736, 30.5341485 ], [ 114.3550668, 30.5341288 ], [ 114.3550652, 30.5341094 ], [ 114.3550657, 30.5340894 ], [ 114.3550705, 30.5340634 ], [ 114.3550857, 30.5340166 ], [ 114.3551008, 30.5339586 ], [ 114.3551079, 30.5338923 ] ] ] } },
{ "type": "Feature", "properties": { "osm_id": "312772219", "code": 5153, "fclass": "footway", "name": null, "ref": null, "oneway": "B", "maxspeed": 0, "layer": 0, "bridge": "F", "tunnel": "F" }, "geometry": { "type": "MultiLineString", "coordinates": [ [ [ 114.3530901, 30.5351801 ], [ 114.353199, 30.5352651 ], [ 114.3532245, 30.5352883 ], [ 114.3532446, 30.5353074 ], [ 114.353253838292517, 30.535317039957416 ] ] ] } },
{ "type": "Feature", "properties": { "osm_id": "312772222", "code": 5153, "fclass": "footway", "name": null, "ref": null, "oneway": "B", "maxspeed": 0, "layer": 0, "bridge": "F", "tunnel": "F" }, "geometry": { "type": "MultiLineString", "coordinates": [ [ [ 114.3520072, 30.5347241 ], [ 114.3520387, 30.5347354 ], [ 114.3521157, 30.5347572 ], [ 114.3521872, 30.5347236 ], [ 114.3522446, 30.5346955 ], [ 114.3523179, 30.5347603 ], [ 114.3523898, 30.5348157 ], [ 114.3524244, 30.534838 ], [ 114.3524705, 30.5348634 ], [ 114.3525316, 30.5348876 ], [ 114.3526318, 30.5349235 ], [ 114.3526759, 30.5349393 ], [ 114.3527465, 30.5349687 ], [ 114.3527863, 30.5349861 ], [ 114.3528208, 30.5350033 ], [ 114.3528487, 30.5350194 ], [ 114.3529307, 30.5350666 ], [ 114.3530255, 30.5351264 ], [ 114.3530901, 30.5351801 ] ] ] } },
{ "type": "Feature", "properties": { "osm_id": "358205764", "code": 5153, "fclass": "footway", "name": null, "ref": null, "oneway": "B", "maxspeed": 0, "layer": 0, "bridge": "F", "tunnel": "F" }, "geometry": { "type": "MultiLineString", "coordinates": [ [ [ 114.3532874, 30.533687 ], [ 114.3532884, 30.5334179 ] ] ] } },
{ "type": "Feature", "properties": { "osm_id": "358205765", "code": 5153, "fclass": "footway", "name": null, "ref": null, "oneway": "B", "maxspeed": 0, "layer": 0, "bridge": "F", "tunnel": "F" }, "geometry": { "type": "MultiLineString", "coordinates": [ [ [ 114.352728, 30.5334237 ], [ 114.3532884, 30.5334179 ], [ 114.3534948, 30.5334183 ], [ 114.3538946, 30.5334191 ] ] ] } },
{ "type": "Feature", "properties": { "osm_id": "358205769", "code": 5153, "fclass": "footway", "name": null, "ref": null, "oneway": "B", "maxspeed": 0, "layer": 0, "bridge": "F", "tunnel": "F" }, "geometry": { "type": "MultiLineString", "coordinates": [ [ [ 114.3539552, 30.5330027 ], [ 114.3546714, 30.533009 ] ] ] } },
{ "type": "Feature", "properties": { "osm_id": "366939501", "code": 5153, "fclass": "footway", "name": null, "ref": null, "oneway": "B", "maxspeed": 0, "layer": 0, "bridge": "F", "tunnel": "F" }, "geometry": { "type": "MultiLineString", "coordinates": [ [ [ 114.3522781, 30.5355651 ], [ 114.3523156, 30.5355224 ], [ 114.3524128, 30.5354117 ], [ 114.3526749, 30.5351131 ], [ 114.3526865, 30.5350998 ] ] ] } },
{ "type": "Feature", "properties": { "osm_id": "366939507", "code": 5153, "fclass": "footway", "name": null, "ref": null, "oneway": "B", "maxspeed": 0, "layer": 0, "bridge": "F", "tunnel": "F" }, "geometry": { "type": "MultiLineString", "coordinates": [ [ [ 114.352213, 30.5349347 ], [ 114.3522659, 30.5349437 ], [ 114.3523243, 30.5349548 ], [ 114.3523725, 30.5349699 ], [ 114.3526658, 30.5350907 ], [ 114.3526865, 30.5350998 ], [ 114.3527397, 30.5351292 ], [ 114.3528016, 30.5351716 ], [ 114.3529316, 30.5352686 ], [ 114.3529519, 30.5352846 ], [ 114.3529953, 30.5353188 ], [ 114.3530329, 30.5353533 ], [ 114.353080665453689, 30.535406795429449 ] ] ] } },
{ "type": "Feature", "properties": { "osm_id": "410145304", "code": 5152, "fclass": "cycleway", "name": null, "ref": null, "oneway": "B", "maxspeed": 0, "layer": 0, "bridge": "F", "tunnel": "F" }, "geometry": { "type": "MultiLineString", "coordinates": [ [ [ 114.3576495, 30.5333179 ], [ 114.3576191, 30.5333278 ], [ 114.3576465, 30.5333904 ], [ 114.3576534, 30.5334061 ], [ 114.3576676, 30.5334385 ], [ 114.357679, 30.5334644 ], [ 114.3576065, 30.5334882 ] ] ] } },
{ "type": "Feature", "properties": { "osm_id": "415176588", "code": 5114, "fclass": "secondary", "name": "八一路", "ref": null, "oneway": "F", "maxspeed": 60, "layer": 0, "bridge": "F", "tunnel": "F" }, "geometry": { "type": "MultiLineString", "coordinates": [ [ [ 114.3596729, 30.5324175 ], [ 114.3599237, 30.5323421 ], [ 114.3600217, 30.5323158 ], [ 114.360025590956198, 30.532314748390217 ] ] ] } },
{ "type": "Feature", "properties": { "osm_id": "610942763", "code": 5153, "fclass": "footway", "name": null, "ref": null, "oneway": "B", "maxspeed": 0, "layer": 0, "bridge": "F", "tunnel": "F" }, "geometry": { "type": "MultiLineString", "coordinates": [ [ [ 114.3567634, 30.5335259 ], [ 114.3566912, 30.5335521 ], [ 114.3566388, 30.5335652 ], [ 114.356598, 30.5335746 ], [ 114.35657, 30.5335791 ], [ 114.356519, 30.5335775 ], [ 114.3564702, 30.5335712 ], [ 114.3564338, 30.5335626 ], [ 114.3563975, 30.5335568 ], [ 114.3563651, 30.5335535 ], [ 114.3563362, 30.5335573 ], [ 114.3563025, 30.5335659 ], [ 114.3562704, 30.5335777 ], [ 114.3562349, 30.5335981 ], [ 114.3562078, 30.5336225 ], [ 114.3561825, 30.5336504 ], [ 114.3561537, 30.533682 ], [ 114.3561355, 30.5337084 ], [ 114.3561289, 30.5337178 ], [ 114.3561159, 30.5337363 ], [ 114.3560955, 30.533774 ], [ 114.3560609, 30.5338071 ], [ 114.3560228, 30.533832 ], [ 114.3559861, 30.5338458 ], [ 114.3559383, 30.5338563 ], [ 114.3558875, 30.5338575 ], [ 114.3558457, 30.5338538 ], [ 114.3558328, 30.5338527 ], [ 114.3557525, 30.5338407 ], [ 114.3556764, 30.5338386 ], [ 114.3556192, 30.5338413 ], [ 114.3555733, 30.5338465 ], [ 114.3555353, 30.5338531 ], [ 114.3555045, 30.5338633 ], [ 114.3554691, 30.533887 ], [ 114.3554362, 30.5339138 ], [ 114.3554081, 30.5339379 ], [ 114.355373, 30.5339537 ], [ 114.3553286, 30.5339623 ], [ 114.355236, 30.5339678 ], [ 114.3551008, 30.5339586 ] ] ] } },
{ "type": "Feature", "properties": { "osm_id": "673284749", "code": 5122, "fclass": "residential", "name": "星湖三路", "ref": null, "oneway": "B", "maxspeed": 0, "layer": 0, "bridge": "F", "tunnel": "F" }, "geometry": { "type": "MultiLineString", "coordinates": [ [ [ 114.352333, 30.531885 ], [ 114.3523352, 30.5321037 ], [ 114.35234, 30.5323767 ], [ 114.3523711, 30.532504 ], [ 114.3523887, 30.5325698 ] ] ] } },
{ "type": "Feature", "properties": { "osm_id": "1037322796", "code": 5153, "fclass": "footway", "name": null, "ref": null, "oneway": "B", "maxspeed": 0, "layer": 0, "bridge": "F", "tunnel": "F" }, "geometry": { "type": "MultiLineString", "coordinates": [ [ [ 114.3531688, 30.5326631 ], [ 114.3534128, 30.5327358 ] ] ] } },
{ "type": "Feature", "properties": { "osm_id": "1037322797", "code": 5141, "fclass": "service", "name": null, "ref": null, "oneway": "B", "maxspeed": 0, "layer": 0, "bridge": "F", "tunnel": "F" }, "geometry": { "type": "MultiLineString", "coordinates": [ [ [ 114.352247, 30.5341467 ], [ 114.3528131, 30.534142 ] ] ] } },
{ "type": "Feature", "properties": { "osm_id": "1037322798", "code": 5141, "fclass": "service", "name": null, "ref": null, "oneway": "B", "maxspeed": 0, "layer": 0, "bridge": "F", "tunnel": "F" }, "geometry": { "type": "MultiLineString", "coordinates": [ [ [ 114.3533966, 30.5343875 ], [ 114.3528477, 30.5343988 ], [ 114.3528153, 30.5343991 ], [ 114.3522531, 30.5344054 ], [ 114.3521239, 30.5344068 ] ] ] } },
{ "type": "Feature", "properties": { "osm_id": "1037322799", "code": 5141, "fclass": "service", "name": null, "ref": null, "oneway": "B", "maxspeed": 0, "layer": 0, "bridge": "F", "tunnel": "F" }, "geometry": { "type": "MultiLineString", "coordinates": [ [ [ 114.3528131, 30.534142 ], [ 114.352815, 30.5343687 ] ] ] } },
{ "type": "Feature", "properties": { "osm_id": "1037322800", "code": 5141, "fclass": "service", "name": null, "ref": null, "oneway": "B", "maxspeed": 0, "layer": 0, "bridge": "F", "tunnel": "F" }, "geometry": { "type": "MultiLineString", "coordinates": [ [ [ 114.3528114, 30.5339466 ], [ 114.3532865, 30.5339415 ], [ 114.3534281, 30.5339399 ], [ 114.3539832, 30.5339339 ] ] ] } },
{ "type": "Feature", "properties": { "osm_id": "1037322801", "code": 5141, "fclass": "service", "name": null, "ref": null, "oneway": "B", "maxspeed": 0, "layer": 0, "bridge": "F", "tunnel": "F" }, "geometry": { "type": "MultiLineString", "coordinates": [ [ [ 114.3532874, 30.533687 ], [ 114.3532865, 30.5339415 ] ] ] } },
{ "type": "Feature", "properties": { "osm_id": "1037322802", "code": 5141, "fclass": "service", "name": null, "ref": null, "oneway": "B", "maxspeed": 0, "layer": 0, "bridge": "F", "tunnel": "F" }, "geometry": { "type": "MultiLineString", "coordinates": [ [ [ 114.3539849, 30.5341344 ], [ 114.3534322, 30.5341369 ] ] ] } },
{ "type": "Feature", "properties": { "osm_id": "1037322803", "code": 5141, "fclass": "service", "name": null, "ref": null, "oneway": "B", "maxspeed": 0, "layer": 0, "bridge": "F", "tunnel": "F" }, "geometry": { "type": "MultiLineString", "coordinates": [ [ [ 114.3539783, 30.5336813 ], [ 114.3539832, 30.5339339 ], [ 114.3539849, 30.5341344 ] ] ] } },
{ "type": "Feature", "properties": { "osm_id": "1081570654", "code": 5152, "fclass": "cycleway", "name": null, "ref": null, "oneway": "B", "maxspeed": 0, "layer": 0, "bridge": "F", "tunnel": "F" }, "geometry": { "type": "MultiLineString", "coordinates": [ [ [ 114.3574058, 30.5330861 ], [ 114.3574738, 30.5330633 ] ] ] } },
{ "type": "Feature", "properties": { "osm_id": "1087858227", "code": 5134, "fclass": "secondary_link", "name": null, "ref": null, "oneway": "B", "maxspeed": 30, "layer": 0, "bridge": "F", "tunnel": "F" }, "geometry": { "type": "MultiLineString", "coordinates": [ [ [ 114.3511191, 30.5360151 ], [ 114.3510052, 30.5361074 ], [ 114.3509146, 30.5361863 ], [ 114.3508877, 30.5362385 ], [ 114.350873, 30.5362948 ], [ 114.35086122627969, 30.536351850600656 ] ] ] } },
{ "type": "Feature", "properties": { "osm_id": "1382802124", "code": 5141, "fclass": "service", "name": null, "ref": null, "oneway": "B", "maxspeed": 0, "layer": 0, "bridge": "F", "tunnel": "F" }, "geometry": { "type": "MultiLineString", "coordinates": [ [ [ 114.3545326, 30.533648 ], [ 114.3545774, 30.533959 ] ] ] } },
{ "type": "Feature", "properties": { "osm_id": "1382802131", "code": 5153, "fclass": "footway", "name": null, "ref": null, "oneway": "B", "maxspeed": 0, "layer": 0, "bridge": "F", "tunnel": "F" }, "geometry": { "type": "MultiLineString", "coordinates": [ [ [ 114.3568198, 30.5326202 ], [ 114.3567961, 30.5326192 ] ] ] } },
{ "type": "Feature", "properties": { "osm_id": "1382802152", "code": 5141, "fclass": "service", "name": null, "ref": null, "oneway": "B", "maxspeed": 0, "layer": 0, "bridge": "F", "tunnel": "F" }, "geometry": { "type": "MultiLineString", "coordinates": [ [ [ 114.3569037, 30.5337426 ], [ 114.356912552959344, 30.533767448554695 ] ] ] } },
{ "type": "Feature", "properties": { "osm_id": "1382918066", "code": 5153, "fclass": "footway", "name": null, "ref": null, "oneway": "B", "maxspeed": 0, "layer": 0, "bridge": "F", "tunnel": "F" }, "geometry": { "type": "MultiLineString", "coordinates": [ [ [ 114.3522051, 30.5353609 ], [ 114.3519689, 30.535199 ], [ 114.3520212, 30.5351424 ], [ 114.352213, 30.5349347 ] ] ] } },
{ "type": "Feature", "properties": { "osm_id": "1382918075", "code": 5153, "fclass": "footway", "name": null, "ref": null, "oneway": "B", "maxspeed": 0, "layer": 0, "bridge": "F", "tunnel": "F" }, "geometry": { "type": "MultiLineString", "coordinates": [ [ [ 114.3510208, 30.5362517 ], [ 114.3522781, 30.5355651 ] ] ] } },
{ "type": "Feature", "properties": { "osm_id": "1382939837", "code": 5153, "fclass": "footway", "name": null, "ref": null, "oneway": "B", "maxspeed": 0, "layer": 0, "bridge": "F", "tunnel": "F" }, "geometry": { "type": "MultiLineString", "coordinates": [ [ [ 114.3546714, 30.533009 ], [ 114.3553638, 30.5330102 ] ] ] } },
{ "type": "Feature", "properties": { "osm_id": "1382939838", "code": 5141, "fclass": "service", "name": null, "ref": null, "oneway": "B", "maxspeed": 0, "layer": 0, "bridge": "F", "tunnel": "F" }, "geometry": { "type": "MultiLineString", "coordinates": [ [ [ 114.35234, 30.5323767 ], [ 114.3519205, 30.5323807 ] ] ] } },
{ "type": "Feature", "properties": { "osm_id": "1382939844", "code": 5155, "fclass": "steps", "name": null, "ref": null, "oneway": "B", "maxspeed": 0, "layer": 0, "bridge": "F", "tunnel": "F" }, "geometry": { "type": "MultiLineString", "coordinates": [ [ [ 114.3524774, 30.5324238 ], [ 114.3525577, 30.5324529 ], [ 114.3526427, 30.5324808 ] ] ] } },
{ "type": "Feature", "properties": { "osm_id": "1382939854", "code": 5155, "fclass": "steps", "name": null, "ref": null, "oneway": "B", "maxspeed": 0, "layer": 0, "bridge": "F", "tunnel": "F" }, "geometry": { "type": "MultiLineString", "coordinates": [ [ [ 114.3553627, 30.5330547 ], [ 114.355361, 30.5331894 ] ] ] } },
{ "type": "Feature", "properties": { "osm_id": "1382939855", "code": 5141, "fclass": "service", "name": null, "ref": null, "oneway": "B", "maxspeed": 0, "layer": 0, "bridge": "F", "tunnel": "F" }, "geometry": { "type": "MultiLineString", "coordinates": [ [ [ 114.355646, 30.5330334 ], [ 114.3553636, 30.533031 ] ] ] } },
{ "type": "Feature", "properties": { "osm_id": "1382939856", "code": 5141, "fclass": "service", "name": null, "ref": null, "oneway": "B", "maxspeed": 0, "layer": 0, "bridge": "F", "tunnel": "F" }, "geometry": { "type": "MultiLineString", "coordinates": [ [ [ 114.3553437, 30.5325779 ], [ 114.3553658, 30.5326271 ], [ 114.3553677, 30.5326397 ], [ 114.3553661, 30.5327392 ], [ 114.3553638, 30.5330102 ], [ 114.3553636, 30.533031 ], [ 114.3553627, 30.5330547 ] ] ] } },
{ "type": "Feature", "properties": { "osm_id": "1382939858", "code": 5141, "fclass": "service", "name": null, "ref": null, "oneway": "B", "maxspeed": 0, "layer": 0, "bridge": "F", "tunnel": "F" }, "geometry": { "type": "MultiLineString", "coordinates": [ [ [ 114.3553437, 30.5325779 ], [ 114.3550527, 30.5325787 ], [ 114.3546731, 30.5325759 ] ] ] } },
{ "type": "Feature", "properties": { "osm_id": "1382939860", "code": 5141, "fclass": "service", "name": null, "ref": null, "oneway": "B", "maxspeed": 0, "layer": 0, "bridge": "F", "tunnel": "F" }, "geometry": { "type": "MultiLineString", "coordinates": [ [ [ 114.3528131, 30.534142 ], [ 114.3534322, 30.5341369 ] ] ] } },
{ "type": "Feature", "properties": { "osm_id": "1382939861", "code": 5153, "fclass": "footway", "name": null, "ref": null, "oneway": "B", "maxspeed": 0, "layer": 0, "bridge": "F", "tunnel": "F" }, "geometry": { "type": "MultiLineString", "coordinates": [ [ [ 114.3538957, 30.5336816 ], [ 114.3538946, 30.5334191 ], [ 114.3538945, 30.5334006 ] ] ] } },
{ "type": "Feature", "properties": { "osm_id": "1382939863", "code": 5141, "fclass": "service", "name": null, "ref": null, "oneway": "B", "maxspeed": 0, "layer": 0, "bridge": "F", "tunnel": "F" }, "geometry": { "type": "MultiLineString", "coordinates": [ [ [ 114.3534281, 30.5339399 ], [ 114.3534322, 30.5341369 ], [ 114.3533966, 30.5343875 ] ] ] } },
{ "type": "Feature", "properties": { "osm_id": "1382939864", "code": 5155, "fclass": "steps", "name": null, "ref": null, "oneway": "B", "maxspeed": 0, "layer": 0, "bridge": "F", "tunnel": "F" }, "geometry": { "type": "MultiLineString", "coordinates": [ [ [ 114.352815, 30.5343687 ], [ 114.3528153, 30.5343991 ] ] ] } },
{ "type": "Feature", "properties": { "osm_id": "1382939865", "code": 5141, "fclass": "service", "name": null, "ref": null, "oneway": "B", "maxspeed": 0, "layer": 0, "bridge": "F", "tunnel": "F" }, "geometry": { "type": "MultiLineString", "coordinates": [ [ [ 114.3528114, 30.5339466 ], [ 114.3526607, 30.5339202 ] ] ] } },
{ "type": "Feature", "properties": { "osm_id": "1382939866", "code": 5141, "fclass": "service", "name": null, "ref": null, "oneway": "B", "maxspeed": 0, "layer": 0, "bridge": "F", "tunnel": "F" }, "geometry": { "type": "MultiLineString", "coordinates": [ [ [ 114.3528131, 30.534142 ], [ 114.3528114, 30.5339466 ] ] ] } },
{ "type": "Feature", "properties": { "osm_id": "1382939867", "code": 5141, "fclass": "service", "name": null, "ref": null, "oneway": "B", "maxspeed": 0, "layer": 0, "bridge": "F", "tunnel": "F" }, "geometry": { "type": "MultiLineString", "coordinates": [ [ [ 114.3526589, 30.5336938 ], [ 114.3526607, 30.5339202 ] ] ] } },
{ "type": "Feature", "properties": { "osm_id": "1382968007", "code": 5155, "fclass": "steps", "name": null, "ref": null, "oneway": "B", "maxspeed": 0, "layer": 0, "bridge": "F", "tunnel": "F" }, "geometry": { "type": "MultiLineString", "coordinates": [ [ [ 114.3567961, 30.5326192 ], [ 114.3567669, 30.5326182 ] ] ] } },
{ "type": "Feature", "properties": { "osm_id": "1382968043", "code": 5153, "fclass": "footway", "name": null, "ref": null, "oneway": "B", "maxspeed": 0, "layer": 0, "bridge": "F", "tunnel": "F" }, "geometry": { "type": "MultiLineString", "coordinates": [ [ [ 114.356153, 30.5330363 ], [ 114.3561565, 30.5332225 ] ] ] } },
{ "type": "Feature", "properties": { "osm_id": "1382968044", "code": 5141, "fclass": "service", "name": null, "ref": null, "oneway": "B", "maxspeed": 0, "layer": 0, "bridge": "F", "tunnel": "F" }, "geometry": { "type": "MultiLineString", "coordinates": [ [ [ 114.3560859, 30.5328089 ], [ 114.3567653, 30.5328065 ] ] ] } },
{ "type": "Feature", "properties": { "osm_id": "1382968058", "code": 5155, "fclass": "steps", "name": null, "ref": null, "oneway": "B", "maxspeed": 0, "layer": 0, "bridge": "F", "tunnel": "F" }, "geometry": { "type": "MultiLineString", "coordinates": [ [ [ 114.3573613, 30.5328934 ], [ 114.3573757, 30.5329241 ] ] ] } },
{ "type": "Feature", "properties": { "osm_id": "1382968059", "code": 5153, "fclass": "footway", "name": null, "ref": null, "oneway": "B", "maxspeed": 0, "layer": 0, "bridge": "F", "tunnel": "F" }, "geometry": { "type": "MultiLineString", "coordinates": [ [ [ 114.3574067, 30.532878 ], [ 114.3573613, 30.5328934 ] ] ] } },
{ "type": "Feature", "properties": { "osm_id": "1383028675", "code": 5141, "fclass": "service", "name": null, "ref": null, "oneway": "B", "maxspeed": 0, "layer": 0, "bridge": "F", "tunnel": "F" }, "geometry": { "type": "MultiLineString", "coordinates": [ [ [ 114.3542634, 30.5346708 ], [ 114.3542954, 30.5346652 ], [ 114.3543238, 30.5346633 ], [ 114.354354, 30.534666 ], [ 114.3543781, 30.5346755 ], [ 114.3543952, 30.5346888 ], [ 114.3544158, 30.5347073 ], [ 114.354423923336654, 30.534720231818923 ] ] ] } },
{ "type": "Feature", "properties": { "osm_id": "1383028676", "code": 5141, "fclass": "service", "name": null, "ref": null, "oneway": "B", "maxspeed": 0, "layer": 0, "bridge": "F", "tunnel": "F" }, "geometry": { "type": "MultiLineString", "coordinates": [ [ [ 114.3534647, 30.5350612 ], [ 114.3542634, 30.5346708 ] ] ] } },
{ "type": "Feature", "properties": { "osm_id": "1383220162", "code": 5153, "fclass": "footway", "name": null, "ref": null, "oneway": "B", "maxspeed": 0, "layer": 0, "bridge": "F", "tunnel": "F" }, "geometry": { "type": "MultiLineString", "coordinates": [ [ [ 114.352550770696325, 30.535681439850563 ], [ 114.3523156, 30.5355224 ] ] ] } },
{ "type": "Feature", "properties": { "osm_id": "1387978147", "code": 5155, "fclass": "steps", "name": null, "ref": null, "oneway": "B", "maxspeed": 0, "layer": -1, "bridge": "F", "tunnel": "F" }, "geometry": { "type": "MultiLineString", "coordinates": [ [ [ 114.3549339, 30.5339182 ], [ 114.3547332, 30.5339999 ] ] ] } },
{ "type": "Feature", "properties": { "osm_id": "1387978151", "code": 5153, "fclass": "footway", "name": null, "ref": null, "oneway": "B", "maxspeed": 0, "layer": 0, "bridge": "F", "tunnel": "F" }, "geometry": { "type": "MultiLineString", "coordinates": [ [ [ 114.3560955, 30.533774 ], [ 114.3561483, 30.5338884 ], [ 114.3561554, 30.533904 ] ] ] } },
{ "type": "Feature", "properties": { "osm_id": "1442751121", "code": 5115, "fclass": "tertiary", "name": null, "ref": null, "oneway": "F", "maxspeed": 0, "layer": 0, "bridge": "F", "tunnel": "F" }, "geometry": { "type": "MultiLineString", "coordinates": [ [ [ 114.3521076, 30.5346865 ], [ 114.3521315, 30.5346875 ], [ 114.352154, 30.5346945 ], [ 114.3521731, 30.5347069 ], [ 114.3521872, 30.5347236 ], [ 114.3521945, 30.5347415 ], [ 114.352196, 30.5347605 ], [ 114.3521914, 30.534779 ] ] ] } },
{ "type": "Feature", "properties": { "osm_id": "1442751122", "code": 5115, "fclass": "tertiary", "name": null, "ref": null, "oneway": "F", "maxspeed": 0, "layer": 0, "bridge": "F", "tunnel": "F" }, "geometry": { "type": "MultiLineString", "coordinates": [ [ [ 114.3521914, 30.534779 ], [ 114.3522092, 30.5347978 ], [ 114.3522268, 30.5348134 ], [ 114.3522526, 30.5348353 ] ] ] } },
{ "type": "Feature", "properties": { "osm_id": "1442751123", "code": 5115, "fclass": "tertiary", "name": null, "ref": null, "oneway": "F", "maxspeed": 0, "layer": 0, "bridge": "F", "tunnel": "F" }, "geometry": { "type": "MultiLineString", "coordinates": [ [ [ 114.3522526, 30.5348353 ], [ 114.3522034, 30.5348294 ], [ 114.352132, 30.5348233 ] ] ] } },
{ "type": "Feature", "properties": { "osm_id": "1442751125", "code": 5115, "fclass": "tertiary", "name": null, "ref": null, "oneway": "F", "maxspeed": 0, "layer": 0, "bridge": "F", "tunnel": "F" }, "geometry": { "type": "MultiLineString", "coordinates": [ [ [ 114.3517784, 30.5350955 ], [ 114.3518444, 30.5350223 ], [ 114.351865, 30.5349998 ], [ 114.3520453, 30.5347924 ] ] ] } },
{ "type": "Feature", "properties": { "osm_id": "1442751126", "code": 5115, "fclass": "tertiary", "name": null, "ref": null, "oneway": "F", "maxspeed": 0, "layer": 0, "bridge": "F", "tunnel": "F" }, "geometry": { "type": "MultiLineString", "coordinates": [ [ [ 114.3520675, 30.5348109 ], [ 114.3518877, 30.5350162 ], [ 114.351868, 30.5350384 ], [ 114.3518029, 30.5351126 ] ] ] } },
{ "type": "Feature", "properties": { "osm_id": "1442753305", "code": 5115, "fclass": "tertiary", "name": null, "ref": null, "oneway": "F", "maxspeed": 0, "layer": 0, "bridge": "F", "tunnel": "F" }, "geometry": { "type": "MultiLineString", "coordinates": [ [ [ 114.352118, 30.5348257 ], [ 114.3520917, 30.5348216 ], [ 114.3520778, 30.534817 ], [ 114.3520675, 30.5348109 ], [ 114.3520542, 30.5348024 ], [ 114.3520453, 30.5347924 ], [ 114.3520387, 30.5347755 ], [ 114.3520353, 30.5347555 ], [ 114.3520387, 30.5347354 ], [ 114.3520488, 30.534717 ], [ 114.3520646, 30.534702 ], [ 114.3520848, 30.5346915 ], [ 114.3521076, 30.5346865 ] ] ] } },
{ "type": "Feature", "properties": { "osm_id": "1442753306", "code": 5115, "fclass": "tertiary", "name": null, "ref": null, "oneway": "F", "maxspeed": 0, "layer": 0, "bridge": "F", "tunnel": "F" }, "geometry": { "type": "MultiLineString", "coordinates": [ [ [ 114.3521914, 30.534779 ], [ 114.3521779, 30.5347994 ], [ 114.3521573, 30.5348148 ], [ 114.352132, 30.5348233 ], [ 114.352118, 30.5348257 ] ] ] } },
{ "type": "Feature", "properties": { "osm_id": "1442839110", "code": 5153, "fclass": "footway", "name": null, "ref": null, "oneway": "B", "maxspeed": 0, "layer": 0, "bridge": "F", "tunnel": "F" }, "geometry": { "type": "MultiLineString", "coordinates": [ [ [ 114.3524128, 30.5354117 ], [ 114.352696515523391, 30.535605900315396 ] ] ] } },
{ "type": "Feature", "properties": { "osm_id": "1442839119", "code": 5153, "fclass": "footway", "name": null, "ref": null, "oneway": "B", "maxspeed": 0, "layer": 0, "bridge": "F", "tunnel": "F" }, "geometry": { "type": "MultiLineString", "coordinates": [ [ [ 114.3518444, 30.5350223 ], [ 114.351868, 30.5350384 ], [ 114.3519005, 30.5350604 ], [ 114.3519158, 30.5350708 ], [ 114.3520212, 30.5351424 ] ] ] } },
{ "type": "Feature", "properties": { "osm_id": "1442845385", "code": 5124, "fclass": "pedestrian", "name": null, "ref": null, "oneway": "B", "maxspeed": 0, "layer": 0, "bridge": "F", "tunnel": "F" }, "geometry": { "type": "MultiLineString", "coordinates": [ [ [ 114.3521486, 30.5354845 ], [ 114.3521661, 30.5354655 ], [ 114.3519671, 30.5353345 ], [ 114.3519952, 30.5353028 ], [ 114.3521949, 30.5354343 ], [ 114.352274, 30.5353486 ], [ 114.3520585, 30.5352031 ], [ 114.3520854, 30.5351735 ], [ 114.3523012, 30.5353191 ], [ 114.352319, 30.5352998 ], [ 114.352086, 30.5351403 ], [ 114.3522262, 30.5349849 ], [ 114.3522624, 30.534965 ], [ 114.3523178, 30.5349716 ], [ 114.3523615, 30.5349872 ], [ 114.3523725, 30.5349699 ], [ 114.3523801, 30.5349578 ], [ 114.3523295, 30.5349414 ], [ 114.3522689, 30.5349256 ], [ 114.3522157, 30.5349182 ], [ 114.35215, 30.5349134 ], [ 114.3521499, 30.5349049 ], [ 114.3521311, 30.5349039 ], [ 114.3521062, 30.5349044 ], [ 114.3520864, 30.5349066 ], [ 114.352063, 30.5349156 ], [ 114.3520461, 30.5349267 ], [ 114.3520254, 30.5349461 ], [ 114.3519343, 30.5350498 ], [ 114.3519158, 30.5350708 ], [ 114.3518655, 30.5351264 ], [ 114.3518884, 30.5351668 ], [ 114.3518979, 30.5351864 ], [ 114.3519038, 30.5352012 ], [ 114.3519121, 30.5352223 ], [ 114.3519158, 30.5352506 ], [ 114.351918, 30.5352756 ], [ 114.3519181, 30.5352954 ], [ 114.351917, 30.5353078 ], [ 114.3519157, 30.5353219 ], [ 114.3519124, 30.5353342 ], [ 114.3519072, 30.5353475 ], [ 114.3519466, 30.5353517 ], [ 114.3521486, 30.5354845 ] ] ] } },
{ "type": "Feature", "properties": { "osm_id": "1442929824", "code": 5152, "fclass": "cycleway", "name": null, "ref": null, "oneway": "B", "maxspeed": 0, "layer": 0, "bridge": "F", "tunnel": "F" }, "geometry": { "type": "MultiLineString", "coordinates": [ [ [ 114.3520943, 30.5343592 ], [ 114.3521064, 30.534169 ], [ 114.3521051, 30.5341113 ], [ 114.352093, 30.5340489 ], [ 114.3520626, 30.5339612 ], [ 114.3520326, 30.5338745 ], [ 114.3519869, 30.5337695 ], [ 114.3519115, 30.5336067 ], [ 114.351887, 30.533538 ], [ 114.3518781, 30.533468 ], [ 114.351893, 30.5333853 ], [ 114.3519574, 30.5331915 ], [ 114.3520134, 30.5330821 ], [ 114.3520989, 30.5329542 ], [ 114.3522452, 30.5327256 ], [ 114.3523403, 30.5325568 ], [ 114.3523887, 30.5325698 ] ] ] } },
{ "type": "Feature", "properties": { "osm_id": "1442934096", "code": 5153, "fclass": "footway", "name": null, "ref": null, "oneway": "B", "maxspeed": 0, "layer": 0, "bridge": "F", "tunnel": "F" }, "geometry": { "type": "MultiLineString", "coordinates": [ [ [ 114.3528573, 30.5325644 ], [ 114.3530705, 30.5326356 ] ] ] } },
{ "type": "Feature", "properties": { "osm_id": "1442934101", "code": 5155, "fclass": "steps", "name": null, "ref": null, "oneway": "B", "maxspeed": 0, "layer": 0, "bridge": "F", "tunnel": "F" }, "geometry": { "type": "MultiLineString", "coordinates": [ [ [ 114.3534894, 30.5351417 ], [ 114.3540231, 30.5348924 ] ] ] } },
{ "type": "Feature", "properties": { "osm_id": "1442934102", "code": 5153, "fclass": "footway", "name": null, "ref": null, "oneway": "B", "maxspeed": 0, "layer": 0, "bridge": "F", "tunnel": "F" }, "geometry": { "type": "MultiLineString", "coordinates": [ [ [ 114.3534894, 30.5351417 ], [ 114.3534268, 30.5351715 ], [ 114.3533576, 30.5352082 ], [ 114.3532245, 30.5352883 ] ] ] } },
{ "type": "Feature", "properties": { "osm_id": "1442934103", "code": 5153, "fclass": "footway", "name": null, "ref": null, "oneway": "B", "maxspeed": 0, "layer": 0, "bridge": "F", "tunnel": "F" }, "geometry": { "type": "MultiLineString", "coordinates": [ [ [ 114.3533576, 30.5352082 ], [ 114.353391590275095, 30.535245643113068 ] ] ] } },
{ "type": "Feature", "properties": { "osm_id": "1442934106", "code": 5153, "fclass": "footway", "name": null, "ref": null, "oneway": "B", "maxspeed": 0, "layer": 0, "bridge": "F", "tunnel": "F" }, "geometry": { "type": "MultiLineString", "coordinates": [ [ [ 114.354070652107637, 30.534893685405788 ], [ 114.3540599, 30.5348744 ], [ 114.3540231, 30.5348924 ] ] ] } },
{ "type": "Feature", "properties": { "osm_id": "1442934110", "code": 5152, "fclass": "cycleway", "name": null, "ref": null, "oneway": "B", "maxspeed": 0, "layer": 0, "bridge": "F", "tunnel": "F" }, "geometry": { "type": "MultiLineString", "coordinates": [ [ [ 114.3520072, 30.5347241 ], [ 114.3520475, 30.5346231 ], [ 114.3520766, 30.5344805 ], [ 114.3520943, 30.5343592 ] ] ] } },
{ "type": "Feature", "properties": { "osm_id": "1442934111", "code": 5153, "fclass": "footway", "name": null, "ref": null, "oneway": "B", "maxspeed": 0, "layer": 0, "bridge": "F", "tunnel": "F" }, "geometry": { "type": "MultiLineString", "coordinates": [ [ [ 114.3528477, 30.5343988 ], [ 114.3528449, 30.5346115 ], [ 114.3528376, 30.5346532 ], [ 114.3528214, 30.5346943 ], [ 114.3527986, 30.534734 ], [ 114.3527463, 30.534801 ], [ 114.352694, 30.5348599 ], [ 114.3526318, 30.5349235 ] ] ] } },
{ "type": "Feature", "properties": { "osm_id": "1443021867", "code": 5153, "fclass": "footway", "name": null, "ref": null, "oneway": "B", "maxspeed": 0, "layer": 0, "bridge": "F", "tunnel": "F" }, "geometry": { "type": "MultiLineString", "coordinates": [ [ [ 114.3519005, 30.5350604 ], [ 114.3519193, 30.535039 ], [ 114.3520182, 30.5349256 ], [ 114.3520322, 30.5349123 ], [ 114.352053, 30.5349002 ], [ 114.3520819, 30.5348915 ], [ 114.3521201, 30.5348886 ] ] ] } },
{ "type": "Feature", "properties": { "osm_id": "1443021868", "code": 5152, "fclass": "cycleway", "name": null, "ref": null, "oneway": "B", "maxspeed": 0, "layer": 0, "bridge": "F", "tunnel": "F" }, "geometry": { "type": "MultiLineString", "coordinates": [ [ [ 114.3517247, 30.5350587 ], [ 114.3518104, 30.5349604 ], [ 114.3520072, 30.5347241 ] ] ] } },
{ "type": "Feature", "properties": { "osm_id": "1443021869", "code": 5153, "fclass": "footway", "name": null, "ref": null, "oneway": "B", "maxspeed": 0, "layer": 0, "bridge": "F", "tunnel": "F" }, "geometry": { "type": "MultiLineString", "coordinates": [ [ [ 114.357293, 30.5335056 ], [ 114.3572725, 30.5334597 ] ] ] } },
{ "type": "Feature", "properties": { "osm_id": "1443021870", "code": 5153, "fclass": "footway", "name": null, "ref": null, "oneway": "B", "maxspeed": 0, "layer": 0, "bridge": "F", "tunnel": "F" }, "geometry": { "type": "MultiLineString", "coordinates": [ [ [ 114.3555045, 30.5338633 ], [ 114.3554561, 30.5337672 ] ] ] } },
{ "type": "Feature", "properties": { "osm_id": "1443021871", "code": 5153, "fclass": "footway", "name": null, "ref": null, "oneway": "B", "maxspeed": 0, "layer": 0, "bridge": "F", "tunnel": "F" }, "geometry": { "type": "MultiLineString", "coordinates": [ [ [ 114.3563025, 30.5335659 ], [ 114.3562611, 30.5334815 ] ] ] } },
{ "type": "Feature", "properties": { "osm_id": "1444044380", "code": 5124, "fclass": "pedestrian", "name": null, "ref": null, "oneway": "B", "maxspeed": 0, "layer": 0, "bridge": "F", "tunnel": "F" }, "geometry": { "type": "MultiLineString", "coordinates": [ [ [ 114.352656, 30.5351029 ], [ 114.3523615, 30.5349872 ], [ 114.3523725, 30.5349699 ], [ 114.3523801, 30.5349578 ], [ 114.3526727, 30.535082 ], [ 114.3526845, 30.5350677 ], [ 114.3527058, 30.5350778 ], [ 114.3527289, 30.5350857 ], [ 114.3527137, 30.5351041 ], [ 114.3527473, 30.5351221 ], [ 114.3527958, 30.5351535 ], [ 114.3528698, 30.5352042 ], [ 114.3529463, 30.5352636 ], [ 114.3529717, 30.5352432 ], [ 114.3529877, 30.5352575 ], [ 114.3530048, 30.5352714 ], [ 114.3529823, 30.5352901 ], [ 114.3530438, 30.5353437 ], [ 114.353094453358153, 30.535399649159391 ] ], [ [ 114.353066441011009, 30.535414167957239 ], [ 114.3530228, 30.5353655 ], [ 114.3529848, 30.5353305 ], [ 114.3529193, 30.5352797 ], [ 114.3527777, 30.5351792 ], [ 114.3527262, 30.5351442 ], [ 114.3526948, 30.5351237 ], [ 114.3526749, 30.5351131 ], [ 114.352656, 30.5351029 ] ] ] } },
{ "type": "Feature", "properties": { "osm_id": "1444044384", "code": 5153, "fclass": "footway", "name": null, "ref": null, "oneway": "B", "maxspeed": 0, "layer": 0, "bridge": "F", "tunnel": "F" }, "geometry": { "type": "MultiLineString", "coordinates": [ [ [ 114.3529877, 30.5352575 ], [ 114.353025, 30.5352293 ], [ 114.3530901, 30.5351801 ] ] ] } },
{ "type": "Feature", "properties": { "osm_id": "1444044385", "code": 5153, "fclass": "footway", "name": null, "ref": null, "oneway": "B", "maxspeed": 0, "layer": 0, "bridge": "F", "tunnel": "F" }, "geometry": { "type": "MultiLineString", "coordinates": [ [ [ 114.3527058, 30.5350778 ], [ 114.352739, 30.53504 ], [ 114.3527863, 30.5349861 ] ] ] } },
{ "type": "Feature", "properties": { "osm_id": "1444044387", "code": 5124, "fclass": "pedestrian", "name": null, "ref": null, "oneway": "B", "maxspeed": 0, "layer": 0, "bridge": "F", "tunnel": "F" }, "geometry": { "type": "MultiLineString", "coordinates": [ [ [ 114.353237509767808, 30.535325503030805 ], [ 114.3532327, 30.5353195 ], [ 114.3531871, 30.535274 ], [ 114.353199, 30.5352651 ], [ 114.3532263, 30.5352361 ], [ 114.3532528, 30.5352096 ], [ 114.3532893, 30.5351799 ], [ 114.3533295, 30.5351511 ], [ 114.3534537, 30.5350904 ], [ 114.35348, 30.5351281 ], [ 114.3534894, 30.5351417 ], [ 114.3535028, 30.5351629 ], [ 114.353517801596084, 30.535180227792935 ] ] ] } },
{ "type": "Feature", "properties": { "osm_id": "1444044394", "code": 5153, "fclass": "footway", "name": null, "ref": null, "oneway": "B", "maxspeed": 0, "layer": 0, "bridge": "F", "tunnel": "F" }, "geometry": { "type": "MultiLineString", "coordinates": [ [ [ 114.3529519, 30.5352846 ], [ 114.3529877, 30.5352575 ] ] ] } },
{ "type": "Feature", "properties": { "osm_id": "1444044395", "code": 5153, "fclass": "footway", "name": null, "ref": null, "oneway": "B", "maxspeed": 0, "layer": 0, "bridge": "F", "tunnel": "F" }, "geometry": { "type": "MultiLineString", "coordinates": [ [ [ 114.3526865, 30.5350998 ], [ 114.3527058, 30.5350778 ] ] ] } },
{ "type": "Feature", "properties": { "osm_id": "1444593101", "code": 5124, "fclass": "pedestrian", "name": null, "ref": null, "oneway": "B", "maxspeed": 0, "layer": 0, "bridge": "F", "tunnel": "F" }, "geometry": { "type": "MultiLineString", "coordinates": [ [ [ 114.3535028, 30.5351629 ], [ 114.3534894, 30.5351417 ], [ 114.35348, 30.5351281 ], [ 114.3540161, 30.5348806 ], [ 114.3540231, 30.5348924 ], [ 114.354034844650144, 30.534912244408869 ] ], [ [ 114.35393327522398, 30.534964887836388 ], [ 114.3535028, 30.5351629 ] ] ] } },
{ "type": "Feature", "properties": { "osm_id": "1472842328", "code": 5153, "fclass": "footway", "name": null, "ref": null, "oneway": "B", "maxspeed": 0, "layer": 0, "bridge": "F", "tunnel": "F" }, "geometry": { "type": "MultiLineString", "coordinates": [ [ [ 114.3553156, 30.5327366 ], [ 114.3553661, 30.5327392 ] ] ] } },
{ "type": "Feature", "properties": { "osm_id": "1472842329", "code": 5153, "fclass": "footway", "name": null, "ref": null, "oneway": "B", "maxspeed": 0, "layer": 0, "bridge": "F", "tunnel": "F" }, "geometry": { "type": "MultiLineString", "coordinates": [ [ [ 114.3538941, 30.533071 ], [ 114.3538945, 30.5334006 ] ] ] } },
{ "type": "Feature", "properties": { "osm_id": "1472842330", "code": 5155, "fclass": "steps", "name": null, "ref": null, "oneway": "B", "maxspeed": 0, "layer": 0, "bridge": "F", "tunnel": "F" }, "geometry": { "type": "MultiLineString", "coordinates": [ [ [ 114.3539552, 30.5330027 ], [ 114.3538941, 30.533071 ] ] ] } },
{ "type": "Feature", "properties": { "osm_id": "1472842331", "code": 5154, "fclass": "path", "name": null, "ref": null, "oneway": "B", "maxspeed": 0, "layer": 0, "bridge": "F", "tunnel": "F" }, "geometry": { "type": "MultiLineString", "coordinates": [ [ [ 114.35349, 30.533089 ], [ 114.3536127, 30.5331264 ], [ 114.3536591, 30.5331328 ], [ 114.3537023, 30.5331312 ], [ 114.3537572, 30.5331225 ], [ 114.3538094, 30.5331073 ], [ 114.3538941, 30.533071 ] ] ] } },
{ "type": "Feature", "properties": { "osm_id": "1474085619", "code": 5153, "fclass": "footway", "name": null, "ref": null, "oneway": "B", "maxspeed": 0, "layer": 0, "bridge": "F", "tunnel": "F" }, "geometry": { "type": "MultiLineString", "coordinates": [ [ [ 114.3526427, 30.5324808 ], [ 114.3526905, 30.5324973 ] ] ] } },
{ "type": "Feature", "properties": { "osm_id": "1474085620", "code": 5153, "fclass": "footway", "name": null, "ref": null, "oneway": "B", "maxspeed": 0, "layer": 0, "bridge": "F", "tunnel": "F" }, "geometry": { "type": "MultiLineString", "coordinates": [ [ [ 114.3528573, 30.5325644 ], [ 114.3528117, 30.5325491 ] ] ] } },
{ "type": "Feature", "properties": { "osm_id": "1474085621", "code": 5153, "fclass": "footway", "name": null, "ref": null, "oneway": "B", "maxspeed": 0, "layer": 0, "bridge": "F", "tunnel": "F" }, "geometry": { "type": "MultiLineString", "coordinates": [ [ [ 114.3519611, 30.5332692 ], [ 114.3522, 30.5332669 ] ] ] } },
{ "type": "Feature", "properties": { "osm_id": "1474085628", "code": 5122, "fclass": "residential", "name": "物探路", "ref": null, "oneway": "B", "maxspeed": 0, "layer": 0, "bridge": "F", "tunnel": "F" }, "geometry": { "type": "MultiLineString", "coordinates": [ [ [ 114.3546683, 30.5332266 ], [ 114.354643, 30.5333337 ], [ 114.3546239, 30.5334006 ], [ 114.3545326, 30.533648 ] ] ] } },
{ "type": "Feature", "properties": { "osm_id": "1476723183", "code": 5152, "fclass": "cycleway", "name": null, "ref": null, "oneway": "B", "maxspeed": 0, "layer": 0, "bridge": "F", "tunnel": "F" }, "geometry": { "type": "MultiLineString", "coordinates": [ [ [ 114.355103, 30.5343861 ], [ 114.3550473, 30.5342934 ] ] ] } },
{ "type": "Feature", "properties": { "osm_id": "1476723184", "code": 5141, "fclass": "service", "name": null, "ref": null, "oneway": "B", "maxspeed": 0, "layer": 0, "bridge": "F", "tunnel": "F" }, "geometry": { "type": "MultiLineString", "coordinates": [ [ [ 114.3544158, 30.5347073 ], [ 114.355012, 30.5344286 ], [ 114.355103, 30.5343861 ] ] ] } },
{ "type": "Feature", "properties": { "osm_id": "1479980404", "code": 5141, "fclass": "service", "name": null, "ref": null, "oneway": "B", "maxspeed": 0, "layer": 0, "bridge": "F", "tunnel": "F" }, "geometry": { "type": "MultiLineString", "coordinates": [ [ [ 114.3576744, 30.5327475 ], [ 114.3578448, 30.5326937 ] ] ] } },
{ "type": "Feature", "properties": { "osm_id": "1480167621", "code": 5153, "fclass": "footway", "name": null, "ref": null, "oneway": "B", "maxspeed": 0, "layer": 0, "bridge": "F", "tunnel": "F" }, "geometry": { "type": "MultiLineString", "coordinates": [ [ [ 114.3583563, 30.5331738 ], [ 114.358371682732525, 30.533208814029276 ] ] ] } },
{ "type": "Feature", "properties": { "osm_id": "1480167624", "code": 5153, "fclass": "footway", "name": null, "ref": null, "oneway": "B", "maxspeed": 0, "layer": 0, "bridge": "F", "tunnel": "F" }, "geometry": { "type": "MultiLineString", "coordinates": [ [ [ 114.3564068, 30.5339385 ], [ 114.356361, 30.5338284 ] ] ] } },
{ "type": "Feature", "properties": { "osm_id": "1481020750", "code": 5155, "fclass": "steps", "name": null, "ref": null, "oneway": "B", "maxspeed": 0, "layer": 0, "bridge": "F", "tunnel": "F" }, "geometry": { "type": "MultiLineString", "coordinates": [ [ [ 114.3522524, 30.5343463 ], [ 114.3522531, 30.5344054 ] ] ] } },
{ "type": "Feature", "properties": { "osm_id": "1481024652", "code": 5155, "fclass": "steps", "name": null, "ref": null, "oneway": "B", "maxspeed": 0, "layer": 0, "bridge": "F", "tunnel": "F" }, "geometry": { "type": "MultiLineString", "coordinates": [ [ [ 114.3560839, 30.5330355 ], [ 114.356153, 30.5330363 ] ] ] } },
{ "type": "Feature", "properties": { "osm_id": "1481028895", "code": 5153, "fclass": "footway", "name": null, "ref": null, "oneway": "B", "maxspeed": 0, "layer": 0, "bridge": "F", "tunnel": "F" }, "geometry": { "type": "MultiLineString", "coordinates": [ [ [ 114.3551651, 30.5342459 ], [ 114.3552189, 30.5342217 ] ] ] } },
{ "type": "Feature", "properties": { "osm_id": "1481028896", "code": 5153, "fclass": "footway", "name": null, "ref": null, "oneway": "B", "maxspeed": 0, "layer": 0, "bridge": "F", "tunnel": "F" }, "geometry": { "type": "MultiLineString", "coordinates": [ [ [ 114.3561114, 30.5339016 ], [ 114.3561483, 30.5338884 ] ] ] } },
{ "type": "Feature", "properties": { "osm_id": "1481028897", "code": 5153, "fclass": "footway", "name": null, "ref": null, "oneway": "B", "maxspeed": 0, "layer": 0, "bridge": "F", "tunnel": "F" }, "geometry": { "type": "MultiLineString", "coordinates": [ [ [ 114.3532986, 30.5346661 ], [ 114.3532555, 30.5347309 ], [ 114.3532137, 30.5347759 ], [ 114.3531388, 30.5348471 ], [ 114.3531782, 30.534909 ], [ 114.3532093, 30.534967 ], [ 114.3532856, 30.5349665 ], [ 114.3533453, 30.534963 ], [ 114.3533928, 30.5349594 ], [ 114.3534364, 30.5349479 ], [ 114.35348, 30.5349285 ], [ 114.3534979, 30.5349082 ], [ 114.3535139, 30.5348748 ], [ 114.3535251, 30.5348387 ], [ 114.3535664, 30.5347116 ] ] ] } },
{ "type": "Feature", "properties": { "osm_id": "1481028898", "code": 5153, "fclass": "footway", "name": null, "ref": null, "oneway": "B", "maxspeed": 0, "layer": 0, "bridge": "F", "tunnel": "F" }, "geometry": { "type": "MultiLineString", "coordinates": [ [ [ 114.3546429, 30.5342233 ], [ 114.3547262, 30.5342207 ], [ 114.3548157, 30.5342155 ], [ 114.3548648, 30.5342052 ], [ 114.3549323, 30.5341786 ] ] ] } },
{ "type": "Feature", "properties": { "osm_id": "1481028899", "code": 5153, "fclass": "footway", "name": null, "ref": null, "oneway": "B", "maxspeed": 0, "layer": 0, "bridge": "F", "tunnel": "F" }, "geometry": { "type": "MultiLineString", "coordinates": [ [ [ 114.3534781, 30.5349904 ], [ 114.35348, 30.5349285 ] ] ] } },
{ "type": "Feature", "properties": { "osm_id": "1481028900", "code": 5153, "fclass": "footway", "name": null, "ref": null, "oneway": "B", "maxspeed": 0, "layer": 0, "bridge": "F", "tunnel": "F" }, "geometry": { "type": "MultiLineString", "coordinates": [ [ [ 114.3540647, 30.5344845 ], [ 114.3541374, 30.5345185 ], [ 114.3542101, 30.5345552 ], [ 114.3542865, 30.5345937 ] ] ] } },
{ "type": "Feature", "properties": { "osm_id": "1481028901", "code": 5153, "fclass": "footway", "name": null, "ref": null, "oneway": "B", "maxspeed": 0, "layer": 0, "bridge": "F", "tunnel": "F" }, "geometry": { "type": "MultiLineString", "coordinates": [ [ [ 114.3551347, 30.5342165 ], [ 114.3552076, 30.5341325 ], [ 114.3552448, 30.5341051 ], [ 114.3552784, 30.5340868 ], [ 114.3553209, 30.5340746 ], [ 114.3553775, 30.5340655 ], [ 114.3554341, 30.5340578 ], [ 114.3554748, 30.5340457 ], [ 114.3555067, 30.5340304 ], [ 114.3555332, 30.5340094 ], [ 114.3555678, 30.5339696 ], [ 114.3556764, 30.5338386 ], [ 114.3558458, 30.5336244 ] ] ] } },
{ "type": "Feature", "properties": { "osm_id": "1481028902", "code": 5153, "fclass": "footway", "name": null, "ref": null, "oneway": "B", "maxspeed": 0, "layer": 0, "bridge": "F", "tunnel": "F" }, "geometry": { "type": "MultiLineString", "coordinates": [ [ [ 114.3561825, 30.5336504 ], [ 114.3563136, 30.5336997 ], [ 114.3564021, 30.533721 ], [ 114.3564499, 30.5337278 ], [ 114.3564976, 30.5337286 ], [ 114.3565313, 30.533724 ], [ 114.356572, 30.5337134 ], [ 114.3566182, 30.5337006 ], [ 114.3566575, 30.5336798 ], [ 114.356696, 30.5336482 ], [ 114.35672, 30.5336206 ], [ 114.3567383, 30.5335899 ], [ 114.3567513, 30.5335584 ], [ 114.3567634, 30.5335259 ], [ 114.356802, 30.5334162 ], [ 114.3568159, 30.5333864 ], [ 114.3568392, 30.5333567 ], [ 114.3568582, 30.533344 ], [ 114.3568804, 30.5333344 ], [ 114.3569059, 30.5333266 ], [ 114.3569275, 30.5333255 ] ] ] } },
{ "type": "Feature", "properties": { "osm_id": "1481028904", "code": 5153, "fclass": "footway", "name": null, "ref": null, "oneway": "B", "maxspeed": 0, "layer": 0, "bridge": "F", "tunnel": "F" }, "geometry": { "type": "MultiLineString", "coordinates": [ [ [ 114.3550905, 30.534276 ], [ 114.3550157, 30.5342047 ], [ 114.3549956, 30.5341804 ], [ 114.3549889, 30.534162 ], [ 114.3549875, 30.5341285 ], [ 114.3550023, 30.5340661 ], [ 114.3550141, 30.5340156 ], [ 114.3550237, 30.5339748 ], [ 114.3550304, 30.5339298 ], [ 114.3550344, 30.5338986 ], [ 114.3550365, 30.5338652 ] ] ] } },
{ "type": "Feature", "properties": { "osm_id": "1481028906", "code": 5155, "fclass": "steps", "name": null, "ref": null, "oneway": "B", "maxspeed": 0, "layer": -1, "bridge": "F", "tunnel": "F" }, "geometry": { "type": "MultiLineString", "coordinates": [ [ [ 114.3542354, 30.5341992 ], [ 114.3540353, 30.5342793 ] ] ] } },
{ "type": "Feature", "properties": { "osm_id": "1481028907", "code": 5155, "fclass": "steps", "name": null, "ref": null, "oneway": "B", "maxspeed": 0, "layer": -1, "bridge": "F", "tunnel": "F" }, "geometry": { "type": "MultiLineString", "coordinates": [ [ [ 114.3552189, 30.5342217 ], [ 114.3553517, 30.5341739 ] ] ] } },
{ "type": "Feature", "properties": { "osm_id": "1481028908", "code": 5153, "fclass": "footway", "name": null, "ref": null, "oneway": "B", "maxspeed": 0, "layer": 0, "bridge": "F", "tunnel": "F" }, "geometry": { "type": "MultiLineString", "coordinates": [ [ [ 114.3550857, 30.5340166 ], [ 114.3550141, 30.5340156 ], [ 114.3549691, 30.534015 ] ] ] } },
{ "type": "Feature", "properties": { "osm_id": "1481028909", "code": 5153, "fclass": "footway", "name": null, "ref": null, "oneway": "B", "maxspeed": 0, "layer": 0, "bridge": "F", "tunnel": "F" }, "geometry": { "type": "MultiLineString", "coordinates": [ [ [ 114.3558457, 30.5338538 ], [ 114.355872, 30.5337996 ], [ 114.355892, 30.5337705 ], [ 114.3559229, 30.5337452 ], [ 114.3559521, 30.533732 ], [ 114.3559953, 30.5337174 ], [ 114.3560446, 30.5337094 ], [ 114.3560846, 30.5337094 ], [ 114.3561289, 30.5337178 ] ] ] } },
{ "type": "Feature", "properties": { "osm_id": "1484820220", "code": 5153, "fclass": "footway", "name": null, "ref": null, "oneway": "B", "maxspeed": 0, "layer": 0, "bridge": "F", "tunnel": "F" }, "geometry": { "type": "MultiLineString", "coordinates": [ [ [ 114.3521201, 30.5348886 ], [ 114.352118, 30.5348257 ], [ 114.3521157, 30.5347572 ] ] ] } },
{ "type": "Feature", "properties": { "osm_id": "1484820224", "code": 5122, "fclass": "residential", "name": "珞南四路", "ref": null, "oneway": "F", "maxspeed": 0, "layer": 0, "bridge": "F", "tunnel": "F" }, "geometry": { "type": "MultiLineString", "coordinates": [ [ [ 114.359728839423781, 30.532689220365935 ], [ 114.3597259, 30.5326829 ], [ 114.3597126, 30.5326543 ], [ 114.3596694, 30.5325614 ] ] ] } },
{ "type": "Feature", "properties": { "osm_id": "1484820225", "code": 5122, "fclass": "residential", "name": "珞南四路", "ref": null, "oneway": "F", "maxspeed": 0, "layer": 0, "bridge": "F", "tunnel": "F" }, "geometry": { "type": "MultiLineString", "coordinates": [ [ [ 114.3597219, 30.5325445 ], [ 114.3597649, 30.5326391 ], [ 114.3597775, 30.5326668 ], [ 114.359778968711979, 30.532670028138053 ] ] ] } },
{ "type": "Feature", "properties": { "osm_id": "1485821101", "code": 5153, "fclass": "footway", "name": null, "ref": null, "oneway": "B", "maxspeed": 0, "layer": 0, "bridge": "F", "tunnel": "F" }, "geometry": { "type": "MultiLineString", "coordinates": [ [ [ 114.3538945, 30.5334006 ], [ 114.3546239, 30.5334006 ] ] ] } },
{ "type": "Feature", "properties": { "osm_id": "1391147722", "code": 5153, "fclass": "footway", "name": null, "ref": null, "oneway": "B", "maxspeed": 0, "layer": 0, "bridge": "F", "tunnel": "F" }, "geometry": { "type": "MultiLineString", "coordinates": [ [ [ 114.3544277, 30.531306 ], [ 114.3544287, 30.5312492 ] ] ] } },
{ "type": "Feature", "properties": { "osm_id": "1441621538", "code": 5153, "fclass": "footway", "name": null, "ref": null, "oneway": "B", "maxspeed": 0, "layer": 0, "bridge": "F", "tunnel": "F" }, "geometry": { "type": "MultiLineString", "coordinates": [ [ [ 114.3522722, 30.5285987 ], [ 114.3522718, 30.5285394 ] ] ] } },
{ "type": "Feature", "properties": { "osm_id": "122625785", "code": 5153, "fclass": "footway", "name": null, "ref": null, "oneway": "B", "maxspeed": 0, "layer": 0, "bridge": "F", "tunnel": "F" }, "geometry": { "type": "MultiLineString", "coordinates": [ [ [ 114.3550736, 30.5286349 ], [ 114.3550225, 30.528635 ], [ 114.3547221, 30.5286358 ], [ 114.3545888, 30.5286362 ], [ 114.354438, 30.5286366 ] ] ] } },
{ "type": "Feature", "properties": { "osm_id": "122625791", "code": 5153, "fclass": "footway", "name": null, "ref": null, "oneway": "B", "maxspeed": 0, "layer": 0, "bridge": "F", "tunnel": "F" }, "geometry": { "type": "MultiLineString", "coordinates": [ [ [ 114.3543023, 30.528637 ], [ 114.3540768, 30.5286376 ] ] ] } },
{ "type": "Feature", "properties": { "osm_id": "122625793", "code": 5153, "fclass": "footway", "name": null, "ref": null, "oneway": "B", "maxspeed": 0, "layer": 0, "bridge": "F", "tunnel": "F" }, "geometry": { "type": "MultiLineString", "coordinates": [ [ [ 114.354438, 30.5286366 ], [ 114.3543395, 30.5286369 ], [ 114.3543023, 30.528637 ] ] ] } },
{ "type": "Feature", "properties": { "osm_id": "104372409", "code": 5122, "fclass": "residential", "name": "星湖路", "ref": null, "oneway": "B", "maxspeed": 0, "layer": 0, "bridge": "F", "tunnel": "F" }, "geometry": { "type": "MultiLineString", "coordinates": [ [ [ 114.3550754, 30.5300631 ], [ 114.3550424, 30.5300632 ], [ 114.3544897, 30.530064 ], [ 114.3540737, 30.5300638 ], [ 114.3537835, 30.5300648 ], [ 114.353632, 30.5300653 ], [ 114.3533343, 30.5300657 ], [ 114.353187, 30.530066 ], [ 114.353015, 30.5300662 ], [ 114.3529677, 30.5300671 ], [ 114.3526595, 30.530067 ], [ 114.3522869, 30.5300686 ] ] ] } },
{ "type": "Feature", "properties": { "osm_id": "309396502", "code": 5122, "fclass": "residential", "name": "星湖三路", "ref": null, "oneway": "B", "maxspeed": 0, "layer": 0, "bridge": "F", "tunnel": "F" }, "geometry": { "type": "MultiLineString", "coordinates": [ [ [ 114.3522869, 30.5300686 ], [ 114.3522847, 30.5302826 ], [ 114.3522823, 30.5305295 ], [ 114.3522815, 30.5306017 ], [ 114.3522789, 30.530866 ], [ 114.3522786, 30.530893 ], [ 114.3522762, 30.5311355 ], [ 114.3522756, 30.5311915 ], [ 114.3522724, 30.5315113 ] ] ] } },
{ "type": "Feature", "properties": { "osm_id": "358205754", "code": 5153, "fclass": "footway", "name": null, "ref": null, "oneway": "B", "maxspeed": 0, "layer": 0, "bridge": "F", "tunnel": "F" }, "geometry": { "type": "MultiLineString", "coordinates": [ [ [ 114.3522847, 30.5302826 ], [ 114.3526524, 30.5302825 ], [ 114.3529072, 30.5302815 ] ] ] } },
{ "type": "Feature", "properties": { "osm_id": "1383484217", "code": 5141, "fclass": "service", "name": null, "ref": null, "oneway": "B", "maxspeed": 0, "layer": 0, "bridge": "F", "tunnel": "F" }, "geometry": { "type": "MultiLineString", "coordinates": [ [ [ 114.3522823, 30.5305295 ], [ 114.3522067, 30.5305292 ], [ 114.3520516, 30.5305284 ], [ 114.3520528, 30.5303353 ] ] ] } },
{ "type": "Feature", "properties": { "osm_id": "1473497651", "code": 5122, "fclass": "residential", "name": "星湖三路", "ref": null, "oneway": "B", "maxspeed": 0, "layer": 0, "bridge": "F", "tunnel": "F" }, "geometry": { "type": "MultiLineString", "coordinates": [ [ [ 114.3522955, 30.5290708 ], [ 114.3522924, 30.5294263 ], [ 114.3522898, 30.5297311 ], [ 114.3522869, 30.5300686 ] ] ] } },
{ "type": "Feature", "properties": { "osm_id": "1441621543", "code": 5153, "fclass": "footway", "name": null, "ref": null, "oneway": "B", "maxspeed": 0, "layer": 0, "bridge": "F", "tunnel": "F" }, "geometry": { "type": "MultiLineString", "coordinates": [ [ [ 114.3538775, 30.5308777 ], [ 114.3538775, 30.5308915 ], [ 114.3538775, 30.5309318 ] ] ] } },
{ "type": "Feature", "properties": { "osm_id": "1441621544", "code": 5153, "fclass": "footway", "name": null, "ref": null, "oneway": "B", "maxspeed": 0, "layer": -2, "bridge": "F", "tunnel": "T" }, "geometry": { "type": "MultiLineString", "coordinates": [ [ [ 114.3538771, 30.5306757 ], [ 114.3539585, 30.5306756 ] ] ] } },
{ "type": "Feature", "properties": { "osm_id": "1441621545", "code": 5153, "fclass": "footway", "name": null, "ref": null, "oneway": "B", "maxspeed": 0, "layer": -2, "bridge": "F", "tunnel": "T" }, "geometry": { "type": "MultiLineString", "coordinates": [ [ [ 114.3537887, 30.5304806 ], [ 114.3537888, 30.5305561 ], [ 114.3538769, 30.530556 ], [ 114.3538771, 30.5306757 ], [ 114.3538775, 30.5308777 ] ] ] } },
{ "type": "Feature", "properties": { "osm_id": "1442929834", "code": 5153, "fclass": "footway", "name": null, "ref": null, "oneway": "B", "maxspeed": 0, "layer": 0, "bridge": "F", "tunnel": "F" }, "geometry": { "type": "MultiLineString", "coordinates": [ [ [ 114.3539585, 30.5306756 ], [ 114.3540046, 30.5306756 ] ] ] } },
{ "type": "Feature", "properties": { "osm_id": "1478489989", "code": 5153, "fclass": "footway", "name": null, "ref": null, "oneway": "B", "maxspeed": 0, "layer": 0, "bridge": "F", "tunnel": "F" }, "geometry": { "type": "MultiLineString", "coordinates": [ [ [ 114.3538775, 30.5308915 ], [ 114.3539407, 30.5308916 ], [ 114.3540042, 30.5308917 ] ] ] } },
{ "type": "Feature", "properties": { "osm_id": "1478489990", "code": 5155, "fclass": "steps", "name": null, "ref": null, "oneway": "B", "maxspeed": 0, "layer": 1, "bridge": "T", "tunnel": "F" }, "geometry": { "type": "MultiLineString", "coordinates": [ [ [ 114.3539407, 30.5308753 ], [ 114.3539407, 30.5307071 ] ] ] } },
{ "type": "Feature", "properties": { "osm_id": "1478489991", "code": 5153, "fclass": "footway", "name": null, "ref": null, "oneway": "B", "maxspeed": 0, "layer": -1, "bridge": "F", "tunnel": "T" }, "geometry": { "type": "MultiLineString", "coordinates": [ [ [ 114.3539407, 30.5307071 ], [ 114.3539407, 30.5306875 ], [ 114.3538496, 30.5306875 ] ] ] } },
{ "type": "Feature", "properties": { "osm_id": "1478489992", "code": 5153, "fclass": "footway", "name": null, "ref": null, "oneway": "B", "maxspeed": 0, "layer": 0, "bridge": "F", "tunnel": "F" }, "geometry": { "type": "MultiLineString", "coordinates": [ [ [ 114.3539407, 30.5308916 ], [ 114.3539407, 30.5308753 ] ] ] } },
{ "type": "Feature", "properties": { "osm_id": "122625898", "code": 5153, "fclass": "footway", "name": null, "ref": null, "oneway": "B", "maxspeed": 0, "layer": 0, "bridge": "F", "tunnel": "F" }, "geometry": { "type": "MultiLineString", "coordinates": [ [ [ 114.3537181, 30.5295115 ], [ 114.353693, 30.5294424 ], [ 114.3536569, 30.5293719 ], [ 114.3535898, 30.5292899 ], [ 114.3535469, 30.5292414 ], [ 114.353504, 30.5291894 ], [ 114.3534375, 30.5291031 ], [ 114.3534154, 30.5290715 ] ] ] } },
{ "type": "Feature", "properties": { "osm_id": "122625899", "code": 5153, "fclass": "footway", "name": null, "ref": null, "oneway": "B", "maxspeed": 0, "layer": 0, "bridge": "F", "tunnel": "F" }, "geometry": { "type": "MultiLineString", "coordinates": [ [ [ 114.3539497, 30.5291528 ], [ 114.3538835, 30.5292309 ], [ 114.3537507, 30.5294401 ], [ 114.3537181, 30.5295115 ], [ 114.3536817, 30.5295713 ], [ 114.3536234, 30.5297173 ], [ 114.3536119, 30.5297843 ], [ 114.3536129, 30.5298305 ], [ 114.3536206, 30.5298778 ], [ 114.353632, 30.5299575 ], [ 114.3536321, 30.53004 ], [ 114.353632, 30.5300653 ] ] ] } },
{ "type": "Feature", "properties": { "osm_id": "122625900", "code": 5153, "fclass": "footway", "name": null, "ref": null, "oneway": "B", "maxspeed": 0, "layer": 0, "bridge": "F", "tunnel": "F" }, "geometry": { "type": "MultiLineString", "coordinates": [ [ [ 114.3538218, 30.5294607 ], [ 114.3537507, 30.5294401 ] ] ] } },
{ "type": "Feature", "properties": { "osm_id": "122625902", "code": 5153, "fclass": "footway", "name": null, "ref": null, "oneway": "B", "maxspeed": 0, "layer": 1, "bridge": "T", "tunnel": "F" }, "geometry": { "type": "MultiLineString", "coordinates": [ [ [ 114.3541259, 30.5297906 ], [ 114.3541049, 30.5297254 ], [ 114.3540625, 30.5297193 ], [ 114.354051, 30.5296862 ], [ 114.3540009, 30.5296747 ], [ 114.353966, 30.5295643 ], [ 114.3539237, 30.5295573 ], [ 114.3539173, 30.5295245 ], [ 114.3538757, 30.5295206 ], [ 114.3538616, 30.5294705 ], [ 114.3538218, 30.5294607 ] ] ] } },
{ "type": "Feature", "properties": { "osm_id": "307265572", "code": 5153, "fclass": "footway", "name": null, "ref": null, "oneway": "B", "maxspeed": 0, "layer": 0, "bridge": "F", "tunnel": "F" }, "geometry": { "type": "MultiLineString", "coordinates": [ [ [ 114.3536817, 30.5295713 ], [ 114.3533806, 30.5295754 ] ] ] } },
{ "type": "Feature", "properties": { "osm_id": "1268358749", "code": 5153, "fclass": "footway", "name": null, "ref": null, "oneway": "B", "maxspeed": 0, "layer": 0, "bridge": "F", "tunnel": "F" }, "geometry": { "type": "MultiLineString", "coordinates": [ [ [ 114.3541259, 30.5297906 ], [ 114.3540687, 30.5298492 ], [ 114.3540705, 30.5299168 ] ] ] } },
{ "type": "Feature", "properties": { "osm_id": "358205751", "code": 5141, "fclass": "service", "name": null, "ref": null, "oneway": "B", "maxspeed": 0, "layer": 0, "bridge": "F", "tunnel": "F" }, "geometry": { "type": "MultiLineString", "coordinates": [ [ [ 114.3550761, 30.5304909 ], [ 114.355042, 30.5304916 ], [ 114.3547432, 30.5304973 ], [ 114.3545043, 30.5303954 ], [ 114.3540806, 30.5303922 ] ] ] } },
{ "type": "Feature", "properties": { "osm_id": "1037167300", "code": 5153, "fclass": "footway", "name": null, "ref": null, "oneway": "B", "maxspeed": 0, "layer": -1, "bridge": "F", "tunnel": "T" }, "geometry": { "type": "MultiLineString", "coordinates": [ [ [ 114.3542351, 30.5302684 ], [ 114.35449, 30.5302682 ], [ 114.3548856, 30.5302679 ] ] ] } },
{ "type": "Feature", "properties": { "osm_id": "1391147712", "code": 5153, "fclass": "footway", "name": null, "ref": null, "oneway": "B", "maxspeed": 0, "layer": 0, "bridge": "F", "tunnel": "F" }, "geometry": { "type": "MultiLineString", "coordinates": [ [ [ 114.3540787, 30.5302696 ], [ 114.3542351, 30.5302684 ] ] ] } },
{ "type": "Feature", "properties": { "osm_id": "1391147713", "code": 5153, "fclass": "footway", "name": null, "ref": null, "oneway": "B", "maxspeed": 0, "layer": -1, "bridge": "F", "tunnel": "T" }, "geometry": { "type": "MultiLineString", "coordinates": [ [ [ 114.3544898, 30.5301263 ], [ 114.35449, 30.5302682 ] ] ] } },
{ "type": "Feature", "properties": { "osm_id": "1391147714", "code": 5153, "fclass": "footway", "name": null, "ref": null, "oneway": "B", "maxspeed": 0, "layer": 0, "bridge": "F", "tunnel": "F" }, "geometry": { "type": "MultiLineString", "coordinates": [ [ [ 114.3544897, 30.530064 ], [ 114.3544898, 30.5301263 ] ] ] } },
{ "type": "Feature", "properties": { "osm_id": "1472842321", "code": 5153, "fclass": "footway", "name": null, "ref": null, "oneway": "B", "maxspeed": 0, "layer": 0, "bridge": "F", "tunnel": "F" }, "geometry": { "type": "MultiLineString", "coordinates": [ [ [ 114.3548983, 30.5293259 ], [ 114.3550431, 30.5293248 ], [ 114.3550743, 30.5293246 ] ] ] } },
{ "type": "Feature", "properties": { "osm_id": "1472842322", "code": 5153, "fclass": "footway", "name": null, "ref": null, "oneway": "B", "maxspeed": 0, "layer": 0, "bridge": "F", "tunnel": "F" }, "geometry": { "type": "MultiLineString", "coordinates": [ [ [ 114.3547494, 30.5300411 ], [ 114.3547471, 30.5296671 ] ] ] } },
{ "type": "Feature", "properties": { "osm_id": "402823350", "code": 5141, "fclass": "service", "name": null, "ref": null, "oneway": "F", "maxspeed": 0, "layer": 0, "bridge": "F", "tunnel": "F" }, "geometry": { "type": "MultiLineString", "coordinates": [ [ [ 114.3519405, 30.529179 ], [ 114.3499902, 30.5291556 ], [ 114.349796, 30.5286486 ], [ 114.3497628, 30.5285619 ] ] ] } },
{ "type": "Feature", "properties": { "osm_id": "851860895", "code": 5153, "fclass": "footway", "name": null, "ref": null, "oneway": "B", "maxspeed": 0, "layer": 0, "bridge": "F", "tunnel": "F" }, "geometry": { "type": "MultiLineString", "coordinates": [ [ [ 114.3518958, 30.5280716 ], [ 114.3519043, 30.528093 ], [ 114.3519269, 30.5281498 ], [ 114.3518344, 30.5281771 ], [ 114.3515157, 30.5282709 ], [ 114.3501571, 30.5286719 ], [ 114.3499698, 30.5287262 ], [ 114.3499387, 30.5286478 ], [ 114.3499318, 30.5286302 ] ] ] } },
{ "type": "Feature", "properties": { "osm_id": "1480419198", "code": 5155, "fclass": "steps", "name": null, "ref": null, "oneway": "B", "maxspeed": 0, "layer": 0, "bridge": "F", "tunnel": "F" }, "geometry": { "type": "MultiLineString", "coordinates": [ [ [ 114.3510789, 30.528314 ], [ 114.35127, 30.5282555 ] ] ] } },
{ "type": "Feature", "properties": { "osm_id": "1480419220", "code": 5124, "fclass": "pedestrian", "name": null, "ref": null, "oneway": "B", "maxspeed": 0, "layer": 0, "bridge": "F", "tunnel": "F" }, "geometry": { "type": "MultiLineString", "coordinates": [ [ [ 114.3499245, 30.5287907 ], [ 114.3498683, 30.5286489 ], [ 114.3499318, 30.5286302 ], [ 114.3510712, 30.5282947 ], [ 114.3510789, 30.528314 ], [ 114.3510867, 30.5283337 ], [ 114.3512786, 30.5282772 ], [ 114.3518102, 30.5281207 ], [ 114.3519043, 30.528093 ], [ 114.3519397, 30.5280826 ], [ 114.3519417, 30.5283377 ], [ 114.351854, 30.5283382 ], [ 114.3518348, 30.5283383 ], [ 114.3518161, 30.5283384 ], [ 114.3517935, 30.5282813 ], [ 114.351779, 30.5282448 ], [ 114.3515336, 30.528317 ], [ 114.3506644, 30.5285729 ], [ 114.3503275, 30.5286721 ], [ 114.3501757, 30.5287167 ], [ 114.3499245, 30.5287907 ] ] ] } },
{ "type": "Feature", "properties": { "osm_id": "1480419224", "code": 5153, "fclass": "footway", "name": null, "ref": null, "oneway": "B", "maxspeed": 0, "layer": 0, "bridge": "F", "tunnel": "F" }, "geometry": { "type": "MultiLineString", "coordinates": [ [ [ 114.3510789, 30.528314 ], [ 114.3499387, 30.5286478 ] ] ] } },
{ "type": "Feature", "properties": { "osm_id": "1480419225", "code": 5153, "fclass": "footway", "name": null, "ref": null, "oneway": "B", "maxspeed": 0, "layer": 0, "bridge": "F", "tunnel": "F" }, "geometry": { "type": "MultiLineString", "coordinates": [ [ [ 114.3518178, 30.5287984 ], [ 114.351836, 30.5287984 ], [ 114.351835, 30.5283918 ], [ 114.3518348, 30.5283383 ], [ 114.3518346, 30.528269 ], [ 114.3518344, 30.5281771 ] ] ] } },
{ "type": "Feature", "properties": { "osm_id": "1480419226", "code": 5153, "fclass": "footway", "name": null, "ref": null, "oneway": "B", "maxspeed": 0, "layer": 0, "bridge": "F", "tunnel": "F" }, "geometry": { "type": "MultiLineString", "coordinates": [ [ [ 114.3515157, 30.5282709 ], [ 114.3515336, 30.528317 ] ] ] } },
{ "type": "Feature", "properties": { "osm_id": "1480419228", "code": 5153, "fclass": "footway", "name": null, "ref": null, "oneway": "B", "maxspeed": 0, "layer": -1, "bridge": "F", "tunnel": "T" }, "geometry": { "type": "MultiLineString", "coordinates": [ [ [ 114.3516048, 30.5285018 ], [ 114.3516083, 30.5288017 ] ] ] } },
{ "type": "Feature", "properties": { "osm_id": "1480419229", "code": 5153, "fclass": "footway", "name": null, "ref": null, "oneway": "B", "maxspeed": 0, "layer": -1, "bridge": "F", "tunnel": "T" }, "geometry": { "type": "MultiLineString", "coordinates": [ [ [ 114.3517935, 30.5282813 ], [ 114.3515481, 30.5283547 ] ] ] } },
{ "type": "Feature", "properties": { "osm_id": "1480419230", "code": 5153, "fclass": "footway", "name": null, "ref": null, "oneway": "B", "maxspeed": 0, "layer": -1, "bridge": "F", "tunnel": "T" }, "geometry": { "type": "MultiLineString", "coordinates": [ [ [ 114.3515336, 30.528317 ], [ 114.3515481, 30.5283547 ], [ 114.3516048, 30.5285018 ] ] ] } },
{ "type": "Feature", "properties": { "osm_id": "1480419231", "code": 5153, "fclass": "footway", "name": null, "ref": null, "oneway": "B", "maxspeed": 0, "layer": 0, "bridge": "F", "tunnel": "F" }, "geometry": { "type": "MultiLineString", "coordinates": [ [ [ 114.351835, 30.5283918 ], [ 114.3518163, 30.5283919 ] ] ] } },
{ "type": "Feature", "properties": { "osm_id": "1480419232", "code": 5153, "fclass": "footway", "name": null, "ref": null, "oneway": "B", "maxspeed": 0, "layer": -1, "bridge": "F", "tunnel": "T" }, "geometry": { "type": "MultiLineString", "coordinates": [ [ [ 114.3516319, 30.5288536 ], [ 114.3516673, 30.5288537 ], [ 114.3516676, 30.5288008 ] ] ] } },
{ "type": "Feature", "properties": { "osm_id": "1480419233", "code": 5153, "fclass": "footway", "name": null, "ref": null, "oneway": "B", "maxspeed": 0, "layer": 0, "bridge": "F", "tunnel": "F" }, "geometry": { "type": "MultiLineString", "coordinates": [ [ [ 114.3502091, 30.5287972 ], [ 114.3501955, 30.5287642 ], [ 114.3501757, 30.5287167 ], [ 114.3501571, 30.5286719 ] ] ] } },
{ "type": "Feature", "properties": { "osm_id": "1480419235", "code": 5153, "fclass": "footway", "name": null, "ref": null, "oneway": "B", "maxspeed": 0, "layer": 0, "bridge": "F", "tunnel": "F" }, "geometry": { "type": "MultiLineString", "coordinates": [ [ [ 114.3501955, 30.5287642 ], [ 114.3503466, 30.5287205 ] ] ] } },
{ "type": "Feature", "properties": { "osm_id": "1480437147", "code": 5153, "fclass": "footway", "name": null, "ref": null, "oneway": "B", "maxspeed": 0, "layer": -1, "bridge": "F", "tunnel": "T" }, "geometry": { "type": "MultiLineString", "coordinates": [ [ [ 114.3503466, 30.5287205 ], [ 114.3504455, 30.528693 ], [ 114.3506685, 30.5287525 ], [ 114.3516048, 30.5285018 ] ] ] } },
{ "type": "Feature", "properties": { "osm_id": "1480437148", "code": 5153, "fclass": "footway", "name": null, "ref": null, "oneway": "B", "maxspeed": 0, "layer": -1, "bridge": "F", "tunnel": "T" }, "geometry": { "type": "MultiLineString", "coordinates": [ [ [ 114.3516083, 30.5288017 ], [ 114.35067, 30.5288167 ] ] ] } },
{ "type": "Feature", "properties": { "osm_id": "1480437149", "code": 5153, "fclass": "footway", "name": null, "ref": null, "oneway": "B", "maxspeed": 0, "layer": -1, "bridge": "F", "tunnel": "T" }, "geometry": { "type": "MultiLineString", "coordinates": [ [ [ 114.35067, 30.5288167 ], [ 114.3506685, 30.5287525 ] ] ] } },
{ "type": "Feature", "properties": { "osm_id": "1480437150", "code": 5153, "fclass": "footway", "name": null, "ref": null, "oneway": "B", "maxspeed": 0, "layer": -1, "bridge": "F", "tunnel": "T" }, "geometry": { "type": "MultiLineString", "coordinates": [ [ [ 114.3516083, 30.5288017 ], [ 114.3516676, 30.5288008 ], [ 114.3518178, 30.5287984 ] ] ] } },
{ "type": "Feature", "properties": { "osm_id": "1480437156", "code": 5152, "fclass": "cycleway", "name": null, "ref": null, "oneway": "B", "maxspeed": 0, "layer": 0, "bridge": "F", "tunnel": "F" }, "geometry": { "type": "MultiLineString", "coordinates": [ [ [ 114.3498719, 30.5291102 ], [ 114.3498642, 30.5290912 ], [ 114.3498376, 30.5290312 ], [ 114.3498176, 30.5289862 ] ] ] } },
{ "type": "Feature", "properties": { "osm_id": "1480944410", "code": 5124, "fclass": "pedestrian", "name": null, "ref": null, "oneway": "B", "maxspeed": 0, "layer": -2, "bridge": "F", "tunnel": "T" }, "geometry": { "type": "MultiLineString", "coordinates": [ [ [ 114.3496934, 30.5288457 ], [ 114.3505858, 30.5285849 ], [ 114.35067, 30.5288167 ] ] ] } },
{ "type": "Feature", "properties": { "osm_id": "1268358750", "code": 5153, "fclass": "footway", "name": null, "ref": null, "oneway": "B", "maxspeed": 0, "layer": 0, "bridge": "F", "tunnel": "F" }, "geometry": { "type": "MultiLineString", "coordinates": [ [ [ 114.3541216, 30.5299598 ], [ 114.3541186, 30.5299463 ], [ 114.3541109, 30.5299342 ], [ 114.3540993, 30.5299248 ], [ 114.354085, 30.5299187 ], [ 114.3540705, 30.5299168 ], [ 114.3540535, 30.5299191 ], [ 114.3540394, 30.5299253 ], [ 114.3540282, 30.5299349 ], [ 114.3540208, 30.529947 ], [ 114.3540181, 30.5299605 ], [ 114.3540205, 30.529975 ], [ 114.3540283, 30.529988 ], [ 114.3540405, 30.5299981 ], [ 114.3540559, 30.5300043 ], [ 114.3540729, 30.5300059 ], [ 114.3540884, 30.530003 ], [ 114.3541022, 30.5299962 ], [ 114.354113, 30.529986 ], [ 114.3541197, 30.5299735 ], [ 114.3541216, 30.5299598 ] ] ] } },
{ "type": "Feature", "properties": { "osm_id": "1268358751", "code": 5153, "fclass": "footway", "name": null, "ref": null, "oneway": "B", "maxspeed": 0, "layer": 0, "bridge": "F", "tunnel": "F" }, "geometry": { "type": "MultiLineString", "coordinates": [ [ [ 114.3540737, 30.5300638 ], [ 114.3540738, 30.5300419 ], [ 114.3540729, 30.5300059 ] ] ] } },
{ "type": "Feature", "properties": { "osm_id": "1442936164", "code": 5155, "fclass": "steps", "name": null, "ref": null, "oneway": "B", "maxspeed": 0, "layer": 0, "bridge": "F", "tunnel": "F" }, "geometry": { "type": "MultiLineString", "coordinates": [ [ [ 114.3539795, 30.5291151 ], [ 114.3539497, 30.5291528 ] ] ] } },
{ "type": "Feature", "properties": { "osm_id": "1442936170", "code": 5153, "fclass": "footway", "name": null, "ref": null, "oneway": "B", "maxspeed": 0, "layer": 0, "bridge": "F", "tunnel": "F" }, "geometry": { "type": "MultiLineString", "coordinates": [ [ [ 114.353632, 30.5299575 ], [ 114.3540181, 30.5299605 ] ] ] } },
{ "type": "Feature", "properties": { "osm_id": "307265580", "code": 5153, "fclass": "footway", "name": null, "ref": null, "oneway": "B", "maxspeed": 0, "layer": 1, "bridge": "F", "tunnel": "F" }, "geometry": { "type": "MultiLineString", "coordinates": [ [ [ 114.3532985, 30.5308066 ], [ 114.3531158, 30.5308076 ] ] ] } },
{ "type": "Feature", "properties": { "osm_id": "122625787", "code": 5155, "fclass": "steps", "name": null, "ref": null, "oneway": "B", "maxspeed": 0, "layer": -1, "bridge": "F", "tunnel": "T" }, "geometry": { "type": "MultiLineString", "coordinates": [ [ [ 114.3539486, 30.5286379 ], [ 114.3538325, 30.5286382 ] ] ] } },
{ "type": "Feature", "properties": { "osm_id": "539830418", "code": 5141, "fclass": "service", "name": null, "ref": null, "oneway": "B", "maxspeed": 0, "layer": 0, "bridge": "F", "tunnel": "F" }, "geometry": { "type": "MultiLineString", "coordinates": [ [ [ 114.3529971, 30.5290722 ], [ 114.3529908, 30.5285942 ] ] ] } },
{ "type": "Feature", "properties": { "osm_id": "539831834", "code": 5153, "fclass": "footway", "name": null, "ref": null, "oneway": "B", "maxspeed": 0, "layer": 0, "bridge": "F", "tunnel": "F" }, "geometry": { "type": "MultiLineString", "coordinates": [ [ [ 114.353512, 30.5286391 ], [ 114.3535116, 30.528782 ] ] ] } },
{ "type": "Feature", "properties": { "osm_id": "673284746", "code": 5141, "fclass": "service", "name": null, "ref": null, "oneway": "B", "maxspeed": 0, "layer": 0, "bridge": "F", "tunnel": "F" }, "geometry": { "type": "MultiLineString", "coordinates": [ [ [ 114.3538325, 30.5286382 ], [ 114.3535919, 30.5286389 ], [ 114.353512, 30.5286391 ], [ 114.3531081, 30.5286402 ] ] ] } },
{ "type": "Feature", "properties": { "osm_id": "1392378066", "code": 5153, "fclass": "footway", "name": null, "ref": null, "oneway": "B", "maxspeed": 0, "layer": 0, "bridge": "F", "tunnel": "F" }, "geometry": { "type": "MultiLineString", "coordinates": [ [ [ 114.3535919, 30.5286389 ], [ 114.3535902, 30.5285464 ] ] ] } },
{ "type": "Feature", "properties": { "osm_id": "1441621537", "code": 5153, "fclass": "footway", "name": null, "ref": null, "oneway": "B", "maxspeed": 0, "layer": 0, "bridge": "F", "tunnel": "F" }, "geometry": { "type": "MultiLineString", "coordinates": [ [ [ 114.3528568, 30.5285951 ], [ 114.3528553, 30.5285205 ] ] ] } },
{ "type": "Feature", "properties": { "osm_id": "1441621540", "code": 5141, "fclass": "service", "name": null, "ref": null, "oneway": "B", "maxspeed": 0, "layer": 0, "bridge": "F", "tunnel": "F" }, "geometry": { "type": "MultiLineString", "coordinates": [ [ [ 114.3530864, 30.5285936 ], [ 114.3529908, 30.5285942 ], [ 114.3528568, 30.5285951 ], [ 114.3526863, 30.5285961 ], [ 114.3522722, 30.5285987 ] ] ] } },
{ "type": "Feature", "properties": { "osm_id": "1480419195", "code": 5141, "fclass": "service", "name": null, "ref": null, "oneway": "B", "maxspeed": 0, "layer": 0, "bridge": "F", "tunnel": "F" }, "geometry": { "type": "MultiLineString", "coordinates": [ [ [ 114.3531081, 30.5286402 ], [ 114.3530864, 30.5285936 ] ] ] } },
{ "type": "Feature", "properties": { "osm_id": "358205760", "code": 5141, "fclass": "service", "name": null, "ref": null, "oneway": "B", "maxspeed": 0, "layer": 0, "bridge": "F", "tunnel": "F" }, "geometry": { "type": "MultiLineString", "coordinates": [ [ [ 114.3557122, 30.5280765 ], [ 114.3557133, 30.5282548 ], [ 114.3557158, 30.5286341 ] ] ] } },
{ "type": "Feature", "properties": { "osm_id": "673284745", "code": 5122, "fclass": "residential", "name": "求是二路", "ref": null, "oneway": "F", "maxspeed": 0, "layer": 0, "bridge": "F", "tunnel": "F" }, "geometry": { "type": "MultiLineString", "coordinates": [ [ [ 114.3550748, 30.5275946 ], [ 114.3550943, 30.5275783 ], [ 114.3551351, 30.5275485 ], [ 114.3552038, 30.5275081 ], [ 114.3555647, 30.527336 ], [ 114.3556165, 30.5273174 ], [ 114.3556837, 30.5272989 ] ] ] } },
{ "type": "Feature", "properties": { "osm_id": "1383028682", "code": 5153, "fclass": "footway", "name": null, "ref": null, "oneway": "B", "maxspeed": 0, "layer": 0, "bridge": "F", "tunnel": "F" }, "geometry": { "type": "MultiLineString", "coordinates": [ [ [ 114.3557118, 30.5272992 ], [ 114.3557114, 30.5274 ], [ 114.3557095, 30.5278229 ] ] ] } },
{ "type": "Feature", "properties": { "osm_id": "1397459380", "code": 5154, "fclass": "path", "name": null, "ref": null, "oneway": "B", "maxspeed": 0, "layer": 0, "bridge": "F", "tunnel": "F" }, "geometry": { "type": "MultiLineString", "coordinates": [ [ [ 114.3562382, 30.5275015 ], [ 114.3561822, 30.527567 ], [ 114.3561475, 30.5276077 ], [ 114.3559181, 30.5274624 ] ] ] } },
{ "type": "Feature", "properties": { "osm_id": "1397459382", "code": 5154, "fclass": "path", "name": null, "ref": null, "oneway": "B", "maxspeed": 0, "layer": 0, "bridge": "F", "tunnel": "F" }, "geometry": { "type": "MultiLineString", "coordinates": [ [ [ 114.3552038, 30.5275081 ], [ 114.355246, 30.5275751 ], [ 114.3552779, 30.5276184 ], [ 114.3555402, 30.527477 ] ] ] } },
{ "type": "Feature", "properties": { "osm_id": "1397459426", "code": 5153, "fclass": "footway", "name": null, "ref": null, "oneway": "B", "maxspeed": 0, "layer": 0, "bridge": "F", "tunnel": "F" }, "geometry": { "type": "MultiLineString", "coordinates": [ [ [ 114.3561143, 30.5274316 ], [ 114.3561714, 30.527374 ], [ 114.3561705, 30.5273296 ] ] ] } },
{ "type": "Feature", "properties": { "osm_id": "1398876978", "code": 5122, "fclass": "residential", "name": "求是一路", "ref": null, "oneway": "F", "maxspeed": 0, "layer": 0, "bridge": "F", "tunnel": "F" }, "geometry": { "type": "MultiLineString", "coordinates": [ [ [ 114.3557436, 30.5272995 ], [ 114.3558208, 30.5273134 ], [ 114.3558909, 30.5273298 ], [ 114.3561143, 30.5274316 ], [ 114.3562382, 30.5275015 ], [ 114.3563205, 30.5275568 ] ] ] } },
{ "type": "Feature", "properties": { "osm_id": "1441621553", "code": 5153, "fclass": "footway", "name": null, "ref": null, "oneway": "B", "maxspeed": 0, "layer": 0, "bridge": "F", "tunnel": "F" }, "geometry": { "type": "MultiLineString", "coordinates": [ [ [ 114.3557112, 30.5279223 ], [ 114.3557122, 30.5280765 ] ] ] } },
{ "type": "Feature", "properties": { "osm_id": "1480400145", "code": 5153, "fclass": "footway", "name": null, "ref": null, "oneway": "B", "maxspeed": 0, "layer": 0, "bridge": "F", "tunnel": "F" }, "geometry": { "type": "MultiLineString", "coordinates": [ [ [ 114.3557095, 30.5278229 ], [ 114.355644, 30.5278217 ], [ 114.3556441, 30.5279223 ], [ 114.3557112, 30.5279223 ], [ 114.3557843, 30.5279222 ], [ 114.3557841, 30.5278215 ], [ 114.3557095, 30.5278229 ] ] ] } },
{ "type": "Feature", "properties": { "osm_id": "103949719", "code": 5141, "fclass": "service", "name": null, "ref": null, "oneway": "B", "maxspeed": 0, "layer": 0, "bridge": "F", "tunnel": "F" }, "geometry": { "type": "MultiLineString", "coordinates": [ [ [ 114.3499568, 30.5292449 ], [ 114.3500646, 30.5292465 ], [ 114.3506948, 30.5292562 ] ] ] } },
{ "type": "Feature", "properties": { "osm_id": "103949735", "code": 5141, "fclass": "service", "name": null, "ref": null, "oneway": "B", "maxspeed": 0, "layer": 0, "bridge": "F", "tunnel": "F" }, "geometry": { "type": "MultiLineString", "coordinates": [ [ [ 114.3499378, 30.5298921 ], [ 114.3499406, 30.5297734 ], [ 114.3499472, 30.5295585 ], [ 114.3499568, 30.5292449 ], [ 114.3499601, 30.5292214 ] ] ] } },
{ "type": "Feature", "properties": { "osm_id": "1441555682", "code": 5141, "fclass": "service", "name": null, "ref": null, "oneway": "B", "maxspeed": 0, "layer": 0, "bridge": "F", "tunnel": "F" }, "geometry": { "type": "MultiLineString", "coordinates": [ [ [ 114.3499378, 30.5298921 ], [ 114.3504201, 30.5299009 ], [ 114.3506768, 30.5299056 ] ] ] } },
{ "type": "Feature", "properties": { "osm_id": "1444077817", "code": 5124, "fclass": "pedestrian", "name": null, "ref": null, "oneway": "B", "maxspeed": 0, "layer": 0, "bridge": "F", "tunnel": "F" }, "geometry": { "type": "MultiLineString", "coordinates": [ [ [ 114.3504682, 30.5296403 ], [ 114.3504724, 30.5294464 ], [ 114.3505879, 30.5294484 ], [ 114.3505854, 30.529593 ], [ 114.3505847, 30.5296369 ], [ 114.3505834, 30.5296855 ], [ 114.3505189, 30.5296845 ], [ 114.3505199, 30.5296412 ], [ 114.3504682, 30.5296403 ] ] ] } },
{ "type": "Feature", "properties": { "osm_id": "1444077818", "code": 5124, "fclass": "pedestrian", "name": null, "ref": null, "oneway": "B", "maxspeed": 0, "layer": 0, "bridge": "F", "tunnel": "F" }, "geometry": { "type": "MultiLineString", "coordinates": [ [ [ 114.3505847, 30.5296369 ], [ 114.3505854, 30.529593 ], [ 114.3505879, 30.5294484 ], [ 114.3506413, 30.5294491 ], [ 114.3506389, 30.5295941 ], [ 114.3506382, 30.5296376 ], [ 114.3505847, 30.5296369 ] ] ] } },
{ "type": "Feature", "properties": { "osm_id": "1444077819", "code": 5153, "fclass": "footway", "name": null, "ref": null, "oneway": "B", "maxspeed": 0, "layer": 0, "bridge": "F", "tunnel": "F" }, "geometry": { "type": "MultiLineString", "coordinates": [ [ [ 114.3504693, 30.5295908 ], [ 114.3505854, 30.529593 ] ] ] } },
{ "type": "Feature", "properties": { "osm_id": "1444077820", "code": 5155, "fclass": "steps", "name": null, "ref": null, "oneway": "B", "maxspeed": 0, "layer": 0, "bridge": "F", "tunnel": "F" }, "geometry": { "type": "MultiLineString", "coordinates": [ [ [ 114.3505854, 30.529593 ], [ 114.3506389, 30.5295941 ] ] ] } },
{ "type": "Feature", "properties": { "osm_id": "1444077822", "code": 5141, "fclass": "service", "name": null, "ref": null, "oneway": "B", "maxspeed": 0, "layer": 0, "bridge": "F", "tunnel": "F" }, "geometry": { "type": "MultiLineString", "coordinates": [ [ [ 114.3500617, 30.5293218 ], [ 114.3500646, 30.5292465 ] ] ] } },
{ "type": "Feature", "properties": { "osm_id": "1444077823", "code": 5153, "fclass": "footway", "name": null, "ref": null, "oneway": "B", "maxspeed": 0, "layer": -1, "bridge": "F", "tunnel": "T" }, "geometry": { "type": "MultiLineString", "coordinates": [ [ [ 114.3504221, 30.529839 ], [ 114.3504241, 30.5297809 ], [ 114.3504304, 30.5295898 ], [ 114.3504693, 30.5295908 ] ] ] } },
{ "type": "Feature", "properties": { "osm_id": "1444077824", "code": 5153, "fclass": "footway", "name": null, "ref": null, "oneway": "B", "maxspeed": 0, "layer": 0, "bridge": "F", "tunnel": "F" }, "geometry": { "type": "MultiLineString", "coordinates": [ [ [ 114.3504201, 30.5299009 ], [ 114.3504211, 30.5298645 ] ] ] } },
{ "type": "Feature", "properties": { "osm_id": "1444077825", "code": 5155, "fclass": "steps", "name": null, "ref": null, "oneway": "B", "maxspeed": 0, "layer": 0, "bridge": "F", "tunnel": "F" }, "geometry": { "type": "MultiLineString", "coordinates": [ [ [ 114.3504211, 30.5298645 ], [ 114.3504221, 30.529839 ] ] ] } },
{ "type": "Feature", "properties": { "osm_id": "1444077826", "code": 5153, "fclass": "footway", "name": null, "ref": null, "oneway": "B", "maxspeed": 0, "layer": -1, "bridge": "F", "tunnel": "T" }, "geometry": { "type": "MultiLineString", "coordinates": [ [ [ 114.3500549, 30.5297748 ], [ 114.3504241, 30.5297809 ] ] ] } },
{ "type": "Feature", "properties": { "osm_id": "1444077827", "code": 5141, "fclass": "service", "name": null, "ref": null, "oneway": "B", "maxspeed": 0, "layer": 0, "bridge": "F", "tunnel": "F" }, "geometry": { "type": "MultiLineString", "coordinates": [ [ [ 114.3500331, 30.5297748 ], [ 114.3499406, 30.5297734 ] ] ] } },
{ "type": "Feature", "properties": { "osm_id": "1444077828", "code": 5155, "fclass": "steps", "name": null, "ref": null, "oneway": "B", "maxspeed": 0, "layer": 0, "bridge": "F", "tunnel": "F" }, "geometry": { "type": "MultiLineString", "coordinates": [ [ [ 114.3500549, 30.5297748 ], [ 114.3500331, 30.5297748 ] ] ] } },
{ "type": "Feature", "properties": { "osm_id": "1483109333", "code": 5141, "fclass": "service", "name": null, "ref": null, "oneway": "B", "maxspeed": 0, "layer": 0, "bridge": "F", "tunnel": "F" }, "geometry": { "type": "MultiLineString", "coordinates": [ [ [ 114.3494228, 30.532799 ], [ 114.3495015, 30.532776 ], [ 114.3496812, 30.5327234 ] ] ] } },
{ "type": "Feature", "properties": { "osm_id": "127030844", "code": 5113, "fclass": "primary", "name": "珞狮路", "ref": null, "oneway": "F", "maxspeed": 0, "layer": 0, "bridge": "F", "tunnel": "F" }, "geometry": { "type": "MultiLineString", "coordinates": [ [ [ 114.3490685, 30.5318638 ], [ 114.3494228, 30.532799 ], [ 114.349652, 30.5334078 ], [ 114.349673, 30.533466 ] ] ] } },
{ "type": "Feature", "properties": { "osm_id": "402823347", "code": 5113, "fclass": "primary", "name": "珞狮路", "ref": null, "oneway": "F", "maxspeed": 0, "layer": 0, "bridge": "F", "tunnel": "F" }, "geometry": { "type": "MultiLineString", "coordinates": [ [ [ 114.34845485030452, 30.53095065214195 ], [ 114.3483939, 30.5307777 ] ] ] } },
{ "type": "Feature", "properties": { "osm_id": "1382939849", "code": 5155, "fclass": "steps", "name": null, "ref": null, "oneway": "B", "maxspeed": 0, "layer": 0, "bridge": "F", "tunnel": "F" }, "geometry": { "type": "MultiLineString", "coordinates": [ [ [ 114.3525966, 30.5321928 ], [ 114.3526198, 30.5322129 ] ] ] } },
{ "type": "Feature", "properties": { "osm_id": "1481617626", "code": 5141, "fclass": "service", "name": null, "ref": null, "oneway": "B", "maxspeed": 0, "layer": 0, "bridge": "F", "tunnel": "F" }, "geometry": { "type": "MultiLineString", "coordinates": [ [ [ 114.357973192927062, 30.528285914201618 ], [ 114.3579385, 30.5282999 ] ] ] } },
{ "type": "Feature", "properties": { "osm_id": "103949717", "code": 5122, "fclass": "residential", "name": "求是一路", "ref": null, "oneway": "F", "maxspeed": 0, "layer": 0, "bridge": "F", "tunnel": "F" }, "geometry": { "type": "MultiLineString", "coordinates": [ [ [ 114.3563205, 30.5275568 ], [ 114.356321, 30.5278912 ], [ 114.3563211, 30.5280086 ], [ 114.3563213, 30.5281474 ], [ 114.3563215, 30.5282541 ] ] ] } },
{ "type": "Feature", "properties": { "osm_id": "122744427", "code": 5122, "fclass": "residential", "name": null, "ref": null, "oneway": "F", "maxspeed": 0, "layer": 0, "bridge": "F", "tunnel": "F" }, "geometry": { "type": "MultiLineString", "coordinates": [ [ [ 114.3557455, 30.5267844 ], [ 114.3557452, 30.5268742 ], [ 114.3557444, 30.5270785 ], [ 114.3557436, 30.5272995 ] ] ] } },
{ "type": "Feature", "properties": { "osm_id": "149570569", "code": 5112, "fclass": "trunk", "name": "珞喻路", "ref": "G316", "oneway": "F", "maxspeed": 40, "layer": 0, "bridge": "F", "tunnel": "F" }, "geometry": { "type": "MultiLineString", "coordinates": [ [ [ 114.354956, 30.5269163 ], [ 114.354498, 30.5270641 ], [ 114.3541657, 30.5271565 ], [ 114.3531952, 30.527449 ] ] ] } },
{ "type": "Feature", "properties": { "osm_id": "149570571", "code": 5112, "fclass": "trunk", "name": "珞喻路", "ref": "G316", "oneway": "F", "maxspeed": 40, "layer": 0, "bridge": "F", "tunnel": "F" }, "geometry": { "type": "MultiLineString", "coordinates": [ [ [ 114.3531952, 30.527449 ], [ 114.352527, 30.5276307 ] ] ] } },
{ "type": "Feature", "properties": { "osm_id": "911456999", "code": 5122, "fclass": "residential", "name": null, "ref": null, "oneway": "F", "maxspeed": 0, "layer": 0, "bridge": "F", "tunnel": "F" }, "geometry": { "type": "MultiLineString", "coordinates": [ [ [ 114.3556837, 30.5272989 ], [ 114.3556844, 30.527079 ], [ 114.355685, 30.5268947 ], [ 114.3556853, 30.5268113 ] ] ] } },
{ "type": "Feature", "properties": { "osm_id": "1270181380", "code": 5122, "fclass": "residential", "name": "桂元路", "ref": null, "oneway": "B", "maxspeed": 0, "layer": 0, "bridge": "F", "tunnel": "F" }, "geometry": { "type": "MultiLineString", "coordinates": [ [ [ 114.3526827, 30.5273747 ], [ 114.3526654, 30.5273236 ], [ 114.352643693270821, 30.527179622709582 ] ] ] } },
{ "type": "Feature", "properties": { "osm_id": "1279001417", "code": 5132, "fclass": "trunk_link", "name": null, "ref": null, "oneway": "F", "maxspeed": 0, "layer": 0, "bridge": "F", "tunnel": "F" }, "geometry": { "type": "MultiLineString", "coordinates": [ [ [ 114.3534884, 30.5272595 ], [ 114.3537291, 30.5270724 ] ] ] } },
{ "type": "Feature", "properties": { "osm_id": "1279001418", "code": 5132, "fclass": "trunk_link", "name": null, "ref": null, "oneway": "F", "maxspeed": 0, "layer": 0, "bridge": "F", "tunnel": "F" }, "geometry": { "type": "MultiLineString", "coordinates": [ [ [ 114.3538175, 30.52739 ], [ 114.3531952, 30.527449 ] ] ] } },
{ "type": "Feature", "properties": { "osm_id": "1383028683", "code": 5122, "fclass": "residential", "name": null, "ref": null, "oneway": "F", "maxspeed": 0, "layer": 0, "bridge": "F", "tunnel": "F" }, "geometry": { "type": "MultiLineString", "coordinates": [ [ [ 114.3556837, 30.5272989 ], [ 114.3557118, 30.5272992 ], [ 114.3557436, 30.5272995 ] ] ] } },
{ "type": "Feature", "properties": { "osm_id": "1397459419", "code": 5141, "fclass": "service", "name": null, "ref": null, "oneway": "B", "maxspeed": 0, "layer": 0, "bridge": "F", "tunnel": "F" }, "geometry": { "type": "MultiLineString", "coordinates": [ [ [ 114.3549735, 30.5274492 ], [ 114.3553663, 30.5273049 ], [ 114.3554414, 30.5272636 ], [ 114.3554633, 30.5272474 ], [ 114.3554778, 30.5272313 ], [ 114.3554886, 30.5272168 ], [ 114.3554969, 30.5271967 ], [ 114.3554995, 30.5271751 ], [ 114.3554956, 30.5271467 ], [ 114.3554831, 30.5271054 ], [ 114.3554345, 30.5269767 ], [ 114.3554045, 30.5269125 ] ] ] } },
{ "type": "Feature", "properties": { "osm_id": "1397459420", "code": 5155, "fclass": "steps", "name": null, "ref": null, "oneway": "B", "maxspeed": 0, "layer": 0, "bridge": "F", "tunnel": "F" }, "geometry": { "type": "MultiLineString", "coordinates": [ [ [ 114.3550158, 30.52754 ], [ 114.3549983, 30.5275023 ], [ 114.3549735, 30.5274492 ] ] ] } },
{ "type": "Feature", "properties": { "osm_id": "1397459425", "code": 5153, "fclass": "footway", "name": null, "ref": null, "oneway": "B", "maxspeed": 0, "layer": 0, "bridge": "F", "tunnel": "F" }, "geometry": { "type": "MultiLineString", "coordinates": [ [ [ 114.3561714, 30.527374 ], [ 114.356369, 30.5274336 ] ] ] } },
{ "type": "Feature", "properties": { "osm_id": "1397459427", "code": 5153, "fclass": "footway", "name": null, "ref": null, "oneway": "B", "maxspeed": 0, "layer": 0, "bridge": "F", "tunnel": "F" }, "geometry": { "type": "MultiLineString", "coordinates": [ [ [ 114.3558909, 30.5273298 ], [ 114.3561705, 30.5273296 ], [ 114.3564471, 30.5273285 ] ] ] } },
{ "type": "Feature", "properties": { "osm_id": "1480419189", "code": 5153, "fclass": "footway", "name": null, "ref": null, "oneway": "B", "maxspeed": 0, "layer": 0, "bridge": "F", "tunnel": "F" }, "geometry": { "type": "MultiLineString", "coordinates": [ [ [ 114.3550943, 30.5275783 ], [ 114.3550158, 30.52754 ] ] ] } },
{ "type": "Feature", "properties": { "osm_id": "1480419218", "code": 5141, "fclass": "service", "name": null, "ref": null, "oneway": "B", "maxspeed": 0, "layer": 0, "bridge": "F", "tunnel": "F" }, "geometry": { "type": "MultiLineString", "coordinates": [ [ [ 114.3538175, 30.52739 ], [ 114.3538441, 30.5274599 ], [ 114.353861, 30.5275043 ], [ 114.3538907, 30.5275825 ], [ 114.353911, 30.5276359 ], [ 114.3539388, 30.5277091 ] ] ] } },
{ "type": "Feature", "properties": { "osm_id": "1484820214", "code": 5153, "fclass": "footway", "name": null, "ref": null, "oneway": "B", "maxspeed": 0, "layer": 0, "bridge": "F", "tunnel": "F" }, "geometry": { "type": "MultiLineString", "coordinates": [ [ [ 114.3558246, 30.5270152 ], [ 114.3558269, 30.5268369 ] ] ] } },
{ "type": "Feature", "properties": { "osm_id": "1484820215", "code": 5153, "fclass": "footway", "name": null, "ref": null, "oneway": "B", "maxspeed": 0, "layer": 0, "bridge": "F", "tunnel": "F" }, "geometry": { "type": "MultiLineString", "coordinates": [ [ [ 114.3558208, 30.5273134 ], [ 114.3558232, 30.5271054 ] ] ] } },
{ "type": "Feature", "properties": { "osm_id": "1484820216", "code": 5153, "fclass": "footway", "name": null, "ref": null, "oneway": "F", "maxspeed": 0, "layer": -1, "bridge": "F", "tunnel": "T" }, "geometry": { "type": "MultiLineString", "coordinates": [ [ [ 114.3558246, 30.5270152 ], [ 114.3558238, 30.5270788 ], [ 114.3558232, 30.5271054 ] ] ] } },
{ "type": "Feature", "properties": { "osm_id": "1484820217", "code": 5153, "fclass": "footway", "name": null, "ref": null, "oneway": "B", "maxspeed": 0, "layer": 0, "bridge": "F", "tunnel": "F" }, "geometry": { "type": "MultiLineString", "coordinates": [ [ [ 114.355619, 30.5270319 ], [ 114.3556204, 30.5269158 ] ] ] } },
{ "type": "Feature", "properties": { "osm_id": "1484820218", "code": 5153, "fclass": "footway", "name": null, "ref": null, "oneway": "B", "maxspeed": 0, "layer": 0, "bridge": "F", "tunnel": "F" }, "geometry": { "type": "MultiLineString", "coordinates": [ [ [ 114.3556165, 30.5273174 ], [ 114.3556175, 30.5271239 ] ] ] } },
{ "type": "Feature", "properties": { "osm_id": "1484820219", "code": 5153, "fclass": "footway", "name": null, "ref": null, "oneway": "F", "maxspeed": 0, "layer": -1, "bridge": "F", "tunnel": "T" }, "geometry": { "type": "MultiLineString", "coordinates": [ [ [ 114.3556175, 30.5271239 ], [ 114.3556182, 30.5270778 ], [ 114.355619, 30.5270319 ] ] ] } },
{ "type": "Feature", "properties": { "osm_id": "1441621547", "code": 5153, "fclass": "footway", "name": null, "ref": null, "oneway": "B", "maxspeed": 0, "layer": 0, "bridge": "F", "tunnel": "F" }, "geometry": { "type": "MultiLineString", "coordinates": [ [ [ 114.3545845, 30.5315565 ], [ 114.3545847, 30.5316662 ] ] ] } },
{ "type": "Feature", "properties": { "osm_id": "1471868945", "code": 5153, "fclass": "footway", "name": null, "ref": null, "oneway": "B", "maxspeed": 0, "layer": 0, "bridge": "F", "tunnel": "F" }, "geometry": { "type": "MultiLineString", "coordinates": [ [ [ 114.3541949, 30.5317379 ], [ 114.3541432, 30.5317379 ], [ 114.3541061, 30.5317379 ] ] ] } },
{ "type": "Feature", "properties": { "osm_id": "1471868946", "code": 5153, "fclass": "footway", "name": null, "ref": null, "oneway": "B", "maxspeed": 0, "layer": 0, "bridge": "F", "tunnel": "F" }, "geometry": { "type": "MultiLineString", "coordinates": [ [ [ 114.3545836, 30.531864 ], [ 114.3545843, 30.531907 ] ] ] } },
{ "type": "Feature", "properties": { "osm_id": "1443127372", "code": 5155, "fclass": "steps", "name": null, "ref": null, "oneway": "B", "maxspeed": 0, "layer": 0, "bridge": "F", "tunnel": "F" }, "geometry": { "type": "MultiLineString", "coordinates": [ [ [ 114.3541735, 30.5320001 ], [ 114.3542985, 30.5319992 ] ] ] } },
{ "type": "Feature", "properties": { "osm_id": "1443127373", "code": 5153, "fclass": "footway", "name": null, "ref": null, "oneway": "B", "maxspeed": 0, "layer": 0, "bridge": "F", "tunnel": "F" }, "geometry": { "type": "MultiLineString", "coordinates": [ [ [ 114.3542985, 30.5319992 ], [ 114.3544498, 30.5319992 ], [ 114.3544481, 30.5319073 ] ] ] } },
{ "type": "Feature", "properties": { "osm_id": "1441621546", "code": 5153, "fclass": "footway", "name": null, "ref": null, "oneway": "B", "maxspeed": 0, "layer": 0, "bridge": "F", "tunnel": "F" }, "geometry": { "type": "MultiLineString", "coordinates": [ [ [ 114.3536296, 30.5309343 ], [ 114.3536298, 30.5310399 ] ] ] } },
{ "type": "Feature", "properties": { "osm_id": "1036561025", "code": 5153, "fclass": "footway", "name": null, "ref": null, "oneway": "B", "maxspeed": 0, "layer": 0, "bridge": "F", "tunnel": "F" }, "geometry": { "type": "MultiLineString", "coordinates": [ [ [ 114.3536422, 30.5316933 ], [ 114.3536634, 30.5317355 ], [ 114.3536705, 30.5317512 ], [ 114.3536749, 30.5317682 ], [ 114.353673, 30.5317851 ], [ 114.3536657, 30.5318026 ], [ 114.35365, 30.5318165 ], [ 114.3536273, 30.5318267 ], [ 114.3535989, 30.5318339 ], [ 114.3535711, 30.5318387 ], [ 114.3535422, 30.5318414 ], [ 114.3535067, 30.531843 ], [ 114.3534757, 30.5318382 ], [ 114.3534273, 30.5318236 ], [ 114.3534014, 30.5318114 ], [ 114.3533822, 30.5317974 ], [ 114.3533639, 30.5317851 ], [ 114.3533483, 30.5317704 ], [ 114.3533358, 30.5317559 ], [ 114.353327, 30.5317462 ], [ 114.3533164, 30.5317295 ], [ 114.3533059, 30.5316984 ], [ 114.3533006, 30.531666 ], [ 114.3533026, 30.5316433 ], [ 114.3533133, 30.5316251 ], [ 114.3533295, 30.5316079 ], [ 114.353361, 30.531597 ], [ 114.3533941, 30.5315926 ], [ 114.3534413, 30.531591 ], [ 114.353477, 30.5315927 ], [ 114.3535089, 30.5316 ], [ 114.3535407, 30.5316112 ], [ 114.35357, 30.5316232 ], [ 114.3535913, 30.5316351 ], [ 114.3536058, 30.5316468 ], [ 114.3536192, 30.5316615 ], [ 114.3536337, 30.5316789 ], [ 114.3536422, 30.5316933 ] ] ] } },
{ "type": "Feature", "properties": { "osm_id": "1036561026", "code": 5153, "fclass": "footway", "name": null, "ref": null, "oneway": "B", "maxspeed": 0, "layer": 0, "bridge": "F", "tunnel": "F" }, "geometry": { "type": "MultiLineString", "coordinates": [ [ [ 114.3537403, 30.5318778 ], [ 114.3537236, 30.5318846 ], [ 114.3536947, 30.5318914 ], [ 114.3536644, 30.531897 ], [ 114.3536172, 30.5319 ], [ 114.3535665, 30.5319 ], [ 114.3535002, 30.531893 ], [ 114.3534472, 30.5318839 ], [ 114.3534085, 30.5318704 ], [ 114.3533707, 30.5318488 ], [ 114.3533356, 30.5318237 ], [ 114.3532918, 30.5317877 ], [ 114.3532696, 30.5317672 ], [ 114.3532521, 30.5317501 ], [ 114.3532378, 30.5317303 ], [ 114.3532196, 30.5317042 ], [ 114.3532106, 30.5316849 ], [ 114.3532075, 30.5316711 ], [ 114.3532082, 30.5316545 ], [ 114.3532103, 30.5316369 ], [ 114.3532152, 30.5316192 ], [ 114.3532241, 30.531599 ], [ 114.3532391, 30.5315787 ], [ 114.3532552, 30.5315691 ], [ 114.3532712, 30.5315629 ], [ 114.3532984, 30.5315564 ], [ 114.3533255, 30.5315533 ], [ 114.3534273, 30.5315477 ], [ 114.3535001, 30.5315483 ], [ 114.3535711, 30.5315545 ], [ 114.353611, 30.5315668 ], [ 114.3536422, 30.5315821 ], [ 114.3536674, 30.5315989 ], [ 114.3536907, 30.5316155 ], [ 114.3537031, 30.5316307 ], [ 114.3537138, 30.531649 ], [ 114.3538528, 30.5316461 ], [ 114.3539287, 30.5316446 ], [ 114.3539999, 30.5316439 ] ] ] } },
{ "type": "Feature", "properties": { "osm_id": "1036561027", "code": 5153, "fclass": "footway", "name": null, "ref": null, "oneway": "B", "maxspeed": 0, "layer": 0, "bridge": "F", "tunnel": "F" }, "geometry": { "type": "MultiLineString", "coordinates": [ [ [ 114.353775, 30.532062 ], [ 114.3538518, 30.5320128 ], [ 114.3538246, 30.5319798 ], [ 114.3537403, 30.5318778 ], [ 114.3537561, 30.5318655 ], [ 114.3537663, 30.5318538 ], [ 114.3537744, 30.5318422 ], [ 114.3538813, 30.5318412 ], [ 114.353897, 30.5318409 ], [ 114.3540044, 30.5318386 ], [ 114.3540095, 30.5318321 ], [ 114.3540141, 30.5318262 ], [ 114.3540141, 30.5317641 ], [ 114.3540141, 30.5316957 ], [ 114.3539803, 30.5316963 ], [ 114.3539459, 30.5316618 ], [ 114.3539287, 30.5316446 ] ] ] } },
{ "type": "Feature", "properties": { "osm_id": "1036845865", "code": 5153, "fclass": "footway", "name": null, "ref": null, "oneway": "B", "maxspeed": 0, "layer": 0, "bridge": "F", "tunnel": "F" }, "geometry": { "type": "MultiLineString", "coordinates": [ [ [ 114.3537164, 30.531675 ], [ 114.3537185, 30.5316925 ], [ 114.3537276, 30.5317117 ], [ 114.3537502, 30.5317631 ], [ 114.3537523, 30.5317691 ], [ 114.3537618, 30.5317967 ], [ 114.3537744, 30.5318422 ] ] ] } },
{ "type": "Feature", "properties": { "osm_id": "1442929829", "code": 5153, "fclass": "footway", "name": null, "ref": null, "oneway": "B", "maxspeed": 0, "layer": 0, "bridge": "F", "tunnel": "F" }, "geometry": { "type": "MultiLineString", "coordinates": [ [ [ 114.353388, 30.5320183 ], [ 114.3534214, 30.531943 ], [ 114.3534262, 30.531932 ], [ 114.3534314, 30.5319201 ], [ 114.3534472, 30.5318839 ] ] ] } },
{ "type": "Feature", "properties": { "osm_id": "1442929830", "code": 5153, "fclass": "footway", "name": null, "ref": null, "oneway": "B", "maxspeed": 0, "layer": 0, "bridge": "F", "tunnel": "F" }, "geometry": { "type": "MultiLineString", "coordinates": [ [ [ 114.3535002, 30.531893 ], [ 114.3535067, 30.531843 ] ] ] } },
{ "type": "Feature", "properties": { "osm_id": "1443127388", "code": 5153, "fclass": "footway", "name": null, "ref": null, "oneway": "B", "maxspeed": 0, "layer": 0, "bridge": "F", "tunnel": "F" }, "geometry": { "type": "MultiLineString", "coordinates": [ [ [ 114.3530503, 30.5318182 ], [ 114.3530976, 30.5318341 ], [ 114.3531833, 30.5318629 ], [ 114.3534214, 30.531943 ], [ 114.353775, 30.532062 ] ] ] } },
{ "type": "Feature", "properties": { "osm_id": "1443127389", "code": 5153, "fclass": "footway", "name": null, "ref": null, "oneway": "B", "maxspeed": 0, "layer": 0, "bridge": "F", "tunnel": "F" }, "geometry": { "type": "MultiLineString", "coordinates": [ [ [ 114.3530503, 30.5318182 ], [ 114.3530504, 30.5317862 ], [ 114.3530504, 30.5317686 ], [ 114.3530505, 30.5317312 ], [ 114.3530509, 30.5315658 ], [ 114.3530517, 30.5314733 ], [ 114.353, 30.531473 ], [ 114.3529396, 30.5314741 ] ] ] } },
{ "type": "Feature", "properties": { "osm_id": "1443127404", "code": 5155, "fclass": "steps", "name": null, "ref": null, "oneway": "B", "maxspeed": 0, "layer": 0, "bridge": "F", "tunnel": "F" }, "geometry": { "type": "MultiLineString", "coordinates": [ [ [ 114.35314, 30.531811 ], [ 114.353176, 30.5317907 ] ] ] } },
{ "type": "Feature", "properties": { "osm_id": "1443127405", "code": 5153, "fclass": "footway", "name": null, "ref": null, "oneway": "B", "maxspeed": 0, "layer": 0, "bridge": "F", "tunnel": "F" }, "geometry": { "type": "MultiLineString", "coordinates": [ [ [ 114.3530976, 30.5318341 ], [ 114.35314, 30.531811 ] ] ] } },
{ "type": "Feature", "properties": { "osm_id": "1443127407", "code": 5153, "fclass": "footway", "name": null, "ref": null, "oneway": "B", "maxspeed": 0, "layer": 0, "bridge": "F", "tunnel": "F" }, "geometry": { "type": "MultiLineString", "coordinates": [ [ [ 114.3530951, 30.5317478 ], [ 114.35314, 30.531811 ] ] ] } },
{ "type": "Feature", "properties": { "osm_id": "1443128318", "code": 5153, "fclass": "footway", "name": null, "ref": null, "oneway": "B", "maxspeed": 0, "layer": 0, "bridge": "F", "tunnel": "F" }, "geometry": { "type": "MultiLineString", "coordinates": [ [ [ 114.3536699, 30.5322364 ], [ 114.3537118, 30.5321322 ] ] ] } },
{ "type": "Feature", "properties": { "osm_id": "1471868955", "code": 5124, "fclass": "pedestrian", "name": null, "ref": null, "oneway": "B", "maxspeed": 0, "layer": 0, "bridge": "F", "tunnel": "F" }, "geometry": { "type": "MultiLineString", "coordinates": [ [ [ 114.3530288, 30.531831 ], [ 114.3530294, 30.5317869 ], [ 114.3530301, 30.5317308 ], [ 114.3530505, 30.5317312 ], [ 114.3530972, 30.5317309 ], [ 114.3531196, 30.5317181 ], [ 114.3531281, 30.531729 ], [ 114.3531438, 30.5317493 ], [ 114.3531228, 30.5317611 ], [ 114.3531411, 30.5317853 ], [ 114.3531625, 30.5317733 ], [ 114.353176, 30.5317907 ], [ 114.3531952, 30.5318155 ], [ 114.3531873, 30.5318223 ], [ 114.3531842, 30.5318277 ], [ 114.3531823, 30.5318337 ], [ 114.3531823, 30.5318399 ], [ 114.3531847, 30.5318449 ], [ 114.3531896, 30.5318494 ], [ 114.3531833, 30.5318629 ], [ 114.3531752, 30.5318786 ], [ 114.3530288, 30.531831 ] ] ] } },
{ "type": "Feature", "properties": { "osm_id": "1481020753", "code": 5122, "fclass": "residential", "name": "求是大道", "ref": null, "oneway": "B", "maxspeed": 0, "layer": 0, "bridge": "F", "tunnel": "F" }, "geometry": { "type": "MultiLineString", "coordinates": [ [ [ 114.3537118, 30.5321322 ], [ 114.353388, 30.5320183 ], [ 114.3530005, 30.5318828 ] ] ] } },
{ "type": "Feature", "properties": { "osm_id": "1443127362", "code": 5153, "fclass": "footway", "name": null, "ref": null, "oneway": "B", "maxspeed": 0, "layer": -1, "bridge": "F", "tunnel": "T" }, "geometry": { "type": "MultiLineString", "coordinates": [ [ [ 114.3539417, 30.531899 ], [ 114.3538975, 30.5318998 ], [ 114.3538973, 30.5318758 ] ] ] } },
{ "type": "Feature", "properties": { "osm_id": "1443127393", "code": 5153, "fclass": "footway", "name": null, "ref": null, "oneway": "B", "maxspeed": 0, "layer": 0, "bridge": "F", "tunnel": "F" }, "geometry": { "type": "MultiLineString", "coordinates": [ [ [ 114.3538813, 30.5318412 ], [ 114.3538811, 30.5318343 ], [ 114.3538792, 30.5317766 ] ] ] } },
{ "type": "Feature", "properties": { "osm_id": "1443127394", "code": 5153, "fclass": "footway", "name": null, "ref": null, "oneway": "B", "maxspeed": 0, "layer": 0, "bridge": "F", "tunnel": "F" }, "geometry": { "type": "MultiLineString", "coordinates": [ [ [ 114.3537523, 30.5317691 ], [ 114.3537663, 30.5317659 ], [ 114.3538336, 30.5317505 ], [ 114.3538498, 30.5317475 ] ] ] } },
{ "type": "Feature", "properties": { "osm_id": "1443127395", "code": 5153, "fclass": "footway", "name": null, "ref": null, "oneway": "B", "maxspeed": 0, "layer": 0, "bridge": "F", "tunnel": "F" }, "geometry": { "type": "MultiLineString", "coordinates": [ [ [ 114.3538721, 30.5317316 ], [ 114.3538535, 30.531671 ], [ 114.3538531, 30.5316635 ], [ 114.3538528, 30.5316461 ] ] ] } },
{ "type": "Feature", "properties": { "osm_id": "1443127396", "code": 5153, "fclass": "footway", "name": null, "ref": null, "oneway": "B", "maxspeed": 0, "layer": 0, "bridge": "F", "tunnel": "F" }, "geometry": { "type": "MultiLineString", "coordinates": [ [ [ 114.3539013, 30.531756 ], [ 114.3539258, 30.5317651 ], [ 114.3540141, 30.5317641 ] ] ] } },
{ "type": "Feature", "properties": { "osm_id": "1443127409", "code": 5153, "fclass": "footway", "name": null, "ref": null, "oneway": "B", "maxspeed": 0, "layer": 0, "bridge": "F", "tunnel": "F" }, "geometry": { "type": "MultiLineString", "coordinates": [ [ [ 114.3538992, 30.5317633 ], [ 114.3538944, 30.5317696 ], [ 114.3538875, 30.5317742 ], [ 114.3538792, 30.5317766 ], [ 114.3538704, 30.5317765 ], [ 114.353862, 30.5317739 ], [ 114.3538551, 30.5317691 ], [ 114.3538505, 30.5317626 ], [ 114.3538487, 30.5317551 ], [ 114.3538498, 30.5317475 ], [ 114.3538531, 30.5317416 ], [ 114.3538582, 30.5317367 ], [ 114.3538647, 30.5317333 ], [ 114.3538721, 30.5317316 ], [ 114.3538798, 30.5317318 ], [ 114.3538871, 30.531734 ], [ 114.3538934, 30.5317378 ], [ 114.3538981, 30.5317431 ], [ 114.3539008, 30.5317493 ], [ 114.3539013, 30.531756 ], [ 114.3538992, 30.5317633 ] ] ] } },
{ "type": "Feature", "properties": { "osm_id": "1471868953", "code": 5153, "fclass": "footway", "name": null, "ref": null, "oneway": "B", "maxspeed": 0, "layer": 1, "bridge": "F", "tunnel": "F" }, "geometry": { "type": "MultiLineString", "coordinates": [ [ [ 114.3538973, 30.5318758 ], [ 114.3538971, 30.5318472 ], [ 114.353897, 30.5318409 ] ] ] } },
{ "type": "Feature", "properties": { "osm_id": "1443127402", "code": 5153, "fclass": "footway", "name": null, "ref": null, "oneway": "B", "maxspeed": 0, "layer": 0, "bridge": "F", "tunnel": "F" }, "geometry": { "type": "MultiLineString", "coordinates": [ [ [ 114.354063, 30.5320015 ], [ 114.3538655, 30.5320042 ], [ 114.3538518, 30.5320128 ] ] ] } },
{ "type": "Feature", "properties": { "osm_id": "1036845890", "code": 5122, "fclass": "residential", "name": null, "ref": null, "oneway": "F", "maxspeed": 0, "layer": 0, "bridge": "F", "tunnel": "F" }, "geometry": { "type": "MultiLineString", "coordinates": [ [ [ 114.3522898, 30.5297311 ], [ 114.3522681, 30.5296362 ], [ 114.3522284, 30.5294984 ], [ 114.3521929, 30.5293942 ], [ 114.3521453, 30.5292785 ], [ 114.3520341, 30.5290737 ] ] ] } },
{ "type": "Feature", "properties": { "osm_id": "1445907162", "code": 5153, "fclass": "footway", "name": null, "ref": null, "oneway": "B", "maxspeed": 0, "layer": -1, "bridge": "F", "tunnel": "T" }, "geometry": { "type": "MultiLineString", "coordinates": [ [ [ 114.3533997, 30.5302398 ], [ 114.3537852, 30.5302386 ], [ 114.3537847, 30.5301289 ] ] ] } },
{ "type": "Feature", "properties": { "osm_id": "1445907163", "code": 5153, "fclass": "footway", "name": null, "ref": null, "oneway": "B", "maxspeed": 0, "layer": 0, "bridge": "F", "tunnel": "F" }, "geometry": { "type": "MultiLineString", "coordinates": [ [ [ 114.3537847, 30.5301289 ], [ 114.3537835, 30.5300648 ] ] ] } },
{ "type": "Feature", "properties": { "osm_id": "1036561030", "code": 5153, "fclass": "footway", "name": null, "ref": null, "oneway": "B", "maxspeed": 0, "layer": 0, "bridge": "F", "tunnel": "F" }, "geometry": { "type": "MultiLineString", "coordinates": [ [ [ 114.3536422, 30.5316933 ], [ 114.3537164, 30.531675 ], [ 114.3537138, 30.531649 ] ] ] } },
{ "type": "Feature", "properties": { "osm_id": "1036561031", "code": 5153, "fclass": "footway", "name": null, "ref": null, "oneway": "B", "maxspeed": 0, "layer": 0, "bridge": "F", "tunnel": "F" }, "geometry": { "type": "MultiLineString", "coordinates": [ [ [ 114.3532391, 30.5315787 ], [ 114.3531961, 30.5315655 ], [ 114.3530895, 30.531566 ], [ 114.3530509, 30.5315658 ], [ 114.353001, 30.5315654 ] ] ] } },
{ "type": "Feature", "properties": { "osm_id": "1036845862", "code": 5155, "fclass": "steps", "name": null, "ref": null, "oneway": "B", "maxspeed": 0, "layer": 0, "bridge": "F", "tunnel": "F" }, "geometry": { "type": "MultiLineString", "coordinates": [ [ [ 114.3539998, 30.5316269 ], [ 114.3539997, 30.531561 ] ] ] } },
{ "type": "Feature", "properties": { "osm_id": "1036845864", "code": 5153, "fclass": "footway", "name": null, "ref": null, "oneway": "B", "maxspeed": 0, "layer": 0, "bridge": "F", "tunnel": "F" }, "geometry": { "type": "MultiLineString", "coordinates": [ [ [ 114.3539997, 30.531561 ], [ 114.3540586, 30.5315598 ], [ 114.3541063, 30.5315586 ] ] ] } },
{ "type": "Feature", "properties": { "osm_id": "1442929826", "code": 5155, "fclass": "steps", "name": null, "ref": null, "oneway": "B", "maxspeed": 0, "layer": 0, "bridge": "F", "tunnel": "F" }, "geometry": { "type": "MultiLineString", "coordinates": [ [ [ 114.3533254, 30.5315475 ], [ 114.3533244, 30.5314726 ] ] ] } },
{ "type": "Feature", "properties": { "osm_id": "1442929827", "code": 5153, "fclass": "footway", "name": null, "ref": null, "oneway": "B", "maxspeed": 0, "layer": 0, "bridge": "F", "tunnel": "F" }, "geometry": { "type": "MultiLineString", "coordinates": [ [ [ 114.3533255, 30.5315533 ], [ 114.3533254, 30.5315475 ] ] ] } },
{ "type": "Feature", "properties": { "osm_id": "1442929828", "code": 5153, "fclass": "footway", "name": null, "ref": null, "oneway": "B", "maxspeed": 0, "layer": 0, "bridge": "F", "tunnel": "F" }, "geometry": { "type": "MultiLineString", "coordinates": [ [ [ 114.3539999, 30.5316439 ], [ 114.3539998, 30.5316269 ] ] ] } },
{ "type": "Feature", "properties": { "osm_id": "1443127361", "code": 5153, "fclass": "footway", "name": null, "ref": null, "oneway": "B", "maxspeed": 0, "layer": 1, "bridge": "F", "tunnel": "F" }, "geometry": { "type": "MultiLineString", "coordinates": [ [ [ 114.3531579, 30.5316192 ], [ 114.3531875, 30.5316192 ], [ 114.353197, 30.5316192 ], [ 114.3532152, 30.5316192 ] ] ] } },
{ "type": "Feature", "properties": { "osm_id": "1443127371", "code": 5153, "fclass": "footway", "name": null, "ref": null, "oneway": "B", "maxspeed": 0, "layer": 0, "bridge": "F", "tunnel": "F" }, "geometry": { "type": "MultiLineString", "coordinates": [ [ [ 114.354063, 30.5320015 ], [ 114.354106, 30.5320008 ], [ 114.3541735, 30.5320001 ] ] ] } },
{ "type": "Feature", "properties": { "osm_id": "1443127385", "code": 5153, "fclass": "footway", "name": null, "ref": null, "oneway": "B", "maxspeed": 0, "layer": 0, "bridge": "F", "tunnel": "F" }, "geometry": { "type": "MultiLineString", "coordinates": [ [ [ 114.3540644, 30.5321315 ], [ 114.354063, 30.5320015 ], [ 114.3540586, 30.5315598 ], [ 114.3540563, 30.5313276 ] ] ] } },
{ "type": "Feature", "properties": { "osm_id": "1443127399", "code": 5153, "fclass": "footway", "name": null, "ref": null, "oneway": "B", "maxspeed": 0, "layer": 0, "bridge": "F", "tunnel": "F" }, "geometry": { "type": "MultiLineString", "coordinates": [ [ [ 114.3532918, 30.5317877 ], [ 114.3533358, 30.5317559 ] ] ] } },
{ "type": "Feature", "properties": { "osm_id": "1443127400", "code": 5155, "fclass": "steps", "name": null, "ref": null, "oneway": "B", "maxspeed": 0, "layer": 0, "bridge": "F", "tunnel": "F" }, "geometry": { "type": "MultiLineString", "coordinates": [ [ [ 114.3530951, 30.5317478 ], [ 114.3531281, 30.531729 ] ] ] } },
{ "type": "Feature", "properties": { "osm_id": "1443127401", "code": 5153, "fclass": "footway", "name": null, "ref": null, "oneway": "B", "maxspeed": 0, "layer": 0, "bridge": "F", "tunnel": "F" }, "geometry": { "type": "MultiLineString", "coordinates": [ [ [ 114.3531281, 30.531729 ], [ 114.3532106, 30.5316849 ] ] ] } },
{ "type": "Feature", "properties": { "osm_id": "1443127403", "code": 5153, "fclass": "footway", "name": null, "ref": null, "oneway": "B", "maxspeed": 0, "layer": 0, "bridge": "F", "tunnel": "F" }, "geometry": { "type": "MultiLineString", "coordinates": [ [ [ 114.353176, 30.5317907 ], [ 114.3532521, 30.5317501 ] ] ] } },
{ "type": "Feature", "properties": { "osm_id": "1443127406", "code": 5153, "fclass": "footway", "name": null, "ref": null, "oneway": "B", "maxspeed": 0, "layer": 0, "bridge": "F", "tunnel": "F" }, "geometry": { "type": "MultiLineString", "coordinates": [ [ [ 114.3530504, 30.5317686 ], [ 114.3530951, 30.5317478 ] ] ] } },
{ "type": "Feature", "properties": { "osm_id": "1471868944", "code": 5153, "fclass": "footway", "name": null, "ref": null, "oneway": "B", "maxspeed": 0, "layer": 0, "bridge": "F", "tunnel": "F" }, "geometry": { "type": "MultiLineString", "coordinates": [ [ [ 114.353165, 30.5313366 ], [ 114.3531344, 30.531338 ], [ 114.3531347, 30.5314379 ], [ 114.3533238, 30.5314365 ], [ 114.3536558, 30.5314315 ], [ 114.3539481, 30.5314292 ], [ 114.3539983, 30.531476 ], [ 114.3539997, 30.531561 ] ] ] } },
{ "type": "Feature", "properties": { "osm_id": "1471868949", "code": 5124, "fclass": "pedestrian", "name": null, "ref": null, "oneway": "B", "maxspeed": 0, "layer": 0, "bridge": "F", "tunnel": "F" }, "geometry": { "type": "MultiLineString", "coordinates": [ [ [ 114.3532752, 30.5315479 ], [ 114.3532745, 30.5314731 ], [ 114.3533244, 30.5314726 ], [ 114.3533696, 30.5314722 ], [ 114.3533704, 30.5315472 ], [ 114.3533254, 30.5315475 ], [ 114.3532752, 30.5315479 ] ] ] } },
{ "type": "Feature", "properties": { "osm_id": "1471868951", "code": 5153, "fclass": "footway", "name": null, "ref": null, "oneway": "B", "maxspeed": 0, "layer": 0, "bridge": "F", "tunnel": "F" }, "geometry": { "type": "MultiLineString", "coordinates": [ [ [ 114.3538528, 30.5316461 ], [ 114.3538525, 30.5316279 ] ] ] } },
{ "type": "Feature", "properties": { "osm_id": "1471868952", "code": 5153, "fclass": "footway", "name": null, "ref": null, "oneway": "B", "maxspeed": 0, "layer": -1, "bridge": "F", "tunnel": "T" }, "geometry": { "type": "MultiLineString", "coordinates": [ [ [ 114.3538525, 30.5316279 ], [ 114.3538522, 30.5316048 ], [ 114.353826, 30.5316051 ] ] ] } },
{ "type": "Feature", "properties": { "osm_id": "1471868954", "code": 5153, "fclass": "footway", "name": null, "ref": null, "oneway": "B", "maxspeed": 0, "layer": -1, "bridge": "F", "tunnel": "T" }, "geometry": { "type": "MultiLineString", "coordinates": [ [ [ 114.3531314, 30.5316448 ], [ 114.3531319, 30.5316192 ], [ 114.3531579, 30.5316192 ] ] ] } },
{ "type": "Feature", "properties": { "osm_id": "98965440", "code": 5122, "fclass": "residential", "name": "求是二路", "ref": null, "oneway": "F", "maxspeed": 0, "layer": 0, "bridge": "F", "tunnel": "F" }, "geometry": { "type": "MultiLineString", "coordinates": [ [ [ 114.355073, 30.5282555 ], [ 114.3550727, 30.5280755 ], [ 114.3550722, 30.5276849 ], [ 114.3550748, 30.5275946 ] ] ] } },
{ "type": "Feature", "properties": { "osm_id": "102688932", "code": 5122, "fclass": "residential", "name": "群光东路", "ref": null, "oneway": "F", "maxspeed": 0, "layer": 0, "bridge": "F", "tunnel": "F" }, "geometry": { "type": "MultiLineString", "coordinates": [ [ [ 114.35068187210743, 30.527810021186227 ], [ 114.3506845, 30.5278167 ], [ 114.3507377, 30.5279546 ] ] ] } },
{ "type": "Feature", "properties": { "osm_id": "103949739", "code": 5122, "fclass": "residential", "name": "星湖南路", "ref": null, "oneway": "B", "maxspeed": 0, "layer": 0, "bridge": "F", "tunnel": "F" }, "geometry": { "type": "MultiLineString", "coordinates": [ [ [ 114.3522955, 30.5290708 ], [ 114.3520341, 30.5290737 ] ] ] } },
{ "type": "Feature", "properties": { "osm_id": "104108007", "code": 5122, "fclass": "residential", "name": "北京路", "ref": null, "oneway": "F", "maxspeed": 0, "layer": 0, "bridge": "F", "tunnel": "F" }, "geometry": { "type": "MultiLineString", "coordinates": [ [ [ 114.3563215, 30.5282541 ], [ 114.3558393, 30.5282548 ], [ 114.3557133, 30.5282548 ], [ 114.3555813, 30.5282549 ], [ 114.355073, 30.5282555 ] ] ] } },
{ "type": "Feature", "properties": { "osm_id": "104372380", "code": 5122, "fclass": "residential", "name": "星湖一路", "ref": null, "oneway": "B", "maxspeed": 0, "layer": 0, "bridge": "F", "tunnel": "F" }, "geometry": { "type": "MultiLineString", "coordinates": [ [ [ 114.3540737, 30.5300638 ], [ 114.3540787, 30.5302696 ], [ 114.3540806, 30.5303922 ], [ 114.3540872, 30.5308041 ], [ 114.3540883, 30.530848 ], [ 114.3540926, 30.5309309 ], [ 114.3541052, 30.531164 ] ] ] } },
{ "type": "Feature", "properties": { "osm_id": "104372381", "code": 5141, "fclass": "service", "name": "陕西路", "ref": null, "oneway": "B", "maxspeed": 0, "layer": 0, "bridge": "F", "tunnel": "F" }, "geometry": { "type": "MultiLineString", "coordinates": [ [ [ 114.3550736, 30.5286349 ], [ 114.3555821, 30.5286342 ], [ 114.3557158, 30.5286341 ] ] ] } },
{ "type": "Feature", "properties": { "osm_id": "104372392", "code": 5122, "fclass": "residential", "name": "回归路", "ref": null, "oneway": "B", "maxspeed": 0, "layer": 0, "bridge": "F", "tunnel": "F" }, "geometry": { "type": "MultiLineString", "coordinates": [ [ [ 114.3575487, 30.5317981 ], [ 114.3575508, 30.530988 ], [ 114.3575508, 30.5309246 ], [ 114.3575451, 30.530681 ], [ 114.3575397, 30.5306365 ], [ 114.3575342, 30.5305989 ], [ 114.3575009, 30.5304467 ], [ 114.3574571, 30.5302061 ], [ 114.3574534, 30.5301661 ], [ 114.3574468, 30.5301036 ] ] ] } },
{ "type": "Feature", "properties": { "osm_id": "104372400", "code": 5122, "fclass": "residential", "name": "星湖二路", "ref": null, "oneway": "B", "maxspeed": 0, "layer": 0, "bridge": "F", "tunnel": "F" }, "geometry": { "type": "MultiLineString", "coordinates": [ [ [ 114.353015, 30.5300662 ], [ 114.3530152, 30.5301755 ], [ 114.3530153, 30.5302814 ], [ 114.3530157, 30.5304939 ], [ 114.3530159, 30.5306005 ], [ 114.3530162, 30.530807 ], [ 114.3530163, 30.5308904 ], [ 114.3530263, 30.5313405 ] ] ] } },
{ "type": "Feature", "properties": { "osm_id": "104372410", "code": 5122, "fclass": "residential", "name": "星湖南路", "ref": null, "oneway": "B", "maxspeed": 0, "layer": 0, "bridge": "F", "tunnel": "F" }, "geometry": { "type": "MultiLineString", "coordinates": [ [ [ 114.3550739, 30.5290689 ], [ 114.3550433, 30.5290689 ], [ 114.3540777, 30.5290705 ], [ 114.3540187, 30.5290706 ], [ 114.3534154, 30.5290715 ], [ 114.3533328, 30.5290716 ], [ 114.3529971, 30.5290722 ] ] ] } },
{ "type": "Feature", "properties": { "osm_id": "104474720", "code": 5122, "fclass": "residential", "name": "求是一路", "ref": null, "oneway": "F", "maxspeed": 0, "layer": 0, "bridge": "F", "tunnel": "F" }, "geometry": { "type": "MultiLineString", "coordinates": [ [ [ 114.3563224, 30.5289326 ], [ 114.3563226, 30.5290671 ] ] ] } },
{ "type": "Feature", "properties": { "osm_id": "104474722", "code": 5122, "fclass": "residential", "name": "求是二路", "ref": null, "oneway": "F", "maxspeed": 0, "layer": 0, "bridge": "F", "tunnel": "F" }, "geometry": { "type": "MultiLineString", "coordinates": [ [ [ 114.3550739, 30.5290689 ], [ 114.3550737, 30.5289298 ] ] ] } },
{ "type": "Feature", "properties": { "osm_id": "127030843", "code": 5132, "fclass": "trunk_link", "name": null, "ref": null, "oneway": "F", "maxspeed": 40, "layer": 1, "bridge": "T", "tunnel": "F" }, "geometry": { "type": "MultiLineString", "coordinates": [ [ [ 114.349713599946426, 30.534083851754215 ], [ 114.3497333, 30.534049 ] ] ] } },
{ "type": "Feature", "properties": { "osm_id": "127030846", "code": 5132, "fclass": "trunk_link", "name": null, "ref": null, "oneway": "F", "maxspeed": 40, "layer": 1, "bridge": "T", "tunnel": "F" }, "geometry": { "type": "MultiLineString", "coordinates": [ [ [ 114.3500738, 30.5343629 ], [ 114.3502971, 30.5349526 ], [ 114.35027, 30.5351271 ] ] ] } },
{ "type": "Feature", "properties": { "osm_id": "307265578", "code": 5141, "fclass": "service", "name": null, "ref": null, "oneway": "B", "maxspeed": 0, "layer": 0, "bridge": "F", "tunnel": "F" }, "geometry": { "type": "MultiLineString", "coordinates": [ [ [ 114.3540926, 30.5309309 ], [ 114.3540039, 30.5309296 ], [ 114.3538775, 30.5309318 ], [ 114.3536296, 30.5309343 ], [ 114.3532987, 30.5309353 ], [ 114.3532985, 30.5308066 ], [ 114.3532984, 30.5304189 ], [ 114.3532978, 30.5303949 ], [ 114.3537885, 30.5303943 ], [ 114.3540041, 30.5303941 ], [ 114.3540046, 30.5306756 ], [ 114.3540048, 30.5308061 ], [ 114.3540042, 30.5308917 ], [ 114.3540039, 30.5309296 ] ] ] } },
{ "type": "Feature", "properties": { "osm_id": "358205752", "code": 5141, "fclass": "service", "name": null, "ref": null, "oneway": "B", "maxspeed": 0, "layer": 0, "bridge": "F", "tunnel": "F" }, "geometry": { "type": "MultiLineString", "coordinates": [ [ [ 114.3550766, 30.5308434 ], [ 114.3550416, 30.5308434 ], [ 114.3545498, 30.530844 ], [ 114.3540883, 30.530848 ] ] ] } },
{ "type": "Feature", "properties": { "osm_id": "358205755", "code": 5153, "fclass": "footway", "name": null, "ref": null, "oneway": "B", "maxspeed": 0, "layer": 0, "bridge": "F", "tunnel": "F" }, "geometry": { "type": "MultiLineString", "coordinates": [ [ [ 114.3522815, 30.5306017 ], [ 114.3526507, 30.5306015 ], [ 114.3528933, 30.5306006 ] ] ] } },
{ "type": "Feature", "properties": { "osm_id": "358205756", "code": 5153, "fclass": "footway", "name": null, "ref": null, "oneway": "B", "maxspeed": 0, "layer": 0, "bridge": "F", "tunnel": "F" }, "geometry": { "type": "MultiLineString", "coordinates": [ [ [ 114.3522786, 30.530893 ], [ 114.3526678, 30.5308916 ], [ 114.3529026, 30.5308908 ] ] ] } },
{ "type": "Feature", "properties": { "osm_id": "358205757", "code": 5155, "fclass": "steps", "name": null, "ref": null, "oneway": "B", "maxspeed": 0, "layer": 0, "bridge": "F", "tunnel": "F" }, "geometry": { "type": "MultiLineString", "coordinates": [ [ [ 114.3529072, 30.5302815 ], [ 114.3530153, 30.5302814 ] ] ] } },
{ "type": "Feature", "properties": { "osm_id": "358205758", "code": 5155, "fclass": "steps", "name": null, "ref": null, "oneway": "B", "maxspeed": 0, "layer": 0, "bridge": "F", "tunnel": "F" }, "geometry": { "type": "MultiLineString", "coordinates": [ [ [ 114.3528933, 30.5306006 ], [ 114.3530159, 30.5306005 ] ] ] } },
{ "type": "Feature", "properties": { "osm_id": "358205759", "code": 5155, "fclass": "steps", "name": null, "ref": null, "oneway": "B", "maxspeed": 0, "layer": 0, "bridge": "F", "tunnel": "F" }, "geometry": { "type": "MultiLineString", "coordinates": [ [ [ 114.3529026, 30.5308908 ], [ 114.3530163, 30.5308904 ] ] ] } },
{ "type": "Feature", "properties": { "osm_id": "358205762", "code": 5155, "fclass": "steps", "name": null, "ref": null, "oneway": "B", "maxspeed": 0, "layer": 0, "bridge": "F", "tunnel": "F" }, "geometry": { "type": "MultiLineString", "coordinates": [ [ [ 114.3536221, 30.5323495 ], [ 114.3536699, 30.5322364 ] ] ] } },
{ "type": "Feature", "properties": { "osm_id": "403774547", "code": 5155, "fclass": "steps", "name": null, "ref": null, "oneway": "B", "maxspeed": 0, "layer": 0, "bridge": "F", "tunnel": "F" }, "geometry": { "type": "MultiLineString", "coordinates": [ [ [ 114.3540048, 30.5308061 ], [ 114.3540872, 30.5308041 ] ] ] } },
{ "type": "Feature", "properties": { "osm_id": "403774548", "code": 5155, "fclass": "steps", "name": null, "ref": null, "oneway": "B", "maxspeed": 0, "layer": 0, "bridge": "F", "tunnel": "F" }, "geometry": { "type": "MultiLineString", "coordinates": [ [ [ 114.3532978, 30.5303949 ], [ 114.3532977, 30.5303157 ] ] ] } },
{ "type": "Feature", "properties": { "osm_id": "403774549", "code": 5153, "fclass": "footway", "name": null, "ref": null, "oneway": "B", "maxspeed": 0, "layer": 0, "bridge": "F", "tunnel": "F" }, "geometry": { "type": "MultiLineString", "coordinates": [ [ [ 114.3532977, 30.5303157 ], [ 114.3532103, 30.5303158 ], [ 114.3531611, 30.5303159 ], [ 114.3531202, 30.5303159 ], [ 114.3531205, 30.5304937 ] ] ] } },
{ "type": "Feature", "properties": { "osm_id": "403774550", "code": 5155, "fclass": "steps", "name": null, "ref": null, "oneway": "B", "maxspeed": 0, "layer": 1, "bridge": "F", "tunnel": "F" }, "geometry": { "type": "MultiLineString", "coordinates": [ [ [ 114.3531205, 30.5304937 ], [ 114.3530157, 30.5304939 ] ] ] } },
{ "type": "Feature", "properties": { "osm_id": "403774551", "code": 5153, "fclass": "footway", "name": null, "ref": null, "oneway": "B", "maxspeed": 0, "layer": 0, "bridge": "F", "tunnel": "F" }, "geometry": { "type": "MultiLineString", "coordinates": [ [ [ 114.3532103, 30.5303158 ], [ 114.3531672, 30.5302432 ], [ 114.3531268, 30.5301753 ] ] ] } },
{ "type": "Feature", "properties": { "osm_id": "403774552", "code": 5155, "fclass": "steps", "name": null, "ref": null, "oneway": "B", "maxspeed": 0, "layer": 1, "bridge": "F", "tunnel": "F" }, "geometry": { "type": "MultiLineString", "coordinates": [ [ [ 114.3531268, 30.5301753 ], [ 114.3530152, 30.5301755 ] ] ] } },
{ "type": "Feature", "properties": { "osm_id": "403774553", "code": 5153, "fclass": "footway", "name": null, "ref": null, "oneway": "B", "maxspeed": 0, "layer": 0, "bridge": "F", "tunnel": "F" }, "geometry": { "type": "MultiLineString", "coordinates": [ [ [ 114.3531268, 30.5301753 ], [ 114.3531871, 30.5301303 ] ] ] } },
{ "type": "Feature", "properties": { "osm_id": "403774554", "code": 5155, "fclass": "steps", "name": null, "ref": null, "oneway": "B", "maxspeed": 0, "layer": 0, "bridge": "F", "tunnel": "F" }, "geometry": { "type": "MultiLineString", "coordinates": [ [ [ 114.3531871, 30.5301303 ], [ 114.353187, 30.530066 ] ] ] } },
{ "type": "Feature", "properties": { "osm_id": "489515246", "code": 5141, "fclass": "service", "name": "陕西路", "ref": null, "oneway": "B", "maxspeed": 0, "layer": 0, "bridge": "F", "tunnel": "F" }, "geometry": { "type": "MultiLineString", "coordinates": [ [ [ 114.3557158, 30.5286341 ], [ 114.3558378, 30.5286339 ], [ 114.3563221, 30.5286333 ] ] ] } },
{ "type": "Feature", "properties": { "osm_id": "492930477", "code": 5113, "fclass": "primary", "name": "珞狮路", "ref": null, "oneway": "F", "maxspeed": 0, "layer": 0, "bridge": "F", "tunnel": "F" }, "geometry": { "type": "MultiLineString", "coordinates": [ [ [ 114.349673, 30.533466 ], [ 114.3497124, 30.5335753 ] ] ] } },
{ "type": "Feature", "properties": { "osm_id": "664651418", "code": 5155, "fclass": "steps", "name": null, "ref": null, "oneway": "B", "maxspeed": 0, "layer": 0, "bridge": "F", "tunnel": "T" }, "geometry": { "type": "MultiLineString", "coordinates": [ [ [ 114.35127, 30.5282555 ], [ 114.3515326, 30.5281783 ], [ 114.3518018, 30.5280992 ] ] ] } },
{ "type": "Feature", "properties": { "osm_id": "664651419", "code": 5155, "fclass": "steps", "name": null, "ref": null, "oneway": "B", "maxspeed": 0, "layer": 0, "bridge": "F", "tunnel": "T" }, "geometry": { "type": "MultiLineString", "coordinates": [ [ [ 114.3511166, 30.5276894 ], [ 114.3513214, 30.527629 ], [ 114.3516892, 30.5275207 ] ] ] } },
{ "type": "Feature", "properties": { "osm_id": "664651420", "code": 5153, "fclass": "footway", "name": null, "ref": null, "oneway": "B", "maxspeed": 0, "layer": -1, "bridge": "F", "tunnel": "T" }, "geometry": { "type": "MultiLineString", "coordinates": [ [ [ 114.3515326, 30.5281783 ], [ 114.3513214, 30.527629 ] ] ] } },
{ "type": "Feature", "properties": { "osm_id": "664756698", "code": 5155, "fclass": "steps", "name": null, "ref": null, "oneway": "B", "maxspeed": 0, "layer": 0, "bridge": "F", "tunnel": "F" }, "geometry": { "type": "MultiLineString", "coordinates": [ [ [ 114.3550754, 30.5300631 ], [ 114.3551672, 30.5300639 ], [ 114.3552333, 30.5300638 ] ] ] } },
{ "type": "Feature", "properties": { "osm_id": "664756699", "code": 5155, "fclass": "steps", "name": null, "ref": null, "oneway": "B", "maxspeed": 0, "layer": 0, "bridge": "F", "tunnel": "F" }, "geometry": { "type": "MultiLineString", "coordinates": [ [ [ 114.3561863, 30.529817 ], [ 114.3562692, 30.5298157 ], [ 114.3563237, 30.5298157 ] ] ] } },
{ "type": "Feature", "properties": { "osm_id": "664756700", "code": 5155, "fclass": "steps", "name": null, "ref": null, "oneway": "B", "maxspeed": 0, "layer": 0, "bridge": "F", "tunnel": "F" }, "geometry": { "type": "MultiLineString", "coordinates": [ [ [ 114.3561885, 30.5302277 ], [ 114.3562705, 30.5302264 ], [ 114.3563243, 30.5302264 ] ] ] } },
{ "type": "Feature", "properties": { "osm_id": "673284744", "code": 5141, "fclass": "service", "name": null, "ref": null, "oneway": "B", "maxspeed": 0, "layer": 0, "bridge": "F", "tunnel": "F" }, "geometry": { "type": "MultiLineString", "coordinates": [ [ [ 114.3540749, 30.5276285 ], [ 114.3540749, 30.5276474 ], [ 114.3540758, 30.5280766 ], [ 114.3540768, 30.5286376 ], [ 114.3540777, 30.5290705 ] ] ] } },
{ "type": "Feature", "properties": { "osm_id": "851860892", "code": 5153, "fclass": "footway", "name": null, "ref": null, "oneway": "B", "maxspeed": 0, "layer": 0, "bridge": "F", "tunnel": "F" }, "geometry": { "type": "MultiLineString", "coordinates": [ [ [ 114.3516892, 30.5275207 ], [ 114.3517879, 30.5274916 ] ] ] } },
{ "type": "Feature", "properties": { "osm_id": "851860893", "code": 5153, "fclass": "footway", "name": null, "ref": null, "oneway": "B", "maxspeed": 0, "layer": 0, "bridge": "F", "tunnel": "F" }, "geometry": { "type": "MultiLineString", "coordinates": [ [ [ 114.3511166, 30.5276894 ], [ 114.3507959, 30.5277839 ] ] ] } },
{ "type": "Feature", "properties": { "osm_id": "851860898", "code": 5141, "fclass": "service", "name": null, "ref": null, "oneway": "F", "maxspeed": 0, "layer": 0, "bridge": "F", "tunnel": "F" }, "geometry": { "type": "MultiLineString", "coordinates": [ [ [ 114.350657, 30.5279753 ], [ 114.3506037, 30.5278405 ], [ 114.350601712296111, 30.527835779203262 ] ] ] } },
{ "type": "Feature", "properties": { "osm_id": "916497792", "code": 5153, "fclass": "footway", "name": null, "ref": null, "oneway": "B", "maxspeed": 0, "layer": 0, "bridge": "F", "tunnel": "F" }, "geometry": { "type": "MultiLineString", "coordinates": [ [ [ 114.3505123, 30.5278675 ], [ 114.3506037, 30.5278405 ], [ 114.3506845, 30.5278167 ], [ 114.3507959, 30.5277839 ] ] ] } },
{ "type": "Feature", "properties": { "osm_id": "1036845861", "code": 5141, "fclass": "service", "name": null, "ref": null, "oneway": "B", "maxspeed": 0, "layer": 0, "bridge": "F", "tunnel": "F" }, "geometry": { "type": "MultiLineString", "coordinates": [ [ [ 114.3532987, 30.5309353 ], [ 114.3531596, 30.5309368 ], [ 114.353165, 30.5313366 ], [ 114.3533221, 30.5313351 ], [ 114.3536265, 30.5313307 ], [ 114.3536539, 30.5313305 ], [ 114.3540563, 30.5313276 ], [ 114.3541054, 30.5313271 ] ] ] } },
{ "type": "Feature", "properties": { "osm_id": "1036845869", "code": 5153, "fclass": "footway", "name": null, "ref": null, "oneway": "B", "maxspeed": 0, "layer": 0, "bridge": "F", "tunnel": "F" }, "geometry": { "type": "MultiLineString", "coordinates": [ [ [ 114.3533244, 30.5314726 ], [ 114.3533238, 30.5314365 ], [ 114.3533221, 30.5313351 ] ] ] } },
{ "type": "Feature", "properties": { "osm_id": "1037167301", "code": 5155, "fclass": "steps", "name": null, "ref": null, "oneway": "B", "maxspeed": 0, "layer": 0, "bridge": "F", "tunnel": "F" }, "geometry": { "type": "MultiLineString", "coordinates": [ [ [ 114.3548856, 30.5302679 ], [ 114.355018, 30.5302668 ] ] ] } },
{ "type": "Feature", "properties": { "osm_id": "1037696276", "code": 5155, "fclass": "steps", "name": null, "ref": null, "oneway": "B", "maxspeed": 0, "layer": 0, "bridge": "F", "tunnel": "F" }, "geometry": { "type": "MultiLineString", "coordinates": [ [ [ 114.3533356, 30.529886 ], [ 114.3533351, 30.5299713 ] ] ] } },
{ "type": "Feature", "properties": { "osm_id": "1270190496", "code": 5141, "fclass": "service", "name": null, "ref": null, "oneway": "B", "maxspeed": 0, "layer": 0, "bridge": "F", "tunnel": "F" }, "geometry": { "type": "MultiLineString", "coordinates": [ [ [ 114.3518247, 30.5276756 ], [ 114.3518172, 30.527636 ], [ 114.3517879, 30.5274916 ], [ 114.351781113248848, 30.527456798398159 ] ] ] } },
{ "type": "Feature", "properties": { "osm_id": "1279001414", "code": 5132, "fclass": "trunk_link", "name": "珞喻路", "ref": null, "oneway": "F", "maxspeed": 40, "layer": 0, "bridge": "F", "tunnel": "F" }, "geometry": { "type": "MultiLineString", "coordinates": [ [ [ 114.3515489, 30.5277124 ], [ 114.3518247, 30.5276756 ], [ 114.3523081, 30.5276111 ] ] ] } },
{ "type": "Feature", "properties": { "osm_id": "1382802123", "code": 5141, "fclass": "service", "name": null, "ref": null, "oneway": "B", "maxspeed": 0, "layer": 0, "bridge": "F", "tunnel": "F" }, "geometry": { "type": "MultiLineString", "coordinates": [ [ [ 114.350677, 30.5307403 ], [ 114.3514763, 30.5307481 ], [ 114.3516358, 30.5307898 ] ] ] } },
{ "type": "Feature", "properties": { "osm_id": "1382895771", "code": 5141, "fclass": "service", "name": null, "ref": null, "oneway": "B", "maxspeed": 0, "layer": 0, "bridge": "F", "tunnel": "F" }, "geometry": { "type": "MultiLineString", "coordinates": [ [ [ 114.3523257, 30.5318117 ], [ 114.3519866, 30.5318126 ], [ 114.3518065, 30.531813 ], [ 114.351769, 30.5318129 ] ] ] } },
{ "type": "Feature", "properties": { "osm_id": "1382928323", "code": 5153, "fclass": "footway", "name": null, "ref": null, "oneway": "B", "maxspeed": 0, "layer": 0, "bridge": "F", "tunnel": "F" }, "geometry": { "type": "MultiLineString", "coordinates": [ [ [ 114.3521502, 30.5296336 ], [ 114.3518461, 30.5296269 ] ] ] } },
{ "type": "Feature", "properties": { "osm_id": "1382928325", "code": 5155, "fclass": "steps", "name": null, "ref": null, "oneway": "B", "maxspeed": 0, "layer": 0, "bridge": "F", "tunnel": "F" }, "geometry": { "type": "MultiLineString", "coordinates": [ [ [ 114.3522681, 30.5296362 ], [ 114.3521502, 30.5296336 ] ] ] } },
{ "type": "Feature", "properties": { "osm_id": "1382928326", "code": 5141, "fclass": "service", "name": null, "ref": null, "oneway": "B", "maxspeed": 0, "layer": 0, "bridge": "F", "tunnel": "F" }, "geometry": { "type": "MultiLineString", "coordinates": [ [ [ 114.3506798, 30.5306661 ], [ 114.3506702, 30.530171 ], [ 114.3506768, 30.5299056 ] ] ] } },
{ "type": "Feature", "properties": { "osm_id": "1382928327", "code": 5141, "fclass": "service", "name": null, "ref": null, "oneway": "B", "maxspeed": 0, "layer": 0, "bridge": "F", "tunnel": "F" }, "geometry": { "type": "MultiLineString", "coordinates": [ [ [ 114.3506948, 30.5292562 ], [ 114.3512175, 30.5292642 ], [ 114.3518534, 30.529274 ], [ 114.3521453, 30.5292785 ] ] ] } },
{ "type": "Feature", "properties": { "osm_id": "1382928329", "code": 5122, "fclass": "residential", "name": null, "ref": null, "oneway": "B", "maxspeed": 0, "layer": 0, "bridge": "F", "tunnel": "F" }, "geometry": { "type": "MultiLineString", "coordinates": [ [ [ 114.3520341, 30.5290737 ], [ 114.3520363, 30.5283362 ], [ 114.3520379, 30.5280305 ], [ 114.3520377, 30.5279878 ], [ 114.3520375, 30.527918 ], [ 114.3520376, 30.5278952 ] ] ] } },
{ "type": "Feature", "properties": { "osm_id": "1382939840", "code": 5122, "fclass": "residential", "name": null, "ref": null, "oneway": "B", "maxspeed": 0, "layer": 0, "bridge": "F", "tunnel": "F" }, "geometry": { "type": "MultiLineString", "coordinates": [ [ [ 114.3527479, 30.5318786 ], [ 114.352333, 30.531885 ] ] ] } },
{ "type": "Feature", "properties": { "osm_id": "1382968016", "code": 5141, "fclass": "service", "name": null, "ref": null, "oneway": "B", "maxspeed": 0, "layer": 0, "bridge": "F", "tunnel": "F" }, "geometry": { "type": "MultiLineString", "coordinates": [ [ [ 114.3575508, 30.530988 ], [ 114.3576228, 30.5309873 ], [ 114.3576792, 30.5309868 ], [ 114.358496, 30.5309788 ] ] ] } },
{ "type": "Feature", "properties": { "osm_id": "1382968020", "code": 5141, "fclass": "service", "name": null, "ref": null, "oneway": "B", "maxspeed": 0, "layer": 0, "bridge": "F", "tunnel": "F" }, "geometry": { "type": "MultiLineString", "coordinates": [ [ [ 114.3574571, 30.5302061 ], [ 114.3575019, 30.5302055 ], [ 114.3580264, 30.5301988 ] ] ] } },
{ "type": "Feature", "properties": { "osm_id": "1383196444", "code": 5153, "fclass": "footway", "name": null, "ref": null, "oneway": "B", "maxspeed": 0, "layer": 0, "bridge": "F", "tunnel": "F" }, "geometry": { "type": "MultiLineString", "coordinates": [ [ [ 114.3522762, 30.5311355 ], [ 114.3528917, 30.5311268 ] ] ] } },
{ "type": "Feature", "properties": { "osm_id": "1383475010", "code": 5122, "fclass": "residential", "name": "星湖南路", "ref": null, "oneway": "B", "maxspeed": 0, "layer": 0, "bridge": "F", "tunnel": "F" }, "geometry": { "type": "MultiLineString", "coordinates": [ [ [ 114.3529971, 30.5290722 ], [ 114.352978, 30.5290722 ], [ 114.3522955, 30.5290708 ] ] ] } },
{ "type": "Feature", "properties": { "osm_id": "1383475027", "code": 5122, "fclass": "residential", "name": "星湖南路", "ref": null, "oneway": "B", "maxspeed": 0, "layer": 0, "bridge": "F", "tunnel": "F" }, "geometry": { "type": "MultiLineString", "coordinates": [ [ [ 114.3573166, 30.5290669 ], [ 114.357242, 30.529067 ], [ 114.3568383, 30.529067 ], [ 114.3563226, 30.5290671 ] ] ] } },
{ "type": "Feature", "properties": { "osm_id": "1383475501", "code": 5122, "fclass": "residential", "name": "星湖南路", "ref": null, "oneway": "B", "maxspeed": 0, "layer": 0, "bridge": "F", "tunnel": "F" }, "geometry": { "type": "MultiLineString", "coordinates": [ [ [ 114.3563226, 30.5290671 ], [ 114.3560223, 30.5290686 ], [ 114.3557164, 30.529069 ], [ 114.3553345, 30.5290694 ], [ 114.3550739, 30.5290689 ] ] ] } },
{ "type": "Feature", "properties": { "osm_id": "1383484209", "code": 5141, "fclass": "service", "name": null, "ref": null, "oneway": "B", "maxspeed": 0, "layer": 0, "bridge": "F", "tunnel": "F" }, "geometry": { "type": "MultiLineString", "coordinates": [ [ [ 114.351769, 30.5318129 ], [ 114.3514252, 30.5318106 ] ] ] } },
{ "type": "Feature", "properties": { "osm_id": "1385234054", "code": 5154, "fclass": "path", "name": null, "ref": null, "oneway": "B", "maxspeed": 0, "layer": 0, "bridge": "F", "tunnel": "F" }, "geometry": { "type": "MultiLineString", "coordinates": [ [ [ 114.3518012, 30.5320356 ], [ 114.3515616, 30.5320378 ] ] ] } },
{ "type": "Feature", "properties": { "osm_id": "1387514498", "code": 5141, "fclass": "service", "name": null, "ref": null, "oneway": "B", "maxspeed": 0, "layer": 0, "bridge": "F", "tunnel": "F" }, "geometry": { "type": "MultiLineString", "coordinates": [ [ [ 114.3529401, 30.532182 ], [ 114.3530005, 30.5318828 ] ] ] } },
{ "type": "Feature", "properties": { "osm_id": "1389536015", "code": 5141, "fclass": "service", "name": null, "ref": null, "oneway": "B", "maxspeed": 0, "layer": 0, "bridge": "F", "tunnel": "F" }, "geometry": { "type": "MultiLineString", "coordinates": [ [ [ 114.3564414, 30.5280083 ], [ 114.3564395, 30.5278898 ], [ 114.356321, 30.5278912 ] ] ] } },
{ "type": "Feature", "properties": { "osm_id": "1390672143", "code": 5153, "fclass": "footway", "name": null, "ref": null, "oneway": "B", "maxspeed": 0, "layer": 0, "bridge": "F", "tunnel": "F" }, "geometry": { "type": "MultiLineString", "coordinates": [ [ [ 114.3557158, 30.5286341 ], [ 114.3557158, 30.5286756 ] ] ] } },
{ "type": "Feature", "properties": { "osm_id": "1391147720", "code": 5153, "fclass": "footway", "name": null, "ref": null, "oneway": "B", "maxspeed": 0, "layer": 0, "bridge": "F", "tunnel": "F" }, "geometry": { "type": "MultiLineString", "coordinates": [ [ [ 114.3544285, 30.5311629 ], [ 114.3544286, 30.5312019 ], [ 114.3544286, 30.5312295 ] ] ] } },
{ "type": "Feature", "properties": { "osm_id": "1391147721", "code": 5155, "fclass": "steps", "name": null, "ref": null, "oneway": "B", "maxspeed": 0, "layer": 0, "bridge": "F", "tunnel": "F" }, "geometry": { "type": "MultiLineString", "coordinates": [ [ [ 114.3544286, 30.5312295 ], [ 114.3544287, 30.5312492 ] ] ] } },
{ "type": "Feature", "properties": { "osm_id": "1397459392", "code": 5153, "fclass": "footway", "name": null, "ref": null, "oneway": "B", "maxspeed": 0, "layer": 0, "bridge": "F", "tunnel": "F" }, "geometry": { "type": "MultiLineString", "coordinates": [ [ [ 114.3547221, 30.5286358 ], [ 114.3548698, 30.5285136 ], [ 114.3549943, 30.5283979 ] ] ] } },
{ "type": "Feature", "properties": { "osm_id": "1397459393", "code": 5153, "fclass": "footway", "name": null, "ref": null, "oneway": "B", "maxspeed": 0, "layer": 0, "bridge": "F", "tunnel": "F" }, "geometry": { "type": "MultiLineString", "coordinates": [ [ [ 114.3547214, 30.5283981 ], [ 114.3548698, 30.5285136 ], [ 114.3550225, 30.528635 ] ] ] } },
{ "type": "Feature", "properties": { "osm_id": "1397459394", "code": 5153, "fclass": "footway", "name": null, "ref": null, "oneway": "B", "maxspeed": 0, "layer": 0, "bridge": "F", "tunnel": "F" }, "geometry": { "type": "MultiLineString", "coordinates": [ [ [ 114.3545894, 30.5284817 ], [ 114.3545896, 30.5283982 ] ] ] } },
{ "type": "Feature", "properties": { "osm_id": "1397459395", "code": 5153, "fclass": "footway", "name": null, "ref": null, "oneway": "B", "maxspeed": 0, "layer": 0, "bridge": "F", "tunnel": "F" }, "geometry": { "type": "MultiLineString", "coordinates": [ [ [ 114.3545888, 30.5286362 ], [ 114.3545886, 30.5285492 ] ] ] } },
{ "type": "Feature", "properties": { "osm_id": "1397459407", "code": 5141, "fclass": "service", "name": null, "ref": null, "oneway": "B", "maxspeed": 0, "layer": 0, "bridge": "F", "tunnel": "F" }, "geometry": { "type": "MultiLineString", "coordinates": [ [ [ 114.3573398, 30.5300048 ], [ 114.3573418, 30.5297839 ], [ 114.3573426, 30.5296961 ] ] ] } },
{ "type": "Feature", "properties": { "osm_id": "1441555684", "code": 5141, "fclass": "service", "name": null, "ref": null, "oneway": "B", "maxspeed": 0, "layer": 0, "bridge": "F", "tunnel": "F" }, "geometry": { "type": "MultiLineString", "coordinates": [ [ [ 114.3506768, 30.5299056 ], [ 114.3506844, 30.529595 ], [ 114.3506948, 30.5292562 ] ] ] } },
{ "type": "Feature", "properties": { "osm_id": "1441555687", "code": 5141, "fclass": "service", "name": null, "ref": null, "oneway": "B", "maxspeed": 0, "layer": 0, "bridge": "F", "tunnel": "F" }, "geometry": { "type": "MultiLineString", "coordinates": [ [ [ 114.3494121, 30.5295492 ], [ 114.3497198, 30.5295545 ], [ 114.3499071, 30.529556 ], [ 114.3499472, 30.5295585 ] ] ] } },
{ "type": "Feature", "properties": { "osm_id": "1441621539", "code": 5153, "fclass": "footway", "name": null, "ref": null, "oneway": "B", "maxspeed": 0, "layer": 0, "bridge": "F", "tunnel": "F" }, "geometry": { "type": "MultiLineString", "coordinates": [ [ [ 114.3526857, 30.5287437 ], [ 114.3526863, 30.5285961 ] ] ] } },
{ "type": "Feature", "properties": { "osm_id": "1441621541", "code": 5153, "fclass": "footway", "name": null, "ref": null, "oneway": "B", "maxspeed": 0, "layer": 0, "bridge": "F", "tunnel": "F" }, "geometry": { "type": "MultiLineString", "coordinates": [ [ [ 114.3537885, 30.5303943 ], [ 114.3537887, 30.5304806 ] ] ] } },
{ "type": "Feature", "properties": { "osm_id": "1441621542", "code": 5141, "fclass": "service", "name": null, "ref": null, "oneway": "B", "maxspeed": 0, "layer": 0, "bridge": "F", "tunnel": "F" }, "geometry": { "type": "MultiLineString", "coordinates": [ [ [ 114.3540041, 30.5303941 ], [ 114.3540806, 30.5303922 ] ] ] } },
{ "type": "Feature", "properties": { "osm_id": "1441621548", "code": 5152, "fclass": "cycleway", "name": null, "ref": null, "oneway": "B", "maxspeed": 0, "layer": 0, "bridge": "F", "tunnel": "F" }, "geometry": { "type": "MultiLineString", "coordinates": [ [ [ 114.3533328, 30.5290716 ], [ 114.3533328, 30.5291035 ], [ 114.3533328, 30.5294099 ], [ 114.353336, 30.529825 ] ] ] } },
{ "type": "Feature", "properties": { "osm_id": "1441621558", "code": 5153, "fclass": "footway", "name": null, "ref": null, "oneway": "B", "maxspeed": 0, "layer": 0, "bridge": "F", "tunnel": "F" }, "geometry": { "type": "MultiLineString", "coordinates": [ [ [ 114.3545894, 30.5284817 ], [ 114.354609, 30.5284902 ], [ 114.3546205, 30.5285064 ], [ 114.3546201, 30.5285253 ], [ 114.3546082, 30.5285412 ], [ 114.3545886, 30.5285492 ], [ 114.3545666, 30.528547 ], [ 114.3545496, 30.5285352 ], [ 114.3545423, 30.5285175 ], [ 114.3545453, 30.5285023 ], [ 114.3545557, 30.5284897 ], [ 114.3545715, 30.5284823 ], [ 114.3545894, 30.5284817 ] ] ] } },
{ "type": "Feature", "properties": { "osm_id": "1442929833", "code": 5155, "fclass": "steps", "name": null, "ref": null, "oneway": "B", "maxspeed": 0, "layer": 1, "bridge": "F", "tunnel": "F" }, "geometry": { "type": "MultiLineString", "coordinates": [ [ [ 114.3531158, 30.5308076 ], [ 114.3530162, 30.530807 ] ] ] } },
{ "type": "Feature", "properties": { "osm_id": "1442936165", "code": 5153, "fclass": "footway", "name": null, "ref": null, "oneway": "B", "maxspeed": 0, "layer": 0, "bridge": "F", "tunnel": "F" }, "geometry": { "type": "MultiLineString", "coordinates": [ [ [ 114.3540187, 30.5290706 ], [ 114.3539928, 30.5291012 ], [ 114.3539795, 30.5291151 ] ] ] } },
{ "type": "Feature", "properties": { "osm_id": "1442936166", "code": 5153, "fclass": "footway", "name": null, "ref": null, "oneway": "B", "maxspeed": 0, "layer": 0, "bridge": "F", "tunnel": "F" }, "geometry": { "type": "MultiLineString", "coordinates": [ [ [ 114.3533328, 30.5291035 ], [ 114.3534375, 30.5291031 ], [ 114.3539928, 30.5291012 ], [ 114.3550433, 30.5290976 ], [ 114.3550739, 30.5290975 ], [ 114.3563226, 30.5290953 ], [ 114.3568396, 30.5290942 ] ] ] } },
{ "type": "Feature", "properties": { "osm_id": "1442936168", "code": 5153, "fclass": "footway", "name": null, "ref": null, "oneway": "B", "maxspeed": 0, "layer": 0, "bridge": "F", "tunnel": "F" }, "geometry": { "type": "MultiLineString", "coordinates": [ [ [ 114.3533343, 30.5300399 ], [ 114.3536321, 30.53004 ], [ 114.3540738, 30.5300419 ], [ 114.3547494, 30.5300411 ], [ 114.3550424, 30.5300408 ], [ 114.3550754, 30.5300408 ] ] ] } },
{ "type": "Feature", "properties": { "osm_id": "1442936169", "code": 5153, "fclass": "footway", "name": null, "ref": null, "oneway": "B", "maxspeed": 0, "layer": 0, "bridge": "F", "tunnel": "F" }, "geometry": { "type": "MultiLineString", "coordinates": [ [ [ 114.3533343, 30.5300399 ], [ 114.3533343, 30.5300657 ] ] ] } },
{ "type": "Feature", "properties": { "osm_id": "1442936171", "code": 5153, "fclass": "footway", "name": null, "ref": null, "oneway": "B", "maxspeed": 0, "layer": 0, "bridge": "F", "tunnel": "F" }, "geometry": { "type": "MultiLineString", "coordinates": [ [ [ 114.3568339, 30.529206 ], [ 114.3568361, 30.5291633 ], [ 114.3568396, 30.5290942 ], [ 114.3568383, 30.529067 ] ] ] } },
{ "type": "Feature", "properties": { "osm_id": "1443127359", "code": 5122, "fclass": "residential", "name": "星湖二路", "ref": null, "oneway": "B", "maxspeed": 0, "layer": 0, "bridge": "F", "tunnel": "F" }, "geometry": { "type": "MultiLineString", "coordinates": [ [ [ 114.3530263, 30.5313405 ], [ 114.3530004, 30.5314291 ], [ 114.353, 30.531473 ], [ 114.353001, 30.5315654 ], [ 114.3529992, 30.5317865 ], [ 114.3530005, 30.5318828 ] ] ] } },
{ "type": "Feature", "properties": { "osm_id": "1443127360", "code": 5141, "fclass": "service", "name": null, "ref": null, "oneway": "B", "maxspeed": 0, "layer": 0, "bridge": "F", "tunnel": "F" }, "geometry": { "type": "MultiLineString", "coordinates": [ [ [ 114.3530263, 30.5313405 ], [ 114.3530886, 30.5313413 ] ] ] } },
{ "type": "Feature", "properties": { "osm_id": "1443127370", "code": 5141, "fclass": "service", "name": null, "ref": null, "oneway": "B", "maxspeed": 0, "layer": 0, "bridge": "F", "tunnel": "F" }, "geometry": { "type": "MultiLineString", "coordinates": [ [ [ 114.354106, 30.5319063 ], [ 114.3542566, 30.5319062 ] ] ] } },
{ "type": "Feature", "properties": { "osm_id": "1443127386", "code": 5122, "fclass": "residential", "name": "星湖一路", "ref": null, "oneway": "B", "maxspeed": 0, "layer": 0, "bridge": "F", "tunnel": "F" }, "geometry": { "type": "MultiLineString", "coordinates": [ [ [ 114.3541052, 30.531164 ], [ 114.3541052, 30.5312026 ], [ 114.3541054, 30.5313271 ], [ 114.3541063, 30.5315586 ], [ 114.3541061, 30.5317379 ], [ 114.354106, 30.5319063 ], [ 114.354106, 30.5320008 ], [ 114.3541062, 30.5321314 ] ] ] } },
{ "type": "Feature", "properties": { "osm_id": "1443162574", "code": 5153, "fclass": "footway", "name": null, "ref": null, "oneway": "B", "maxspeed": 0, "layer": 0, "bridge": "F", "tunnel": "F" }, "geometry": { "type": "MultiLineString", "coordinates": [ [ [ 114.3564395, 30.5278898 ], [ 114.3564521, 30.5278824 ] ] ] } },
{ "type": "Feature", "properties": { "osm_id": "1443528363", "code": 5141, "fclass": "service", "name": null, "ref": null, "oneway": "B", "maxspeed": 0, "layer": 0, "bridge": "F", "tunnel": "F" }, "geometry": { "type": "MultiLineString", "coordinates": [ [ [ 114.3570214, 30.5296966 ], [ 114.3570211, 30.5297854 ], [ 114.3570226, 30.5300047 ] ] ] } },
{ "type": "Feature", "properties": { "osm_id": "1445907161", "code": 5153, "fclass": "footway", "name": null, "ref": null, "oneway": "B", "maxspeed": 0, "layer": 0, "bridge": "F", "tunnel": "F" }, "geometry": { "type": "MultiLineString", "coordinates": [ [ [ 114.3531672, 30.5302432 ], [ 114.3533997, 30.5302398 ] ] ] } },
{ "type": "Feature", "properties": { "osm_id": "1471868919", "code": 5141, "fclass": "service", "name": null, "ref": null, "oneway": "B", "maxspeed": 0, "layer": 0, "bridge": "F", "tunnel": "F" }, "geometry": { "type": "MultiLineString", "coordinates": [ [ [ 114.3570211, 30.5297854 ], [ 114.3572345, 30.5297844 ], [ 114.3573418, 30.5297839 ] ] ] } },
{ "type": "Feature", "properties": { "osm_id": "1471868924", "code": 5141, "fclass": "service", "name": null, "ref": null, "oneway": "B", "maxspeed": 0, "layer": 0, "bridge": "F", "tunnel": "F" }, "geometry": { "type": "MultiLineString", "coordinates": [ [ [ 114.3572353, 30.5296963 ], [ 114.3572345, 30.5297844 ], [ 114.3572325, 30.5300048 ] ] ] } },
{ "type": "Feature", "properties": { "osm_id": "1471868925", "code": 5141, "fclass": "service", "name": null, "ref": null, "oneway": "B", "maxspeed": 0, "layer": 0, "bridge": "F", "tunnel": "F" }, "geometry": { "type": "MultiLineString", "coordinates": [ [ [ 114.3570226, 30.5300047 ], [ 114.3572325, 30.5300048 ], [ 114.3573398, 30.5300048 ], [ 114.3574465, 30.5300048 ] ] ] } },
{ "type": "Feature", "properties": { "osm_id": "1471868927", "code": 5153, "fclass": "footway", "name": null, "ref": null, "oneway": "B", "maxspeed": 0, "layer": 0, "bridge": "F", "tunnel": "F" }, "geometry": { "type": "MultiLineString", "coordinates": [ [ [ 114.3563231, 30.5294095 ], [ 114.3564357, 30.5294097 ] ] ] } },
{ "type": "Feature", "properties": { "osm_id": "1471868934", "code": 5153, "fclass": "footway", "name": null, "ref": null, "oneway": "B", "maxspeed": 0, "layer": 0, "bridge": "F", "tunnel": "F" }, "geometry": { "type": "MultiLineString", "coordinates": [ [ [ 114.355018, 30.5302668 ], [ 114.3550422, 30.5302672 ], [ 114.3550757, 30.5302677 ] ] ] } },
{ "type": "Feature", "properties": { "osm_id": "1471868935", "code": 5153, "fclass": "footway", "name": null, "ref": null, "oneway": "B", "maxspeed": 0, "layer": 0, "bridge": "F", "tunnel": "F" }, "geometry": { "type": "MultiLineString", "coordinates": [ [ [ 114.3550413, 30.5312007 ], [ 114.3550413, 30.5311607 ], [ 114.3550416, 30.5308434 ], [ 114.355042, 30.5304916 ], [ 114.3550422, 30.5302672 ], [ 114.3550424, 30.5300632 ], [ 114.3550424, 30.5300408 ], [ 114.3550431, 30.5293248 ], [ 114.3550433, 30.5290976 ], [ 114.3550433, 30.5290689 ] ] ] } },
{ "type": "Feature", "properties": { "osm_id": "1471868939", "code": 5153, "fclass": "footway", "name": null, "ref": null, "oneway": "B", "maxspeed": 0, "layer": 0, "bridge": "F", "tunnel": "F" }, "geometry": { "type": "MultiLineString", "coordinates": [ [ [ 114.35265, 30.5306438 ], [ 114.3526507, 30.5306015 ] ] ] } },
{ "type": "Feature", "properties": { "osm_id": "1471868940", "code": 5153, "fclass": "footway", "name": null, "ref": null, "oneway": "B", "maxspeed": 0, "layer": 0, "bridge": "F", "tunnel": "F" }, "geometry": { "type": "MultiLineString", "coordinates": [ [ [ 114.3526676, 30.5309428 ], [ 114.3526678, 30.5308916 ] ] ] } },
{ "type": "Feature", "properties": { "osm_id": "1471868941", "code": 5153, "fclass": "footway", "name": null, "ref": null, "oneway": "B", "maxspeed": 0, "layer": 0, "bridge": "F", "tunnel": "F" }, "geometry": { "type": "MultiLineString", "coordinates": [ [ [ 114.3526601, 30.5301033 ], [ 114.3526595, 30.530067 ] ] ] } },
{ "type": "Feature", "properties": { "osm_id": "1471868942", "code": 5153, "fclass": "footway", "name": null, "ref": null, "oneway": "B", "maxspeed": 0, "layer": 0, "bridge": "F", "tunnel": "F" }, "geometry": { "type": "MultiLineString", "coordinates": [ [ [ 114.3526553, 30.5303583 ], [ 114.3526524, 30.5302825 ] ] ] } },
{ "type": "Feature", "properties": { "osm_id": "1472522857", "code": 5153, "fclass": "footway", "name": null, "ref": null, "oneway": "B", "maxspeed": 0, "layer": 0, "bridge": "F", "tunnel": "F" }, "geometry": { "type": "MultiLineString", "coordinates": [ [ [ 114.3522054, 30.531509 ], [ 114.3522724, 30.5315113 ] ] ] } },
{ "type": "Feature", "properties": { "osm_id": "1472522859", "code": 5153, "fclass": "footway", "name": null, "ref": null, "oneway": "B", "maxspeed": 0, "layer": 0, "bridge": "F", "tunnel": "F" }, "geometry": { "type": "MultiLineString", "coordinates": [ [ [ 114.3536265, 30.5313307 ], [ 114.353625, 30.5312678 ] ] ] } },
{ "type": "Feature", "properties": { "osm_id": "1472842310", "code": 5153, "fclass": "footway", "name": null, "ref": null, "oneway": "B", "maxspeed": 0, "layer": 0, "bridge": "F", "tunnel": "F" }, "geometry": { "type": "MultiLineString", "coordinates": [ [ [ 114.3533351, 30.5299713 ], [ 114.3533347, 30.5300036 ], [ 114.3533343, 30.5300399 ] ] ] } },
{ "type": "Feature", "properties": { "osm_id": "1472842311", "code": 5153, "fclass": "footway", "name": null, "ref": null, "oneway": "B", "maxspeed": 0, "layer": 0, "bridge": "F", "tunnel": "F" }, "geometry": { "type": "MultiLineString", "coordinates": [ [ [ 114.353336, 30.529825 ], [ 114.3533356, 30.529886 ] ] ] } },
{ "type": "Feature", "properties": { "osm_id": "1472842314", "code": 5153, "fclass": "footway", "name": null, "ref": null, "oneway": "B", "maxspeed": 0, "layer": 0, "bridge": "F", "tunnel": "F" }, "geometry": { "type": "MultiLineString", "coordinates": [ [ [ 114.3531611, 30.5303312 ], [ 114.3531611, 30.5303159 ] ] ] } },
{ "type": "Feature", "properties": { "osm_id": "1473497636", "code": 5153, "fclass": "footway", "name": null, "ref": null, "oneway": "B", "maxspeed": 0, "layer": 0, "bridge": "F", "tunnel": "F" }, "geometry": { "type": "MultiLineString", "coordinates": [ [ [ 114.3536558, 30.5314315 ], [ 114.3536539, 30.5313305 ] ] ] } },
{ "type": "Feature", "properties": { "osm_id": "1473497652", "code": 5122, "fclass": "residential", "name": "星湖三路", "ref": null, "oneway": "B", "maxspeed": 0, "layer": 0, "bridge": "F", "tunnel": "F" }, "geometry": { "type": "MultiLineString", "coordinates": [ [ [ 114.3522724, 30.5315113 ], [ 114.3523229, 30.5317966 ], [ 114.3523257, 30.5318117 ], [ 114.352333, 30.531885 ] ] ] } },
{ "type": "Feature", "properties": { "osm_id": "1473497661", "code": 5153, "fclass": "footway", "name": null, "ref": null, "oneway": "B", "maxspeed": 0, "layer": 0, "bridge": "F", "tunnel": "F" }, "geometry": { "type": "MultiLineString", "coordinates": [ [ [ 114.3522756, 30.5311915 ], [ 114.3523421, 30.5311905 ] ] ] } },
{ "type": "Feature", "properties": { "osm_id": "1473497668", "code": 5153, "fclass": "footway", "name": null, "ref": null, "oneway": "B", "maxspeed": 0, "layer": 0, "bridge": "F", "tunnel": "F" }, "geometry": { "type": "MultiLineString", "coordinates": [ [ [ 114.3540768, 30.5286376 ], [ 114.3539486, 30.5286379 ] ] ] } },
{ "type": "Feature", "properties": { "osm_id": "1473497670", "code": 5153, "fclass": "footway", "name": null, "ref": null, "oneway": "B", "maxspeed": 0, "layer": 0, "bridge": "F", "tunnel": "F" }, "geometry": { "type": "MultiLineString", "coordinates": [ [ [ 114.3540749, 30.5276474 ], [ 114.3539979, 30.5276482 ] ] ] } },
{ "type": "Feature", "properties": { "osm_id": "1473497671", "code": 5153, "fclass": "footway", "name": null, "ref": null, "oneway": "B", "maxspeed": 0, "layer": 0, "bridge": "F", "tunnel": "F" }, "geometry": { "type": "MultiLineString", "coordinates": [ [ [ 114.3539979, 30.5276482 ], [ 114.353911, 30.5276359 ] ] ] } },
{ "type": "Feature", "properties": { "osm_id": "1474085630", "code": 5153, "fclass": "footway", "name": null, "ref": null, "oneway": "B", "maxspeed": 0, "layer": 0, "bridge": "F", "tunnel": "F" }, "geometry": { "type": "MultiLineString", "coordinates": [ [ [ 114.3550118, 30.5322299 ], [ 114.355011, 30.5321296 ] ] ] } },
{ "type": "Feature", "properties": { "osm_id": "1480400136", "code": 5153, "fclass": "footway", "name": null, "ref": null, "oneway": "B", "maxspeed": 0, "layer": 0, "bridge": "F", "tunnel": "F" }, "geometry": { "type": "MultiLineString", "coordinates": [ [ [ 114.3575109, 30.5309248 ], [ 114.3575508, 30.5309246 ] ] ] } },
{ "type": "Feature", "properties": { "osm_id": "1480400142", "code": 5122, "fclass": "residential", "name": "回归路", "ref": null, "oneway": "B", "maxspeed": 0, "layer": 0, "bridge": "F", "tunnel": "F" }, "geometry": { "type": "MultiLineString", "coordinates": [ [ [ 114.3574422, 30.5291689 ], [ 114.3573891, 30.5290935 ], [ 114.3573661, 30.5290692 ], [ 114.3573166, 30.5290669 ] ] ] } },
{ "type": "Feature", "properties": { "osm_id": "1480419199", "code": 5155, "fclass": "steps", "name": null, "ref": null, "oneway": "B", "maxspeed": 0, "layer": 0, "bridge": "F", "tunnel": "F" }, "geometry": { "type": "MultiLineString", "coordinates": [ [ [ 114.3518018, 30.5280992 ], [ 114.3518958, 30.5280716 ] ] ] } },
{ "type": "Feature", "properties": { "osm_id": "1480419200", "code": 5141, "fclass": "service", "name": null, "ref": null, "oneway": "F", "maxspeed": 0, "layer": 0, "bridge": "F", "tunnel": "F" }, "geometry": { "type": "MultiLineString", "coordinates": [ [ [ 114.3519481, 30.5279223 ], [ 114.3519475, 30.5280116 ], [ 114.3519473, 30.5280539 ], [ 114.3519405, 30.529179 ] ] ] } },
{ "type": "Feature", "properties": { "osm_id": "1480419219", "code": 5153, "fclass": "footway", "name": null, "ref": null, "oneway": "B", "maxspeed": 0, "layer": 0, "bridge": "F", "tunnel": "F" }, "geometry": { "type": "MultiLineString", "coordinates": [ [ [ 114.3539399, 30.5277743 ], [ 114.3538914, 30.5277733 ] ] ] } },
{ "type": "Feature", "properties": { "osm_id": "1480419221", "code": 5153, "fclass": "footway", "name": null, "ref": null, "oneway": "B", "maxspeed": 0, "layer": 0, "bridge": "F", "tunnel": "F" }, "geometry": { "type": "MultiLineString", "coordinates": [ [ [ 114.3518958, 30.5280716 ], [ 114.3519217, 30.528064 ] ] ] } },
{ "type": "Feature", "properties": { "osm_id": "1480419227", "code": 5153, "fclass": "footway", "name": null, "ref": null, "oneway": "B", "maxspeed": 0, "layer": 0, "bridge": "F", "tunnel": "F" }, "geometry": { "type": "MultiLineString", "coordinates": [ [ [ 114.3517935, 30.5282813 ], [ 114.3518346, 30.528269 ] ] ] } },
{ "type": "Feature", "properties": { "osm_id": "1480437154", "code": 5152, "fclass": "cycleway", "name": null, "ref": null, "oneway": "B", "maxspeed": 0, "layer": 0, "bridge": "F", "tunnel": "F" }, "geometry": { "type": "MultiLineString", "coordinates": [ [ [ 114.3498696, 30.5292199 ], [ 114.3498702, 30.5291933 ], [ 114.3498712, 30.5291452 ], [ 114.3498719, 30.5291102 ] ] ] } },
{ "type": "Feature", "properties": { "osm_id": "1480437155", "code": 5152, "fclass": "cycleway", "name": null, "ref": null, "oneway": "B", "maxspeed": 0, "layer": 0, "bridge": "F", "tunnel": "F" }, "geometry": { "type": "MultiLineString", "coordinates": [ [ [ 114.3496652, 30.5289836 ], [ 114.3496641, 30.5290284 ], [ 114.3496627, 30.5290882 ], [ 114.3496615, 30.5291417 ] ] ] } },
{ "type": "Feature", "properties": { "osm_id": "1480437157", "code": 5141, "fclass": "service", "name": null, "ref": null, "oneway": "B", "maxspeed": 0, "layer": 0, "bridge": "F", "tunnel": "F" }, "geometry": { "type": "MultiLineString", "coordinates": [ [ [ 114.3494344, 30.5292125 ], [ 114.3498696, 30.5292199 ], [ 114.3499601, 30.5292214 ] ] ] } },
{ "type": "Feature", "properties": { "osm_id": "1480437176", "code": 5153, "fclass": "footway", "name": null, "ref": null, "oneway": "B", "maxspeed": 0, "layer": 0, "bridge": "F", "tunnel": "F" }, "geometry": { "type": "MultiLineString", "coordinates": [ [ [ 114.3505123, 30.5278675 ], [ 114.350511280584328, 30.527864837924007 ] ] ] } },
{ "type": "Feature", "properties": { "osm_id": "1481020752", "code": 5122, "fclass": "residential", "name": "求是大道", "ref": null, "oneway": "B", "maxspeed": 0, "layer": 0, "bridge": "F", "tunnel": "F" }, "geometry": { "type": "MultiLineString", "coordinates": [ [ [ 114.3530005, 30.5318828 ], [ 114.3527479, 30.5318786 ] ] ] } },
{ "type": "Feature", "properties": { "osm_id": "1485103559", "code": 5153, "fclass": "footway", "name": null, "ref": null, "oneway": "B", "maxspeed": 0, "layer": 0, "bridge": "F", "tunnel": "F" }, "geometry": { "type": "MultiLineString", "coordinates": [ [ [ 114.3564639, 30.5273793 ], [ 114.3564291, 30.5273498 ] ] ] } },
{ "type": "Feature", "properties": { "osm_id": "1491524639", "code": 5153, "fclass": "footway", "name": null, "ref": null, "oneway": "B", "maxspeed": 0, "layer": 0, "bridge": "F", "tunnel": "F" }, "geometry": { "type": "MultiLineString", "coordinates": [ [ [ 114.3563228, 30.5292238 ], [ 114.3565168, 30.5292242 ], [ 114.356517, 30.5291634 ], [ 114.3568361, 30.5291633 ] ] ] } },
{ "type": "Feature", "properties": { "osm_id": "103943356", "code": 5132, "fclass": "trunk_link", "name": null, "ref": null, "oneway": "F", "maxspeed": 40, "layer": 1, "bridge": "T", "tunnel": "F" }, "geometry": { "type": "MultiLineString", "coordinates": [ [ [ 114.3488684, 30.5318483 ], [ 114.348804152607968, 30.531820113236744 ] ] ] } },
{ "type": "Feature", "properties": { "osm_id": "103943357", "code": 5113, "fclass": "primary", "name": null, "ref": null, "oneway": "F", "maxspeed": 0, "layer": 0, "bridge": "F", "tunnel": "F" }, "geometry": { "type": "MultiLineString", "coordinates": [ [ [ 114.3483939, 30.5307777 ], [ 114.3482201, 30.530349 ], [ 114.34786, 30.5294609 ] ] ] } },
{ "type": "Feature", "properties": { "osm_id": "104474718", "code": 5122, "fclass": "residential", "name": null, "ref": null, "oneway": "F", "maxspeed": 0, "layer": 0, "bridge": "F", "tunnel": "F" }, "geometry": { "type": "MultiLineString", "coordinates": [ [ [ 114.3580618, 30.528531 ], [ 114.358097158132637, 30.528529256502338 ] ] ] } },
{ "type": "Feature", "properties": { "osm_id": "233473949", "code": 5133, "fclass": "primary_link", "name": null, "ref": null, "oneway": "F", "maxspeed": 0, "layer": 0, "bridge": "F", "tunnel": "F" }, "geometry": { "type": "MultiLineString", "coordinates": [ [ [ 114.34786, 30.5294609 ], [ 114.34785499065994, 30.529457519637067 ] ] ] } },
{ "type": "Feature", "properties": { "osm_id": "792964167", "code": 5153, "fclass": "footway", "name": null, "ref": null, "oneway": "B", "maxspeed": 0, "layer": 0, "bridge": "F", "tunnel": "F" }, "geometry": { "type": "MultiLineString", "coordinates": [ [ [ 114.3595104, 30.5323185 ], [ 114.3596215, 30.5322855 ], [ 114.3597168, 30.5322573 ] ] ] } },
{ "type": "Feature", "properties": { "osm_id": "1474580189", "code": 5141, "fclass": "service", "name": null, "ref": null, "oneway": "B", "maxspeed": 0, "layer": 0, "bridge": "F", "tunnel": "F" }, "geometry": { "type": "MultiLineString", "coordinates": [ [ [ 114.348213870593924, 30.530350820761125 ], [ 114.3482201, 30.530349 ] ] ] } },
{ "type": "Feature", "properties": { "osm_id": "1479975470", "code": 5141, "fclass": "service", "name": null, "ref": null, "oneway": "B", "maxspeed": 0, "layer": 0, "bridge": "F", "tunnel": "F" }, "geometry": { "type": "MultiLineString", "coordinates": [ [ [ 114.3600217, 30.5323158 ], [ 114.360015911193869, 30.532295747125914 ] ] ] } },
{ "type": "Feature", "properties": { "osm_id": "1479980406", "code": 5141, "fclass": "service", "name": null, "ref": null, "oneway": "B", "maxspeed": 0, "layer": 0, "bridge": "F", "tunnel": "F" }, "geometry": { "type": "MultiLineString", "coordinates": [ [ [ 114.359645, 30.5319774 ], [ 114.3595129, 30.5320205 ] ] ] } },
{ "type": "Feature", "properties": { "osm_id": "1480167616", "code": 5153, "fclass": "footway", "name": null, "ref": null, "oneway": "B", "maxspeed": 0, "layer": 0, "bridge": "F", "tunnel": "F" }, "geometry": { "type": "MultiLineString", "coordinates": [ [ [ 114.3595104, 30.5323185 ], [ 114.3594872, 30.5323254 ] ] ] } },
{ "type": "Feature", "properties": { "osm_id": "1481608799", "code": 5122, "fclass": "residential", "name": null, "ref": null, "oneway": "F", "maxspeed": 0, "layer": 0, "bridge": "F", "tunnel": "F" }, "geometry": { "type": "MultiLineString", "coordinates": [ [ [ 114.358134349834884, 30.5286022633945 ], [ 114.3581016, 30.5286109 ] ] ] } }
]
}
