{
"type": "FeatureCollection",
"name": "WHUInfo_Points",
"crs": { "type": "name", "properties": { "name": "urn:ogc:def:crs:OGC:1.3:CRS84" } },
"features": [
{ "type": "Feature", "properties": { "LAYER": "Unknown Point Feature", "GM_TYPE": "Unknown Point Feature", "barrier": "gate", "name": "武汉大学珞南二门（明贤门）", "id": 1197820000.0, "visible": "true", "version": 4, "changeset": 109615286, "timestamp": "2021-08-13T08:54:25Z", "user": "EarlOMeath", "uid": 11187534, "highway": null, "amenity": null, "place": null, "bicycle": null, "foot": null, "motor_vehi": null, "tourism": null, "addr_city": null, "addr_house": null, "addr_postc": 0, "addr_stree": null, "atm": null, "brand": null, "brand_en": null, "brand_wiki": null, "brand_wik1": null, "name_en": null, "bus": null, "public_tra": null, "shop": null, "level": 0, "cuisine": null, "brand_zh": null, "name_zh": null, "takeaway": null, "opening_ho": null, "office": null, "railway": null, "leisure": null, "addr_distr": null, "addr_provi": null, "subway": null, "building": null, "horse": null, "locked": null, "access": null, "natural": null, "capacity": 0, "phone": null, "traffic_ca": null, "diet_veget": null, "artwork_ty": null, "delivery": null, "drive_thro": null, "outdoor_se": null, "sport": null, "crossing": null, "bench": null, "bin": null, "telecom": null, "historic": null, "man_made": null, "parking": null, "healthcare": null, "note": null, "operator": null, "waste": null, "parcel_pic": null, "diet_meat": null, "shelter_ty": null }, "geometry": { "type": "Point", "coordinates": [ 114.3575988, 30.5334879 ] } },
{ "type": "Feature", "properties": { "LAYER": "highway - traffic_signals", "GM_TYPE": "Unknown Point Feature", "barrier": null, "name": null, "id": 1197840000.0, "visible": "true", "version": 3, "changeset": 120670726, "timestamp": "2022-05-07T14:32:38Z", "user": "636663", "uid": 15396410, "highway": "traffic_signals", "amenity": null, "place": null, "bicycle": null, "foot": null, "motor_vehi": null, "tourism": null, "addr_city": null, "addr_house": null, "addr_postc": 0, "addr_stree": null, "atm": null, "brand": null, "brand_en": null, "brand_wiki": null, "brand_wik1": null, "name_en": null, "bus": null, "public_tra": null, "shop": null, "level": 0, "cuisine": null, "brand_zh": null, "name_zh": null, "takeaway": null, "opening_ho": null, "office": null, "railway": null, "leisure": null, "addr_distr": null, "addr_provi": null, "subway": null, "building": null, "horse": null, "locked": null, "access": null, "natural": null, "capacity": 0, "phone": null, "traffic_ca": null, "diet_veget": null, "artwork_ty": null, "delivery": null, "drive_thro": null, "outdoor_se": null, "sport": null, "crossing": null, "bench": null, "bin": null, "telecom": null, "historic": null, "man_made": null, "parking": null, "healthcare": null, "note": null, "operator": null, "waste": null, "parcel_pic": null, "diet_meat": null, "shelter_ty": null }, "geometry": { "type": "Point", "coordinates": [ 114.3596905, 30.5325416 ] } },
{ "type": "Feature", "properties": { "LAYER": "amenity - bicycle_rental", "GM_TYPE": "Unknown Point Feature", "barrier": null, "name": "广八路站", "id": 1197860000.0, "visible": "true", "version": 2, "changeset": 14857026, "timestamp": "2013-01-31T09:36:01Z", "user": "kun3721", "uid": 1195808, "highway": null, "amenity": "bicycle_rental", "place": null, "bicycle": null, "foot": null, "motor_vehi": null, "tourism": null, "addr_city": null, "addr_house": null, "addr_postc": 0, "addr_stree": null, "atm": null, "brand": null, "brand_en": null, "brand_wiki": null, "brand_wik1": null, "name_en": null, "bus": null, "public_tra": null, "shop": null, "level": 0, "cuisine": null, "brand_zh": null, "name_zh": null, "takeaway": null, "opening_ho": null, "office": null, "railway": null, "leisure": null, "addr_distr": null, "addr_provi": null, "subway": null, "building": null, "horse": null, "locked": null, "access": null, "natural": null, "capacity": 0, "phone": null, "traffic_ca": null, "diet_veget": null, "artwork_ty": null, "delivery": null, "drive_thro": null, "outdoor_se": null, "sport": null, "crossing": null, "bench": null, "bin": null, "telecom": null, "historic": null, "man_made": null, "parking": null, "healthcare": null, "note": null, "operator": null, "waste": null, "parcel_pic": null, "diet_meat": null, "shelter_ty": null }, "geometry": { "type": "Point", "coordinates": [ 114.3598149, 30.5321529 ] } },
{ "type": "Feature", "properties": { "LAYER": "Unknown Point Feature", "GM_TYPE": "Unknown Point Feature", "barrier": "gate", "name": null, "id": 1199840000.0, "visible": "true", "version": 1, "changeset": 7540883, "timestamp": "2011-03-13T08:53:30Z", "user": "GeoSUN", "uid": 414582, "highway": null, "amenity": null, "place": null, "bicycle": null, "foot": null, "motor_vehi": null, "tourism": null, "addr_city": null, "addr_house": null, "addr_postc": 0, "addr_stree": null, "atm": null, "brand": null, "brand_en": null, "brand_wiki": null, "brand_wik1": null, "name_en": null, "bus": null, "public_tra": null, "shop": null, "level": 0, "cuisine": null, "brand_zh": null, "name_zh": null, "takeaway": null, "opening_ho": null, "office": null, "railway": null, "leisure": null, "addr_distr": null, "addr_provi": null, "subway": null, "building": null, "horse": null, "locked": null, "access": null, "natural": null, "capacity": 0, "phone": null, "traffic_ca": null, "diet_veget": null, "artwork_ty": null, "delivery": null, "drive_thro": null, "outdoor_se": null, "sport": null, "crossing": null, "bench": null, "bin": null, "telecom": null, "historic": null, "man_made": null, "parking": null, "healthcare": null, "note": null, "operator": null, "waste": null, "parcel_pic": null, "diet_meat": null, "shelter_ty": null }, "geometry": { "type": "Point", "coordinates": [ 114.3578898, 30.5328784 ] } },
{ "type": "Feature", "properties": { "LAYER": "amenity - bicycle_rental", "GM_TYPE": "Unknown Point Feature", "barrier": null, "name": null, "id": 1199840000.0, "visible": "true", "version": 2, "changeset": 33503783, "timestamp": "2015-08-22T12:12:48Z", "user": "SimpleLuke", "uid": 2092629, "highway": null, "amenity": "bicycle_rental", "place": null, "bicycle": null, "foot": null, "motor_vehi": null, "tourism": null, "addr_city": null, "addr_house": null, "addr_postc": 0, "addr_stree": null, "atm": null, "brand": null, "brand_en": null, "brand_wiki": null, "brand_wik1": null, "name_en": null, "bus": null, "public_tra": null, "shop": null, "level": 0, "cuisine": null, "brand_zh": null, "name_zh": null, "takeaway": null, "opening_ho": null, "office": null, "railway": null, "leisure": null, "addr_distr": null, "addr_provi": null, "subway": null, "building": null, "horse": null, "locked": null, "access": null, "natural": null, "capacity": 0, "phone": null, "traffic_ca": null, "diet_veget": null, "artwork_ty": null, "delivery": null, "drive_thro": null, "outdoor_se": null, "sport": null, "crossing": null, "bench": null, "bin": null, "telecom": null, "historic": null, "man_made": null, "parking": null, "healthcare": null, "note": null, "operator": null, "waste": null, "parcel_pic": null, "diet_meat": null, "shelter_ty": null }, "geometry": { "type": "Point", "coordinates": [ 114.3520085, 30.5345325 ] } },
{ "type": "Feature", "properties": { "LAYER": "Unknown Point Feature", "GM_TYPE": "Unknown Point Feature", "barrier": "lift_gate", "name": null, "id": 1199840000.0, "visible": "true", "version": 2, "changeset": 32356045, "timestamp": "2015-07-02T14:57:29Z", "user": "SimpleLuke", "uid": 2092629, "highway": null, "amenity": null, "place": null, "bicycle": null, "foot": null, "motor_vehi": null, "tourism": null, "addr_city": null, "addr_house": null, "addr_postc": 0, "addr_stree": null, "atm": null, "brand": null, "brand_en": null, "brand_wiki": null, "brand_wik1": null, "name_en": null, "bus": null, "public_tra": null, "shop": null, "level": 0, "cuisine": null, "brand_zh": null, "name_zh": null, "takeaway": null, "opening_ho": null, "office": null, "railway": null, "leisure": null, "addr_distr": null, "addr_provi": null, "subway": null, "building": null, "horse": null, "locked": null, "access": null, "natural": null, "capacity": 0, "phone": null, "traffic_ca": null, "diet_veget": null, "artwork_ty": null, "delivery": null, "drive_thro": null, "outdoor_se": null, "sport": null, "crossing": null, "bench": null, "bin": null, "telecom": null, "historic": null, "man_made": null, "parking": null, "healthcare": null, "note": null, "operator": null, "waste": null, "parcel_pic": null, "diet_meat": null, "shelter_ty": null }, "geometry": { "type": "Point", "coordinates": [ 114.3563193, 30.5276065 ] } },
{ "type": "Feature", "properties": { "LAYER": "Unknown Point Feature", "GM_TYPE": "Unknown Point Feature", "barrier": "gate", "name": null, "id": 1199840000.0, "visible": "true", "version": 1, "changeset": 7540883, "timestamp": "2011-03-13T08:53:32Z", "user": "GeoSUN", "uid": 414582, "highway": null, "amenity": null, "place": null, "bicycle": null, "foot": null, "motor_vehi": null, "tourism": null, "addr_city": null, "addr_house": null, "addr_postc": 0, "addr_stree": null, "atm": null, "brand": null, "brand_en": null, "brand_wiki": null, "brand_wik1": null, "name_en": null, "bus": null, "public_tra": null, "shop": null, "level": 0, "cuisine": null, "brand_zh": null, "name_zh": null, "takeaway": null, "opening_ho": null, "office": null, "railway": null, "leisure": null, "addr_distr": null, "addr_provi": null, "subway": null, "building": null, "horse": null, "locked": null, "access": null, "natural": null, "capacity": 0, "phone": null, "traffic_ca": null, "diet_veget": null, "artwork_ty": null, "delivery": null, "drive_thro": null, "outdoor_se": null, "sport": null, "crossing": null, "bench": null, "bin": null, "telecom": null, "historic": null, "man_made": null, "parking": null, "healthcare": null, "note": null, "operator": null, "waste": null, "parcel_pic": null, "diet_meat": null, "shelter_ty": null }, "geometry": { "type": "Point", "coordinates": [ 114.3574868, 30.5318086 ] } },
{ "type": "Feature", "properties": { "LAYER": "place - locality", "GM_TYPE": "Unknown Point Feature", "barrier": null, "name": "武汉大学(信息学部)", "id": 1201320000.0, "visible": "true", "version": 3, "changeset": 17113576, "timestamp": "2013-07-27T13:00:32Z", "user": "GeoSUN", "uid": 414582, "highway": null, "amenity": null, "place": "locality", "bicycle": null, "foot": null, "motor_vehi": null, "tourism": null, "addr_city": null, "addr_house": null, "addr_postc": 0, "addr_stree": null, "atm": null, "brand": null, "brand_en": null, "brand_wiki": null, "brand_wik1": null, "name_en": null, "bus": null, "public_tra": null, "shop": null, "level": 0, "cuisine": null, "brand_zh": null, "name_zh": null, "takeaway": null, "opening_ho": null, "office": null, "railway": null, "leisure": null, "addr_distr": null, "addr_provi": null, "subway": null, "building": null, "horse": null, "locked": null, "access": null, "natural": null, "capacity": 0, "phone": null, "traffic_ca": null, "diet_veget": null, "artwork_ty": null, "delivery": null, "drive_thro": null, "outdoor_se": null, "sport": null, "crossing": null, "bench": null, "bin": null, "telecom": null, "historic": null, "man_made": null, "parking": null, "healthcare": null, "note": null, "operator": null, "waste": null, "parcel_pic": null, "diet_meat": null, "shelter_ty": null }, "geometry": { "type": "Point", "coordinates": [ 114.3541092, 30.5305773 ] } },
{ "type": "Feature", "properties": { "LAYER": "Unknown Point Feature", "GM_TYPE": "Unknown Point Feature", "barrier": "gate", "name": "武汉大学珞珈门", "id": 1202520000.0, "visible": "true", "version": 6, "changeset": 120670726, "timestamp": "2022-05-07T14:32:38Z", "user": "636663", "uid": 15396410, "highway": null, "amenity": null, "place": null, "bicycle": "yes", "foot": "yes", "motor_vehi": "private", "tourism": null, "addr_city": null, "addr_house": null, "addr_postc": 0, "addr_stree": null, "atm": null, "brand": null, "brand_en": null, "brand_wiki": null, "brand_wik1": null, "name_en": null, "bus": null, "public_tra": null, "shop": null, "level": 0, "cuisine": null, "brand_zh": null, "name_zh": null, "takeaway": null, "opening_ho": null, "office": null, "railway": null, "leisure": null, "addr_distr": null, "addr_provi": null, "subway": null, "building": null, "horse": null, "locked": null, "access": null, "natural": null, "capacity": 0, "phone": null, "traffic_ca": null, "diet_veget": null, "artwork_ty": null, "delivery": null, "drive_thro": null, "outdoor_se": null, "sport": null, "crossing": null, "bench": null, "bin": null, "telecom": null, "historic": null, "man_made": null, "parking": null, "healthcare": null, "note": null, "operator": null, "waste": null, "parcel_pic": null, "diet_meat": null, "shelter_ty": null }, "geometry": { "type": "Point", "coordinates": [ 114.3518491, 30.5350037 ] } },
{ "type": "Feature", "properties": { "LAYER": "Unknown Point Feature", "GM_TYPE": "Unknown Point Feature", "barrier": "gate", "name": null, "id": 1202520000.0, "visible": "true", "version": 1, "changeset": 7562962, "timestamp": "2011-03-15T02:43:05Z", "user": "GeoSUN", "uid": 414582, "highway": null, "amenity": null, "place": null, "bicycle": null, "foot": null, "motor_vehi": null, "tourism": null, "addr_city": null, "addr_house": null, "addr_postc": 0, "addr_stree": null, "atm": null, "brand": null, "brand_en": null, "brand_wiki": null, "brand_wik1": null, "name_en": null, "bus": null, "public_tra": null, "shop": null, "level": 0, "cuisine": null, "brand_zh": null, "name_zh": null, "takeaway": null, "opening_ho": null, "office": null, "railway": null, "leisure": null, "addr_distr": null, "addr_provi": null, "subway": null, "building": null, "horse": null, "locked": null, "access": null, "natural": null, "capacity": 0, "phone": null, "traffic_ca": null, "diet_veget": null, "artwork_ty": null, "delivery": null, "drive_thro": null, "outdoor_se": null, "sport": null, "crossing": null, "bench": null, "bin": null, "telecom": null, "historic": null, "man_made": null, "parking": null, "healthcare": null, "note": null, "operator": null, "waste": null, "parcel_pic": null, "diet_meat": null, "shelter_ty": null }, "geometry": { "type": "Point", "coordinates": [ 114.3506458, 30.5306854 ] } },
{ "type": "Feature", "properties": { "LAYER": "Unknown Point Feature", "GM_TYPE": "Unknown Point Feature", "barrier": "gate", "name": null, "id": 1204190000.0, "visible": "true", "version": 4, "changeset": 80390056, "timestamp": "2020-01-31T19:05:46Z", "user": "VLD080", "uid": 9123345, "highway": null, "amenity": null, "place": null, "bicycle": "yes", "foot": "yes", "motor_vehi": null, "tourism": null, "addr_city": null, "addr_house": null, "addr_postc": 0, "addr_stree": null, "atm": null, "brand": null, "brand_en": null, "brand_wiki": null, "brand_wik1": null, "name_en": null, "bus": null, "public_tra": null, "shop": null, "level": 0, "cuisine": null, "brand_zh": null, "name_zh": null, "takeaway": null, "opening_ho": null, "office": null, "railway": null, "leisure": null, "addr_distr": null, "addr_provi": null, "subway": null, "building": null, "horse": null, "locked": null, "access": null, "natural": null, "capacity": 0, "phone": null, "traffic_ca": null, "diet_veget": null, "artwork_ty": null, "delivery": null, "drive_thro": null, "outdoor_se": null, "sport": null, "crossing": null, "bench": null, "bin": null, "telecom": null, "historic": null, "man_made": null, "parking": null, "healthcare": null, "note": null, "operator": null, "waste": null, "parcel_pic": null, "diet_meat": null, "shelter_ty": null }, "geometry": { "type": "Point", "coordinates": [ 114.3546187, 30.5339674 ] } },
{ "type": "Feature", "properties": { "LAYER": "tourism - hotel", "GM_TYPE": "Lodging", "barrier": null, "name": "武汉大学星湖园招待所", "id": 1204190000.0, "visible": "true", "version": 3, "changeset": 21663081, "timestamp": "2014-04-13T11:23:21Z", "user": "大头雨", "uid": 2029988, "highway": null, "amenity": null, "place": null, "bicycle": null, "foot": null, "motor_vehi": null, "tourism": "hotel", "addr_city": null, "addr_house": null, "addr_postc": 0, "addr_stree": null, "atm": null, "brand": null, "brand_en": null, "brand_wiki": null, "brand_wik1": null, "name_en": null, "bus": null, "public_tra": null, "shop": null, "level": 0, "cuisine": null, "brand_zh": null, "name_zh": null, "takeaway": null, "opening_ho": null, "office": null, "railway": null, "leisure": null, "addr_distr": null, "addr_provi": null, "subway": null, "building": null, "horse": null, "locked": null, "access": null, "natural": null, "capacity": 0, "phone": null, "traffic_ca": null, "diet_veget": null, "artwork_ty": null, "delivery": null, "drive_thro": null, "outdoor_se": null, "sport": null, "crossing": null, "bench": null, "bin": null, "telecom": null, "historic": null, "man_made": null, "parking": null, "healthcare": null, "note": null, "operator": null, "waste": null, "parcel_pic": null, "diet_meat": null, "shelter_ty": null }, "geometry": { "type": "Point", "coordinates": [ 114.3550503, 30.5323399 ] } },
{ "type": "Feature", "properties": { "LAYER": "Unknown Point Feature", "GM_TYPE": "Unknown Point Feature", "barrier": "gate", "name": null, "id": 1204210000.0, "visible": "true", "version": 4, "changeset": 120670726, "timestamp": "2022-05-07T14:32:38Z", "user": "636663", "uid": 15396410, "highway": null, "amenity": null, "place": null, "bicycle": null, "foot": null, "motor_vehi": null, "tourism": null, "addr_city": null, "addr_house": null, "addr_postc": 0, "addr_stree": null, "atm": null, "brand": null, "brand_en": null, "brand_wiki": null, "brand_wik1": null, "name_en": null, "bus": null, "public_tra": null, "shop": null, "level": 0, "cuisine": null, "brand_zh": null, "name_zh": null, "takeaway": null, "opening_ho": null, "office": null, "railway": null, "leisure": null, "addr_distr": null, "addr_provi": null, "subway": null, "building": null, "horse": null, "locked": null, "access": null, "natural": null, "capacity": 0, "phone": null, "traffic_ca": null, "diet_veget": null, "artwork_ty": null, "delivery": null, "drive_thro": null, "outdoor_se": null, "sport": null, "crossing": null, "bench": null, "bin": null, "telecom": null, "historic": null, "man_made": null, "parking": null, "healthcare": null, "note": null, "operator": null, "waste": null, "parcel_pic": null, "diet_meat": null, "shelter_ty": null }, "geometry": { "type": "Point", "coordinates": [ 114.3574663, 30.5330347 ] } },
{ "type": "Feature", "properties": { "LAYER": "Unknown Point Feature", "GM_TYPE": "Unknown Point Feature", "barrier": "gate", "name": null, "id": 1204210000.0, "visible": "true", "version": 1, "changeset": 7575306, "timestamp": "2011-03-16T13:24:40Z", "user": "GeoSUN", "uid": 414582, "highway": null, "amenity": null, "place": null, "bicycle": null, "foot": null, "motor_vehi": null, "tourism": null, "addr_city": null, "addr_house": null, "addr_postc": 0, "addr_stree": null, "atm": null, "brand": null, "brand_en": null, "brand_wiki": null, "brand_wik1": null, "name_en": null, "bus": null, "public_tra": null, "shop": null, "level": 0, "cuisine": null, "brand_zh": null, "name_zh": null, "takeaway": null, "opening_ho": null, "office": null, "railway": null, "leisure": null, "addr_distr": null, "addr_provi": null, "subway": null, "building": null, "horse": null, "locked": null, "access": null, "natural": null, "capacity": 0, "phone": null, "traffic_ca": null, "diet_veget": null, "artwork_ty": null, "delivery": null, "drive_thro": null, "outdoor_se": null, "sport": null, "crossing": null, "bench": null, "bin": null, "telecom": null, "historic": null, "man_made": null, "parking": null, "healthcare": null, "note": null, "operator": null, "waste": null, "parcel_pic": null, "diet_meat": null, "shelter_ty": null }, "geometry": { "type": "Point", "coordinates": [ 114.350379, 30.5328396 ] } },
{ "type": "Feature", "properties": { "LAYER": "amenity - restaurant", "GM_TYPE": "Restaurant", "barrier": null, "name": "星湖园食堂", "id": 1204240000.0, "visible": "true", "version": 3, "changeset": 118123123, "timestamp": "2022-03-05T11:41:00Z", "user": "红心柚柚子", "uid": 15194206, "highway": null, "amenity": "restaurant", "place": null, "bicycle": null, "foot": null, "motor_vehi": null, "tourism": null, "addr_city": "武汉", "addr_house": "299", "addr_postc": 430079, "addr_stree": "八一路", "atm": null, "brand": null, "brand_en": null, "brand_wiki": null, "brand_wik1": null, "name_en": null, "bus": null, "public_tra": null, "shop": null, "level": 0, "cuisine": null, "brand_zh": null, "name_zh": null, "takeaway": null, "opening_ho": null, "office": null, "railway": null, "leisure": null, "addr_distr": null, "addr_provi": null, "subway": null, "building": null, "horse": null, "locked": null, "access": null, "natural": null, "capacity": 0, "phone": null, "traffic_ca": null, "diet_veget": null, "artwork_ty": null, "delivery": null, "drive_thro": null, "outdoor_se": null, "sport": null, "crossing": null, "bench": null, "bin": null, "telecom": null, "historic": null, "man_made": null, "parking": null, "healthcare": null, "note": null, "operator": null, "waste": null, "parcel_pic": null, "diet_meat": null, "shelter_ty": null }, "geometry": { "type": "Point", "coordinates": [ 114.3549781, 30.5328138 ] } },
{ "type": "Feature", "properties": { "LAYER": "Unknown Point Feature", "GM_TYPE": "Unknown Point Feature", "barrier": "gate", "name": null, "id": 1205110000.0, "visible": "true", "version": 1, "changeset": 7581442, "timestamp": "2011-03-17T02:14:45Z", "user": "GeoSUN", "uid": 414582, "highway": null, "amenity": null, "place": null, "bicycle": null, "foot": null, "motor_vehi": null, "tourism": null, "addr_city": null, "addr_house": null, "addr_postc": 0, "addr_stree": null, "atm": null, "brand": null, "brand_en": null, "brand_wiki": null, "brand_wik1": null, "name_en": null, "bus": null, "public_tra": null, "shop": null, "level": 0, "cuisine": null, "brand_zh": null, "name_zh": null, "takeaway": null, "opening_ho": null, "office": null, "railway": null, "leisure": null, "addr_distr": null, "addr_provi": null, "subway": null, "building": null, "horse": null, "locked": null, "access": null, "natural": null, "capacity": 0, "phone": null, "traffic_ca": null, "diet_veget": null, "artwork_ty": null, "delivery": null, "drive_thro": null, "outdoor_se": null, "sport": null, "crossing": null, "bench": null, "bin": null, "telecom": null, "historic": null, "man_made": null, "parking": null, "healthcare": null, "note": null, "operator": null, "waste": null, "parcel_pic": null, "diet_meat": null, "shelter_ty": null }, "geometry": { "type": "Point", "coordinates": [ 114.3508213, 30.5342758 ] } },
{ "type": "Feature", "properties": { "LAYER": "amenity - bank", "GM_TYPE": "Bank", "barrier": null, "name": "中国农业银行", "id": 1210070000.0, "visible": "true", "version": 3, "changeset": 91557565, "timestamp": "2020-09-26T16:28:49Z", "user": "samsung galaxy s6", "uid": 3691120, "highway": null, "amenity": "bank", "place": null, "bicycle": null, "foot": null, "motor_vehi": null, "tourism": null, "addr_city": null, "addr_house": null, "addr_postc": 0, "addr_stree": null, "atm": "yes", "brand": "中国农业银行", "brand_en": "Agricultural Bank of China", "brand_wiki": "Q26298", "brand_wik1": "en:Agricultural Bank of China", "name_en": "Agricultural Bank of China", "bus": null, "public_tra": null, "shop": null, "level": 0, "cuisine": null, "brand_zh": null, "name_zh": null, "takeaway": null, "opening_ho": null, "office": null, "railway": null, "leisure": null, "addr_distr": null, "addr_provi": null, "subway": null, "building": null, "horse": null, "locked": null, "access": null, "natural": null, "capacity": 0, "phone": null, "traffic_ca": null, "diet_veget": null, "artwork_ty": null, "delivery": null, "drive_thro": null, "outdoor_se": null, "sport": null, "crossing": null, "bench": null, "bin": null, "telecom": null, "historic": null, "man_made": null, "parking": null, "healthcare": null, "note": null, "operator": null, "waste": null, "parcel_pic": null, "diet_meat": null, "shelter_ty": null }, "geometry": { "type": "Point", "coordinates": [ 114.3569739, 30.5263286 ] } },
{ "type": "Feature", "properties": { "LAYER": "amenity - cafe", "GM_TYPE": "Restaurant", "barrier": null, "name": "秀玉红茶坊", "id": 1214590000.0, "visible": "true", "version": 2, "changeset": 9080911, "timestamp": "2011-08-21T06:45:07Z", "user": "GeoSUN", "uid": 414582, "highway": null, "amenity": "cafe", "place": null, "bicycle": null, "foot": null, "motor_vehi": null, "tourism": null, "addr_city": null, "addr_house": null, "addr_postc": 0, "addr_stree": null, "atm": null, "brand": null, "brand_en": null, "brand_wiki": null, "brand_wik1": null, "name_en": null, "bus": null, "public_tra": null, "shop": null, "level": 0, "cuisine": null, "brand_zh": null, "name_zh": null, "takeaway": null, "opening_ho": null, "office": null, "railway": null, "leisure": null, "addr_distr": null, "addr_provi": null, "subway": null, "building": null, "horse": null, "locked": null, "access": null, "natural": null, "capacity": 0, "phone": null, "traffic_ca": null, "diet_veget": null, "artwork_ty": null, "delivery": null, "drive_thro": null, "outdoor_se": null, "sport": null, "crossing": null, "bench": null, "bin": null, "telecom": null, "historic": null, "man_made": null, "parking": null, "healthcare": null, "note": null, "operator": null, "waste": null, "parcel_pic": null, "diet_meat": null, "shelter_ty": null }, "geometry": { "type": "Point", "coordinates": [ 114.3552599, 30.5264071 ] } },
{ "type": "Feature", "properties": { "LAYER": "amenity - bank", "GM_TYPE": "Bank", "barrier": null, "name": "中国工商银行", "id": 1224850000.0, "visible": "true", "version": 3, "changeset": 77773178, "timestamp": "2019-12-01T05:43:20Z", "user": "samsung galaxy s6", "uid": 3691120, "highway": null, "amenity": "bank", "place": null, "bicycle": null, "foot": null, "motor_vehi": null, "tourism": null, "addr_city": null, "addr_house": null, "addr_postc": 0, "addr_stree": null, "atm": "yes", "brand": "中国工商银行", "brand_en": "Industrial and Commercial Bank of China", "brand_wiki": "Q26463", "brand_wik1": "en:Industrial and Commercial Bank of China", "name_en": "Industrial and Commercial Bank of China", "bus": null, "public_tra": null, "shop": null, "level": 0, "cuisine": null, "brand_zh": null, "name_zh": null, "takeaway": null, "opening_ho": null, "office": null, "railway": null, "leisure": null, "addr_distr": null, "addr_provi": null, "subway": null, "building": null, "horse": null, "locked": null, "access": null, "natural": null, "capacity": 0, "phone": null, "traffic_ca": null, "diet_veget": null, "artwork_ty": null, "delivery": null, "drive_thro": null, "outdoor_se": null, "sport": null, "crossing": null, "bench": null, "bin": null, "telecom": null, "historic": null, "man_made": null, "parking": null, "healthcare": null, "note": null, "operator": null, "waste": null, "parcel_pic": null, "diet_meat": null, "shelter_ty": null }, "geometry": { "type": "Point", "coordinates": [ 114.3503733, 30.5344259 ] } },
{ "type": "Feature", "properties": { "LAYER": "tourism - hotel", "GM_TYPE": "Lodging", "barrier": null, "name": "君宜王朝大饭店", "id": 1272830000.0, "visible": "true", "version": 1, "changeset": 8054714, "timestamp": "2011-05-05T06:34:16Z", "user": "GeoSUN", "uid": 414582, "highway": null, "amenity": null, "place": null, "bicycle": null, "foot": null, "motor_vehi": null, "tourism": "hotel", "addr_city": null, "addr_house": null, "addr_postc": 0, "addr_stree": null, "atm": null, "brand": null, "brand_en": null, "brand_wiki": null, "brand_wik1": null, "name_en": null, "bus": null, "public_tra": null, "shop": null, "level": 0, "cuisine": null, "brand_zh": null, "name_zh": null, "takeaway": null, "opening_ho": null, "office": null, "railway": null, "leisure": null, "addr_distr": null, "addr_provi": null, "subway": null, "building": null, "horse": null, "locked": null, "access": null, "natural": null, "capacity": 0, "phone": null, "traffic_ca": null, "diet_veget": null, "artwork_ty": null, "delivery": null, "drive_thro": null, "outdoor_se": null, "sport": null, "crossing": null, "bench": null, "bin": null, "telecom": null, "historic": null, "man_made": null, "parking": null, "healthcare": null, "note": null, "operator": null, "waste": null, "parcel_pic": null, "diet_meat": null, "shelter_ty": null }, "geometry": { "type": "Point", "coordinates": [ 114.3537342, 30.527902 ] } },
{ "type": "Feature", "properties": { "LAYER": "highway - bus_stop", "GM_TYPE": "Unknown Point Feature", "barrier": null, "name": "珞珈山站", "id": 1272840000.0, "visible": "true", "version": 4, "changeset": 83715165, "timestamp": "2020-04-17T15:36:15Z", "user": "Maps Man", "uid": 10216874, "highway": "bus_stop", "amenity": null, "place": null, "bicycle": null, "foot": null, "motor_vehi": null, "tourism": null, "addr_city": null, "addr_house": null, "addr_postc": 0, "addr_stree": null, "atm": null, "brand": null, "brand_en": null, "brand_wiki": null, "brand_wik1": null, "name_en": null, "bus": "yes", "public_tra": "platform", "shop": null, "level": 0, "cuisine": null, "brand_zh": null, "name_zh": null, "takeaway": null, "opening_ho": null, "office": null, "railway": null, "leisure": null, "addr_distr": null, "addr_provi": null, "subway": null, "building": null, "horse": null, "locked": null, "access": null, "natural": null, "capacity": 0, "phone": null, "traffic_ca": null, "diet_veget": null, "artwork_ty": null, "delivery": null, "drive_thro": null, "outdoor_se": null, "sport": null, "crossing": null, "bench": null, "bin": null, "telecom": null, "historic": null, "man_made": null, "parking": null, "healthcare": null, "note": null, "operator": null, "waste": null, "parcel_pic": null, "diet_meat": null, "shelter_ty": null }, "geometry": { "type": "Point", "coordinates": [ 114.3515423, 30.5349043 ] } },
{ "type": "Feature", "properties": { "LAYER": "highway - bus_stop", "GM_TYPE": "Unknown Point Feature", "barrier": null, "name": "珞喻路广埠屯站", "id": 1282460000.0, "visible": "true", "version": 4, "changeset": 83714870, "timestamp": "2020-04-17T15:28:59Z", "user": "Maps Man", "uid": 10216874, "highway": "bus_stop", "amenity": null, "place": null, "bicycle": null, "foot": null, "motor_vehi": null, "tourism": null, "addr_city": null, "addr_house": null, "addr_postc": 0, "addr_stree": null, "atm": null, "brand": null, "brand_en": null, "brand_wiki": null, "brand_wik1": null, "name_en": null, "bus": "yes", "public_tra": "platform", "shop": null, "level": 0, "cuisine": null, "brand_zh": null, "name_zh": null, "takeaway": null, "opening_ho": null, "office": null, "railway": null, "leisure": null, "addr_distr": null, "addr_provi": null, "subway": null, "building": null, "horse": null, "locked": null, "access": null, "natural": null, "capacity": 0, "phone": null, "traffic_ca": null, "diet_veget": null, "artwork_ty": null, "delivery": null, "drive_thro": null, "outdoor_se": null, "sport": null, "crossing": null, "bench": null, "bin": null, "telecom": null, "historic": null, "man_made": null, "parking": null, "healthcare": null, "note": null, "operator": null, "waste": null, "parcel_pic": null, "diet_meat": null, "shelter_ty": null }, "geometry": { "type": "Point", "coordinates": [ 114.3526915, 30.5278019 ] } },
{ "type": "Feature", "properties": { "LAYER": "shop - books", "GM_TYPE": "Shopping", "barrier": null, "name": "千里马考研书店", "id": 1369720000.0, "visible": "true", "version": 2, "changeset": 8877866, "timestamp": "2011-07-31T06:41:55Z", "user": "GeoSUN", "uid": 414582, "highway": null, "amenity": null, "place": null, "bicycle": null, "foot": null, "motor_vehi": null, "tourism": null, "addr_city": null, "addr_house": null, "addr_postc": 0, "addr_stree": null, "atm": null, "brand": null, "brand_en": null, "brand_wiki": null, "brand_wik1": null, "name_en": null, "bus": null, "public_tra": null, "shop": "books", "level": 0, "cuisine": null, "brand_zh": null, "name_zh": null, "takeaway": null, "opening_ho": null, "office": null, "railway": null, "leisure": null, "addr_distr": null, "addr_provi": null, "subway": null, "building": null, "horse": null, "locked": null, "access": null, "natural": null, "capacity": 0, "phone": null, "traffic_ca": null, "diet_veget": null, "artwork_ty": null, "delivery": null, "drive_thro": null, "outdoor_se": null, "sport": null, "crossing": null, "bench": null, "bin": null, "telecom": null, "historic": null, "man_made": null, "parking": null, "healthcare": null, "note": null, "operator": null, "waste": null, "parcel_pic": null, "diet_meat": null, "shelter_ty": null }, "geometry": { "type": "Point", "coordinates": [ 114.3537992, 30.5343193 ] } },
{ "type": "Feature", "properties": { "LAYER": "shop - convenience", "GM_TYPE": "Shopping", "barrier": null, "name": "自强超市", "id": 1369720000.0, "visible": "true", "version": 5, "changeset": 133814989, "timestamp": "2023-03-18T09:11:13Z", "user": "WHU-RS-lgl", "uid": 18757500, "highway": null, "amenity": null, "place": null, "bicycle": null, "foot": null, "motor_vehi": null, "tourism": null, "addr_city": null, "addr_house": null, "addr_postc": 0, "addr_stree": null, "atm": null, "brand": null, "brand_en": null, "brand_wiki": null, "brand_wik1": null, "name_en": null, "bus": null, "public_tra": null, "shop": "convenience", "level": 0, "cuisine": null, "brand_zh": null, "name_zh": null, "takeaway": null, "opening_ho": null, "office": null, "railway": null, "leisure": null, "addr_distr": null, "addr_provi": null, "subway": null, "building": null, "horse": null, "locked": null, "access": null, "natural": null, "capacity": 0, "phone": null, "traffic_ca": null, "diet_veget": null, "artwork_ty": null, "delivery": null, "drive_thro": null, "outdoor_se": null, "sport": null, "crossing": null, "bench": null, "bin": null, "telecom": null, "historic": null, "man_made": null, "parking": null, "healthcare": null, "note": null, "operator": null, "waste": null, "parcel_pic": null, "diet_meat": null, "shelter_ty": null }, "geometry": { "type": "Point", "coordinates": [ 114.3538604, 30.5286103 ] } },
{ "type": "Feature", "properties": { "LAYER": "tourism - hotel", "GM_TYPE": "Lodging", "barrier": null, "name": "如家快捷酒店 (广埠屯店)", "id": 1369720000.0, "visible": "true", "version": 2, "changeset": 9080911, "timestamp": "2011-08-21T06:17:52Z", "user": "GeoSUN", "uid": 414582, "highway": null, "amenity": null, "place": null, "bicycle": null, "foot": null, "motor_vehi": null, "tourism": "hotel", "addr_city": null, "addr_house": null, "addr_postc": 0, "addr_stree": null, "atm": null, "brand": null, "brand_en": null, "brand_wiki": null, "brand_wik1": null, "name_en": null, "bus": null, "public_tra": null, "shop": null, "level": 0, "cuisine": null, "brand_zh": null, "name_zh": null, "takeaway": null, "opening_ho": null, "office": null, "railway": null, "leisure": null, "addr_distr": null, "addr_provi": null, "subway": null, "building": null, "horse": null, "locked": null, "access": null, "natural": null, "capacity": 0, "phone": null, "traffic_ca": null, "diet_veget": null, "artwork_ty": null, "delivery": null, "drive_thro": null, "outdoor_se": null, "sport": null, "crossing": null, "bench": null, "bin": null, "telecom": null, "historic": null, "man_made": null, "parking": null, "healthcare": null, "note": null, "operator": null, "waste": null, "parcel_pic": null, "diet_meat": null, "shelter_ty": null }, "geometry": { "type": "Point", "coordinates": [ 114.3553896, 30.5271712 ] } },
{ "type": "Feature", "properties": { "LAYER": "shop - books", "GM_TYPE": "Shopping", "barrier": null, "name": "武汉大学出版社读者服务部", "id": 1369720000.0, "visible": "true", "version": 1, "changeset": 8795344, "timestamp": "2011-07-22T08:06:20Z", "user": "GeoSUN", "uid": 414582, "highway": null, "amenity": null, "place": null, "bicycle": null, "foot": null, "motor_vehi": null, "tourism": null, "addr_city": null, "addr_house": null, "addr_postc": 0, "addr_stree": null, "atm": null, "brand": null, "brand_en": null, "brand_wiki": null, "brand_wik1": null, "name_en": null, "bus": null, "public_tra": null, "shop": "books", "level": 0, "cuisine": null, "brand_zh": null, "name_zh": null, "takeaway": null, "opening_ho": null, "office": null, "railway": null, "leisure": null, "addr_distr": null, "addr_provi": null, "subway": null, "building": null, "horse": null, "locked": null, "access": null, "natural": null, "capacity": 0, "phone": null, "traffic_ca": null, "diet_veget": null, "artwork_ty": null, "delivery": null, "drive_thro": null, "outdoor_se": null, "sport": null, "crossing": null, "bench": null, "bin": null, "telecom": null, "historic": null, "man_made": null, "parking": null, "healthcare": null, "note": null, "operator": null, "waste": null, "parcel_pic": null, "diet_meat": null, "shelter_ty": null }, "geometry": { "type": "Point", "coordinates": [ 114.3547271, 30.5297381 ] } },
{ "type": "Feature", "properties": { "LAYER": "shop - books", "GM_TYPE": "Shopping", "barrier": null, "name": "三联学府书店", "id": 1369720000.0, "visible": "true", "version": 3, "changeset": 120670726, "timestamp": "2022-05-07T14:32:38Z", "user": "636663", "uid": 15396410, "highway": null, "amenity": null, "place": null, "bicycle": null, "foot": null, "motor_vehi": null, "tourism": null, "addr_city": null, "addr_house": null, "addr_postc": 0, "addr_stree": null, "atm": null, "brand": null, "brand_en": null, "brand_wiki": null, "brand_wik1": null, "name_en": null, "bus": null, "public_tra": null, "shop": "books", "level": 0, "cuisine": null, "brand_zh": null, "name_zh": null, "takeaway": null, "opening_ho": null, "office": null, "railway": null, "leisure": null, "addr_distr": null, "addr_provi": null, "subway": null, "building": null, "horse": null, "locked": null, "access": null, "natural": null, "capacity": 0, "phone": null, "traffic_ca": null, "diet_veget": null, "artwork_ty": null, "delivery": null, "drive_thro": null, "outdoor_se": null, "sport": null, "crossing": null, "bench": null, "bin": null, "telecom": null, "historic": null, "man_made": null, "parking": null, "healthcare": null, "note": null, "operator": null, "waste": null, "parcel_pic": null, "diet_meat": null, "shelter_ty": null }, "geometry": { "type": "Point", "coordinates": [ 114.3573361, 30.5330993 ] } },
{ "type": "Feature", "properties": { "LAYER": "amenity - restaurant", "GM_TYPE": "Restaurant", "barrier": null, "name": "金三角酒店", "id": 1369730000.0, "visible": "true", "version": 1, "changeset": 8795344, "timestamp": "2011-07-22T08:18:11Z", "user": "GeoSUN", "uid": 414582, "highway": null, "amenity": "restaurant", "place": null, "bicycle": null, "foot": null, "motor_vehi": null, "tourism": null, "addr_city": null, "addr_house": null, "addr_postc": 0, "addr_stree": null, "atm": null, "brand": null, "brand_en": null, "brand_wiki": null, "brand_wik1": null, "name_en": null, "bus": null, "public_tra": null, "shop": null, "level": 0, "cuisine": null, "brand_zh": null, "name_zh": null, "takeaway": null, "opening_ho": null, "office": null, "railway": null, "leisure": null, "addr_distr": null, "addr_provi": null, "subway": null, "building": null, "horse": null, "locked": null, "access": null, "natural": null, "capacity": 0, "phone": null, "traffic_ca": null, "diet_veget": null, "artwork_ty": null, "delivery": null, "drive_thro": null, "outdoor_se": null, "sport": null, "crossing": null, "bench": null, "bin": null, "telecom": null, "historic": null, "man_made": null, "parking": null, "healthcare": null, "note": null, "operator": null, "waste": null, "parcel_pic": null, "diet_meat": null, "shelter_ty": null }, "geometry": { "type": "Point", "coordinates": [ 114.3594451, 30.5323349 ] } },
{ "type": "Feature", "properties": { "LAYER": "highway - bus_stop", "GM_TYPE": "Unknown Point Feature", "barrier": null, "name": "八一路珞珈山站", "id": 1369730000.0, "visible": "true", "version": 7, "changeset": 120670726, "timestamp": "2022-05-07T14:32:38Z", "user": "636663", "uid": 15396410, "highway": "bus_stop", "amenity": null, "place": null, "bicycle": null, "foot": null, "motor_vehi": null, "tourism": null, "addr_city": null, "addr_house": null, "addr_postc": 0, "addr_stree": null, "atm": null, "brand": null, "brand_en": null, "brand_wiki": null, "brand_wik1": null, "name_en": null, "bus": "yes", "public_tra": "platform", "shop": null, "level": -1, "cuisine": null, "brand_zh": null, "name_zh": null, "takeaway": null, "opening_ho": null, "office": null, "railway": null, "leisure": null, "addr_distr": null, "addr_provi": null, "subway": null, "building": null, "horse": null, "locked": null, "access": null, "natural": null, "capacity": 0, "phone": null, "traffic_ca": null, "diet_veget": null, "artwork_ty": null, "delivery": null, "drive_thro": null, "outdoor_se": null, "sport": null, "crossing": null, "bench": null, "bin": null, "telecom": null, "historic": null, "man_made": null, "parking": null, "healthcare": null, "note": null, "operator": null, "waste": null, "parcel_pic": null, "diet_meat": null, "shelter_ty": null }, "geometry": { "type": "Point", "coordinates": [ 114.3543626, 30.5341896 ] } },
{ "type": "Feature", "properties": { "LAYER": "highway - bus_stop", "GM_TYPE": "Unknown Point Feature", "barrier": null, "name": "八一路珞珈山站", "id": 1369730000.0, "visible": "true", "version": 7, "changeset": 120670726, "timestamp": "2022-05-07T14:32:38Z", "user": "636663", "uid": 15396410, "highway": "bus_stop", "amenity": null, "place": null, "bicycle": null, "foot": null, "motor_vehi": null, "tourism": null, "addr_city": null, "addr_house": null, "addr_postc": 0, "addr_stree": null, "atm": null, "brand": null, "brand_en": null, "brand_wiki": null, "brand_wik1": null, "name_en": null, "bus": "yes", "public_tra": "platform", "shop": null, "level": -1, "cuisine": null, "brand_zh": null, "name_zh": null, "takeaway": null, "opening_ho": null, "office": null, "railway": null, "leisure": null, "addr_distr": null, "addr_provi": null, "subway": null, "building": null, "horse": null, "locked": null, "access": null, "natural": null, "capacity": 0, "phone": null, "traffic_ca": null, "diet_veget": null, "artwork_ty": null, "delivery": null, "drive_thro": null, "outdoor_se": null, "sport": null, "crossing": null, "bench": null, "bin": null, "telecom": null, "historic": null, "man_made": null, "parking": null, "healthcare": null, "note": null, "operator": null, "waste": null, "parcel_pic": null, "diet_meat": null, "shelter_ty": null }, "geometry": { "type": "Point", "coordinates": [ 114.3555934, 30.5341083 ] } },
{ "type": "Feature", "properties": { "LAYER": "amenity - fast_food", "GM_TYPE": "Restaurant", "barrier": null, "name": "华莱士", "id": 1369730000.0, "visible": "true", "version": 2, "changeset": 45458199, "timestamp": "2017-01-25T02:44:13Z", "user": "gryffindor", "uid": 5161539, "highway": null, "amenity": "fast_food", "place": null, "bicycle": null, "foot": null, "motor_vehi": null, "tourism": null, "addr_city": null, "addr_house": null, "addr_postc": 0, "addr_stree": null, "atm": null, "brand": null, "brand_en": null, "brand_wiki": null, "brand_wik1": null, "name_en": null, "bus": null, "public_tra": null, "shop": null, "level": 0, "cuisine": null, "brand_zh": null, "name_zh": null, "takeaway": null, "opening_ho": null, "office": null, "railway": null, "leisure": null, "addr_distr": null, "addr_provi": null, "subway": null, "building": null, "horse": null, "locked": null, "access": null, "natural": null, "capacity": 0, "phone": null, "traffic_ca": null, "diet_veget": null, "artwork_ty": null, "delivery": null, "drive_thro": null, "outdoor_se": null, "sport": null, "crossing": null, "bench": null, "bin": null, "telecom": null, "historic": null, "man_made": null, "parking": null, "healthcare": null, "note": null, "operator": null, "waste": null, "parcel_pic": null, "diet_meat": null, "shelter_ty": null }, "geometry": { "type": "Point", "coordinates": [ 114.3589452, 30.5325342 ] } },
{ "type": "Feature", "properties": { "LAYER": "highway - bus_stop", "GM_TYPE": "Unknown Point Feature", "barrier": null, "name": "八一路广八路站", "id": 1370770000.0, "visible": "true", "version": 3, "changeset": 83714870, "timestamp": "2020-04-17T15:28:59Z", "user": "Maps Man", "uid": 10216874, "highway": "bus_stop", "amenity": null, "place": null, "bicycle": null, "foot": null, "motor_vehi": null, "tourism": null, "addr_city": null, "addr_house": null, "addr_postc": 0, "addr_stree": null, "atm": null, "brand": null, "brand_en": null, "brand_wiki": null, "brand_wik1": null, "name_en": null, "bus": "yes", "public_tra": "platform", "shop": null, "level": 0, "cuisine": null, "brand_zh": null, "name_zh": null, "takeaway": null, "opening_ho": null, "office": null, "railway": null, "leisure": null, "addr_distr": null, "addr_provi": null, "subway": null, "building": null, "horse": null, "locked": null, "access": null, "natural": null, "capacity": 0, "phone": null, "traffic_ca": null, "diet_veget": null, "artwork_ty": null, "delivery": null, "drive_thro": null, "outdoor_se": null, "sport": null, "crossing": null, "bench": null, "bin": null, "telecom": null, "historic": null, "man_made": null, "parking": null, "healthcare": null, "note": null, "operator": null, "waste": null, "parcel_pic": null, "diet_meat": null, "shelter_ty": null }, "geometry": { "type": "Point", "coordinates": [ 114.3586087, 30.5328579 ] } },
{ "type": "Feature", "properties": { "LAYER": "highway - bus_stop", "GM_TYPE": "Unknown Point Feature", "barrier": null, "name": "八一路广八路站", "id": 1370770000.0, "visible": "true", "version": 3, "changeset": 83715165, "timestamp": "2020-04-17T15:36:15Z", "user": "Maps Man", "uid": 10216874, "highway": "bus_stop", "amenity": null, "place": null, "bicycle": null, "foot": null, "motor_vehi": null, "tourism": null, "addr_city": null, "addr_house": null, "addr_postc": 0, "addr_stree": null, "atm": null, "brand": null, "brand_en": null, "brand_wiki": null, "brand_wik1": null, "name_en": null, "bus": "yes", "public_tra": "platform", "shop": null, "level": 0, "cuisine": null, "brand_zh": null, "name_zh": null, "takeaway": null, "opening_ho": null, "office": null, "railway": null, "leisure": null, "addr_distr": null, "addr_provi": null, "subway": null, "building": null, "horse": null, "locked": null, "access": null, "natural": null, "capacity": 0, "phone": null, "traffic_ca": null, "diet_veget": null, "artwork_ty": null, "delivery": null, "drive_thro": null, "outdoor_se": null, "sport": null, "crossing": null, "bench": null, "bin": null, "telecom": null, "historic": null, "man_made": null, "parking": null, "healthcare": null, "note": null, "operator": null, "waste": null, "parcel_pic": null, "diet_meat": null, "shelter_ty": null }, "geometry": { "type": "Point", "coordinates": [ 114.358234, 30.5328768 ] } },
{ "type": "Feature", "properties": { "LAYER": "highway - bus_stop", "GM_TYPE": "Unknown Point Feature", "barrier": null, "name": "广八路邱家村站", "id": 1370770000.0, "visible": "true", "version": 4, "changeset": 100938183, "timestamp": "2021-03-13T00:24:44Z", "user": "Maps Man", "uid": 10216874, "highway": "bus_stop", "amenity": null, "place": null, "bicycle": null, "foot": null, "motor_vehi": null, "tourism": null, "addr_city": null, "addr_house": null, "addr_postc": 0, "addr_stree": null, "atm": null, "brand": null, "brand_en": null, "brand_wiki": null, "brand_wik1": null, "name_en": null, "bus": "yes", "public_tra": "platform", "shop": null, "level": 0, "cuisine": null, "brand_zh": null, "name_zh": null, "takeaway": null, "opening_ho": null, "office": null, "railway": null, "leisure": null, "addr_distr": null, "addr_provi": null, "subway": null, "building": null, "horse": null, "locked": null, "access": null, "natural": null, "capacity": 0, "phone": null, "traffic_ca": null, "diet_veget": null, "artwork_ty": null, "delivery": null, "drive_thro": null, "outdoor_se": null, "sport": null, "crossing": null, "bench": null, "bin": null, "telecom": null, "historic": null, "man_made": null, "parking": null, "healthcare": null, "note": null, "operator": null, "waste": null, "parcel_pic": null, "diet_meat": null, "shelter_ty": null }, "geometry": { "type": "Point", "coordinates": [ 114.3588095, 30.530136 ] } },
{ "type": "Feature", "properties": { "LAYER": "amenity - restaurant", "GM_TYPE": "Restaurant", "barrier": null, "name": "金马门国际美食百汇", "id": 1406770000.0, "visible": "true", "version": 2, "changeset": 45458199, "timestamp": "2017-01-25T02:44:14Z", "user": "gryffindor", "uid": 5161539, "highway": null, "amenity": "restaurant", "place": null, "bicycle": null, "foot": null, "motor_vehi": null, "tourism": null, "addr_city": "武汉", "addr_house": "87", "addr_postc": 430079, "addr_stree": "珞喻路", "atm": null, "brand": null, "brand_en": null, "brand_wiki": null, "brand_wik1": null, "name_en": null, "bus": null, "public_tra": null, "shop": null, "level": 0, "cuisine": null, "brand_zh": null, "name_zh": null, "takeaway": null, "opening_ho": null, "office": null, "railway": null, "leisure": null, "addr_distr": null, "addr_provi": null, "subway": null, "building": null, "horse": null, "locked": null, "access": null, "natural": null, "capacity": 0, "phone": null, "traffic_ca": null, "diet_veget": null, "artwork_ty": null, "delivery": null, "drive_thro": null, "outdoor_se": null, "sport": null, "crossing": null, "bench": null, "bin": null, "telecom": null, "historic": null, "man_made": null, "parking": null, "healthcare": null, "note": null, "operator": null, "waste": null, "parcel_pic": null, "diet_meat": null, "shelter_ty": null }, "geometry": { "type": "Point", "coordinates": [ 114.3533787, 30.5278875 ] } },
{ "type": "Feature", "properties": { "LAYER": "amenity - restaurant", "GM_TYPE": "Restaurant", "barrier": null, "name": "傣妹火锅", "id": 1406770000.0, "visible": "true", "version": 2, "changeset": 88208185, "timestamp": "2020-07-19T21:41:57Z", "user": "Metrohsrtheedit", "uid": 7030314, "highway": null, "amenity": "restaurant", "place": null, "bicycle": null, "foot": null, "motor_vehi": null, "tourism": null, "addr_city": null, "addr_house": null, "addr_postc": 0, "addr_stree": null, "atm": null, "brand": null, "brand_en": null, "brand_wiki": null, "brand_wik1": null, "name_en": null, "bus": null, "public_tra": null, "shop": null, "level": 0, "cuisine": "hotpot", "brand_zh": null, "name_zh": null, "takeaway": null, "opening_ho": null, "office": null, "railway": null, "leisure": null, "addr_distr": null, "addr_provi": null, "subway": null, "building": null, "horse": null, "locked": null, "access": null, "natural": null, "capacity": 0, "phone": null, "traffic_ca": null, "diet_veget": null, "artwork_ty": null, "delivery": null, "drive_thro": null, "outdoor_se": null, "sport": null, "crossing": null, "bench": null, "bin": null, "telecom": null, "historic": null, "man_made": null, "parking": null, "healthcare": null, "note": null, "operator": null, "waste": null, "parcel_pic": null, "diet_meat": null, "shelter_ty": null }, "geometry": { "type": "Point", "coordinates": [ 114.3547385, 30.5265914 ] } },
{ "type": "Feature", "properties": { "LAYER": "amenity - restaurant", "GM_TYPE": "Restaurant", "barrier": null, "name": "红鼎豆捞 (街道口店)", "id": 1406770000.0, "visible": "true", "version": 2, "changeset": 14717694, "timestamp": "2013-01-20T10:01:33Z", "user": "kun3721", "uid": 1195808, "highway": null, "amenity": "restaurant", "place": null, "bicycle": null, "foot": null, "motor_vehi": null, "tourism": null, "addr_city": null, "addr_house": null, "addr_postc": 0, "addr_stree": null, "atm": null, "brand": null, "brand_en": null, "brand_wiki": null, "brand_wik1": null, "name_en": null, "bus": null, "public_tra": null, "shop": null, "level": 0, "cuisine": null, "brand_zh": null, "name_zh": null, "takeaway": null, "opening_ho": null, "office": null, "railway": null, "leisure": null, "addr_distr": null, "addr_provi": null, "subway": null, "building": null, "horse": null, "locked": null, "access": null, "natural": null, "capacity": 0, "phone": null, "traffic_ca": null, "diet_veget": null, "artwork_ty": null, "delivery": null, "drive_thro": null, "outdoor_se": null, "sport": null, "crossing": null, "bench": null, "bin": null, "telecom": null, "historic": null, "man_made": null, "parking": null, "healthcare": null, "note": null, "operator": null, "waste": null, "parcel_pic": null, "diet_meat": null, "shelter_ty": null }, "geometry": { "type": "Point", "coordinates": [ 114.3488206, 30.5304861 ] } },
{ "type": "Feature", "properties": { "LAYER": "amenity - bus_station", "GM_TYPE": "Building", "barrier": null, "name": "珞珈山路劝业场站", "id": 1406780000.0, "visible": "true", "version": 3, "changeset": 77773178, "timestamp": "2019-12-01T05:43:20Z", "user": "samsung galaxy s6", "uid": 3691120, "highway": null, "amenity": "bus_station", "place": null, "bicycle": null, "foot": null, "motor_vehi": null, "tourism": null, "addr_city": null, "addr_house": null, "addr_postc": 0, "addr_stree": null, "atm": null, "brand": null, "brand_en": null, "brand_wiki": null, "brand_wik1": null, "name_en": null, "bus": "yes", "public_tra": "station", "shop": null, "level": 0, "cuisine": null, "brand_zh": null, "name_zh": null, "takeaway": null, "opening_ho": null, "office": null, "railway": null, "leisure": null, "addr_distr": null, "addr_provi": null, "subway": null, "building": null, "horse": null, "locked": null, "access": null, "natural": null, "capacity": 0, "phone": null, "traffic_ca": null, "diet_veget": null, "artwork_ty": null, "delivery": null, "drive_thro": null, "outdoor_se": null, "sport": null, "crossing": null, "bench": null, "bin": null, "telecom": null, "historic": null, "man_made": null, "parking": null, "healthcare": null, "note": null, "operator": null, "waste": null, "parcel_pic": null, "diet_meat": null, "shelter_ty": null }, "geometry": { "type": "Point", "coordinates": [ 114.350151, 30.5338964 ] } },
{ "type": "Feature", "properties": { "LAYER": "amenity - fast_food", "GM_TYPE": "Restaurant", "barrier": null, "name": "肯德基", "id": 1408410000.0, "visible": "true", "version": 5, "changeset": 131560219, "timestamp": "2023-01-22T05:01:48Z", "user": "Wood32", "uid": 11693767, "highway": null, "amenity": "fast_food", "place": null, "bicycle": null, "foot": null, "motor_vehi": null, "tourism": null, "addr_city": null, "addr_house": null, "addr_postc": 0, "addr_stree": null, "atm": null, "brand": "肯德基", "brand_en": "KFC", "brand_wiki": "Q524757", "brand_wik1": "en:KFC", "name_en": "KFC", "bus": null, "public_tra": null, "shop": null, "level": 0, "cuisine": "chicken", "brand_zh": "肯德基", "name_zh": "肯德基", "takeaway": "yes", "opening_ho": null, "office": null, "railway": null, "leisure": null, "addr_distr": null, "addr_provi": null, "subway": null, "building": null, "horse": null, "locked": null, "access": null, "natural": null, "capacity": 0, "phone": null, "traffic_ca": null, "diet_veget": null, "artwork_ty": null, "delivery": null, "drive_thro": null, "outdoor_se": null, "sport": null, "crossing": null, "bench": null, "bin": null, "telecom": null, "historic": null, "man_made": null, "parking": null, "healthcare": null, "note": null, "operator": null, "waste": null, "parcel_pic": null, "diet_meat": null, "shelter_ty": null }, "geometry": { "type": "Point", "coordinates": [ 114.351567, 30.535223 ] } },
{ "type": "Feature", "properties": { "LAYER": "shop - supermarket", "GM_TYPE": "Shopping", "barrier": null, "name": "優品匯", "id": 1417700000.0, "visible": "true", "version": 3, "changeset": 91484430, "timestamp": "2020-09-25T06:07:41Z", "user": "samsung galaxy s6", "uid": 3691120, "highway": null, "amenity": null, "place": null, "bicycle": null, "foot": null, "motor_vehi": null, "tourism": null, "addr_city": null, "addr_house": null, "addr_postc": 0, "addr_stree": null, "atm": null, "brand": null, "brand_en": null, "brand_wiki": null, "brand_wik1": null, "name_en": null, "bus": null, "public_tra": null, "shop": "supermarket", "level": 0, "cuisine": null, "brand_zh": null, "name_zh": "優品匯", "takeaway": null, "opening_ho": null, "office": null, "railway": null, "leisure": null, "addr_distr": null, "addr_provi": null, "subway": null, "building": null, "horse": null, "locked": null, "access": null, "natural": null, "capacity": 0, "phone": null, "traffic_ca": null, "diet_veget": null, "artwork_ty": null, "delivery": null, "drive_thro": null, "outdoor_se": null, "sport": null, "crossing": null, "bench": null, "bin": null, "telecom": null, "historic": null, "man_made": null, "parking": null, "healthcare": null, "note": null, "operator": null, "waste": null, "parcel_pic": null, "diet_meat": null, "shelter_ty": null }, "geometry": { "type": "Point", "coordinates": [ 114.351192, 30.535446 ] } },
{ "type": "Feature", "properties": { "LAYER": "amenity - restaurant", "GM_TYPE": "Restaurant", "barrier": null, "name": "永和大王", "id": 2120390000.0, "visible": "true", "version": 3, "changeset": 45458199, "timestamp": "2017-01-25T02:44:13Z", "user": "gryffindor", "uid": 5161539, "highway": null, "amenity": "restaurant", "place": null, "bicycle": null, "foot": null, "motor_vehi": null, "tourism": null, "addr_city": "武汉", "addr_house": "129", "addr_postc": 430079, "addr_stree": "珞狮路", "atm": null, "brand": null, "brand_en": null, "brand_wiki": null, "brand_wik1": null, "name_en": null, "bus": null, "public_tra": null, "shop": null, "level": 0, "cuisine": null, "brand_zh": null, "name_zh": null, "takeaway": null, "opening_ho": "8:00-16:00", "office": null, "railway": null, "leisure": null, "addr_distr": null, "addr_provi": null, "subway": null, "building": null, "horse": null, "locked": null, "access": null, "natural": null, "capacity": 0, "phone": null, "traffic_ca": null, "diet_veget": null, "artwork_ty": null, "delivery": null, "drive_thro": null, "outdoor_se": null, "sport": null, "crossing": null, "bench": null, "bin": null, "telecom": null, "historic": null, "man_made": null, "parking": null, "healthcare": null, "note": null, "operator": null, "waste": null, "parcel_pic": null, "diet_meat": null, "shelter_ty": null }, "geometry": { "type": "Point", "coordinates": [ 114.3485937, 30.5300554 ] } },
{ "type": "Feature", "properties": { "LAYER": "amenity - atm", "GM_TYPE": "Bank", "barrier": null, "name": null, "id": 2122110000.0, "visible": "true", "version": 4, "changeset": 71503092, "timestamp": "2019-06-22T07:03:24Z", "user": "Mateusz Konieczny - bot account", "uid": 3199858, "highway": null, "amenity": "atm", "place": null, "bicycle": null, "foot": null, "motor_vehi": null, "tourism": null, "addr_city": null, "addr_house": null, "addr_postc": 0, "addr_stree": null, "atm": null, "brand": null, "brand_en": null, "brand_wiki": null, "brand_wik1": null, "name_en": null, "bus": null, "public_tra": null, "shop": null, "level": 0, "cuisine": null, "brand_zh": null, "name_zh": null, "takeaway": null, "opening_ho": null, "office": null, "railway": null, "leisure": null, "addr_distr": null, "addr_provi": null, "subway": null, "building": null, "horse": null, "locked": null, "access": null, "natural": null, "capacity": 0, "phone": null, "traffic_ca": null, "diet_veget": null, "artwork_ty": null, "delivery": null, "drive_thro": null, "outdoor_se": null, "sport": null, "crossing": null, "bench": null, "bin": null, "telecom": null, "historic": null, "man_made": null, "parking": null, "healthcare": null, "note": null, "operator": null, "waste": null, "parcel_pic": null, "diet_meat": null, "shelter_ty": null }, "geometry": { "type": "Point", "coordinates": [ 114.3562011, 30.5288273 ] } },
{ "type": "Feature", "properties": { "LAYER": "Unknown Point Feature", "GM_TYPE": "Unknown Point Feature", "barrier": null, "name": "信息学部英语自主学习中心", "id": 2122530000.0, "visible": "true", "version": 4, "changeset": 53718157, "timestamp": "2017-11-12T16:58:11Z", "user": "Supaplex", "uid": 274857, "highway": null, "amenity": null, "place": null, "bicycle": null, "foot": null, "motor_vehi": null, "tourism": null, "addr_city": null, "addr_house": null, "addr_postc": 0, "addr_stree": null, "atm": null, "brand": null, "brand_en": null, "brand_wiki": null, "brand_wik1": null, "name_en": null, "bus": null, "public_tra": null, "shop": null, "level": 0, "cuisine": null, "brand_zh": null, "name_zh": null, "takeaway": null, "opening_ho": null, "office": "educational_institution", "railway": null, "leisure": null, "addr_distr": null, "addr_provi": null, "subway": null, "building": null, "horse": null, "locked": null, "access": null, "natural": null, "capacity": 0, "phone": null, "traffic_ca": null, "diet_veget": null, "artwork_ty": null, "delivery": null, "drive_thro": null, "outdoor_se": null, "sport": null, "crossing": null, "bench": null, "bin": null, "telecom": null, "historic": null, "man_made": null, "parking": null, "healthcare": null, "note": null, "operator": null, "waste": null, "parcel_pic": null, "diet_meat": null, "shelter_ty": null }, "geometry": { "type": "Point", "coordinates": [ 114.3566292, 30.5278515 ] } },
{ "type": "Feature", "properties": { "LAYER": "amenity - restaurant", "GM_TYPE": "Restaurant", "barrier": null, "name": "豪客来牛排", "id": 2127230000.0, "visible": "true", "version": 1, "changeset": 14778496, "timestamp": "2013-01-25T09:42:39Z", "user": "kun3721", "uid": 1195808, "highway": null, "amenity": "restaurant", "place": null, "bicycle": null, "foot": null, "motor_vehi": null, "tourism": null, "addr_city": null, "addr_house": null, "addr_postc": 0, "addr_stree": null, "atm": null, "brand": null, "brand_en": null, "brand_wiki": null, "brand_wik1": null, "name_en": null, "bus": null, "public_tra": null, "shop": null, "level": 0, "cuisine": null, "brand_zh": null, "name_zh": null, "takeaway": null, "opening_ho": null, "office": null, "railway": null, "leisure": null, "addr_distr": null, "addr_provi": null, "subway": null, "building": null, "horse": null, "locked": null, "access": null, "natural": null, "capacity": 0, "phone": null, "traffic_ca": null, "diet_veget": null, "artwork_ty": null, "delivery": null, "drive_thro": null, "outdoor_se": null, "sport": null, "crossing": null, "bench": null, "bin": null, "telecom": null, "historic": null, "man_made": null, "parking": null, "healthcare": null, "note": null, "operator": null, "waste": null, "parcel_pic": null, "diet_meat": null, "shelter_ty": null }, "geometry": { "type": "Point", "coordinates": [ 114.3511618, 30.5344152 ] } },
{ "type": "Feature", "properties": { "LAYER": "railway - subway_entrance", "GM_TYPE": "Unknown Point Feature", "barrier": null, "name": "街道口站C出口", "id": 2134360000.0, "visible": "true", "version": 5, "changeset": 63717356, "timestamp": "2018-10-21T01:24:18Z", "user": "bolo_2020", "uid": 542604, "highway": null, "amenity": null, "place": null, "bicycle": null, "foot": null, "motor_vehi": null, "tourism": null, "addr_city": null, "addr_house": null, "addr_postc": 0, "addr_stree": null, "atm": null, "brand": null, "brand_en": null, "brand_wiki": null, "brand_wik1": null, "name_en": null, "bus": null, "public_tra": null, "shop": null, "level": 0, "cuisine": null, "brand_zh": null, "name_zh": null, "takeaway": null, "opening_ho": null, "office": null, "railway": "subway_entrance", "leisure": null, "addr_distr": null, "addr_provi": null, "subway": null, "building": null, "horse": null, "locked": null, "access": null, "natural": null, "capacity": 0, "phone": null, "traffic_ca": null, "diet_veget": null, "artwork_ty": null, "delivery": null, "drive_thro": null, "outdoor_se": null, "sport": null, "crossing": null, "bench": null, "bin": null, "telecom": null, "historic": null, "man_made": null, "parking": null, "healthcare": null, "note": null, "operator": null, "waste": null, "parcel_pic": null, "diet_meat": null, "shelter_ty": null }, "geometry": { "type": "Point", "coordinates": [ 114.3495527, 30.5288194 ] } },
{ "type": "Feature", "properties": { "LAYER": "leisure - pitch", "GM_TYPE": "Stadium", "barrier": null, "name": "乒乓球馆", "id": 2177870000.0, "visible": "true", "version": 2, "changeset": 21663316, "timestamp": "2014-04-13T11:36:06Z", "user": "大头雨", "uid": 2029988, "highway": null, "amenity": null, "place": null, "bicycle": null, "foot": null, "motor_vehi": null, "tourism": null, "addr_city": null, "addr_house": null, "addr_postc": 0, "addr_stree": null, "atm": null, "brand": null, "brand_en": null, "brand_wiki": null, "brand_wik1": null, "name_en": null, "bus": null, "public_tra": null, "shop": null, "level": 0, "cuisine": null, "brand_zh": null, "name_zh": null, "takeaway": null, "opening_ho": null, "office": null, "railway": null, "leisure": "pitch", "addr_distr": null, "addr_provi": null, "subway": null, "building": null, "horse": null, "locked": null, "access": null, "natural": null, "capacity": 0, "phone": null, "traffic_ca": null, "diet_veget": null, "artwork_ty": null, "delivery": null, "drive_thro": null, "outdoor_se": null, "sport": null, "crossing": null, "bench": null, "bin": null, "telecom": null, "historic": null, "man_made": null, "parking": null, "healthcare": null, "note": null, "operator": null, "waste": null, "parcel_pic": null, "diet_meat": null, "shelter_ty": null }, "geometry": { "type": "Point", "coordinates": [ 114.3567708, 30.5301523 ] } },
{ "type": "Feature", "properties": { "LAYER": "amenity - college", "GM_TYPE": "School", "barrier": null, "name": "武汉大学先进技术研究院", "id": 2334950000.0, "visible": "true", "version": 4, "changeset": 118046092, "timestamp": "2022-03-03T08:17:27Z", "user": "FengDad", "uid": 15218687, "highway": null, "amenity": "college", "place": null, "bicycle": null, "foot": null, "motor_vehi": null, "tourism": null, "addr_city": "武汉市", "addr_house": "129号", "addr_postc": 430079, "addr_stree": "珞喻路", "atm": null, "brand": null, "brand_en": null, "brand_wiki": null, "brand_wik1": null, "name_en": null, "bus": null, "public_tra": null, "shop": null, "level": 0, "cuisine": null, "brand_zh": null, "name_zh": null, "takeaway": null, "opening_ho": null, "office": null, "railway": null, "leisure": null, "addr_distr": "洪山区", "addr_provi": "湖北省", "subway": null, "building": null, "horse": null, "locked": null, "access": null, "natural": null, "capacity": 0, "phone": null, "traffic_ca": null, "diet_veget": null, "artwork_ty": null, "delivery": null, "drive_thro": null, "outdoor_se": null, "sport": null, "crossing": null, "bench": null, "bin": null, "telecom": null, "historic": null, "man_made": null, "parking": null, "healthcare": null, "note": null, "operator": null, "waste": null, "parcel_pic": null, "diet_meat": null, "shelter_ty": null }, "geometry": { "type": "Point", "coordinates": [ 114.3565347, 30.5274645 ] } },
{ "type": "Feature", "properties": { "LAYER": "railway - subway_entrance", "GM_TYPE": "Unknown Point Feature", "barrier": null, "name": "广埠屯站K出口", "id": 2398960000.0, "visible": "true", "version": 1, "changeset": 17121084, "timestamp": "2013-07-28T05:52:04Z", "user": "GeoSUN", "uid": 414582, "highway": null, "amenity": null, "place": null, "bicycle": null, "foot": null, "motor_vehi": null, "tourism": null, "addr_city": null, "addr_house": null, "addr_postc": 0, "addr_stree": null, "atm": null, "brand": null, "brand_en": null, "brand_wiki": null, "brand_wik1": null, "name_en": null, "bus": null, "public_tra": null, "shop": null, "level": 0, "cuisine": null, "brand_zh": null, "name_zh": null, "takeaway": null, "opening_ho": null, "office": null, "railway": "subway_entrance", "leisure": null, "addr_distr": null, "addr_provi": null, "subway": null, "building": null, "horse": null, "locked": null, "access": null, "natural": null, "capacity": 0, "phone": null, "traffic_ca": null, "diet_veget": null, "artwork_ty": null, "delivery": null, "drive_thro": null, "outdoor_se": null, "sport": null, "crossing": null, "bench": null, "bin": null, "telecom": null, "historic": null, "man_made": null, "parking": null, "healthcare": null, "note": null, "operator": null, "waste": null, "parcel_pic": null, "diet_meat": null, "shelter_ty": null }, "geometry": { "type": "Point", "coordinates": [ 114.35697, 30.5265374 ] } },
{ "type": "Feature", "properties": { "LAYER": "public_transport - stop_position", "GM_TYPE": "Unknown Point Feature", "barrier": null, "name": "街道口", "id": 2398960000.0, "visible": "true", "version": 7, "changeset": 130737949, "timestamp": "2023-01-01T05:19:27Z", "user": "samsung galaxy s6", "uid": 3691120, "highway": null, "amenity": null, "place": null, "bicycle": null, "foot": null, "motor_vehi": null, "tourism": null, "addr_city": null, "addr_house": null, "addr_postc": 0, "addr_stree": null, "atm": null, "brand": null, "brand_en": null, "brand_wiki": null, "brand_wik1": null, "name_en": "Jiedaokou", "bus": null, "public_tra": "stop_position", "shop": null, "level": 0, "cuisine": null, "brand_zh": null, "name_zh": "街道口", "takeaway": null, "opening_ho": null, "office": null, "railway": "stop", "leisure": null, "addr_distr": null, "addr_provi": null, "subway": "yes", "building": null, "horse": null, "locked": null, "access": null, "natural": null, "capacity": 0, "phone": null, "traffic_ca": null, "diet_veget": null, "artwork_ty": null, "delivery": null, "drive_thro": null, "outdoor_se": null, "sport": null, "crossing": null, "bench": null, "bin": null, "telecom": null, "historic": null, "man_made": null, "parking": null, "healthcare": null, "note": null, "operator": null, "waste": null, "parcel_pic": null, "diet_meat": null, "shelter_ty": null }, "geometry": { "type": "Point", "coordinates": [ 114.3476834, 30.528926 ] } },
{ "type": "Feature", "properties": { "LAYER": "highway - bus_stop", "GM_TYPE": "Unknown Point Feature", "barrier": null, "name": "珞狮路北段站", "id": 2418540000.0, "visible": "true", "version": 3, "changeset": 120670726, "timestamp": "2022-05-07T14:32:38Z", "user": "636663", "uid": 15396410, "highway": "bus_stop", "amenity": null, "place": null, "bicycle": null, "foot": null, "motor_vehi": null, "tourism": null, "addr_city": null, "addr_house": null, "addr_postc": 0, "addr_stree": null, "atm": null, "brand": null, "brand_en": null, "brand_wiki": null, "brand_wik1": null, "name_en": null, "bus": "yes", "public_tra": "platform", "shop": null, "level": 0, "cuisine": null, "brand_zh": null, "name_zh": null, "takeaway": null, "opening_ho": null, "office": null, "railway": null, "leisure": null, "addr_distr": null, "addr_provi": null, "subway": null, "building": null, "horse": null, "locked": null, "access": null, "natural": null, "capacity": 0, "phone": null, "traffic_ca": null, "diet_veget": null, "artwork_ty": null, "delivery": null, "drive_thro": null, "outdoor_se": null, "sport": null, "crossing": null, "bench": null, "bin": null, "telecom": null, "historic": null, "man_made": null, "parking": null, "healthcare": null, "note": null, "operator": null, "waste": null, "parcel_pic": null, "diet_meat": null, "shelter_ty": null }, "geometry": { "type": "Point", "coordinates": [ 114.3492107, 30.5321534 ] } },
{ "type": "Feature", "properties": { "LAYER": "tourism - artwork", "GM_TYPE": "Landmark", "barrier": null, "name": "3s雕像（空中之舞）", "id": 2481290000.0, "visible": "true", "version": 3, "changeset": 25748054, "timestamp": "2014-09-29T14:42:32Z", "user": "大头雨", "uid": 2029988, "highway": null, "amenity": null, "place": null, "bicycle": null, "foot": null, "motor_vehi": null, "tourism": "artwork", "addr_city": null, "addr_house": null, "addr_postc": 0, "addr_stree": null, "atm": null, "brand": null, "brand_en": null, "brand_wiki": null, "brand_wik1": null, "name_en": null, "bus": null, "public_tra": null, "shop": null, "level": 0, "cuisine": null, "brand_zh": null, "name_zh": null, "takeaway": null, "opening_ho": null, "office": null, "railway": null, "leisure": null, "addr_distr": null, "addr_provi": null, "subway": null, "building": null, "horse": null, "locked": null, "access": null, "natural": null, "capacity": 0, "phone": null, "traffic_ca": null, "diet_veget": null, "artwork_ty": null, "delivery": null, "drive_thro": null, "outdoor_se": null, "sport": null, "crossing": null, "bench": null, "bin": null, "telecom": null, "historic": null, "man_made": null, "parking": null, "healthcare": null, "note": null, "operator": null, "waste": null, "parcel_pic": null, "diet_meat": null, "shelter_ty": null }, "geometry": { "type": "Point", "coordinates": [ 114.3556869, 30.5278735 ] } },
{ "type": "Feature", "properties": { "LAYER": "building - university", "GM_TYPE": "Building", "barrier": null, "name": "徕卡厅", "id": 2787690000.0, "visible": "true", "version": 1, "changeset": 21663081, "timestamp": "2014-04-13T11:23:21Z", "user": "大头雨", "uid": 2029988, "highway": null, "amenity": null, "place": null, "bicycle": null, "foot": null, "motor_vehi": null, "tourism": null, "addr_city": null, "addr_house": null, "addr_postc": 0, "addr_stree": null, "atm": null, "brand": null, "brand_en": null, "brand_wiki": null, "brand_wik1": null, "name_en": null, "bus": null, "public_tra": null, "shop": null, "level": 0, "cuisine": null, "brand_zh": null, "name_zh": null, "takeaway": null, "opening_ho": null, "office": null, "railway": null, "leisure": null, "addr_distr": null, "addr_provi": null, "subway": null, "building": "university", "horse": null, "locked": null, "access": null, "natural": null, "capacity": 0, "phone": null, "traffic_ca": null, "diet_veget": null, "artwork_ty": null, "delivery": null, "drive_thro": null, "outdoor_se": null, "sport": null, "crossing": null, "bench": null, "bin": null, "telecom": null, "historic": null, "man_made": null, "parking": null, "healthcare": null, "note": null, "operator": null, "waste": null, "parcel_pic": null, "diet_meat": null, "shelter_ty": null }, "geometry": { "type": "Point", "coordinates": [ 114.3564975, 30.5276688 ] } },
{ "type": "Feature", "properties": { "LAYER": "shop - laundry", "GM_TYPE": "Building", "barrier": null, "name": "干洗店", "id": 2787720000.0, "visible": "true", "version": 3, "changeset": 118059411, "timestamp": "2022-03-03T15:07:05Z", "user": "Wei Yuanbiao", "uid": 12389142, "highway": null, "amenity": null, "place": null, "bicycle": null, "foot": null, "motor_vehi": null, "tourism": null, "addr_city": null, "addr_house": null, "addr_postc": 0, "addr_stree": null, "atm": null, "brand": null, "brand_en": null, "brand_wiki": null, "brand_wik1": null, "name_en": null, "bus": null, "public_tra": null, "shop": "laundry", "level": 0, "cuisine": null, "brand_zh": null, "name_zh": null, "takeaway": null, "opening_ho": null, "office": null, "railway": null, "leisure": null, "addr_distr": null, "addr_provi": null, "subway": null, "building": null, "horse": null, "locked": null, "access": null, "natural": null, "capacity": 0, "phone": null, "traffic_ca": null, "diet_veget": null, "artwork_ty": null, "delivery": null, "drive_thro": null, "outdoor_se": null, "sport": null, "crossing": null, "bench": null, "bin": null, "telecom": null, "historic": null, "man_made": null, "parking": null, "healthcare": null, "note": null, "operator": null, "waste": null, "parcel_pic": null, "diet_meat": null, "shelter_ty": null }, "geometry": { "type": "Point", "coordinates": [ 114.3523202, 30.5301718 ] } },
{ "type": "Feature", "properties": { "LAYER": "highway - bus_stop", "GM_TYPE": "Unknown Point Feature", "barrier": null, "name": "校车1号线-信息学部十六舍站", "id": 2787760000.0, "visible": "true", "version": 4, "changeset": 133826472, "timestamp": "2023-03-18T15:02:22Z", "user": "TileBZ", "uid": 18756215, "highway": "bus_stop", "amenity": null, "place": null, "bicycle": null, "foot": null, "motor_vehi": null, "tourism": null, "addr_city": null, "addr_house": null, "addr_postc": 0, "addr_stree": null, "atm": null, "brand": null, "brand_en": null, "brand_wiki": null, "brand_wik1": null, "name_en": null, "bus": "yes", "public_tra": "platform", "shop": null, "level": 0, "cuisine": null, "brand_zh": null, "name_zh": null, "takeaway": null, "opening_ho": null, "office": null, "railway": null, "leisure": null, "addr_distr": null, "addr_provi": null, "subway": null, "building": null, "horse": null, "locked": null, "access": null, "natural": null, "capacity": 0, "phone": null, "traffic_ca": null, "diet_veget": null, "artwork_ty": null, "delivery": null, "drive_thro": null, "outdoor_se": null, "sport": null, "crossing": null, "bench": null, "bin": null, "telecom": null, "historic": null, "man_made": null, "parking": null, "healthcare": null, "note": null, "operator": null, "waste": null, "parcel_pic": null, "diet_meat": null, "shelter_ty": null }, "geometry": { "type": "Point", "coordinates": [ 114.3522956, 30.5307158 ] } },
{ "type": "Feature", "properties": { "LAYER": "highway - bus_stop", "GM_TYPE": "Unknown Point Feature", "barrier": null, "name": "校车1号线-珞喻二门站", "id": 2787760000.0, "visible": "true", "version": 5, "changeset": 133826053, "timestamp": "2023-03-18T14:52:12Z", "user": "TileBZ", "uid": 18756215, "highway": "bus_stop", "amenity": null, "place": null, "bicycle": null, "foot": null, "motor_vehi": null, "tourism": null, "addr_city": null, "addr_house": null, "addr_postc": 0, "addr_stree": null, "atm": null, "brand": null, "brand_en": null, "brand_wiki": null, "brand_wik1": null, "name_en": null, "bus": "yes", "public_tra": "platform", "shop": null, "level": 0, "cuisine": null, "brand_zh": null, "name_zh": null, "takeaway": null, "opening_ho": null, "office": null, "railway": null, "leisure": null, "addr_distr": null, "addr_provi": null, "subway": null, "building": null, "horse": null, "locked": null, "access": null, "natural": null, "capacity": 0, "phone": null, "traffic_ca": null, "diet_veget": null, "artwork_ty": null, "delivery": null, "drive_thro": null, "outdoor_se": null, "sport": null, "crossing": null, "bench": null, "bin": null, "telecom": null, "historic": null, "man_made": null, "parking": null, "healthcare": null, "note": null, "operator": null, "waste": null, "parcel_pic": null, "diet_meat": null, "shelter_ty": null }, "geometry": { "type": "Point", "coordinates": [ 114.3528911, 30.5290253 ] } },
{ "type": "Feature", "properties": { "LAYER": "amenity - atm", "GM_TYPE": "Bank", "barrier": null, "name": "中国银行", "id": 2800930000.0, "visible": "true", "version": 1, "changeset": 21796453, "timestamp": "2014-04-19T12:34:38Z", "user": "大头雨", "uid": 2029988, "highway": null, "amenity": "atm", "place": null, "bicycle": null, "foot": null, "motor_vehi": null, "tourism": null, "addr_city": null, "addr_house": null, "addr_postc": 0, "addr_stree": null, "atm": null, "brand": null, "brand_en": null, "brand_wiki": null, "brand_wik1": null, "name_en": null, "bus": null, "public_tra": null, "shop": null, "level": 0, "cuisine": null, "brand_zh": null, "name_zh": null, "takeaway": null, "opening_ho": null, "office": null, "railway": null, "leisure": null, "addr_distr": null, "addr_provi": null, "subway": null, "building": null, "horse": null, "locked": null, "access": null, "natural": null, "capacity": 0, "phone": null, "traffic_ca": null, "diet_veget": null, "artwork_ty": null, "delivery": null, "drive_thro": null, "outdoor_se": null, "sport": null, "crossing": null, "bench": null, "bin": null, "telecom": null, "historic": null, "man_made": null, "parking": null, "healthcare": null, "note": null, "operator": null, "waste": null, "parcel_pic": null, "diet_meat": null, "shelter_ty": null }, "geometry": { "type": "Point", "coordinates": [ 114.3528117, 30.5288938 ] } },
{ "type": "Feature", "properties": { "LAYER": "Unknown Point Feature", "GM_TYPE": "Unknown Point Feature", "barrier": "gate", "name": null, "id": 3148710000.0000005, "visible": "true", "version": 4, "changeset": 133844716, "timestamp": "2023-03-19T04:29:51Z", "user": "Lee2", "uid": 18761862, "highway": null, "amenity": null, "place": null, "bicycle": "permissive", "foot": "yes", "motor_vehi": "no", "tourism": null, "addr_city": null, "addr_house": null, "addr_postc": 0, "addr_stree": null, "atm": null, "brand": null, "brand_en": null, "brand_wiki": null, "brand_wik1": null, "name_en": null, "bus": null, "public_tra": null, "shop": null, "level": 0, "cuisine": null, "brand_zh": null, "name_zh": null, "takeaway": null, "opening_ho": null, "office": null, "railway": null, "leisure": null, "addr_distr": null, "addr_provi": null, "subway": null, "building": null, "horse": "no", "locked": "no", "access": null, "natural": null, "capacity": 0, "phone": null, "traffic_ca": null, "diet_veget": null, "artwork_ty": null, "delivery": null, "drive_thro": null, "outdoor_se": null, "sport": null, "crossing": null, "bench": null, "bin": null, "telecom": null, "historic": null, "man_made": null, "parking": null, "healthcare": null, "note": null, "operator": null, "waste": null, "parcel_pic": null, "diet_meat": null, "shelter_ty": null }, "geometry": { "type": "Point", "coordinates": [ 114.3519916, 30.5282796 ] } },
{ "type": "Feature", "properties": { "LAYER": "Unknown Point Feature", "GM_TYPE": "Unknown Point Feature", "barrier": "gate", "name": "武汉大学科技门", "id": 3186609999.9999995, "visible": "true", "version": 3, "changeset": 120670726, "timestamp": "2022-05-07T14:32:38Z", "user": "636663", "uid": 15396410, "highway": null, "amenity": null, "place": null, "bicycle": "yes", "foot": "yes", "motor_vehi": null, "tourism": null, "addr_city": null, "addr_house": null, "addr_postc": 0, "addr_stree": null, "atm": null, "brand": null, "brand_en": null, "brand_wiki": null, "brand_wik1": null, "name_en": null, "bus": null, "public_tra": null, "shop": null, "level": 0, "cuisine": null, "brand_zh": null, "name_zh": null, "takeaway": null, "opening_ho": null, "office": null, "railway": null, "leisure": null, "addr_distr": null, "addr_provi": null, "subway": null, "building": null, "horse": null, "locked": null, "access": "no", "natural": null, "capacity": 0, "phone": null, "traffic_ca": null, "diet_veget": null, "artwork_ty": null, "delivery": null, "drive_thro": null, "outdoor_se": null, "sport": null, "crossing": null, "bench": null, "bin": null, "telecom": null, "historic": null, "man_made": null, "parking": null, "healthcare": null, "note": null, "operator": null, "waste": null, "parcel_pic": null, "diet_meat": null, "shelter_ty": null }, "geometry": { "type": "Point", "coordinates": [ 114.3550546, 30.5343534 ] } },
{ "type": "Feature", "properties": { "LAYER": "shop - supermarket", "GM_TYPE": "Shopping", "barrier": null, "name": "自强超市", "id": 3401590000.0000005, "visible": "true", "version": 1, "changeset": 29515524, "timestamp": "2015-03-16T11:48:53Z", "user": "漱石枕流", "uid": 2761910, "highway": null, "amenity": null, "place": null, "bicycle": null, "foot": null, "motor_vehi": null, "tourism": null, "addr_city": null, "addr_house": null, "addr_postc": 0, "addr_stree": null, "atm": null, "brand": null, "brand_en": null, "brand_wiki": null, "brand_wik1": null, "name_en": null, "bus": null, "public_tra": null, "shop": "supermarket", "level": 0, "cuisine": null, "brand_zh": null, "name_zh": null, "takeaway": null, "opening_ho": null, "office": null, "railway": null, "leisure": null, "addr_distr": null, "addr_provi": null, "subway": null, "building": null, "horse": null, "locked": null, "access": null, "natural": null, "capacity": 0, "phone": null, "traffic_ca": null, "diet_veget": null, "artwork_ty": null, "delivery": null, "drive_thro": null, "outdoor_se": null, "sport": null, "crossing": null, "bench": null, "bin": null, "telecom": null, "historic": null, "man_made": null, "parking": null, "healthcare": null, "note": null, "operator": null, "waste": null, "parcel_pic": null, "diet_meat": null, "shelter_ty": null }, "geometry": { "type": "Point", "coordinates": [ 114.3547609, 30.5330348 ] } },
{ "type": "Feature", "properties": { "LAYER": "amenity - bank", "GM_TYPE": "Bank", "barrier": null, "name": "工商银行", "id": 3403740000.0, "visible": "true", "version": 5, "changeset": 118123123, "timestamp": "2022-03-05T11:41:00Z", "user": "红心柚柚子", "uid": 15194206, "highway": null, "amenity": "bank", "place": null, "bicycle": null, "foot": null, "motor_vehi": null, "tourism": null, "addr_city": null, "addr_house": null, "addr_postc": 0, "addr_stree": null, "atm": "yes", "brand": "工商银行", "brand_en": "Industrial and Commercial Bank of China", "brand_wiki": "Q26463", "brand_wik1": "en:Industrial and Commercial Bank of China", "name_en": "Industrial and Commercial Bank of China", "bus": null, "public_tra": null, "shop": null, "level": 0, "cuisine": null, "brand_zh": null, "name_zh": null, "takeaway": null, "opening_ho": null, "office": null, "railway": null, "leisure": null, "addr_distr": null, "addr_provi": null, "subway": null, "building": null, "horse": null, "locked": null, "access": null, "natural": null, "capacity": 0, "phone": null, "traffic_ca": null, "diet_veget": null, "artwork_ty": null, "delivery": null, "drive_thro": null, "outdoor_se": null, "sport": null, "crossing": null, "bench": null, "bin": null, "telecom": null, "historic": null, "man_made": null, "parking": null, "healthcare": null, "note": null, "operator": null, "waste": null, "parcel_pic": null, "diet_meat": null, "shelter_ty": null }, "geometry": { "type": "Point", "coordinates": [ 114.3529591, 30.5301585 ] } },
{ "type": "Feature", "properties": { "LAYER": "natural - stone", "GM_TYPE": "Rock", "barrier": null, "name": "经纬石", "id": 3403750000.0000005, "visible": "true", "version": 2, "changeset": 53718157, "timestamp": "2017-11-12T16:58:11Z", "user": "Supaplex", "uid": 274857, "highway": null, "amenity": null, "place": null, "bicycle": null, "foot": null, "motor_vehi": null, "tourism": null, "addr_city": null, "addr_house": null, "addr_postc": 0, "addr_stree": null, "atm": null, "brand": null, "brand_en": null, "brand_wiki": null, "brand_wik1": null, "name_en": null, "bus": null, "public_tra": null, "shop": null, "level": 0, "cuisine": null, "brand_zh": null, "name_zh": null, "takeaway": null, "opening_ho": null, "office": null, "railway": null, "leisure": null, "addr_distr": null, "addr_provi": null, "subway": null, "building": null, "horse": null, "locked": null, "access": null, "natural": "stone", "capacity": 0, "phone": null, "traffic_ca": null, "diet_veget": null, "artwork_ty": null, "delivery": null, "drive_thro": null, "outdoor_se": null, "sport": null, "crossing": null, "bench": null, "bin": null, "telecom": null, "historic": null, "man_made": null, "parking": null, "healthcare": null, "note": null, "operator": null, "waste": null, "parcel_pic": null, "diet_meat": null, "shelter_ty": null }, "geometry": { "type": "Point", "coordinates": [ 114.3541343, 30.529997 ] } },
{ "type": "Feature", "properties": { "LAYER": "shop - beverages", "GM_TYPE": "Shopping", "barrier": null, "name": "现酿酸奶", "id": 3403760000.0, "visible": "true", "version": 3, "changeset": 118059411, "timestamp": "2022-03-03T15:07:05Z", "user": "Wei Yuanbiao", "uid": 12389142, "highway": null, "amenity": null, "place": null, "bicycle": null, "foot": null, "motor_vehi": null, "tourism": null, "addr_city": null, "addr_house": null, "addr_postc": 0, "addr_stree": null, "atm": null, "brand": null, "brand_en": null, "brand_wiki": null, "brand_wik1": null, "name_en": null, "bus": null, "public_tra": null, "shop": "beverages", "level": 0, "cuisine": null, "brand_zh": null, "name_zh": null, "takeaway": null, "opening_ho": null, "office": null, "railway": null, "leisure": null, "addr_distr": null, "addr_provi": null, "subway": null, "building": null, "horse": null, "locked": null, "access": null, "natural": null, "capacity": 0, "phone": null, "traffic_ca": null, "diet_veget": null, "artwork_ty": null, "delivery": null, "drive_thro": null, "outdoor_se": null, "sport": null, "crossing": null, "bench": null, "bin": null, "telecom": null, "historic": null, "man_made": null, "parking": null, "healthcare": null, "note": null, "operator": null, "waste": null, "parcel_pic": null, "diet_meat": null, "shelter_ty": null }, "geometry": { "type": "Point", "coordinates": [ 114.3523102, 30.5305364 ] } },
{ "type": "Feature", "properties": { "LAYER": "shop - hairdresser", "GM_TYPE": "Shopping", "barrier": null, "name": "理发店", "id": 3407310000.0000005, "visible": "true", "version": 2, "changeset": 29779268, "timestamp": "2015-03-27T14:42:37Z", "user": "SimpleLuke", "uid": 2092629, "highway": null, "amenity": null, "place": null, "bicycle": null, "foot": null, "motor_vehi": null, "tourism": null, "addr_city": null, "addr_house": null, "addr_postc": 0, "addr_stree": null, "atm": null, "brand": null, "brand_en": null, "brand_wiki": null, "brand_wik1": null, "name_en": null, "bus": null, "public_tra": null, "shop": "hairdresser", "level": 0, "cuisine": null, "brand_zh": null, "name_zh": null, "takeaway": null, "opening_ho": null, "office": null, "railway": null, "leisure": null, "addr_distr": null, "addr_provi": null, "subway": null, "building": null, "horse": null, "locked": null, "access": null, "natural": null, "capacity": 0, "phone": null, "traffic_ca": null, "diet_veget": null, "artwork_ty": null, "delivery": null, "drive_thro": null, "outdoor_se": null, "sport": null, "crossing": null, "bench": null, "bin": null, "telecom": null, "historic": null, "man_made": null, "parking": null, "healthcare": null, "note": null, "operator": null, "waste": null, "parcel_pic": null, "diet_meat": null, "shelter_ty": null }, "geometry": { "type": "Point", "coordinates": [ 114.3532379, 30.5306604 ] } },
{ "type": "Feature", "properties": { "LAYER": "amenity - karaoke_box", "GM_TYPE": "Building", "barrier": null, "name": "天空乐坊", "id": 3407340000.0, "visible": "true", "version": 3, "changeset": 91484430, "timestamp": "2020-09-25T06:07:41Z", "user": "samsung galaxy s6", "uid": 3691120, "highway": null, "amenity": "karaoke_box", "place": null, "bicycle": null, "foot": null, "motor_vehi": null, "tourism": null, "addr_city": null, "addr_house": null, "addr_postc": 0, "addr_stree": null, "atm": null, "brand": null, "brand_en": null, "brand_wiki": null, "brand_wik1": null, "name_en": null, "bus": null, "public_tra": null, "shop": null, "level": 0, "cuisine": null, "brand_zh": null, "name_zh": "天空乐坊", "takeaway": null, "opening_ho": null, "office": null, "railway": null, "leisure": null, "addr_distr": null, "addr_provi": null, "subway": null, "building": null, "horse": null, "locked": null, "access": null, "natural": null, "capacity": 0, "phone": null, "traffic_ca": null, "diet_veget": null, "artwork_ty": null, "delivery": null, "drive_thro": null, "outdoor_se": null, "sport": null, "crossing": null, "bench": null, "bin": null, "telecom": null, "historic": null, "man_made": null, "parking": null, "healthcare": null, "note": null, "operator": null, "waste": null, "parcel_pic": null, "diet_meat": null, "shelter_ty": null }, "geometry": { "type": "Point", "coordinates": [ 114.3513831, 30.5354253 ] } },
{ "type": "Feature", "properties": { "LAYER": "building - garage", "GM_TYPE": "Building", "barrier": null, "name": "途智号车库", "id": 3604460000.0, "visible": "true", "version": 2, "changeset": 32067161, "timestamp": "2015-06-19T06:28:20Z", "user": "Mangix", "uid": 2998401, "highway": null, "amenity": null, "place": null, "bicycle": null, "foot": null, "motor_vehi": null, "tourism": null, "addr_city": null, "addr_house": null, "addr_postc": 0, "addr_stree": null, "atm": null, "brand": null, "brand_en": null, "brand_wiki": null, "brand_wik1": null, "name_en": null, "bus": null, "public_tra": null, "shop": null, "level": 0, "cuisine": null, "brand_zh": null, "name_zh": null, "takeaway": null, "opening_ho": null, "office": null, "railway": null, "leisure": null, "addr_distr": null, "addr_provi": null, "subway": null, "building": "garage", "horse": null, "locked": null, "access": null, "natural": null, "capacity": 2, "phone": "68770649", "traffic_ca": null, "diet_veget": null, "artwork_ty": null, "delivery": null, "drive_thro": null, "outdoor_se": null, "sport": null, "crossing": null, "bench": null, "bin": null, "telecom": null, "historic": null, "man_made": null, "parking": null, "healthcare": null, "note": null, "operator": null, "waste": null, "parcel_pic": null, "diet_meat": null, "shelter_ty": null }, "geometry": { "type": "Point", "coordinates": [ 114.357609, 30.5300247 ] } },
{ "type": "Feature", "properties": { "LAYER": "Unknown Point Feature", "GM_TYPE": "Unknown Point Feature", "barrier": "lift_gate", "name": null, "id": 3631670000.0000005, "visible": "true", "version": 2, "changeset": 67608646, "timestamp": "2019-02-27T08:08:59Z", "user": "UGxhdHlwdXM", "uid": 9480982, "highway": null, "amenity": null, "place": null, "bicycle": null, "foot": null, "motor_vehi": null, "tourism": null, "addr_city": null, "addr_house": null, "addr_postc": 0, "addr_stree": null, "atm": null, "brand": null, "brand_en": null, "brand_wiki": null, "brand_wik1": null, "name_en": null, "bus": null, "public_tra": null, "shop": null, "level": 0, "cuisine": null, "brand_zh": null, "name_zh": null, "takeaway": null, "opening_ho": null, "office": null, "railway": null, "leisure": null, "addr_distr": null, "addr_provi": null, "subway": null, "building": null, "horse": null, "locked": null, "access": null, "natural": null, "capacity": 0, "phone": null, "traffic_ca": null, "diet_veget": null, "artwork_ty": null, "delivery": null, "drive_thro": null, "outdoor_se": null, "sport": null, "crossing": null, "bench": null, "bin": null, "telecom": null, "historic": null, "man_made": null, "parking": null, "healthcare": null, "note": null, "operator": null, "waste": null, "parcel_pic": null, "diet_meat": null, "shelter_ty": null }, "geometry": { "type": "Point", "coordinates": [ 114.3560162, 30.5274221 ] } },
{ "type": "Feature", "properties": { "LAYER": "Unknown Point Feature", "GM_TYPE": "Unknown Point Feature", "barrier": "toll_booth", "name": null, "id": 3631670000.0000005, "visible": "true", "version": 3, "changeset": 100088650, "timestamp": "2021-02-27T09:29:10Z", "user": "冰镇葛格", "uid": 12354493, "highway": null, "amenity": null, "place": null, "bicycle": null, "foot": null, "motor_vehi": null, "tourism": null, "addr_city": null, "addr_house": null, "addr_postc": 0, "addr_stree": null, "atm": null, "brand": null, "brand_en": null, "brand_wiki": null, "brand_wik1": null, "name_en": null, "bus": null, "public_tra": null, "shop": null, "level": 0, "cuisine": null, "brand_zh": null, "name_zh": null, "takeaway": null, "opening_ho": null, "office": null, "railway": null, "leisure": null, "addr_distr": null, "addr_provi": null, "subway": null, "building": null, "horse": null, "locked": null, "access": null, "natural": null, "capacity": 0, "phone": null, "traffic_ca": null, "diet_veget": null, "artwork_ty": null, "delivery": null, "drive_thro": null, "outdoor_se": null, "sport": null, "crossing": null, "bench": null, "bin": null, "telecom": null, "historic": null, "man_made": null, "parking": null, "healthcare": null, "note": null, "operator": null, "waste": null, "parcel_pic": null, "diet_meat": null, "shelter_ty": null }, "geometry": { "type": "Point", "coordinates": [ 114.355482, 30.5274208 ] } },
{ "type": "Feature", "properties": { "LAYER": "amenity - shelter", "GM_TYPE": "Building", "barrier": null, "name": "星湖亭", "id": 4059150000.0000005, "visible": "true", "version": 2, "changeset": 118125933, "timestamp": "2022-03-05T13:13:33Z", "user": "zhangjiamin", "uid": 15213281, "highway": null, "amenity": "shelter", "place": null, "bicycle": null, "foot": null, "motor_vehi": null, "tourism": null, "addr_city": null, "addr_house": null, "addr_postc": 0, "addr_stree": null, "atm": null, "brand": null, "brand_en": null, "brand_wiki": null, "brand_wik1": null, "name_en": null, "bus": null, "public_tra": null, "shop": null, "level": 0, "cuisine": null, "brand_zh": null, "name_zh": null, "takeaway": null, "opening_ho": null, "office": null, "railway": null, "leisure": null, "addr_distr": null, "addr_provi": null, "subway": null, "building": null, "horse": null, "locked": null, "access": null, "natural": null, "capacity": 0, "phone": null, "traffic_ca": null, "diet_veget": null, "artwork_ty": null, "delivery": null, "drive_thro": null, "outdoor_se": null, "sport": null, "crossing": null, "bench": null, "bin": null, "telecom": null, "historic": null, "man_made": null, "parking": null, "healthcare": null, "note": null, "operator": null, "waste": null, "parcel_pic": null, "diet_meat": null, "shelter_ty": null }, "geometry": { "type": "Point", "coordinates": [ 114.3540874, 30.5296882 ] } },
{ "type": "Feature", "properties": { "LAYER": "amenity - cafe", "GM_TYPE": "Restaurant", "barrier": null, "name": "漫咖啡", "id": 4191729999.9999995, "visible": "true", "version": 5, "changeset": 133822579, "timestamp": "2023-03-18T13:18:06Z", "user": "ranyan QIAN", "uid": 18759641, "highway": null, "amenity": "cafe", "place": null, "bicycle": null, "foot": null, "motor_vehi": null, "tourism": null, "addr_city": null, "addr_house": null, "addr_postc": 0, "addr_stree": null, "atm": null, "brand": null, "brand_en": null, "brand_wiki": null, "brand_wik1": null, "name_en": null, "bus": null, "public_tra": null, "shop": null, "level": 1, "cuisine": null, "brand_zh": null, "name_zh": null, "takeaway": null, "opening_ho": null, "office": null, "railway": null, "leisure": null, "addr_distr": null, "addr_provi": null, "subway": null, "building": null, "horse": null, "locked": null, "access": null, "natural": null, "capacity": 0, "phone": null, "traffic_ca": null, "diet_veget": null, "artwork_ty": null, "delivery": null, "drive_thro": null, "outdoor_se": null, "sport": null, "crossing": null, "bench": null, "bin": null, "telecom": null, "historic": null, "man_made": null, "parking": null, "healthcare": null, "note": null, "operator": null, "waste": null, "parcel_pic": null, "diet_meat": null, "shelter_ty": null }, "geometry": { "type": "Point", "coordinates": [ 114.3517622, 30.5284815 ] } },
{ "type": "Feature", "properties": { "LAYER": "amenity - restaurant", "GM_TYPE": "Restaurant", "barrier": null, "name": "继光香香鸡", "id": 4191729999.9999995, "visible": "true", "version": 2, "changeset": 45458199, "timestamp": "2017-01-25T02:44:14Z", "user": "gryffindor", "uid": 5161539, "highway": null, "amenity": "restaurant", "place": null, "bicycle": null, "foot": null, "motor_vehi": null, "tourism": null, "addr_city": "武汉", "addr_house": "35", "addr_postc": 430079, "addr_stree": "珞喻路", "atm": null, "brand": null, "brand_en": null, "brand_wiki": null, "brand_wik1": null, "name_en": null, "bus": null, "public_tra": null, "shop": null, "level": -1, "cuisine": null, "brand_zh": null, "name_zh": null, "takeaway": null, "opening_ho": null, "office": null, "railway": null, "leisure": null, "addr_distr": null, "addr_provi": null, "subway": null, "building": null, "horse": null, "locked": null, "access": null, "natural": null, "capacity": 0, "phone": null, "traffic_ca": null, "diet_veget": null, "artwork_ty": null, "delivery": null, "drive_thro": null, "outdoor_se": null, "sport": null, "crossing": null, "bench": null, "bin": null, "telecom": null, "historic": null, "man_made": null, "parking": null, "healthcare": null, "note": null, "operator": null, "waste": null, "parcel_pic": null, "diet_meat": null, "shelter_ty": null }, "geometry": { "type": "Point", "coordinates": [ 114.3497039, 30.5288762 ] } },
{ "type": "Feature", "properties": { "LAYER": "amenity - cinema", "GM_TYPE": "Amusement Center", "barrier": null, "name": "博纳国际影城", "id": 4191729999.9999995, "visible": "true", "version": 2, "changeset": 91484430, "timestamp": "2020-09-25T06:07:41Z", "user": "samsung galaxy s6", "uid": 3691120, "highway": null, "amenity": "cinema", "place": null, "bicycle": null, "foot": null, "motor_vehi": null, "tourism": null, "addr_city": null, "addr_house": null, "addr_postc": 0, "addr_stree": null, "atm": null, "brand": null, "brand_en": null, "brand_wiki": null, "brand_wik1": null, "name_en": null, "bus": null, "public_tra": null, "shop": null, "level": 10, "cuisine": null, "brand_zh": null, "name_zh": "博纳国际影城", "takeaway": null, "opening_ho": null, "office": null, "railway": null, "leisure": null, "addr_distr": null, "addr_provi": null, "subway": null, "building": null, "horse": null, "locked": null, "access": null, "natural": null, "capacity": 0, "phone": null, "traffic_ca": null, "diet_veget": null, "artwork_ty": null, "delivery": null, "drive_thro": null, "outdoor_se": null, "sport": null, "crossing": null, "bench": null, "bin": null, "telecom": null, "historic": null, "man_made": null, "parking": null, "healthcare": null, "note": null, "operator": null, "waste": null, "parcel_pic": null, "diet_meat": null, "shelter_ty": null }, "geometry": { "type": "Point", "coordinates": [ 114.3513556, 30.5288143 ] } },
{ "type": "Feature", "properties": { "LAYER": "Unknown Point Feature", "GM_TYPE": "Unknown Point Feature", "barrier": "gate", "name": "武汉大学南门", "id": 4348140000.0, "visible": "true", "version": 3, "changeset": 66064269, "timestamp": "2019-01-06T08:17:05Z", "user": "Yienlilu", "uid": 9332744, "highway": null, "amenity": null, "place": null, "bicycle": "yes", "foot": "yes", "motor_vehi": "yes", "tourism": null, "addr_city": null, "addr_house": null, "addr_postc": 0, "addr_stree": null, "atm": null, "brand": null, "brand_en": null, "brand_wiki": null, "brand_wik1": null, "name_en": null, "bus": null, "public_tra": null, "shop": null, "level": 0, "cuisine": null, "brand_zh": null, "name_zh": null, "takeaway": null, "opening_ho": null, "office": null, "railway": null, "leisure": null, "addr_distr": null, "addr_provi": null, "subway": null, "building": null, "horse": null, "locked": null, "access": null, "natural": null, "capacity": 0, "phone": null, "traffic_ca": null, "diet_veget": null, "artwork_ty": null, "delivery": null, "drive_thro": null, "outdoor_se": null, "sport": null, "crossing": null, "bench": null, "bin": null, "telecom": null, "historic": null, "man_made": null, "parking": null, "healthcare": null, "note": null, "operator": null, "waste": null, "parcel_pic": null, "diet_meat": null, "shelter_ty": null }, "geometry": { "type": "Point", "coordinates": [ 114.355786, 30.5270167 ] } },
{ "type": "Feature", "properties": { "LAYER": "highway - crossing", "GM_TYPE": "Unknown Point Feature", "barrier": null, "name": "图书馆路", "id": 4348140000.0, "visible": "true", "version": 2, "changeset": 67608646, "timestamp": "2019-02-27T08:09:00Z", "user": "UGxhdHlwdXM", "uid": 9480982, "highway": "crossing", "amenity": null, "place": null, "bicycle": null, "foot": null, "motor_vehi": null, "tourism": null, "addr_city": null, "addr_house": null, "addr_postc": 0, "addr_stree": null, "atm": null, "brand": null, "brand_en": null, "brand_wiki": null, "brand_wik1": null, "name_en": null, "bus": null, "public_tra": null, "shop": null, "level": 0, "cuisine": null, "brand_zh": null, "name_zh": null, "takeaway": null, "opening_ho": null, "office": null, "railway": null, "leisure": null, "addr_distr": null, "addr_provi": null, "subway": null, "building": null, "horse": null, "locked": null, "access": null, "natural": null, "capacity": 0, "phone": null, "traffic_ca": "table", "diet_veget": null, "artwork_ty": null, "delivery": null, "drive_thro": null, "outdoor_se": null, "sport": null, "crossing": null, "bench": null, "bin": null, "telecom": null, "historic": null, "man_made": null, "parking": null, "healthcare": null, "note": null, "operator": null, "waste": null, "parcel_pic": null, "diet_meat": null, "shelter_ty": null }, "geometry": { "type": "Point", "coordinates": [ 114.3563088, 30.5312618 ] } },
{ "type": "Feature", "properties": { "LAYER": "amenity - fast_food", "GM_TYPE": "Restaurant", "barrier": null, "name": "贵哥卤肉卷", "id": 4631070000.0, "visible": "true", "version": 1, "changeset": 45458199, "timestamp": "2017-01-25T02:44:09Z", "user": "gryffindor", "uid": 5161539, "highway": null, "amenity": "fast_food", "place": null, "bicycle": null, "foot": null, "motor_vehi": null, "tourism": null, "addr_city": "武汉", "addr_house": "A-99", "addr_postc": 430079, "addr_stree": "广八路", "atm": null, "brand": null, "brand_en": null, "brand_wiki": null, "brand_wik1": null, "name_en": null, "bus": null, "public_tra": null, "shop": null, "level": 0, "cuisine": null, "brand_zh": null, "name_zh": null, "takeaway": "yes", "opening_ho": "10:00-21:00", "office": null, "railway": null, "leisure": null, "addr_distr": null, "addr_provi": null, "subway": null, "building": null, "horse": null, "locked": null, "access": null, "natural": null, "capacity": 0, "phone": null, "traffic_ca": null, "diet_veget": null, "artwork_ty": null, "delivery": null, "drive_thro": null, "outdoor_se": null, "sport": null, "crossing": null, "bench": null, "bin": null, "telecom": null, "historic": null, "man_made": null, "parking": null, "healthcare": null, "note": null, "operator": null, "waste": null, "parcel_pic": null, "diet_meat": null, "shelter_ty": null }, "geometry": { "type": "Point", "coordinates": [ 114.3571617, 30.5268451 ] } },
{ "type": "Feature", "properties": { "LAYER": "amenity - restaurant", "GM_TYPE": "Restaurant", "barrier": null, "name": "MrLai台北脆皮鸡排", "id": 4631070000.0, "visible": "true", "version": 2, "changeset": 88208185, "timestamp": "2020-07-19T19:02:20Z", "user": "Metrohsrtheedit", "uid": 7030314, "highway": null, "amenity": "restaurant", "place": null, "bicycle": null, "foot": null, "motor_vehi": null, "tourism": null, "addr_city": "武汉", "addr_house": null, "addr_postc": 430079, "addr_stree": "珞喻路", "atm": null, "brand": null, "brand_en": null, "brand_wiki": null, "brand_wik1": null, "name_en": null, "bus": null, "public_tra": null, "shop": null, "level": 0, "cuisine": null, "brand_zh": null, "name_zh": null, "takeaway": "yes", "opening_ho": null, "office": null, "railway": null, "leisure": null, "addr_distr": null, "addr_provi": null, "subway": null, "building": null, "horse": null, "locked": null, "access": null, "natural": null, "capacity": 0, "phone": null, "traffic_ca": null, "diet_veget": null, "artwork_ty": null, "delivery": null, "drive_thro": null, "outdoor_se": null, "sport": null, "crossing": null, "bench": null, "bin": null, "telecom": null, "historic": null, "man_made": null, "parking": null, "healthcare": null, "note": null, "operator": null, "waste": null, "parcel_pic": null, "diet_meat": null, "shelter_ty": null }, "geometry": { "type": "Point", "coordinates": [ 114.3571796, 30.5269213 ] } },
{ "type": "Feature", "properties": { "LAYER": "amenity - restaurant", "GM_TYPE": "Restaurant", "barrier": null, "name": "永利妍农家菜", "id": 4631070000.0, "visible": "true", "version": 1, "changeset": 45458199, "timestamp": "2017-01-25T02:44:10Z", "user": "gryffindor", "uid": 5161539, "highway": null, "amenity": "restaurant", "place": null, "bicycle": null, "foot": null, "motor_vehi": null, "tourism": null, "addr_city": "武汉", "addr_house": null, "addr_postc": 430079, "addr_stree": "广八路", "atm": null, "brand": null, "brand_en": null, "brand_wiki": null, "brand_wik1": null, "name_en": null, "bus": null, "public_tra": null, "shop": null, "level": 0, "cuisine": null, "brand_zh": null, "name_zh": null, "takeaway": null, "opening_ho": null, "office": null, "railway": null, "leisure": null, "addr_distr": null, "addr_provi": null, "subway": null, "building": null, "horse": null, "locked": null, "access": null, "natural": null, "capacity": 0, "phone": null, "traffic_ca": null, "diet_veget": null, "artwork_ty": null, "delivery": null, "drive_thro": null, "outdoor_se": null, "sport": null, "crossing": null, "bench": null, "bin": null, "telecom": null, "historic": null, "man_made": null, "parking": null, "healthcare": null, "note": null, "operator": null, "waste": null, "parcel_pic": null, "diet_meat": null, "shelter_ty": null }, "geometry": { "type": "Point", "coordinates": [ 114.3569682, 30.5270088 ] } },
{ "type": "Feature", "properties": { "LAYER": "amenity - restaurant", "GM_TYPE": "Restaurant", "barrier": null, "name": "凌枫轩自助盒饭连锁", "id": 4631070000.0, "visible": "true", "version": 1, "changeset": 45458199, "timestamp": "2017-01-25T02:44:10Z", "user": "gryffindor", "uid": 5161539, "highway": null, "amenity": "restaurant", "place": null, "bicycle": null, "foot": null, "motor_vehi": null, "tourism": null, "addr_city": null, "addr_house": null, "addr_postc": 0, "addr_stree": null, "atm": null, "brand": null, "brand_en": null, "brand_wiki": null, "brand_wik1": null, "name_en": null, "bus": null, "public_tra": null, "shop": null, "level": 0, "cuisine": null, "brand_zh": null, "name_zh": null, "takeaway": null, "opening_ho": null, "office": null, "railway": null, "leisure": null, "addr_distr": null, "addr_provi": null, "subway": null, "building": null, "horse": null, "locked": null, "access": null, "natural": null, "capacity": 0, "phone": null, "traffic_ca": null, "diet_veget": null, "artwork_ty": null, "delivery": null, "drive_thro": null, "outdoor_se": null, "sport": null, "crossing": null, "bench": null, "bin": null, "telecom": null, "historic": null, "man_made": null, "parking": null, "healthcare": null, "note": null, "operator": null, "waste": null, "parcel_pic": null, "diet_meat": null, "shelter_ty": null }, "geometry": { "type": "Point", "coordinates": [ 114.3569813, 30.5270787 ] } },
{ "type": "Feature", "properties": { "LAYER": "amenity - restaurant", "GM_TYPE": "Restaurant", "barrier": null, "name": "强仔过桥米线", "id": 4631070000.0, "visible": "true", "version": 1, "changeset": 45458199, "timestamp": "2017-01-25T02:44:10Z", "user": "gryffindor", "uid": 5161539, "highway": null, "amenity": "restaurant", "place": null, "bicycle": null, "foot": null, "motor_vehi": null, "tourism": null, "addr_city": "武汉", "addr_house": "189-12", "addr_postc": 430079, "addr_stree": "广八路", "atm": null, "brand": null, "brand_en": null, "brand_wiki": null, "brand_wik1": null, "name_en": null, "bus": null, "public_tra": null, "shop": null, "level": 0, "cuisine": null, "brand_zh": null, "name_zh": null, "takeaway": null, "opening_ho": null, "office": null, "railway": null, "leisure": null, "addr_distr": null, "addr_provi": null, "subway": null, "building": null, "horse": null, "locked": null, "access": null, "natural": null, "capacity": 0, "phone": null, "traffic_ca": null, "diet_veget": null, "artwork_ty": null, "delivery": null, "drive_thro": null, "outdoor_se": null, "sport": null, "crossing": null, "bench": null, "bin": null, "telecom": null, "historic": null, "man_made": null, "parking": null, "healthcare": null, "note": null, "operator": null, "waste": null, "parcel_pic": null, "diet_meat": null, "shelter_ty": null }, "geometry": { "type": "Point", "coordinates": [ 114.3574496, 30.5274821 ] } },
{ "type": "Feature", "properties": { "LAYER": "amenity - cafe", "GM_TYPE": "Restaurant", "barrier": null, "name": "鲜碧园", "id": 4631070000.0, "visible": "true", "version": 1, "changeset": 45458199, "timestamp": "2017-01-25T02:44:10Z", "user": "gryffindor", "uid": 5161539, "highway": null, "amenity": "cafe", "place": null, "bicycle": null, "foot": null, "motor_vehi": null, "tourism": null, "addr_city": null, "addr_house": null, "addr_postc": 0, "addr_stree": null, "atm": null, "brand": null, "brand_en": null, "brand_wiki": null, "brand_wik1": null, "name_en": null, "bus": null, "public_tra": null, "shop": null, "level": 0, "cuisine": null, "brand_zh": null, "name_zh": null, "takeaway": null, "opening_ho": null, "office": null, "railway": null, "leisure": null, "addr_distr": null, "addr_provi": null, "subway": null, "building": null, "horse": null, "locked": null, "access": null, "natural": null, "capacity": 0, "phone": null, "traffic_ca": null, "diet_veget": null, "artwork_ty": null, "delivery": null, "drive_thro": null, "outdoor_se": null, "sport": null, "crossing": null, "bench": null, "bin": null, "telecom": null, "historic": null, "man_made": null, "parking": null, "healthcare": null, "note": null, "operator": null, "waste": null, "parcel_pic": null, "diet_meat": null, "shelter_ty": null }, "geometry": { "type": "Point", "coordinates": [ 114.3572601, 30.5275392 ] } },
{ "type": "Feature", "properties": { "LAYER": "amenity - fast_food", "GM_TYPE": "Restaurant", "barrier": null, "name": "小滋小味", "id": 4631070000.0, "visible": "true", "version": 1, "changeset": 45458199, "timestamp": "2017-01-25T02:44:10Z", "user": "gryffindor", "uid": 5161539, "highway": null, "amenity": "fast_food", "place": null, "bicycle": null, "foot": null, "motor_vehi": null, "tourism": null, "addr_city": null, "addr_house": null, "addr_postc": 0, "addr_stree": null, "atm": null, "brand": null, "brand_en": null, "brand_wiki": null, "brand_wik1": null, "name_en": null, "bus": null, "public_tra": null, "shop": null, "level": 0, "cuisine": null, "brand_zh": null, "name_zh": null, "takeaway": null, "opening_ho": null, "office": null, "railway": null, "leisure": null, "addr_distr": null, "addr_provi": null, "subway": null, "building": null, "horse": null, "locked": null, "access": null, "natural": null, "capacity": 0, "phone": null, "traffic_ca": null, "diet_veget": null, "artwork_ty": null, "delivery": null, "drive_thro": null, "outdoor_se": null, "sport": null, "crossing": null, "bench": null, "bin": null, "telecom": null, "historic": null, "man_made": null, "parking": null, "healthcare": null, "note": null, "operator": null, "waste": null, "parcel_pic": null, "diet_meat": null, "shelter_ty": null }, "geometry": { "type": "Point", "coordinates": [ 114.3573019, 30.5276158 ] } },
{ "type": "Feature", "properties": { "LAYER": "amenity - restaurant", "GM_TYPE": "Restaurant", "barrier": null, "name": "麻麻鱼府", "id": 4631070000.0, "visible": "true", "version": 1, "changeset": 45458199, "timestamp": "2017-01-25T02:44:10Z", "user": "gryffindor", "uid": 5161539, "highway": null, "amenity": "restaurant", "place": null, "bicycle": null, "foot": null, "motor_vehi": null, "tourism": null, "addr_city": "武汉", "addr_house": "173", "addr_postc": 430079, "addr_stree": "广八路", "atm": null, "brand": null, "brand_en": null, "brand_wiki": null, "brand_wik1": null, "name_en": null, "bus": null, "public_tra": null, "shop": null, "level": 0, "cuisine": null, "brand_zh": null, "name_zh": null, "takeaway": null, "opening_ho": "11:00 - 22:30", "office": null, "railway": null, "leisure": null, "addr_distr": null, "addr_provi": null, "subway": null, "building": null, "horse": null, "locked": null, "access": null, "natural": null, "capacity": 0, "phone": "(027)59732564", "traffic_ca": null, "diet_veget": null, "artwork_ty": null, "delivery": null, "drive_thro": null, "outdoor_se": null, "sport": null, "crossing": null, "bench": null, "bin": null, "telecom": null, "historic": null, "man_made": null, "parking": null, "healthcare": null, "note": null, "operator": null, "waste": null, "parcel_pic": null, "diet_meat": null, "shelter_ty": null }, "geometry": { "type": "Point", "coordinates": [ 114.357171, 30.5268846 ] } },
{ "type": "Feature", "properties": { "LAYER": "amenity - restaurant", "GM_TYPE": "Restaurant", "barrier": null, "name": "正宗襄阳牛肉面", "id": 4631070000.0, "visible": "true", "version": 1, "changeset": 45458199, "timestamp": "2017-01-25T02:44:10Z", "user": "gryffindor", "uid": 5161539, "highway": null, "amenity": "restaurant", "place": null, "bicycle": null, "foot": null, "motor_vehi": null, "tourism": null, "addr_city": "武汉", "addr_house": "156-158", "addr_postc": 430079, "addr_stree": "广八路", "atm": null, "brand": null, "brand_en": null, "brand_wiki": null, "brand_wik1": null, "name_en": null, "bus": null, "public_tra": null, "shop": null, "level": 0, "cuisine": null, "brand_zh": null, "name_zh": null, "takeaway": null, "opening_ho": null, "office": null, "railway": null, "leisure": null, "addr_distr": null, "addr_provi": null, "subway": null, "building": null, "horse": null, "locked": null, "access": null, "natural": null, "capacity": 0, "phone": null, "traffic_ca": null, "diet_veget": null, "artwork_ty": null, "delivery": null, "drive_thro": null, "outdoor_se": null, "sport": null, "crossing": null, "bench": null, "bin": null, "telecom": null, "historic": null, "man_made": null, "parking": null, "healthcare": null, "note": null, "operator": null, "waste": null, "parcel_pic": null, "diet_meat": null, "shelter_ty": null }, "geometry": { "type": "Point", "coordinates": [ 114.3574947, 30.527357 ] } },
{ "type": "Feature", "properties": { "LAYER": "amenity - fast_food", "GM_TYPE": "Restaurant", "barrier": null, "name": "特尔香烤肉饭", "id": 4631070000.0, "visible": "true", "version": 1, "changeset": 45458199, "timestamp": "2017-01-25T02:44:10Z", "user": "gryffindor", "uid": 5161539, "highway": null, "amenity": "fast_food", "place": null, "bicycle": null, "foot": null, "motor_vehi": null, "tourism": null, "addr_city": "武汉", "addr_house": "94", "addr_postc": 430079, "addr_stree": "广八路", "atm": null, "brand": null, "brand_en": null, "brand_wiki": null, "brand_wik1": null, "name_en": null, "bus": null, "public_tra": null, "shop": null, "level": 0, "cuisine": null, "brand_zh": null, "name_zh": null, "takeaway": null, "opening_ho": null, "office": null, "railway": null, "leisure": null, "addr_distr": null, "addr_provi": null, "subway": null, "building": null, "horse": null, "locked": null, "access": null, "natural": null, "capacity": 0, "phone": "13628663977", "traffic_ca": null, "diet_veget": null, "artwork_ty": null, "delivery": null, "drive_thro": null, "outdoor_se": null, "sport": null, "crossing": null, "bench": null, "bin": null, "telecom": null, "historic": null, "man_made": null, "parking": null, "healthcare": null, "note": null, "operator": null, "waste": null, "parcel_pic": null, "diet_meat": null, "shelter_ty": null }, "geometry": { "type": "Point", "coordinates": [ 114.3572416, 30.5275079 ] } },
{ "type": "Feature", "properties": { "LAYER": "amenity - restaurant", "GM_TYPE": "Restaurant", "barrier": null, "name": "味香居", "id": 4631070000.0, "visible": "true", "version": 1, "changeset": 45458199, "timestamp": "2017-01-25T02:44:10Z", "user": "gryffindor", "uid": 5161539, "highway": null, "amenity": "restaurant", "place": null, "bicycle": null, "foot": null, "motor_vehi": null, "tourism": null, "addr_city": "武汉", "addr_house": "158", "addr_postc": 430079, "addr_stree": "广八路", "atm": null, "brand": null, "brand_en": null, "brand_wiki": null, "brand_wik1": null, "name_en": null, "bus": null, "public_tra": null, "shop": null, "level": 0, "cuisine": null, "brand_zh": null, "name_zh": null, "takeaway": null, "opening_ho": "10:00 - 21:00", "office": null, "railway": null, "leisure": null, "addr_distr": null, "addr_provi": null, "subway": null, "building": null, "horse": null, "locked": null, "access": null, "natural": null, "capacity": 0, "phone": null, "traffic_ca": null, "diet_veget": null, "artwork_ty": null, "delivery": null, "drive_thro": null, "outdoor_se": null, "sport": null, "crossing": null, "bench": null, "bin": null, "telecom": null, "historic": null, "man_made": null, "parking": null, "healthcare": null, "note": null, "operator": null, "waste": null, "parcel_pic": null, "diet_meat": null, "shelter_ty": null }, "geometry": { "type": "Point", "coordinates": [ 114.3577566, 30.5278691 ] } },
{ "type": "Feature", "properties": { "LAYER": "amenity - cafe", "GM_TYPE": "Restaurant", "barrier": null, "name": "布朗尼西饼", "id": 4631070000.0, "visible": "true", "version": 1, "changeset": 45458199, "timestamp": "2017-01-25T02:44:10Z", "user": "gryffindor", "uid": 5161539, "highway": null, "amenity": "cafe", "place": null, "bicycle": null, "foot": null, "motor_vehi": null, "tourism": null, "addr_city": "武汉", "addr_house": "49", "addr_postc": 430079, "addr_stree": "珞南街", "atm": null, "brand": null, "brand_en": null, "brand_wiki": null, "brand_wik1": null, "name_en": null, "bus": null, "public_tra": null, "shop": null, "level": 0, "cuisine": null, "brand_zh": null, "name_zh": null, "takeaway": null, "opening_ho": null, "office": null, "railway": null, "leisure": null, "addr_distr": null, "addr_provi": null, "subway": null, "building": null, "horse": null, "locked": null, "access": null, "natural": null, "capacity": 0, "phone": null, "traffic_ca": null, "diet_veget": null, "artwork_ty": null, "delivery": null, "drive_thro": null, "outdoor_se": null, "sport": null, "crossing": null, "bench": null, "bin": null, "telecom": null, "historic": null, "man_made": null, "parking": null, "healthcare": null, "note": null, "operator": null, "waste": null, "parcel_pic": null, "diet_meat": null, "shelter_ty": null }, "geometry": { "type": "Point", "coordinates": [ 114.3575212, 30.5279926 ] } },
{ "type": "Feature", "properties": { "LAYER": "amenity - restaurant", "GM_TYPE": "Restaurant", "barrier": null, "name": "大鹏牛肉粉", "id": 4631070000.0, "visible": "true", "version": 2, "changeset": 88208185, "timestamp": "2020-07-19T19:02:20Z", "user": "Metrohsrtheedit", "uid": 7030314, "highway": null, "amenity": "restaurant", "place": null, "bicycle": null, "foot": null, "motor_vehi": null, "tourism": null, "addr_city": null, "addr_house": null, "addr_postc": 0, "addr_stree": null, "atm": null, "brand": null, "brand_en": null, "brand_wiki": null, "brand_wik1": null, "name_en": null, "bus": null, "public_tra": null, "shop": null, "level": 0, "cuisine": null, "brand_zh": null, "name_zh": null, "takeaway": null, "opening_ho": null, "office": null, "railway": null, "leisure": null, "addr_distr": null, "addr_provi": null, "subway": null, "building": null, "horse": null, "locked": null, "access": null, "natural": null, "capacity": 0, "phone": null, "traffic_ca": null, "diet_veget": null, "artwork_ty": null, "delivery": null, "drive_thro": null, "outdoor_se": null, "sport": null, "crossing": null, "bench": null, "bin": null, "telecom": null, "historic": null, "man_made": null, "parking": null, "healthcare": null, "note": null, "operator": null, "waste": null, "parcel_pic": null, "diet_meat": null, "shelter_ty": null }, "geometry": { "type": "Point", "coordinates": [ 114.3577283, 30.5283584 ] } },
{ "type": "Feature", "properties": { "LAYER": "amenity - fast_food", "GM_TYPE": "Restaurant", "barrier": null, "name": "抹茶炒酸奶", "id": 4631070000.0, "visible": "true", "version": 1, "changeset": 45458199, "timestamp": "2017-01-25T02:44:11Z", "user": "gryffindor", "uid": 5161539, "highway": null, "amenity": "fast_food", "place": null, "bicycle": null, "foot": null, "motor_vehi": null, "tourism": null, "addr_city": "武汉", "addr_house": "64", "addr_postc": 430079, "addr_stree": "广八路", "atm": null, "brand": null, "brand_en": null, "brand_wiki": null, "brand_wik1": null, "name_en": null, "bus": null, "public_tra": null, "shop": null, "level": 0, "cuisine": null, "brand_zh": null, "name_zh": null, "takeaway": null, "opening_ho": "10:30 - 22:00", "office": null, "railway": null, "leisure": null, "addr_distr": null, "addr_provi": null, "subway": null, "building": null, "horse": null, "locked": null, "access": null, "natural": null, "capacity": 0, "phone": null, "traffic_ca": null, "diet_veget": null, "artwork_ty": null, "delivery": null, "drive_thro": null, "outdoor_se": null, "sport": null, "crossing": null, "bench": null, "bin": null, "telecom": null, "historic": null, "man_made": null, "parking": null, "healthcare": null, "note": null, "operator": null, "waste": null, "parcel_pic": null, "diet_meat": null, "shelter_ty": null }, "geometry": { "type": "Point", "coordinates": [ 114.3579158, 30.5287014 ] } },
{ "type": "Feature", "properties": { "LAYER": "amenity - fast_food", "GM_TYPE": "Restaurant", "barrier": null, "name": "周黑鸭", "id": 4631070000.0, "visible": "true", "version": 1, "changeset": 45458199, "timestamp": "2017-01-25T02:44:11Z", "user": "gryffindor", "uid": 5161539, "highway": null, "amenity": "fast_food", "place": null, "bicycle": null, "foot": null, "motor_vehi": null, "tourism": null, "addr_city": "武汉", "addr_house": null, "addr_postc": 430079, "addr_stree": "广八路", "atm": null, "brand": null, "brand_en": null, "brand_wiki": null, "brand_wik1": null, "name_en": null, "bus": null, "public_tra": null, "shop": null, "level": 0, "cuisine": null, "brand_zh": null, "name_zh": null, "takeaway": null, "opening_ho": "10:00 - 22:00", "office": null, "railway": null, "leisure": null, "addr_distr": null, "addr_provi": null, "subway": null, "building": null, "horse": null, "locked": null, "access": null, "natural": null, "capacity": 0, "phone": "4001717917", "traffic_ca": null, "diet_veget": null, "artwork_ty": null, "delivery": null, "drive_thro": null, "outdoor_se": null, "sport": null, "crossing": null, "bench": null, "bin": null, "telecom": null, "historic": null, "man_made": null, "parking": null, "healthcare": null, "note": null, "operator": null, "waste": null, "parcel_pic": null, "diet_meat": null, "shelter_ty": null }, "geometry": { "type": "Point", "coordinates": [ 114.3580721, 30.5289108 ] } },
{ "type": "Feature", "properties": { "LAYER": "amenity - cafe", "GM_TYPE": "Restaurant", "barrier": null, "name": "帝森蛋糕", "id": 4631070000.0, "visible": "true", "version": 1, "changeset": 45458199, "timestamp": "2017-01-25T02:44:11Z", "user": "gryffindor", "uid": 5161539, "highway": null, "amenity": "cafe", "place": null, "bicycle": null, "foot": null, "motor_vehi": null, "tourism": null, "addr_city": "武汉", "addr_house": "62", "addr_postc": 430079, "addr_stree": "广八路", "atm": null, "brand": null, "brand_en": null, "brand_wiki": null, "brand_wik1": null, "name_en": null, "bus": null, "public_tra": null, "shop": null, "level": 0, "cuisine": null, "brand_zh": null, "name_zh": null, "takeaway": null, "opening_ho": null, "office": null, "railway": null, "leisure": null, "addr_distr": null, "addr_provi": null, "subway": null, "building": null, "horse": null, "locked": null, "access": null, "natural": null, "capacity": 0, "phone": "13627297150", "traffic_ca": null, "diet_veget": null, "artwork_ty": null, "delivery": null, "drive_thro": null, "outdoor_se": null, "sport": null, "crossing": null, "bench": null, "bin": null, "telecom": null, "historic": null, "man_made": null, "parking": null, "healthcare": null, "note": null, "operator": null, "waste": null, "parcel_pic": null, "diet_meat": null, "shelter_ty": null }, "geometry": { "type": "Point", "coordinates": [ 114.3581116, 30.5290122 ] } },
{ "type": "Feature", "properties": { "LAYER": "amenity - restaurant", "GM_TYPE": "Restaurant", "barrier": null, "name": "广东烧卤饭", "id": 4631070000.0, "visible": "true", "version": 1, "changeset": 45458199, "timestamp": "2017-01-25T02:44:11Z", "user": "gryffindor", "uid": 5161539, "highway": null, "amenity": "restaurant", "place": null, "bicycle": null, "foot": null, "motor_vehi": null, "tourism": null, "addr_city": "武汉", "addr_house": "12", "addr_postc": 430079, "addr_stree": "广八路", "atm": null, "brand": null, "brand_en": null, "brand_wiki": null, "brand_wik1": null, "name_en": null, "bus": null, "public_tra": null, "shop": null, "level": 0, "cuisine": null, "brand_zh": null, "name_zh": null, "takeaway": null, "opening_ho": "10:00 - 19:30", "office": null, "railway": null, "leisure": null, "addr_distr": null, "addr_provi": null, "subway": null, "building": null, "horse": null, "locked": null, "access": null, "natural": null, "capacity": 0, "phone": "13986285151", "traffic_ca": null, "diet_veget": null, "artwork_ty": null, "delivery": null, "drive_thro": null, "outdoor_se": null, "sport": null, "crossing": null, "bench": null, "bin": null, "telecom": null, "historic": null, "man_made": null, "parking": null, "healthcare": null, "note": null, "operator": null, "waste": null, "parcel_pic": null, "diet_meat": null, "shelter_ty": null }, "geometry": { "type": "Point", "coordinates": [ 114.3581724, 30.5291493 ] } },
{ "type": "Feature", "properties": { "LAYER": "amenity - fast_food", "GM_TYPE": "Restaurant", "barrier": null, "name": "赵记怪味面", "id": 4631070000.0, "visible": "true", "version": 1, "changeset": 45458199, "timestamp": "2017-01-25T02:44:11Z", "user": "gryffindor", "uid": 5161539, "highway": null, "amenity": "fast_food", "place": null, "bicycle": null, "foot": null, "motor_vehi": null, "tourism": null, "addr_city": "武汉", "addr_house": null, "addr_postc": 430079, "addr_stree": "广八路", "atm": null, "brand": null, "brand_en": null, "brand_wiki": null, "brand_wik1": null, "name_en": null, "bus": null, "public_tra": null, "shop": null, "level": 0, "cuisine": null, "brand_zh": null, "name_zh": null, "takeaway": null, "opening_ho": null, "office": null, "railway": null, "leisure": null, "addr_distr": null, "addr_provi": null, "subway": null, "building": null, "horse": null, "locked": null, "access": null, "natural": null, "capacity": 0, "phone": "18271937194", "traffic_ca": null, "diet_veget": null, "artwork_ty": null, "delivery": null, "drive_thro": null, "outdoor_se": null, "sport": null, "crossing": null, "bench": null, "bin": null, "telecom": null, "historic": null, "man_made": null, "parking": null, "healthcare": null, "note": null, "operator": null, "waste": null, "parcel_pic": null, "diet_meat": null, "shelter_ty": null }, "geometry": { "type": "Point", "coordinates": [ 114.3584925, 30.5298246 ] } },
{ "type": "Feature", "properties": { "LAYER": "amenity - fast_food", "GM_TYPE": "Restaurant", "barrier": null, "name": "扇味黄焖鸡米饭", "id": 4631070000.0, "visible": "true", "version": 1, "changeset": 45458199, "timestamp": "2017-01-25T02:44:11Z", "user": "gryffindor", "uid": 5161539, "highway": null, "amenity": "fast_food", "place": null, "bicycle": null, "foot": null, "motor_vehi": null, "tourism": null, "addr_city": null, "addr_house": null, "addr_postc": 0, "addr_stree": null, "atm": null, "brand": null, "brand_en": null, "brand_wiki": null, "brand_wik1": null, "name_en": null, "bus": null, "public_tra": null, "shop": null, "level": 0, "cuisine": null, "brand_zh": null, "name_zh": null, "takeaway": null, "opening_ho": "8:00 - 24:00", "office": null, "railway": null, "leisure": null, "addr_distr": null, "addr_provi": null, "subway": null, "building": null, "horse": null, "locked": null, "access": null, "natural": null, "capacity": 0, "phone": "18827618800", "traffic_ca": null, "diet_veget": null, "artwork_ty": null, "delivery": null, "drive_thro": null, "outdoor_se": null, "sport": null, "crossing": null, "bench": null, "bin": null, "telecom": null, "historic": null, "man_made": null, "parking": null, "healthcare": null, "note": null, "operator": null, "waste": null, "parcel_pic": null, "diet_meat": null, "shelter_ty": null }, "geometry": { "type": "Point", "coordinates": [ 114.358996, 30.5304294 ] } },
{ "type": "Feature", "properties": { "LAYER": "amenity - fast_food", "GM_TYPE": "Restaurant", "barrier": null, "name": "馋嘴花甲", "id": 4631070000.0, "visible": "true", "version": 1, "changeset": 45458199, "timestamp": "2017-01-25T02:44:11Z", "user": "gryffindor", "uid": 5161539, "highway": null, "amenity": "fast_food", "place": null, "bicycle": null, "foot": null, "motor_vehi": null, "tourism": null, "addr_city": "武汉", "addr_house": "113", "addr_postc": 430079, "addr_stree": "广八路", "atm": null, "brand": null, "brand_en": null, "brand_wiki": null, "brand_wik1": null, "name_en": null, "bus": null, "public_tra": null, "shop": null, "level": 0, "cuisine": null, "brand_zh": null, "name_zh": null, "takeaway": null, "opening_ho": "10:00-22:00", "office": null, "railway": null, "leisure": null, "addr_distr": null, "addr_provi": null, "subway": null, "building": null, "horse": null, "locked": null, "access": null, "natural": null, "capacity": 0, "phone": "15827032773", "traffic_ca": null, "diet_veget": null, "artwork_ty": null, "delivery": null, "drive_thro": null, "outdoor_se": null, "sport": null, "crossing": null, "bench": null, "bin": null, "telecom": null, "historic": null, "man_made": null, "parking": null, "healthcare": null, "note": null, "operator": null, "waste": null, "parcel_pic": null, "diet_meat": null, "shelter_ty": null }, "geometry": { "type": "Point", "coordinates": [ 114.359057, 30.5305607 ] } },
{ "type": "Feature", "properties": { "LAYER": "amenity - restaurant", "GM_TYPE": "Restaurant", "barrier": null, "name": "重庆红牛小吃", "id": 4631070000.0, "visible": "true", "version": 1, "changeset": 45458199, "timestamp": "2017-01-25T02:44:11Z", "user": "gryffindor", "uid": 5161539, "highway": null, "amenity": "restaurant", "place": null, "bicycle": null, "foot": null, "motor_vehi": null, "tourism": null, "addr_city": "武汉", "addr_house": "113", "addr_postc": 430079, "addr_stree": "广八路", "atm": null, "brand": null, "brand_en": null, "brand_wiki": null, "brand_wik1": null, "name_en": null, "bus": null, "public_tra": null, "shop": null, "level": 0, "cuisine": null, "brand_zh": null, "name_zh": null, "takeaway": null, "opening_ho": "10:00-23:00", "office": null, "railway": null, "leisure": null, "addr_distr": null, "addr_provi": null, "subway": null, "building": null, "horse": null, "locked": null, "access": null, "natural": null, "capacity": 0, "phone": "15927309879", "traffic_ca": null, "diet_veget": null, "artwork_ty": null, "delivery": null, "drive_thro": null, "outdoor_se": null, "sport": null, "crossing": null, "bench": null, "bin": null, "telecom": null, "historic": null, "man_made": null, "parking": null, "healthcare": null, "note": null, "operator": null, "waste": null, "parcel_pic": null, "diet_meat": null, "shelter_ty": null }, "geometry": { "type": "Point", "coordinates": [ 114.3591126, 30.5307233 ] } },
{ "type": "Feature", "properties": { "LAYER": "amenity - restaurant", "GM_TYPE": "Restaurant", "barrier": null, "name": "小罗餐厅", "id": 4631070000.0, "visible": "true", "version": 1, "changeset": 45458199, "timestamp": "2017-01-25T02:44:11Z", "user": "gryffindor", "uid": 5161539, "highway": null, "amenity": "restaurant", "place": null, "bicycle": null, "foot": null, "motor_vehi": null, "tourism": null, "addr_city": "武汉", "addr_house": null, "addr_postc": 430079, "addr_stree": "广八路", "atm": null, "brand": null, "brand_en": null, "brand_wiki": null, "brand_wik1": null, "name_en": null, "bus": null, "public_tra": null, "shop": null, "level": 0, "cuisine": null, "brand_zh": null, "name_zh": null, "takeaway": null, "opening_ho": "11:00-24:00", "office": null, "railway": null, "leisure": null, "addr_distr": null, "addr_provi": null, "subway": null, "building": null, "horse": null, "locked": null, "access": null, "natural": null, "capacity": 0, "phone": null, "traffic_ca": null, "diet_veget": null, "artwork_ty": null, "delivery": null, "drive_thro": null, "outdoor_se": null, "sport": null, "crossing": null, "bench": null, "bin": null, "telecom": null, "historic": null, "man_made": null, "parking": null, "healthcare": null, "note": null, "operator": null, "waste": null, "parcel_pic": null, "diet_meat": null, "shelter_ty": null }, "geometry": { "type": "Point", "coordinates": [ 114.3591891, 30.5309672 ] } },
{ "type": "Feature", "properties": { "LAYER": "amenity - restaurant", "GM_TYPE": "Restaurant", "barrier": null, "name": "香溪园餐厅", "id": 4631070000.0, "visible": "true", "version": 1, "changeset": 45458199, "timestamp": "2017-01-25T02:44:11Z", "user": "gryffindor", "uid": 5161539, "highway": null, "amenity": "restaurant", "place": null, "bicycle": null, "foot": null, "motor_vehi": null, "tourism": null, "addr_city": "武汉", "addr_house": null, "addr_postc": 430079, "addr_stree": "广八路", "atm": null, "brand": null, "brand_en": null, "brand_wiki": null, "brand_wik1": null, "name_en": null, "bus": null, "public_tra": null, "shop": null, "level": 0, "cuisine": null, "brand_zh": null, "name_zh": null, "takeaway": null, "opening_ho": "10:30-04:00", "office": null, "railway": null, "leisure": null, "addr_distr": null, "addr_provi": null, "subway": null, "building": null, "horse": null, "locked": null, "access": null, "natural": null, "capacity": 0, "phone": null, "traffic_ca": null, "diet_veget": null, "artwork_ty": null, "delivery": null, "drive_thro": null, "outdoor_se": null, "sport": null, "crossing": null, "bench": null, "bin": null, "telecom": null, "historic": null, "man_made": null, "parking": null, "healthcare": null, "note": null, "operator": null, "waste": null, "parcel_pic": null, "diet_meat": null, "shelter_ty": null }, "geometry": { "type": "Point", "coordinates": [ 114.3593898, 30.53151 ] } },
{ "type": "Feature", "properties": { "LAYER": "amenity - fast_food", "GM_TYPE": "Restaurant", "barrier": null, "name": "老王烧烤", "id": 4631070000.0, "visible": "true", "version": 1, "changeset": 45458199, "timestamp": "2017-01-25T02:44:11Z", "user": "gryffindor", "uid": 5161539, "highway": null, "amenity": "fast_food", "place": null, "bicycle": null, "foot": null, "motor_vehi": null, "tourism": null, "addr_city": null, "addr_house": null, "addr_postc": 0, "addr_stree": null, "atm": null, "brand": null, "brand_en": null, "brand_wiki": null, "brand_wik1": null, "name_en": null, "bus": null, "public_tra": null, "shop": null, "level": 0, "cuisine": null, "brand_zh": null, "name_zh": null, "takeaway": null, "opening_ho": null, "office": null, "railway": null, "leisure": null, "addr_distr": null, "addr_provi": null, "subway": null, "building": null, "horse": null, "locked": null, "access": null, "natural": null, "capacity": 0, "phone": null, "traffic_ca": null, "diet_veget": null, "artwork_ty": null, "delivery": null, "drive_thro": null, "outdoor_se": null, "sport": null, "crossing": null, "bench": null, "bin": null, "telecom": null, "historic": null, "man_made": null, "parking": null, "healthcare": null, "note": null, "operator": null, "waste": null, "parcel_pic": null, "diet_meat": null, "shelter_ty": null }, "geometry": { "type": "Point", "coordinates": [ 114.3593718, 30.5313466 ] } },
{ "type": "Feature", "properties": { "LAYER": "amenity - restaurant", "GM_TYPE": "Restaurant", "barrier": null, "name": "老熊家私房菜", "id": 4631070000.0, "visible": "true", "version": 1, "changeset": 45458199, "timestamp": "2017-01-25T02:44:12Z", "user": "gryffindor", "uid": 5161539, "highway": null, "amenity": "restaurant", "place": null, "bicycle": null, "foot": null, "motor_vehi": null, "tourism": null, "addr_city": "武汉", "addr_house": null, "addr_postc": 430079, "addr_stree": "广八路", "atm": null, "brand": null, "brand_en": null, "brand_wiki": null, "brand_wik1": null, "name_en": null, "bus": null, "public_tra": null, "shop": null, "level": 0, "cuisine": null, "brand_zh": null, "name_zh": null, "takeaway": null, "opening_ho": "9:00 - 21:30", "office": null, "railway": null, "leisure": null, "addr_distr": null, "addr_provi": null, "subway": null, "building": null, "horse": null, "locked": null, "access": null, "natural": null, "capacity": 0, "phone": null, "traffic_ca": null, "diet_veget": null, "artwork_ty": null, "delivery": null, "drive_thro": null, "outdoor_se": null, "sport": null, "crossing": null, "bench": null, "bin": null, "telecom": null, "historic": null, "man_made": null, "parking": null, "healthcare": null, "note": null, "operator": null, "waste": null, "parcel_pic": null, "diet_meat": null, "shelter_ty": null }, "geometry": { "type": "Point", "coordinates": [ 114.3596411, 30.5323194 ] } },
{ "type": "Feature", "properties": { "LAYER": "amenity - restaurant", "GM_TYPE": "Restaurant", "barrier": null, "name": "川香碳锅鱼", "id": 4631070000.0, "visible": "true", "version": 1, "changeset": 45458199, "timestamp": "2017-01-25T02:44:12Z", "user": "gryffindor", "uid": 5161539, "highway": null, "amenity": "restaurant", "place": null, "bicycle": null, "foot": null, "motor_vehi": null, "tourism": null, "addr_city": "武汉", "addr_house": null, "addr_postc": 430079, "addr_stree": "广八路", "atm": null, "brand": null, "brand_en": null, "brand_wiki": null, "brand_wik1": null, "name_en": null, "bus": null, "public_tra": null, "shop": null, "level": 0, "cuisine": null, "brand_zh": null, "name_zh": null, "takeaway": null, "opening_ho": "10:00-22:00", "office": null, "railway": null, "leisure": null, "addr_distr": null, "addr_provi": null, "subway": null, "building": null, "horse": null, "locked": null, "access": null, "natural": null, "capacity": 0, "phone": null, "traffic_ca": null, "diet_veget": null, "artwork_ty": null, "delivery": null, "drive_thro": null, "outdoor_se": null, "sport": null, "crossing": null, "bench": null, "bin": null, "telecom": null, "historic": null, "man_made": null, "parking": null, "healthcare": null, "note": null, "operator": null, "waste": null, "parcel_pic": null, "diet_meat": null, "shelter_ty": null }, "geometry": { "type": "Point", "coordinates": [ 114.359427, 30.5322417 ] } },
{ "type": "Feature", "properties": { "LAYER": "amenity - restaurant", "GM_TYPE": "Restaurant", "barrier": null, "name": "饭米李米", "id": 4631070000.0, "visible": "true", "version": 1, "changeset": 45458199, "timestamp": "2017-01-25T02:44:12Z", "user": "gryffindor", "uid": 5161539, "highway": null, "amenity": "restaurant", "place": null, "bicycle": null, "foot": null, "motor_vehi": null, "tourism": null, "addr_city": "武汉", "addr_house": "6 - 8", "addr_postc": 430079, "addr_stree": "广八路", "atm": null, "brand": null, "brand_en": null, "brand_wiki": null, "brand_wik1": null, "name_en": null, "bus": null, "public_tra": null, "shop": null, "level": 0, "cuisine": null, "brand_zh": null, "name_zh": null, "takeaway": null, "opening_ho": null, "office": null, "railway": null, "leisure": null, "addr_distr": null, "addr_provi": null, "subway": null, "building": null, "horse": null, "locked": null, "access": null, "natural": null, "capacity": 0, "phone": "15342605559", "traffic_ca": null, "diet_veget": null, "artwork_ty": null, "delivery": null, "drive_thro": null, "outdoor_se": null, "sport": null, "crossing": null, "bench": null, "bin": null, "telecom": null, "historic": null, "man_made": null, "parking": null, "healthcare": null, "note": null, "operator": null, "waste": null, "parcel_pic": null, "diet_meat": null, "shelter_ty": null }, "geometry": { "type": "Point", "coordinates": [ 114.3592093, 30.5321289 ] } },
{ "type": "Feature", "properties": { "LAYER": "amenity - restaurant", "GM_TYPE": "Restaurant", "barrier": null, "name": "徐氏牛杂馆", "id": 4631070000.0, "visible": "true", "version": 1, "changeset": 45458199, "timestamp": "2017-01-25T02:44:12Z", "user": "gryffindor", "uid": 5161539, "highway": null, "amenity": "restaurant", "place": null, "bicycle": null, "foot": null, "motor_vehi": null, "tourism": null, "addr_city": null, "addr_house": null, "addr_postc": 0, "addr_stree": null, "atm": null, "brand": null, "brand_en": null, "brand_wiki": null, "brand_wik1": null, "name_en": null, "bus": null, "public_tra": null, "shop": null, "level": 0, "cuisine": null, "brand_zh": null, "name_zh": null, "takeaway": null, "opening_ho": null, "office": null, "railway": null, "leisure": null, "addr_distr": null, "addr_provi": null, "subway": null, "building": null, "horse": null, "locked": null, "access": null, "natural": null, "capacity": 0, "phone": "18627720132", "traffic_ca": null, "diet_veget": null, "artwork_ty": null, "delivery": null, "drive_thro": null, "outdoor_se": null, "sport": null, "crossing": null, "bench": null, "bin": null, "telecom": null, "historic": null, "man_made": null, "parking": null, "healthcare": null, "note": null, "operator": null, "waste": null, "parcel_pic": null, "diet_meat": null, "shelter_ty": null }, "geometry": { "type": "Point", "coordinates": [ 114.3594141, 30.5321927 ] } },
{ "type": "Feature", "properties": { "LAYER": "amenity - restaurant", "GM_TYPE": "Restaurant", "barrier": null, "name": "周氏鸭脖", "id": 4631070000.0, "visible": "true", "version": 1, "changeset": 45458199, "timestamp": "2017-01-25T02:44:12Z", "user": "gryffindor", "uid": 5161539, "highway": null, "amenity": "restaurant", "place": null, "bicycle": null, "foot": null, "motor_vehi": null, "tourism": null, "addr_city": null, "addr_house": null, "addr_postc": 0, "addr_stree": null, "atm": null, "brand": null, "brand_en": null, "brand_wiki": null, "brand_wik1": null, "name_en": null, "bus": null, "public_tra": null, "shop": null, "level": 0, "cuisine": null, "brand_zh": null, "name_zh": null, "takeaway": null, "opening_ho": null, "office": null, "railway": null, "leisure": null, "addr_distr": null, "addr_provi": null, "subway": null, "building": null, "horse": null, "locked": null, "access": null, "natural": null, "capacity": 0, "phone": null, "traffic_ca": null, "diet_veget": null, "artwork_ty": null, "delivery": null, "drive_thro": null, "outdoor_se": null, "sport": null, "crossing": null, "bench": null, "bin": null, "telecom": null, "historic": null, "man_made": null, "parking": null, "healthcare": null, "note": null, "operator": null, "waste": null, "parcel_pic": null, "diet_meat": null, "shelter_ty": null }, "geometry": { "type": "Point", "coordinates": [ 114.3593384, 30.5324071 ] } },
{ "type": "Feature", "properties": { "LAYER": "amenity - restaurant", "GM_TYPE": "Restaurant", "barrier": null, "name": "辣子香", "id": 4631070000.0, "visible": "true", "version": 1, "changeset": 45458199, "timestamp": "2017-01-25T02:44:12Z", "user": "gryffindor", "uid": 5161539, "highway": null, "amenity": "restaurant", "place": null, "bicycle": null, "foot": null, "motor_vehi": null, "tourism": null, "addr_city": "武汉", "addr_house": "334", "addr_postc": 430079, "addr_stree": "八一路", "atm": null, "brand": null, "brand_en": null, "brand_wiki": null, "brand_wik1": null, "name_en": null, "bus": null, "public_tra": null, "shop": null, "level": 0, "cuisine": null, "brand_zh": null, "name_zh": null, "takeaway": null, "opening_ho": null, "office": null, "railway": null, "leisure": null, "addr_distr": null, "addr_provi": null, "subway": null, "building": null, "horse": null, "locked": null, "access": null, "natural": null, "capacity": 0, "phone": null, "traffic_ca": null, "diet_veget": null, "artwork_ty": null, "delivery": null, "drive_thro": null, "outdoor_se": null, "sport": null, "crossing": null, "bench": null, "bin": null, "telecom": null, "historic": null, "man_made": null, "parking": null, "healthcare": null, "note": null, "operator": null, "waste": null, "parcel_pic": null, "diet_meat": null, "shelter_ty": null }, "geometry": { "type": "Point", "coordinates": [ 114.3592032, 30.5324508 ] } },
{ "type": "Feature", "properties": { "LAYER": "amenity - fast_food", "GM_TYPE": "Restaurant", "barrier": null, "name": "奇味黄焖鸡米饭", "id": 4631070000.0, "visible": "true", "version": 1, "changeset": 45458199, "timestamp": "2017-01-25T02:44:12Z", "user": "gryffindor", "uid": 5161539, "highway": null, "amenity": "fast_food", "place": null, "bicycle": null, "foot": null, "motor_vehi": null, "tourism": null, "addr_city": "武汉", "addr_house": "324", "addr_postc": 430079, "addr_stree": "八一路", "atm": null, "brand": null, "brand_en": null, "brand_wiki": null, "brand_wik1": null, "name_en": null, "bus": null, "public_tra": null, "shop": null, "level": 0, "cuisine": null, "brand_zh": null, "name_zh": null, "takeaway": null, "opening_ho": null, "office": null, "railway": null, "leisure": null, "addr_distr": null, "addr_provi": null, "subway": null, "building": null, "horse": null, "locked": null, "access": null, "natural": null, "capacity": 0, "phone": null, "traffic_ca": null, "diet_veget": null, "artwork_ty": null, "delivery": null, "drive_thro": null, "outdoor_se": null, "sport": null, "crossing": null, "bench": null, "bin": null, "telecom": null, "historic": null, "man_made": null, "parking": null, "healthcare": null, "note": null, "operator": null, "waste": null, "parcel_pic": null, "diet_meat": null, "shelter_ty": null }, "geometry": { "type": "Point", "coordinates": [ 114.3581369, 30.5327961 ] } },
{ "type": "Feature", "properties": { "LAYER": "amenity - restaurant", "GM_TYPE": "Restaurant", "barrier": null, "name": "重庆鸡公煲", "id": 4631070000.0, "visible": "true", "version": 1, "changeset": 45458199, "timestamp": "2017-01-25T02:44:12Z", "user": "gryffindor", "uid": 5161539, "highway": null, "amenity": "restaurant", "place": null, "bicycle": null, "foot": null, "motor_vehi": null, "tourism": null, "addr_city": "武汉", "addr_house": "334", "addr_postc": 430079, "addr_stree": "八一路", "atm": null, "brand": null, "brand_en": null, "brand_wiki": null, "brand_wik1": null, "name_en": null, "bus": null, "public_tra": null, "shop": null, "level": 0, "cuisine": null, "brand_zh": null, "name_zh": null, "takeaway": null, "opening_ho": "10:00 - 24:00", "office": null, "railway": null, "leisure": null, "addr_distr": null, "addr_provi": null, "subway": null, "building": null, "horse": null, "locked": null, "access": null, "natural": null, "capacity": 0, "phone": null, "traffic_ca": null, "diet_veget": null, "artwork_ty": null, "delivery": null, "drive_thro": null, "outdoor_se": null, "sport": null, "crossing": null, "bench": null, "bin": null, "telecom": null, "historic": null, "man_made": null, "parking": null, "healthcare": null, "note": null, "operator": null, "waste": null, "parcel_pic": null, "diet_meat": null, "shelter_ty": null }, "geometry": { "type": "Point", "coordinates": [ 114.3576555, 30.5330105 ] } },
{ "type": "Feature", "properties": { "LAYER": "amenity - fast_food", "GM_TYPE": "Restaurant", "barrier": null, "name": "新农明彪秘制牛肉面馆", "id": 4631070000.0, "visible": "true", "version": 1, "changeset": 45458199, "timestamp": "2017-01-25T02:44:12Z", "user": "gryffindor", "uid": 5161539, "highway": null, "amenity": "fast_food", "place": null, "bicycle": null, "foot": null, "motor_vehi": null, "tourism": null, "addr_city": "武汉", "addr_house": "35", "addr_postc": 430079, "addr_stree": "珞珈山路", "atm": null, "brand": null, "brand_en": null, "brand_wiki": null, "brand_wik1": null, "name_en": null, "bus": null, "public_tra": null, "shop": null, "level": 0, "cuisine": null, "brand_zh": null, "name_zh": null, "takeaway": null, "opening_ho": null, "office": null, "railway": null, "leisure": null, "addr_distr": null, "addr_provi": null, "subway": null, "building": null, "horse": null, "locked": null, "access": null, "natural": null, "capacity": 0, "phone": null, "traffic_ca": null, "diet_veget": null, "artwork_ty": null, "delivery": null, "drive_thro": null, "outdoor_se": null, "sport": null, "crossing": null, "bench": null, "bin": null, "telecom": null, "historic": null, "man_made": null, "parking": null, "healthcare": null, "note": null, "operator": null, "waste": null, "parcel_pic": null, "diet_meat": null, "shelter_ty": null }, "geometry": { "type": "Point", "coordinates": [ 114.3509873, 30.5342971 ] } },
{ "type": "Feature", "properties": { "LAYER": "amenity - restaurant", "GM_TYPE": "Restaurant", "barrier": null, "name": "农家木桶套餐饭", "id": 4631070000.0, "visible": "true", "version": 1, "changeset": 45458199, "timestamp": "2017-01-25T02:44:12Z", "user": "gryffindor", "uid": 5161539, "highway": null, "amenity": "restaurant", "place": null, "bicycle": null, "foot": null, "motor_vehi": null, "tourism": null, "addr_city": "武汉", "addr_house": "64", "addr_postc": 430079, "addr_stree": "珞珈山路", "atm": null, "brand": null, "brand_en": null, "brand_wiki": null, "brand_wik1": null, "name_en": null, "bus": null, "public_tra": null, "shop": null, "level": 0, "cuisine": null, "brand_zh": null, "name_zh": null, "takeaway": null, "opening_ho": null, "office": null, "railway": null, "leisure": null, "addr_distr": null, "addr_provi": null, "subway": null, "building": null, "horse": null, "locked": null, "access": null, "natural": null, "capacity": 0, "phone": null, "traffic_ca": null, "diet_veget": null, "artwork_ty": null, "delivery": null, "drive_thro": null, "outdoor_se": null, "sport": null, "crossing": null, "bench": null, "bin": null, "telecom": null, "historic": null, "man_made": null, "parking": null, "healthcare": null, "note": null, "operator": null, "waste": null, "parcel_pic": null, "diet_meat": null, "shelter_ty": null }, "geometry": { "type": "Point", "coordinates": [ 114.3504913, 30.5339959 ] } },
{ "type": "Feature", "properties": { "LAYER": "amenity - restaurant", "GM_TYPE": "Restaurant", "barrier": null, "name": "大味火锅", "id": 4631070000.0, "visible": "true", "version": 2, "changeset": 88208185, "timestamp": "2020-07-19T21:41:57Z", "user": "Metrohsrtheedit", "uid": 7030314, "highway": null, "amenity": "restaurant", "place": null, "bicycle": null, "foot": null, "motor_vehi": null, "tourism": null, "addr_city": null, "addr_house": null, "addr_postc": 0, "addr_stree": null, "atm": null, "brand": null, "brand_en": null, "brand_wiki": null, "brand_wik1": null, "name_en": null, "bus": null, "public_tra": null, "shop": null, "level": 0, "cuisine": "hotpot", "brand_zh": null, "name_zh": null, "takeaway": null, "opening_ho": null, "office": null, "railway": null, "leisure": null, "addr_distr": null, "addr_provi": null, "subway": null, "building": null, "horse": null, "locked": null, "access": null, "natural": null, "capacity": 0, "phone": null, "traffic_ca": null, "diet_veget": null, "artwork_ty": null, "delivery": null, "drive_thro": null, "outdoor_se": null, "sport": null, "crossing": null, "bench": null, "bin": null, "telecom": null, "historic": null, "man_made": null, "parking": null, "healthcare": null, "note": null, "operator": null, "waste": null, "parcel_pic": null, "diet_meat": null, "shelter_ty": null }, "geometry": { "type": "Point", "coordinates": [ 114.3501986, 30.5336668 ] } },
{ "type": "Feature", "properties": { "LAYER": "amenity - fast_food", "GM_TYPE": "Restaurant", "barrier": null, "name": "汝矣岛炒酸奶", "id": 4631070000.0, "visible": "true", "version": 1, "changeset": 45458199, "timestamp": "2017-01-25T02:44:12Z", "user": "gryffindor", "uid": 5161539, "highway": null, "amenity": "fast_food", "place": null, "bicycle": null, "foot": null, "motor_vehi": null, "tourism": null, "addr_city": "武汉", "addr_house": "10", "addr_postc": 430079, "addr_stree": "珞狮路", "atm": null, "brand": null, "brand_en": null, "brand_wiki": null, "brand_wik1": null, "name_en": null, "bus": null, "public_tra": null, "shop": null, "level": 0, "cuisine": null, "brand_zh": null, "name_zh": null, "takeaway": null, "opening_ho": null, "office": null, "railway": null, "leisure": null, "addr_distr": null, "addr_provi": null, "subway": null, "building": null, "horse": null, "locked": null, "access": null, "natural": null, "capacity": 0, "phone": null, "traffic_ca": null, "diet_veget": null, "artwork_ty": null, "delivery": null, "drive_thro": null, "outdoor_se": null, "sport": null, "crossing": null, "bench": null, "bin": null, "telecom": null, "historic": null, "man_made": null, "parking": null, "healthcare": null, "note": null, "operator": null, "waste": null, "parcel_pic": null, "diet_meat": null, "shelter_ty": null }, "geometry": { "type": "Point", "coordinates": [ 114.3498896, 30.5335617 ] } },
{ "type": "Feature", "properties": { "LAYER": "amenity - fast_food", "GM_TYPE": "Restaurant", "barrier": null, "name": "王氏饼屋", "id": 4631070000.0, "visible": "true", "version": 1, "changeset": 45458199, "timestamp": "2017-01-25T02:44:12Z", "user": "gryffindor", "uid": 5161539, "highway": null, "amenity": "fast_food", "place": null, "bicycle": null, "foot": null, "motor_vehi": null, "tourism": null, "addr_city": "武汉", "addr_house": "45", "addr_postc": 430079, "addr_stree": "珞狮路", "atm": null, "brand": null, "brand_en": null, "brand_wiki": null, "brand_wik1": null, "name_en": null, "bus": null, "public_tra": null, "shop": null, "level": 0, "cuisine": null, "brand_zh": null, "name_zh": null, "takeaway": null, "opening_ho": null, "office": null, "railway": null, "leisure": null, "addr_distr": null, "addr_provi": null, "subway": null, "building": null, "horse": null, "locked": null, "access": null, "natural": null, "capacity": 0, "phone": null, "traffic_ca": null, "diet_veget": null, "artwork_ty": null, "delivery": null, "drive_thro": null, "outdoor_se": null, "sport": null, "crossing": null, "bench": null, "bin": null, "telecom": null, "historic": null, "man_made": null, "parking": null, "healthcare": null, "note": null, "operator": null, "waste": null, "parcel_pic": null, "diet_meat": null, "shelter_ty": null }, "geometry": { "type": "Point", "coordinates": [ 114.35004, 30.5333236 ] } },
{ "type": "Feature", "properties": { "LAYER": "amenity - restaurant", "GM_TYPE": "Restaurant", "barrier": null, "name": "蓉城自助小火锅", "id": 4631070000.0, "visible": "true", "version": 2, "changeset": 88208185, "timestamp": "2020-07-19T21:41:57Z", "user": "Metrohsrtheedit", "uid": 7030314, "highway": null, "amenity": "restaurant", "place": null, "bicycle": null, "foot": null, "motor_vehi": null, "tourism": null, "addr_city": "武汉", "addr_house": "91", "addr_postc": 430079, "addr_stree": "珞狮北路", "atm": null, "brand": null, "brand_en": null, "brand_wiki": null, "brand_wik1": null, "name_en": null, "bus": null, "public_tra": null, "shop": null, "level": 0, "cuisine": "hotpot", "brand_zh": null, "name_zh": null, "takeaway": null, "opening_ho": null, "office": null, "railway": null, "leisure": null, "addr_distr": null, "addr_provi": null, "subway": null, "building": null, "horse": null, "locked": null, "access": null, "natural": null, "capacity": 0, "phone": null, "traffic_ca": null, "diet_veget": null, "artwork_ty": null, "delivery": null, "drive_thro": null, "outdoor_se": null, "sport": null, "crossing": null, "bench": null, "bin": null, "telecom": null, "historic": null, "man_made": null, "parking": null, "healthcare": null, "note": null, "operator": null, "waste": null, "parcel_pic": null, "diet_meat": null, "shelter_ty": null }, "geometry": { "type": "Point", "coordinates": [ 114.349063, 30.5312724 ] } },
{ "type": "Feature", "properties": { "LAYER": "amenity - restaurant", "GM_TYPE": "Restaurant", "barrier": null, "name": "粥王府", "id": 4631070000.0, "visible": "true", "version": 1, "changeset": 45458199, "timestamp": "2017-01-25T02:44:13Z", "user": "gryffindor", "uid": 5161539, "highway": null, "amenity": "restaurant", "place": null, "bicycle": null, "foot": null, "motor_vehi": null, "tourism": null, "addr_city": "武汉", "addr_house": "85", "addr_postc": 430079, "addr_stree": "珞狮路", "atm": null, "brand": null, "brand_en": null, "brand_wiki": null, "brand_wik1": null, "name_en": null, "bus": null, "public_tra": null, "shop": null, "level": 0, "cuisine": null, "brand_zh": null, "name_zh": null, "takeaway": null, "opening_ho": null, "office": null, "railway": null, "leisure": null, "addr_distr": null, "addr_provi": null, "subway": null, "building": null, "horse": null, "locked": null, "access": null, "natural": null, "capacity": 0, "phone": null, "traffic_ca": null, "diet_veget": null, "artwork_ty": null, "delivery": null, "drive_thro": null, "outdoor_se": null, "sport": null, "crossing": null, "bench": null, "bin": null, "telecom": null, "historic": null, "man_made": null, "parking": null, "healthcare": null, "note": null, "operator": null, "waste": null, "parcel_pic": null, "diet_meat": null, "shelter_ty": null }, "geometry": { "type": "Point", "coordinates": [ 114.3491336, 30.5315959 ] } },
{ "type": "Feature", "properties": { "LAYER": "amenity - restaurant", "GM_TYPE": "Restaurant", "barrier": null, "name": "小川料理", "id": 4631070000.0, "visible": "true", "version": 1, "changeset": 45458199, "timestamp": "2017-01-25T02:44:13Z", "user": "gryffindor", "uid": 5161539, "highway": null, "amenity": "restaurant", "place": null, "bicycle": null, "foot": null, "motor_vehi": null, "tourism": null, "addr_city": "武汉", "addr_house": "97", "addr_postc": 430079, "addr_stree": "珞狮路", "atm": null, "brand": null, "brand_en": null, "brand_wiki": null, "brand_wik1": null, "name_en": null, "bus": null, "public_tra": null, "shop": null, "level": 0, "cuisine": null, "brand_zh": null, "name_zh": null, "takeaway": null, "opening_ho": "11:30 - 21:30", "office": null, "railway": null, "leisure": null, "addr_distr": null, "addr_provi": null, "subway": null, "building": null, "horse": null, "locked": null, "access": null, "natural": null, "capacity": 0, "phone": null, "traffic_ca": null, "diet_veget": null, "artwork_ty": null, "delivery": null, "drive_thro": null, "outdoor_se": null, "sport": null, "crossing": null, "bench": null, "bin": null, "telecom": null, "historic": null, "man_made": null, "parking": null, "healthcare": null, "note": null, "operator": null, "waste": null, "parcel_pic": null, "diet_meat": null, "shelter_ty": null }, "geometry": { "type": "Point", "coordinates": [ 114.3489997, 30.5311449 ] } },
{ "type": "Feature", "properties": { "LAYER": "amenity - fast_food", "GM_TYPE": "Restaurant", "barrier": null, "name": "凌枫轩中式快餐", "id": 4631070000.0, "visible": "true", "version": 1, "changeset": 45458199, "timestamp": "2017-01-25T02:44:13Z", "user": "gryffindor", "uid": 5161539, "highway": null, "amenity": "fast_food", "place": null, "bicycle": null, "foot": null, "motor_vehi": null, "tourism": null, "addr_city": null, "addr_house": null, "addr_postc": 0, "addr_stree": null, "atm": null, "brand": null, "brand_en": null, "brand_wiki": null, "brand_wik1": null, "name_en": null, "bus": null, "public_tra": null, "shop": null, "level": 0, "cuisine": null, "brand_zh": null, "name_zh": null, "takeaway": null, "opening_ho": null, "office": null, "railway": null, "leisure": null, "addr_distr": null, "addr_provi": null, "subway": null, "building": null, "horse": null, "locked": null, "access": null, "natural": null, "capacity": 0, "phone": null, "traffic_ca": null, "diet_veget": null, "artwork_ty": null, "delivery": null, "drive_thro": null, "outdoor_se": null, "sport": null, "crossing": null, "bench": null, "bin": null, "telecom": null, "historic": null, "man_made": null, "parking": null, "healthcare": null, "note": null, "operator": null, "waste": null, "parcel_pic": null, "diet_meat": null, "shelter_ty": null }, "geometry": { "type": "Point", "coordinates": [ 114.3488942, 30.530912 ] } },
{ "type": "Feature", "properties": { "LAYER": "amenity - fast_food", "GM_TYPE": "Restaurant", "barrier": null, "name": "小派鸡排", "id": 4631070000.0, "visible": "true", "version": 1, "changeset": 45458199, "timestamp": "2017-01-25T02:44:13Z", "user": "gryffindor", "uid": 5161539, "highway": null, "amenity": "fast_food", "place": null, "bicycle": null, "foot": null, "motor_vehi": null, "tourism": null, "addr_city": "武汉", "addr_house": "64", "addr_postc": 430079, "addr_stree": "珞狮路", "atm": null, "brand": null, "brand_en": null, "brand_wiki": null, "brand_wik1": null, "name_en": null, "bus": null, "public_tra": null, "shop": null, "level": 0, "cuisine": null, "brand_zh": null, "name_zh": null, "takeaway": null, "opening_ho": null, "office": null, "railway": null, "leisure": null, "addr_distr": null, "addr_provi": null, "subway": null, "building": null, "horse": null, "locked": null, "access": null, "natural": null, "capacity": 0, "phone": null, "traffic_ca": null, "diet_veget": null, "artwork_ty": null, "delivery": null, "drive_thro": null, "outdoor_se": null, "sport": null, "crossing": null, "bench": null, "bin": null, "telecom": null, "historic": null, "man_made": null, "parking": null, "healthcare": null, "note": null, "operator": null, "waste": null, "parcel_pic": null, "diet_meat": null, "shelter_ty": null }, "geometry": { "type": "Point", "coordinates": [ 114.3487282, 30.5303748 ] } },
{ "type": "Feature", "properties": { "LAYER": "amenity - restaurant", "GM_TYPE": "Restaurant", "barrier": null, "name": "重百火锅", "id": 4631070000.0, "visible": "true", "version": 4, "changeset": 88208185, "timestamp": "2020-07-19T21:41:57Z", "user": "Metrohsrtheedit", "uid": 7030314, "highway": null, "amenity": "restaurant", "place": null, "bicycle": null, "foot": null, "motor_vehi": null, "tourism": null, "addr_city": "武汉", "addr_house": null, "addr_postc": 430079, "addr_stree": "珞喻路", "atm": null, "brand": null, "brand_en": null, "brand_wiki": null, "brand_wik1": null, "name_en": null, "bus": null, "public_tra": null, "shop": null, "level": 0, "cuisine": "hotpot", "brand_zh": null, "name_zh": null, "takeaway": null, "opening_ho": "11:00 - 22:00", "office": null, "railway": null, "leisure": null, "addr_distr": null, "addr_provi": null, "subway": null, "building": null, "horse": null, "locked": null, "access": null, "natural": null, "capacity": 0, "phone": null, "traffic_ca": null, "diet_veget": null, "artwork_ty": null, "delivery": null, "drive_thro": null, "outdoor_se": null, "sport": null, "crossing": null, "bench": null, "bin": null, "telecom": null, "historic": null, "man_made": null, "parking": null, "healthcare": null, "note": null, "operator": null, "waste": null, "parcel_pic": null, "diet_meat": null, "shelter_ty": null }, "geometry": { "type": "Point", "coordinates": [ 114.3523777, 30.5281081 ] } },
{ "type": "Feature", "properties": { "LAYER": "amenity - post_box", "GM_TYPE": "Post Office", "barrier": null, "name": "申通快递", "id": 4787800000.0, "visible": "true", "version": 1, "changeset": 47649236, "timestamp": "2017-04-11T08:09:20Z", "user": "gpp超爱吃芒果", "uid": 5646411, "highway": null, "amenity": "post_box", "place": null, "bicycle": null, "foot": null, "motor_vehi": null, "tourism": null, "addr_city": null, "addr_house": null, "addr_postc": 0, "addr_stree": null, "atm": null, "brand": null, "brand_en": null, "brand_wiki": null, "brand_wik1": null, "name_en": null, "bus": null, "public_tra": null, "shop": null, "level": 0, "cuisine": null, "brand_zh": null, "name_zh": null, "takeaway": null, "opening_ho": null, "office": null, "railway": null, "leisure": null, "addr_distr": null, "addr_provi": null, "subway": null, "building": null, "horse": null, "locked": null, "access": null, "natural": null, "capacity": 0, "phone": null, "traffic_ca": null, "diet_veget": null, "artwork_ty": null, "delivery": null, "drive_thro": null, "outdoor_se": null, "sport": null, "crossing": null, "bench": null, "bin": null, "telecom": null, "historic": null, "man_made": null, "parking": null, "healthcare": null, "note": null, "operator": null, "waste": null, "parcel_pic": null, "diet_meat": null, "shelter_ty": null }, "geometry": { "type": "Point", "coordinates": [ 114.3522222, 30.5312981 ] } },
{ "type": "Feature", "properties": { "LAYER": "amenity - restaurant", "GM_TYPE": "Restaurant", "barrier": null, "name": "水果捞", "id": 4955190000.0, "visible": "true", "version": 4, "changeset": 133813011, "timestamp": "2023-03-18T07:42:35Z", "user": "LLLanx", "uid": 18757089, "highway": null, "amenity": "restaurant", "place": null, "bicycle": null, "foot": null, "motor_vehi": null, "tourism": null, "addr_city": "武汉市", "addr_house": null, "addr_postc": 430072, "addr_stree": "求是大道", "atm": null, "brand": null, "brand_en": null, "brand_wiki": null, "brand_wik1": null, "name_en": null, "bus": null, "public_tra": null, "shop": null, "level": 0, "cuisine": null, "brand_zh": null, "name_zh": null, "takeaway": null, "opening_ho": "Mo-Su 09:00-23:00", "office": null, "railway": null, "leisure": null, "addr_distr": "洪山区", "addr_provi": "湖北省", "subway": null, "building": null, "horse": null, "locked": null, "access": null, "natural": null, "capacity": 0, "phone": null, "traffic_ca": null, "diet_veget": "yes", "artwork_ty": null, "delivery": null, "drive_thro": null, "outdoor_se": null, "sport": null, "crossing": null, "bench": null, "bin": null, "telecom": null, "historic": null, "man_made": null, "parking": null, "healthcare": null, "note": null, "operator": null, "waste": null, "parcel_pic": null, "diet_meat": null, "shelter_ty": null }, "geometry": { "type": "Point", "coordinates": [ 114.3523155, 30.5302411 ] } },
{ "type": "Feature", "properties": { "LAYER": "Unknown Point Feature", "GM_TYPE": "Unknown Point Feature", "barrier": "gate", "name": "武汉大学珞南四门（广贤门）", "id": 5128770000.0, "visible": "true", "version": 1, "changeset": 52360153, "timestamp": "2017-09-25T16:10:39Z", "user": "RetroPoktan", "uid": 3008501, "highway": null, "amenity": null, "place": null, "bicycle": null, "foot": null, "motor_vehi": null, "tourism": null, "addr_city": null, "addr_house": null, "addr_postc": 0, "addr_stree": null, "atm": null, "brand": null, "brand_en": null, "brand_wiki": null, "brand_wik1": null, "name_en": null, "bus": null, "public_tra": null, "shop": null, "level": 0, "cuisine": null, "brand_zh": null, "name_zh": null, "takeaway": null, "opening_ho": null, "office": null, "railway": null, "leisure": null, "addr_distr": null, "addr_provi": null, "subway": null, "building": null, "horse": null, "locked": null, "access": null, "natural": null, "capacity": 0, "phone": null, "traffic_ca": null, "diet_veget": null, "artwork_ty": null, "delivery": null, "drive_thro": null, "outdoor_se": null, "sport": null, "crossing": null, "bench": null, "bin": null, "telecom": null, "historic": null, "man_made": null, "parking": null, "healthcare": null, "note": null, "operator": null, "waste": null, "parcel_pic": null, "diet_meat": null, "shelter_ty": null }, "geometry": { "type": "Point", "coordinates": [ 114.3597467, 30.5326702 ] } },
{ "type": "Feature", "properties": { "LAYER": "tourism - artwork", "GM_TYPE": "Landmark", "barrier": null, "name": "夏坚白半身像", "id": 5223030000.0, "visible": "true", "version": 2, "changeset": 118059411, "timestamp": "2022-03-03T15:07:05Z", "user": "Wei Yuanbiao", "uid": 12389142, "highway": null, "amenity": null, "place": null, "bicycle": null, "foot": null, "motor_vehi": null, "tourism": "artwork", "addr_city": null, "addr_house": null, "addr_postc": 0, "addr_stree": null, "atm": null, "brand": null, "brand_en": null, "brand_wiki": null, "brand_wik1": null, "name_en": null, "bus": null, "public_tra": null, "shop": null, "level": 0, "cuisine": null, "brand_zh": null, "name_zh": null, "takeaway": null, "opening_ho": null, "office": null, "railway": null, "leisure": null, "addr_distr": null, "addr_provi": null, "subway": null, "building": null, "horse": null, "locked": null, "access": null, "natural": null, "capacity": 0, "phone": null, "traffic_ca": null, "diet_veget": null, "artwork_ty": "statue", "delivery": null, "drive_thro": null, "outdoor_se": null, "sport": null, "crossing": null, "bench": null, "bin": null, "telecom": null, "historic": null, "man_made": null, "parking": null, "healthcare": null, "note": null, "operator": null, "waste": null, "parcel_pic": null, "diet_meat": null, "shelter_ty": null }, "geometry": { "type": "Point", "coordinates": [ 114.357189, 30.5313731 ] } },
{ "type": "Feature", "properties": { "LAYER": "shop - books", "GM_TYPE": "Shopping", "barrier": null, "name": "西西弗書店", "id": 6108210000.0, "visible": "true", "version": 2, "changeset": 91484430, "timestamp": "2020-09-25T06:07:41Z", "user": "samsung galaxy s6", "uid": 3691120, "highway": null, "amenity": null, "place": null, "bicycle": null, "foot": null, "motor_vehi": null, "tourism": null, "addr_city": null, "addr_house": null, "addr_postc": 0, "addr_stree": null, "atm": null, "brand": null, "brand_en": null, "brand_wiki": null, "brand_wik1": null, "name_en": null, "bus": null, "public_tra": null, "shop": "books", "level": 0, "cuisine": null, "brand_zh": null, "name_zh": "西西弗書店", "takeaway": null, "opening_ho": null, "office": null, "railway": null, "leisure": null, "addr_distr": null, "addr_provi": null, "subway": null, "building": null, "horse": null, "locked": null, "access": null, "natural": null, "capacity": 0, "phone": null, "traffic_ca": null, "diet_veget": null, "artwork_ty": null, "delivery": null, "drive_thro": null, "outdoor_se": null, "sport": null, "crossing": null, "bench": null, "bin": null, "telecom": null, "historic": null, "man_made": null, "parking": null, "healthcare": null, "note": null, "operator": null, "waste": null, "parcel_pic": null, "diet_meat": null, "shelter_ty": null }, "geometry": { "type": "Point", "coordinates": [ 114.3508864, 30.5289391 ] } },
{ "type": "Feature", "properties": { "LAYER": "amenity - fast_food", "GM_TYPE": "Restaurant", "barrier": null, "name": "正新鸡排", "id": 6187420000.000001, "visible": "true", "version": 2, "changeset": 125176371, "timestamp": "2022-08-21T10:04:52Z", "user": "XLinya", "uid": 15250058, "highway": null, "amenity": "fast_food", "place": null, "bicycle": null, "foot": null, "motor_vehi": null, "tourism": null, "addr_city": null, "addr_house": null, "addr_postc": 0, "addr_stree": null, "atm": null, "brand": null, "brand_en": null, "brand_wiki": null, "brand_wik1": null, "name_en": null, "bus": null, "public_tra": null, "shop": null, "level": 0, "cuisine": "鸡排;烤鸡肉串;烤鸭肉串;烤鸡翅", "brand_zh": null, "name_zh": null, "takeaway": "yes", "opening_ho": null, "office": null, "railway": null, "leisure": null, "addr_distr": null, "addr_provi": null, "subway": null, "building": null, "horse": null, "locked": null, "access": null, "natural": null, "capacity": 0, "phone": null, "traffic_ca": null, "diet_veget": null, "artwork_ty": null, "delivery": "yes", "drive_thro": "no", "outdoor_se": "no", "sport": null, "crossing": null, "bench": null, "bin": null, "telecom": null, "historic": null, "man_made": null, "parking": null, "healthcare": null, "note": null, "operator": null, "waste": null, "parcel_pic": null, "diet_meat": null, "shelter_ty": null }, "geometry": { "type": "Point", "coordinates": [ 114.3547215, 30.5276299 ] } },
{ "type": "Feature", "properties": { "LAYER": "amenity - ice_cream", "GM_TYPE": "Building", "barrier": null, "name": "Häagen-Dazs", "id": 7022940000.000001, "visible": "true", "version": 1, "changeset": 77773178, "timestamp": "2019-12-01T05:43:20Z", "user": "samsung galaxy s6", "uid": 3691120, "highway": null, "amenity": "ice_cream", "place": null, "bicycle": null, "foot": null, "motor_vehi": null, "tourism": null, "addr_city": null, "addr_house": null, "addr_postc": 0, "addr_stree": null, "atm": null, "brand": "Häagen-Dazs", "brand_en": null, "brand_wiki": "Q1143333", "brand_wik1": "en:Häagen-Dazs", "name_en": null, "bus": null, "public_tra": null, "shop": null, "level": 0, "cuisine": null, "brand_zh": null, "name_zh": null, "takeaway": null, "opening_ho": null, "office": null, "railway": null, "leisure": null, "addr_distr": null, "addr_provi": null, "subway": null, "building": null, "horse": null, "locked": null, "access": null, "natural": null, "capacity": 0, "phone": null, "traffic_ca": null, "diet_veget": null, "artwork_ty": null, "delivery": null, "drive_thro": null, "outdoor_se": null, "sport": null, "crossing": null, "bench": null, "bin": null, "telecom": null, "historic": null, "man_made": null, "parking": null, "healthcare": null, "note": null, "operator": null, "waste": null, "parcel_pic": null, "diet_meat": null, "shelter_ty": null }, "geometry": { "type": "Point", "coordinates": [ 114.3503568, 30.5288328 ] } },
{ "type": "Feature", "properties": { "LAYER": "amenity - restaurant", "GM_TYPE": "Restaurant", "barrier": null, "name": "绿茶", "id": 7554099999.999999, "visible": "true", "version": 1, "changeset": 85686126, "timestamp": "2020-05-24T15:25:29Z", "user": "hanchao", "uid": 499500, "highway": null, "amenity": "restaurant", "place": null, "bicycle": null, "foot": null, "motor_vehi": null, "tourism": null, "addr_city": null, "addr_house": null, "addr_postc": 0, "addr_stree": null, "atm": null, "brand": null, "brand_en": null, "brand_wiki": null, "brand_wik1": null, "name_en": null, "bus": null, "public_tra": null, "shop": null, "level": 0, "cuisine": null, "brand_zh": null, "name_zh": null, "takeaway": null, "opening_ho": null, "office": null, "railway": null, "leisure": null, "addr_distr": null, "addr_provi": null, "subway": null, "building": null, "horse": null, "locked": null, "access": null, "natural": null, "capacity": 0, "phone": null, "traffic_ca": null, "diet_veget": null, "artwork_ty": null, "delivery": null, "drive_thro": null, "outdoor_se": null, "sport": null, "crossing": null, "bench": null, "bin": null, "telecom": null, "historic": null, "man_made": null, "parking": null, "healthcare": null, "note": null, "operator": null, "waste": null, "parcel_pic": null, "diet_meat": null, "shelter_ty": null }, "geometry": { "type": "Point", "coordinates": [ 114.3502869, 30.5287521 ] } },
{ "type": "Feature", "properties": { "LAYER": "amenity - restaurant", "GM_TYPE": "Restaurant", "barrier": null, "name": "海底捞", "id": 7554099999.999999, "visible": "true", "version": 3, "changeset": 91484430, "timestamp": "2020-09-25T06:07:41Z", "user": "samsung galaxy s6", "uid": 3691120, "highway": null, "amenity": "restaurant", "place": null, "bicycle": null, "foot": null, "motor_vehi": null, "tourism": null, "addr_city": null, "addr_house": null, "addr_postc": 0, "addr_stree": null, "atm": null, "brand": "海底捞火锅", "brand_en": "Hai Di Lao Hot Pot", "brand_wiki": "Q5638920", "brand_wik1": "zh:海底捞", "name_en": "Hai Di Lao Hot Pot", "bus": null, "public_tra": null, "shop": null, "level": 0, "cuisine": "chinese", "brand_zh": null, "name_zh": null, "takeaway": null, "opening_ho": null, "office": null, "railway": null, "leisure": null, "addr_distr": null, "addr_provi": null, "subway": null, "building": null, "horse": null, "locked": null, "access": null, "natural": null, "capacity": 0, "phone": null, "traffic_ca": null, "diet_veget": null, "artwork_ty": null, "delivery": null, "drive_thro": null, "outdoor_se": null, "sport": null, "crossing": null, "bench": null, "bin": null, "telecom": null, "historic": null, "man_made": null, "parking": null, "healthcare": null, "note": null, "operator": null, "waste": null, "parcel_pic": null, "diet_meat": null, "shelter_ty": null }, "geometry": { "type": "Point", "coordinates": [ 114.3513735, 30.5285442 ] } },
{ "type": "Feature", "properties": { "LAYER": "amenity - fast_food", "GM_TYPE": "Restaurant", "barrier": null, "name": "McDonald's", "id": 7941059999.999999, "visible": "true", "version": 1, "changeset": 91484430, "timestamp": "2020-09-25T06:07:41Z", "user": "samsung galaxy s6", "uid": 3691120, "highway": null, "amenity": "fast_food", "place": null, "bicycle": null, "foot": null, "motor_vehi": null, "tourism": null, "addr_city": null, "addr_house": null, "addr_postc": 0, "addr_stree": null, "atm": null, "brand": "McDonald's", "brand_en": null, "brand_wiki": "Q38076", "brand_wik1": "en:McDonald's", "name_en": null, "bus": null, "public_tra": null, "shop": null, "level": 0, "cuisine": "burger", "brand_zh": null, "name_zh": null, "takeaway": "yes", "opening_ho": null, "office": null, "railway": null, "leisure": null, "addr_distr": null, "addr_provi": null, "subway": null, "building": null, "horse": null, "locked": null, "access": null, "natural": null, "capacity": 0, "phone": null, "traffic_ca": null, "diet_veget": null, "artwork_ty": null, "delivery": null, "drive_thro": null, "outdoor_se": null, "sport": null, "crossing": null, "bench": null, "bin": null, "telecom": null, "historic": null, "man_made": null, "parking": null, "healthcare": null, "note": null, "operator": null, "waste": null, "parcel_pic": null, "diet_meat": null, "shelter_ty": null }, "geometry": { "type": "Point", "coordinates": [ 114.3485662, 30.5298398 ] } },
{ "type": "Feature", "properties": { "LAYER": "amenity - fast_food", "GM_TYPE": "Restaurant", "barrier": null, "name": "Burger King", "id": 7941059999.999999, "visible": "true", "version": 1, "changeset": 91484430, "timestamp": "2020-09-25T06:07:41Z", "user": "samsung galaxy s6", "uid": 3691120, "highway": null, "amenity": "fast_food", "place": null, "bicycle": null, "foot": null, "motor_vehi": null, "tourism": null, "addr_city": null, "addr_house": null, "addr_postc": 0, "addr_stree": null, "atm": null, "brand": "Burger King", "brand_en": null, "brand_wiki": "Q177054", "brand_wik1": "en:Burger King", "name_en": null, "bus": null, "public_tra": null, "shop": null, "level": 0, "cuisine": "burger", "brand_zh": null, "name_zh": null, "takeaway": "yes", "opening_ho": null, "office": null, "railway": null, "leisure": null, "addr_distr": null, "addr_provi": null, "subway": null, "building": null, "horse": null, "locked": null, "access": null, "natural": null, "capacity": 0, "phone": null, "traffic_ca": null, "diet_veget": null, "artwork_ty": null, "delivery": null, "drive_thro": null, "outdoor_se": null, "sport": null, "crossing": null, "bench": null, "bin": null, "telecom": null, "historic": null, "man_made": null, "parking": null, "healthcare": null, "note": null, "operator": null, "waste": null, "parcel_pic": null, "diet_meat": null, "shelter_ty": null }, "geometry": { "type": "Point", "coordinates": [ 114.3504732, 30.5286985 ] } },
{ "type": "Feature", "properties": { "LAYER": "amenity - cafe", "GM_TYPE": "Restaurant", "barrier": null, "name": "矢量咖啡", "id": 7941059999.999999, "visible": "true", "version": 1, "changeset": 91484430, "timestamp": "2020-09-25T06:07:41Z", "user": "samsung galaxy s6", "uid": 3691120, "highway": null, "amenity": "cafe", "place": null, "bicycle": null, "foot": null, "motor_vehi": null, "tourism": null, "addr_city": null, "addr_house": null, "addr_postc": 0, "addr_stree": null, "atm": null, "brand": null, "brand_en": null, "brand_wiki": null, "brand_wik1": null, "name_en": null, "bus": null, "public_tra": null, "shop": null, "level": 0, "cuisine": "coffee_shop", "brand_zh": null, "name_zh": "矢量咖啡", "takeaway": null, "opening_ho": null, "office": null, "railway": null, "leisure": null, "addr_distr": null, "addr_provi": null, "subway": null, "building": null, "horse": null, "locked": null, "access": null, "natural": null, "capacity": 0, "phone": null, "traffic_ca": null, "diet_veget": null, "artwork_ty": null, "delivery": null, "drive_thro": null, "outdoor_se": null, "sport": null, "crossing": null, "bench": null, "bin": null, "telecom": null, "historic": null, "man_made": null, "parking": null, "healthcare": null, "note": null, "operator": null, "waste": null, "parcel_pic": null, "diet_meat": null, "shelter_ty": null }, "geometry": { "type": "Point", "coordinates": [ 114.3510445, 30.5289388 ] } },
{ "type": "Feature", "properties": { "LAYER": "shop - hairdresser", "GM_TYPE": "Shopping", "barrier": null, "name": "YESIDO 椰島造型", "id": 7941059999.999999, "visible": "true", "version": 1, "changeset": 91484430, "timestamp": "2020-09-25T06:07:41Z", "user": "samsung galaxy s6", "uid": 3691120, "highway": null, "amenity": null, "place": null, "bicycle": null, "foot": null, "motor_vehi": null, "tourism": null, "addr_city": null, "addr_house": null, "addr_postc": 0, "addr_stree": null, "atm": null, "brand": null, "brand_en": null, "brand_wiki": null, "brand_wik1": null, "name_en": null, "bus": null, "public_tra": null, "shop": "hairdresser", "level": 0, "cuisine": null, "brand_zh": null, "name_zh": "YESIDO 椰島造型", "takeaway": null, "opening_ho": null, "office": null, "railway": null, "leisure": null, "addr_distr": null, "addr_provi": null, "subway": null, "building": null, "horse": null, "locked": null, "access": null, "natural": null, "capacity": 0, "phone": null, "traffic_ca": null, "diet_veget": null, "artwork_ty": null, "delivery": null, "drive_thro": null, "outdoor_se": null, "sport": null, "crossing": null, "bench": null, "bin": null, "telecom": null, "historic": null, "man_made": null, "parking": null, "healthcare": null, "note": null, "operator": null, "waste": null, "parcel_pic": null, "diet_meat": null, "shelter_ty": null }, "geometry": { "type": "Point", "coordinates": [ 114.351471, 30.5346129 ] } },
{ "type": "Feature", "properties": { "LAYER": "leisure - fitness_centre", "GM_TYPE": "Unknown Point Feature", "barrier": null, "name": "康斐斯健身", "id": 7945590000.0, "visible": "true", "version": 1, "changeset": 91557565, "timestamp": "2020-09-26T16:28:49Z", "user": "samsung galaxy s6", "uid": 3691120, "highway": null, "amenity": null, "place": null, "bicycle": null, "foot": null, "motor_vehi": null, "tourism": null, "addr_city": null, "addr_house": null, "addr_postc": 0, "addr_stree": null, "atm": null, "brand": null, "brand_en": null, "brand_wiki": null, "brand_wik1": null, "name_en": null, "bus": null, "public_tra": null, "shop": null, "level": 0, "cuisine": null, "brand_zh": null, "name_zh": "康斐斯健身", "takeaway": null, "opening_ho": null, "office": null, "railway": null, "leisure": "fitness_centre", "addr_distr": null, "addr_provi": null, "subway": null, "building": null, "horse": null, "locked": null, "access": null, "natural": null, "capacity": 0, "phone": null, "traffic_ca": null, "diet_veget": null, "artwork_ty": null, "delivery": null, "drive_thro": null, "outdoor_se": null, "sport": "fitness", "crossing": null, "bench": null, "bin": null, "telecom": null, "historic": null, "man_made": null, "parking": null, "healthcare": null, "note": null, "operator": null, "waste": null, "parcel_pic": null, "diet_meat": null, "shelter_ty": null }, "geometry": { "type": "Point", "coordinates": [ 114.3505124, 30.5289683 ] } },
{ "type": "Feature", "properties": { "LAYER": "amenity - police", "GM_TYPE": "Building", "barrier": null, "name": null, "id": 7945590000.0, "visible": "true", "version": 1, "changeset": 91557565, "timestamp": "2020-09-26T16:28:49Z", "user": "samsung galaxy s6", "uid": 3691120, "highway": null, "amenity": "police", "place": null, "bicycle": null, "foot": null, "motor_vehi": null, "tourism": null, "addr_city": null, "addr_house": null, "addr_postc": 0, "addr_stree": null, "atm": null, "brand": null, "brand_en": null, "brand_wiki": null, "brand_wik1": null, "name_en": null, "bus": null, "public_tra": null, "shop": null, "level": 0, "cuisine": null, "brand_zh": null, "name_zh": null, "takeaway": null, "opening_ho": null, "office": null, "railway": null, "leisure": null, "addr_distr": null, "addr_provi": null, "subway": null, "building": null, "horse": null, "locked": null, "access": null, "natural": null, "capacity": 0, "phone": null, "traffic_ca": null, "diet_veget": null, "artwork_ty": null, "delivery": null, "drive_thro": null, "outdoor_se": null, "sport": null, "crossing": null, "bench": null, "bin": null, "telecom": null, "historic": null, "man_made": null, "parking": null, "healthcare": null, "note": null, "operator": null, "waste": null, "parcel_pic": null, "diet_meat": null, "shelter_ty": null }, "geometry": { "type": "Point", "coordinates": [ 114.3491069, 30.5290192 ] } },
{ "type": "Feature", "properties": { "LAYER": "shop - mall", "GM_TYPE": "Shopping", "barrier": null, "name": "新世界百貨 (武昌店)", "id": 7945590000.0, "visible": "true", "version": 1, "changeset": 91557565, "timestamp": "2020-09-26T16:28:49Z", "user": "samsung galaxy s6", "uid": 3691120, "highway": null, "amenity": null, "place": null, "bicycle": null, "foot": null, "motor_vehi": null, "tourism": null, "addr_city": null, "addr_house": null, "addr_postc": 0, "addr_stree": null, "atm": null, "brand": null, "brand_en": null, "brand_wiki": null, "brand_wik1": null, "name_en": null, "bus": null, "public_tra": null, "shop": "mall", "level": 0, "cuisine": null, "brand_zh": null, "name_zh": "新世界百貨 (武昌店)", "takeaway": null, "opening_ho": null, "office": null, "railway": null, "leisure": null, "addr_distr": null, "addr_provi": null, "subway": null, "building": null, "horse": null, "locked": null, "access": null, "natural": null, "capacity": 0, "phone": null, "traffic_ca": null, "diet_veget": null, "artwork_ty": null, "delivery": null, "drive_thro": null, "outdoor_se": null, "sport": null, "crossing": null, "bench": null, "bin": null, "telecom": null, "historic": null, "man_made": null, "parking": null, "healthcare": null, "note": null, "operator": null, "waste": null, "parcel_pic": null, "diet_meat": null, "shelter_ty": null }, "geometry": { "type": "Point", "coordinates": [ 114.3485329, 30.529435 ] } },
{ "type": "Feature", "properties": { "LAYER": "highway - crossing", "GM_TYPE": "Unknown Point Feature", "barrier": null, "name": null, "id": 8512200000.0, "visible": "true", "version": 1, "changeset": 100938183, "timestamp": "2021-03-13T00:24:44Z", "user": "Maps Man", "uid": 10216874, "highway": "crossing", "amenity": null, "place": null, "bicycle": null, "foot": null, "motor_vehi": null, "tourism": null, "addr_city": null, "addr_house": null, "addr_postc": 0, "addr_stree": null, "atm": null, "brand": null, "brand_en": null, "brand_wiki": null, "brand_wik1": null, "name_en": null, "bus": null, "public_tra": null, "shop": null, "level": 0, "cuisine": null, "brand_zh": null, "name_zh": null, "takeaway": null, "opening_ho": null, "office": null, "railway": null, "leisure": null, "addr_distr": null, "addr_provi": null, "subway": null, "building": null, "horse": null, "locked": null, "access": null, "natural": null, "capacity": 0, "phone": null, "traffic_ca": null, "diet_veget": null, "artwork_ty": null, "delivery": null, "drive_thro": null, "outdoor_se": null, "sport": null, "crossing": "marked", "bench": null, "bin": null, "telecom": null, "historic": null, "man_made": null, "parking": null, "healthcare": null, "note": null, "operator": null, "waste": null, "parcel_pic": null, "diet_meat": null, "shelter_ty": null }, "geometry": { "type": "Point", "coordinates": [ 114.3526912, 30.5273284 ] } },
{ "type": "Feature", "properties": { "LAYER": "highway - crossing", "GM_TYPE": "Unknown Point Feature", "barrier": null, "name": null, "id": 8512200000.0, "visible": "true", "version": 1, "changeset": 100938183, "timestamp": "2021-03-13T00:24:44Z", "user": "Maps Man", "uid": 10216874, "highway": "crossing", "amenity": null, "place": null, "bicycle": null, "foot": null, "motor_vehi": null, "tourism": null, "addr_city": null, "addr_house": null, "addr_postc": 0, "addr_stree": null, "atm": null, "brand": null, "brand_en": null, "brand_wiki": null, "brand_wik1": null, "name_en": null, "bus": null, "public_tra": null, "shop": null, "level": 0, "cuisine": null, "brand_zh": null, "name_zh": null, "takeaway": null, "opening_ho": null, "office": null, "railway": null, "leisure": null, "addr_distr": null, "addr_provi": null, "subway": null, "building": null, "horse": null, "locked": null, "access": null, "natural": null, "capacity": 0, "phone": null, "traffic_ca": null, "diet_veget": null, "artwork_ty": null, "delivery": null, "drive_thro": null, "outdoor_se": null, "sport": null, "crossing": "marked", "bench": null, "bin": null, "telecom": null, "historic": null, "man_made": null, "parking": null, "healthcare": null, "note": null, "operator": null, "waste": null, "parcel_pic": null, "diet_meat": null, "shelter_ty": null }, "geometry": { "type": "Point", "coordinates": [ 114.3506145, 30.5278922 ] } },
{ "type": "Feature", "properties": { "LAYER": "highway - crossing", "GM_TYPE": "Unknown Point Feature", "barrier": null, "name": null, "id": 8512200000.0, "visible": "true", "version": 1, "changeset": 100938183, "timestamp": "2021-03-13T00:24:44Z", "user": "Maps Man", "uid": 10216874, "highway": "crossing", "amenity": null, "place": null, "bicycle": null, "foot": null, "motor_vehi": null, "tourism": null, "addr_city": null, "addr_house": null, "addr_postc": 0, "addr_stree": null, "atm": null, "brand": null, "brand_en": null, "brand_wiki": null, "brand_wik1": null, "name_en": null, "bus": null, "public_tra": null, "shop": null, "level": 0, "cuisine": null, "brand_zh": null, "name_zh": null, "takeaway": null, "opening_ho": null, "office": null, "railway": null, "leisure": null, "addr_distr": null, "addr_provi": null, "subway": null, "building": null, "horse": null, "locked": null, "access": null, "natural": null, "capacity": 0, "phone": null, "traffic_ca": null, "diet_veget": null, "artwork_ty": null, "delivery": null, "drive_thro": null, "outdoor_se": null, "sport": null, "crossing": "marked", "bench": null, "bin": null, "telecom": null, "historic": null, "man_made": null, "parking": null, "healthcare": null, "note": null, "operator": null, "waste": null, "parcel_pic": null, "diet_meat": null, "shelter_ty": null }, "geometry": { "type": "Point", "coordinates": [ 114.3506848, 30.5278708 ] } },
{ "type": "Feature", "properties": { "LAYER": "tourism - artwork", "GM_TYPE": "Landmark", "barrier": null, "name": "金通尹半身像", "id": 9546620000.0, "visible": "true", "version": 2, "changeset": 118059411, "timestamp": "2022-03-03T15:07:05Z", "user": "Wei Yuanbiao", "uid": 12389142, "highway": null, "amenity": null, "place": null, "bicycle": null, "foot": null, "motor_vehi": null, "tourism": "artwork", "addr_city": null, "addr_house": null, "addr_postc": 0, "addr_stree": null, "atm": null, "brand": null, "brand_en": null, "brand_wiki": null, "brand_wik1": null, "name_en": null, "bus": null, "public_tra": null, "shop": null, "level": 0, "cuisine": null, "brand_zh": null, "name_zh": null, "takeaway": null, "opening_ho": null, "office": null, "railway": null, "leisure": null, "addr_distr": null, "addr_provi": null, "subway": null, "building": null, "horse": null, "locked": null, "access": null, "natural": null, "capacity": 0, "phone": null, "traffic_ca": null, "diet_veget": null, "artwork_ty": "statue", "delivery": null, "drive_thro": null, "outdoor_se": null, "sport": null, "crossing": null, "bench": null, "bin": null, "telecom": null, "historic": null, "man_made": null, "parking": null, "healthcare": null, "note": null, "operator": null, "waste": null, "parcel_pic": null, "diet_meat": null, "shelter_ty": null }, "geometry": { "type": "Point", "coordinates": [ 114.355508, 30.5311076 ] } },
{ "type": "Feature", "properties": { "LAYER": "amenity - shelter", "GM_TYPE": "Building", "barrier": null, "name": "遥感院门口的小亭子", "id": 9546620000.0, "visible": "true", "version": 1, "changeset": 117967536, "timestamp": "2022-03-01T06:52:40Z", "user": "Pixy233", "uid": 15200268, "highway": null, "amenity": "shelter", "place": null, "bicycle": null, "foot": null, "motor_vehi": null, "tourism": null, "addr_city": null, "addr_house": null, "addr_postc": 0, "addr_stree": null, "atm": null, "brand": null, "brand_en": null, "brand_wiki": null, "brand_wik1": null, "name_en": null, "bus": null, "public_tra": null, "shop": null, "level": 0, "cuisine": null, "brand_zh": null, "name_zh": null, "takeaway": null, "opening_ho": null, "office": null, "railway": null, "leisure": null, "addr_distr": null, "addr_provi": null, "subway": null, "building": null, "horse": null, "locked": null, "access": null, "natural": null, "capacity": 0, "phone": null, "traffic_ca": null, "diet_veget": null, "artwork_ty": null, "delivery": null, "drive_thro": null, "outdoor_se": null, "sport": null, "crossing": null, "bench": "yes", "bin": "no", "telecom": null, "historic": null, "man_made": null, "parking": null, "healthcare": null, "note": null, "operator": null, "waste": null, "parcel_pic": null, "diet_meat": null, "shelter_ty": null }, "geometry": { "type": "Point", "coordinates": [ 114.3546546, 30.5279644 ] } },
{ "type": "Feature", "properties": { "LAYER": "amenity - restaurant", "GM_TYPE": "Restaurant", "barrier": null, "name": "信息学部学生三食堂", "id": 9548630000.0, "visible": "true", "version": 1, "changeset": 118001384, "timestamp": "2022-03-02T03:04:40Z", "user": "Excessman", "uid": 15207439, "highway": null, "amenity": "restaurant", "place": null, "bicycle": null, "foot": null, "motor_vehi": null, "tourism": null, "addr_city": null, "addr_house": null, "addr_postc": 0, "addr_stree": null, "atm": null, "brand": null, "brand_en": null, "brand_wiki": null, "brand_wik1": null, "name_en": null, "bus": null, "public_tra": null, "shop": null, "level": 0, "cuisine": null, "brand_zh": null, "name_zh": null, "takeaway": null, "opening_ho": null, "office": null, "railway": null, "leisure": null, "addr_distr": null, "addr_provi": null, "subway": null, "building": null, "horse": null, "locked": null, "access": null, "natural": null, "capacity": 0, "phone": null, "traffic_ca": null, "diet_veget": null, "artwork_ty": null, "delivery": null, "drive_thro": null, "outdoor_se": null, "sport": null, "crossing": null, "bench": null, "bin": null, "telecom": null, "historic": null, "man_made": null, "parking": null, "healthcare": null, "note": null, "operator": null, "waste": null, "parcel_pic": null, "diet_meat": null, "shelter_ty": null }, "geometry": { "type": "Point", "coordinates": [ 114.3527913, 30.5295915 ] } },
{ "type": "Feature", "properties": { "LAYER": "amenity - restaurant", "GM_TYPE": "Restaurant", "barrier": null, "name": "信息学部学生一食堂", "id": 9548630000.0, "visible": "true", "version": 2, "changeset": 133780485, "timestamp": "2023-03-17T09:34:47Z", "user": "xiaohua123123", "uid": 18747304, "highway": null, "amenity": "restaurant", "place": null, "bicycle": null, "foot": null, "motor_vehi": null, "tourism": null, "addr_city": null, "addr_house": null, "addr_postc": 0, "addr_stree": null, "atm": null, "brand": null, "brand_en": null, "brand_wiki": null, "brand_wik1": null, "name_en": null, "bus": null, "public_tra": null, "shop": null, "level": 0, "cuisine": null, "brand_zh": null, "name_zh": null, "takeaway": null, "opening_ho": null, "office": null, "railway": null, "leisure": null, "addr_distr": null, "addr_provi": null, "subway": null, "building": null, "horse": null, "locked": null, "access": null, "natural": null, "capacity": 0, "phone": null, "traffic_ca": null, "diet_veget": null, "artwork_ty": null, "delivery": null, "drive_thro": null, "outdoor_se": null, "sport": null, "crossing": null, "bench": null, "bin": null, "telecom": null, "historic": null, "man_made": null, "parking": null, "healthcare": null, "note": null, "operator": null, "waste": null, "parcel_pic": null, "diet_meat": null, "shelter_ty": null }, "geometry": { "type": "Point", "coordinates": [ 114.3536902, 30.5307737 ] } },
{ "type": "Feature", "properties": { "LAYER": "amenity - restaurant", "GM_TYPE": "Restaurant", "barrier": null, "name": "信息学部学生二食堂", "id": 9548630000.0, "visible": "true", "version": 3, "changeset": 118181570, "timestamp": "2022-03-07T04:51:14Z", "user": "风紧扯呼", "uid": 15220823, "highway": null, "amenity": "restaurant", "place": null, "bicycle": null, "foot": null, "motor_vehi": null, "tourism": null, "addr_city": null, "addr_house": null, "addr_postc": 0, "addr_stree": null, "atm": null, "brand": null, "brand_en": null, "brand_wiki": null, "brand_wik1": null, "name_en": null, "bus": null, "public_tra": null, "shop": null, "level": 0, "cuisine": null, "brand_zh": null, "name_zh": null, "takeaway": null, "opening_ho": null, "office": null, "railway": null, "leisure": null, "addr_distr": null, "addr_provi": null, "subway": null, "building": null, "horse": null, "locked": null, "access": null, "natural": null, "capacity": 0, "phone": null, "traffic_ca": null, "diet_veget": null, "artwork_ty": null, "delivery": null, "drive_thro": null, "outdoor_se": null, "sport": null, "crossing": null, "bench": null, "bin": null, "telecom": null, "historic": null, "man_made": null, "parking": null, "healthcare": null, "note": null, "operator": null, "waste": null, "parcel_pic": null, "diet_meat": null, "shelter_ty": null }, "geometry": { "type": "Point", "coordinates": [ 114.3536902, 30.5306258 ] } },
{ "type": "Feature", "properties": { "LAYER": "Unknown Point Feature", "GM_TYPE": "Unknown Point Feature", "barrier": null, "name": "水卡充值点", "id": 9548630000.0, "visible": "true", "version": 2, "changeset": 118087225, "timestamp": "2022-03-04T10:28:49Z", "user": "Lee-whisper", "uid": 15220503, "highway": null, "amenity": null, "place": null, "bicycle": null, "foot": null, "motor_vehi": null, "tourism": null, "addr_city": null, "addr_house": null, "addr_postc": 0, "addr_stree": null, "atm": null, "brand": null, "brand_en": null, "brand_wiki": null, "brand_wik1": null, "name_en": null, "bus": null, "public_tra": null, "shop": null, "level": 0, "cuisine": null, "brand_zh": null, "name_zh": null, "takeaway": null, "opening_ho": null, "office": null, "railway": null, "leisure": null, "addr_distr": null, "addr_provi": null, "subway": null, "building": null, "horse": null, "locked": null, "access": null, "natural": null, "capacity": 0, "phone": null, "traffic_ca": null, "diet_veget": null, "artwork_ty": null, "delivery": null, "drive_thro": null, "outdoor_se": null, "sport": null, "crossing": null, "bench": null, "bin": null, "telecom": "data_center", "historic": null, "man_made": null, "parking": null, "healthcare": null, "note": null, "operator": null, "waste": null, "parcel_pic": null, "diet_meat": null, "shelter_ty": null }, "geometry": { "type": "Point", "coordinates": [ 114.3535923, 30.5285185 ] } },
{ "type": "Feature", "properties": { "LAYER": "shop - copyshop", "GM_TYPE": "Shopping", "barrier": null, "name": "富强快印", "id": 9548630000.0, "visible": "true", "version": 2, "changeset": 118059411, "timestamp": "2022-03-03T15:07:05Z", "user": "Wei Yuanbiao", "uid": 12389142, "highway": null, "amenity": null, "place": null, "bicycle": null, "foot": null, "motor_vehi": null, "tourism": null, "addr_city": null, "addr_house": null, "addr_postc": 0, "addr_stree": null, "atm": null, "brand": null, "brand_en": null, "brand_wiki": null, "brand_wik1": null, "name_en": null, "bus": null, "public_tra": null, "shop": "copyshop", "level": 0, "cuisine": null, "brand_zh": null, "name_zh": null, "takeaway": null, "opening_ho": null, "office": null, "railway": null, "leisure": null, "addr_distr": null, "addr_provi": null, "subway": null, "building": null, "horse": null, "locked": null, "access": null, "natural": null, "capacity": 0, "phone": null, "traffic_ca": null, "diet_veget": null, "artwork_ty": null, "delivery": null, "drive_thro": null, "outdoor_se": null, "sport": null, "crossing": null, "bench": null, "bin": null, "telecom": null, "historic": null, "man_made": null, "parking": null, "healthcare": null, "note": null, "operator": null, "waste": null, "parcel_pic": null, "diet_meat": null, "shelter_ty": null }, "geometry": { "type": "Point", "coordinates": [ 114.35232, 30.5300744 ] } },
{ "type": "Feature", "properties": { "LAYER": "shop - convenience", "GM_TYPE": "Shopping", "barrier": null, "name": "小超市", "id": 9548630000.0, "visible": "true", "version": 1, "changeset": 118001384, "timestamp": "2022-03-02T03:04:40Z", "user": "Excessman", "uid": 15207439, "highway": null, "amenity": null, "place": null, "bicycle": null, "foot": null, "motor_vehi": null, "tourism": null, "addr_city": null, "addr_house": null, "addr_postc": 0, "addr_stree": null, "atm": null, "brand": null, "brand_en": null, "brand_wiki": null, "brand_wik1": null, "name_en": null, "bus": null, "public_tra": null, "shop": "convenience", "level": 0, "cuisine": null, "brand_zh": null, "name_zh": null, "takeaway": null, "opening_ho": null, "office": null, "railway": null, "leisure": null, "addr_distr": null, "addr_provi": null, "subway": null, "building": null, "horse": null, "locked": null, "access": null, "natural": null, "capacity": 0, "phone": null, "traffic_ca": null, "diet_veget": null, "artwork_ty": null, "delivery": null, "drive_thro": null, "outdoor_se": null, "sport": null, "crossing": null, "bench": null, "bin": null, "telecom": null, "historic": null, "man_made": null, "parking": null, "healthcare": null, "note": null, "operator": null, "waste": null, "parcel_pic": null, "diet_meat": null, "shelter_ty": null }, "geometry": { "type": "Point", "coordinates": [ 114.3523106, 30.5305014 ] } },
{ "type": "Feature", "properties": { "LAYER": "shop - convenience", "GM_TYPE": "Shopping", "barrier": null, "name": "小超市", "id": 9548630000.0, "visible": "true", "version": 2, "changeset": 118059411, "timestamp": "2022-03-03T15:07:05Z", "user": "Wei Yuanbiao", "uid": 12389142, "highway": null, "amenity": null, "place": null, "bicycle": null, "foot": null, "motor_vehi": null, "tourism": null, "addr_city": null, "addr_house": null, "addr_postc": 0, "addr_stree": null, "atm": null, "brand": null, "brand_en": null, "brand_wiki": null, "brand_wik1": null, "name_en": null, "bus": null, "public_tra": null, "shop": "convenience", "level": 0, "cuisine": null, "brand_zh": null, "name_zh": null, "takeaway": null, "opening_ho": null, "office": null, "railway": null, "leisure": null, "addr_distr": null, "addr_provi": null, "subway": null, "building": null, "horse": null, "locked": null, "access": null, "natural": null, "capacity": 0, "phone": null, "traffic_ca": null, "diet_veget": null, "artwork_ty": null, "delivery": null, "drive_thro": null, "outdoor_se": null, "sport": null, "crossing": null, "bench": null, "bin": null, "telecom": null, "historic": null, "man_made": null, "parking": null, "healthcare": null, "note": null, "operator": null, "waste": null, "parcel_pic": null, "diet_meat": null, "shelter_ty": null }, "geometry": { "type": "Point", "coordinates": [ 114.3523106, 30.5304491 ] } },
{ "type": "Feature", "properties": { "LAYER": "shop - convenience", "GM_TYPE": "Shopping", "barrier": null, "name": "小超市", "id": 9548630000.0, "visible": "true", "version": 2, "changeset": 118059411, "timestamp": "2022-03-03T15:07:05Z", "user": "Wei Yuanbiao", "uid": 12389142, "highway": null, "amenity": null, "place": null, "bicycle": null, "foot": null, "motor_vehi": null, "tourism": null, "addr_city": null, "addr_house": null, "addr_postc": 0, "addr_stree": null, "atm": null, "brand": null, "brand_en": null, "brand_wiki": null, "brand_wik1": null, "name_en": null, "bus": null, "public_tra": null, "shop": "convenience", "level": 0, "cuisine": null, "brand_zh": null, "name_zh": null, "takeaway": null, "opening_ho": null, "office": null, "railway": null, "leisure": null, "addr_distr": null, "addr_provi": null, "subway": null, "building": null, "horse": null, "locked": null, "access": null, "natural": null, "capacity": 0, "phone": null, "traffic_ca": null, "diet_veget": null, "artwork_ty": null, "delivery": null, "drive_thro": null, "outdoor_se": null, "sport": null, "crossing": null, "bench": null, "bin": null, "telecom": null, "historic": null, "man_made": null, "parking": null, "healthcare": null, "note": null, "operator": null, "waste": null, "parcel_pic": null, "diet_meat": null, "shelter_ty": null }, "geometry": { "type": "Point", "coordinates": [ 114.3523145, 30.5304139 ] } },
{ "type": "Feature", "properties": { "LAYER": "shop - convenience", "GM_TYPE": "Shopping", "barrier": null, "name": "小超市", "id": 9548630000.0, "visible": "true", "version": 2, "changeset": 118059411, "timestamp": "2022-03-03T15:07:05Z", "user": "Wei Yuanbiao", "uid": 12389142, "highway": null, "amenity": null, "place": null, "bicycle": null, "foot": null, "motor_vehi": null, "tourism": null, "addr_city": null, "addr_house": null, "addr_postc": 0, "addr_stree": null, "atm": null, "brand": null, "brand_en": null, "brand_wiki": null, "brand_wik1": null, "name_en": null, "bus": null, "public_tra": null, "shop": "convenience", "level": 0, "cuisine": null, "brand_zh": null, "name_zh": null, "takeaway": null, "opening_ho": null, "office": null, "railway": null, "leisure": null, "addr_distr": null, "addr_provi": null, "subway": null, "building": null, "horse": null, "locked": null, "access": null, "natural": null, "capacity": 0, "phone": null, "traffic_ca": null, "diet_veget": null, "artwork_ty": null, "delivery": null, "drive_thro": null, "outdoor_se": null, "sport": null, "crossing": null, "bench": null, "bin": null, "telecom": null, "historic": null, "man_made": null, "parking": null, "healthcare": null, "note": null, "operator": null, "waste": null, "parcel_pic": null, "diet_meat": null, "shelter_ty": null }, "geometry": { "type": "Point", "coordinates": [ 114.3523134, 30.5303539 ] } },
{ "type": "Feature", "properties": { "LAYER": "shop - hairdresser", "GM_TYPE": "Shopping", "barrier": null, "name": "理发店", "id": 9548630000.0, "visible": "true", "version": 2, "changeset": 118059411, "timestamp": "2022-03-03T15:07:05Z", "user": "Wei Yuanbiao", "uid": 12389142, "highway": null, "amenity": null, "place": null, "bicycle": null, "foot": null, "motor_vehi": null, "tourism": null, "addr_city": null, "addr_house": null, "addr_postc": 0, "addr_stree": null, "atm": null, "brand": null, "brand_en": null, "brand_wiki": null, "brand_wik1": null, "name_en": null, "bus": null, "public_tra": null, "shop": "hairdresser", "level": 0, "cuisine": null, "brand_zh": null, "name_zh": null, "takeaway": null, "opening_ho": null, "office": null, "railway": null, "leisure": null, "addr_distr": null, "addr_provi": null, "subway": null, "building": null, "horse": null, "locked": null, "access": null, "natural": null, "capacity": 0, "phone": null, "traffic_ca": null, "diet_veget": null, "artwork_ty": null, "delivery": null, "drive_thro": null, "outdoor_se": null, "sport": null, "crossing": null, "bench": null, "bin": null, "telecom": null, "historic": null, "man_made": null, "parking": null, "healthcare": null, "note": null, "operator": null, "waste": null, "parcel_pic": null, "diet_meat": null, "shelter_ty": null }, "geometry": { "type": "Point", "coordinates": [ 114.3523148, 30.5302996 ] } },
{ "type": "Feature", "properties": { "LAYER": "amenity - college", "GM_TYPE": "School", "barrier": null, "name": "武汉大学宇航学院", "id": 9548640000.0, "visible": "true", "version": 1, "changeset": 118001384, "timestamp": "2022-03-02T03:04:40Z", "user": "Excessman", "uid": 15207439, "highway": null, "amenity": "college", "place": null, "bicycle": null, "foot": null, "motor_vehi": null, "tourism": null, "addr_city": null, "addr_house": null, "addr_postc": 0, "addr_stree": null, "atm": null, "brand": null, "brand_en": null, "brand_wiki": null, "brand_wik1": null, "name_en": null, "bus": null, "public_tra": null, "shop": null, "level": 0, "cuisine": null, "brand_zh": null, "name_zh": null, "takeaway": null, "opening_ho": null, "office": null, "railway": null, "leisure": null, "addr_distr": null, "addr_provi": null, "subway": null, "building": null, "horse": null, "locked": null, "access": null, "natural": null, "capacity": 0, "phone": null, "traffic_ca": null, "diet_veget": null, "artwork_ty": null, "delivery": null, "drive_thro": null, "outdoor_se": null, "sport": null, "crossing": null, "bench": null, "bin": null, "telecom": null, "historic": null, "man_made": null, "parking": null, "healthcare": null, "note": null, "operator": null, "waste": null, "parcel_pic": null, "diet_meat": null, "shelter_ty": null }, "geometry": { "type": "Point", "coordinates": [ 114.3519783, 30.5294944 ] } },
{ "type": "Feature", "properties": { "LAYER": "amenity - college", "GM_TYPE": "School", "barrier": null, "name": "武汉大学国家网络安全学院", "id": 9548640000.0, "visible": "true", "version": 2, "changeset": 132442665, "timestamp": "2023-02-12T12:14:04Z", "user": "meacon", "uid": 751192, "highway": null, "amenity": "college", "place": null, "bicycle": null, "foot": null, "motor_vehi": null, "tourism": null, "addr_city": null, "addr_house": null, "addr_postc": 0, "addr_stree": null, "atm": null, "brand": null, "brand_en": null, "brand_wiki": null, "brand_wik1": null, "name_en": null, "bus": null, "public_tra": null, "shop": null, "level": 0, "cuisine": null, "brand_zh": null, "name_zh": null, "takeaway": null, "opening_ho": null, "office": null, "railway": null, "leisure": null, "addr_distr": null, "addr_provi": null, "subway": null, "building": null, "horse": null, "locked": null, "access": null, "natural": null, "capacity": 0, "phone": null, "traffic_ca": null, "diet_veget": null, "artwork_ty": null, "delivery": null, "drive_thro": null, "outdoor_se": null, "sport": null, "crossing": null, "bench": null, "bin": null, "telecom": null, "historic": null, "man_made": null, "parking": null, "healthcare": null, "note": null, "operator": null, "waste": null, "parcel_pic": null, "diet_meat": null, "shelter_ty": null }, "geometry": { "type": "Point", "coordinates": [ 114.3509263, 30.5297157 ] } },
{ "type": "Feature", "properties": { "LAYER": "Unknown Point Feature", "GM_TYPE": "Unknown Point Feature", "barrier": null, "name": "武汉大学学生就业指导与服务中心", "id": 9548640000.0, "visible": "true", "version": 1, "changeset": 118001384, "timestamp": "2022-03-02T03:04:40Z", "user": "Excessman", "uid": 15207439, "highway": null, "amenity": null, "place": null, "bicycle": null, "foot": null, "motor_vehi": null, "tourism": null, "addr_city": null, "addr_house": null, "addr_postc": 0, "addr_stree": null, "atm": null, "brand": null, "brand_en": null, "brand_wiki": null, "brand_wik1": null, "name_en": null, "bus": null, "public_tra": null, "shop": null, "level": 0, "cuisine": null, "brand_zh": null, "name_zh": null, "takeaway": null, "opening_ho": null, "office": "educational_institution", "railway": null, "leisure": null, "addr_distr": null, "addr_provi": null, "subway": null, "building": null, "horse": null, "locked": null, "access": null, "natural": null, "capacity": 0, "phone": null, "traffic_ca": null, "diet_veget": null, "artwork_ty": null, "delivery": null, "drive_thro": null, "outdoor_se": null, "sport": null, "crossing": null, "bench": null, "bin": null, "telecom": null, "historic": null, "man_made": null, "parking": null, "healthcare": null, "note": null, "operator": null, "waste": null, "parcel_pic": null, "diet_meat": null, "shelter_ty": null }, "geometry": { "type": "Point", "coordinates": [ 114.3512792, 30.5304928 ] } },
{ "type": "Feature", "properties": { "LAYER": "Unknown Point Feature", "GM_TYPE": "Unknown Point Feature", "barrier": null, "name": "武汉大学保卫部三分部", "id": 9548640000.0, "visible": "true", "version": 1, "changeset": 118001384, "timestamp": "2022-03-02T03:04:40Z", "user": "Excessman", "uid": 15207439, "highway": null, "amenity": null, "place": null, "bicycle": null, "foot": null, "motor_vehi": null, "tourism": null, "addr_city": null, "addr_house": null, "addr_postc": 0, "addr_stree": null, "atm": null, "brand": null, "brand_en": null, "brand_wiki": null, "brand_wik1": null, "name_en": null, "bus": null, "public_tra": null, "shop": null, "level": 0, "cuisine": null, "brand_zh": null, "name_zh": null, "takeaway": null, "opening_ho": null, "office": "insurance", "railway": null, "leisure": null, "addr_distr": null, "addr_provi": null, "subway": null, "building": null, "horse": null, "locked": null, "access": null, "natural": null, "capacity": 0, "phone": null, "traffic_ca": null, "diet_veget": null, "artwork_ty": null, "delivery": null, "drive_thro": null, "outdoor_se": null, "sport": null, "crossing": null, "bench": null, "bin": null, "telecom": null, "historic": null, "man_made": null, "parking": null, "healthcare": null, "note": null, "operator": null, "waste": null, "parcel_pic": null, "diet_meat": null, "shelter_ty": null }, "geometry": { "type": "Point", "coordinates": [ 114.3532058, 30.5304473 ] } },
{ "type": "Feature", "properties": { "LAYER": "amenity - community_centre", "GM_TYPE": "Building", "barrier": null, "name": "武大测绘社区居委会", "id": 9548640000.0, "visible": "true", "version": 1, "changeset": 118001384, "timestamp": "2022-03-02T03:04:40Z", "user": "Excessman", "uid": 15207439, "highway": null, "amenity": "community_centre", "place": null, "bicycle": null, "foot": null, "motor_vehi": null, "tourism": null, "addr_city": null, "addr_house": null, "addr_postc": 0, "addr_stree": null, "atm": null, "brand": null, "brand_en": null, "brand_wiki": null, "brand_wik1": null, "name_en": null, "bus": null, "public_tra": null, "shop": null, "level": 0, "cuisine": null, "brand_zh": null, "name_zh": null, "takeaway": null, "opening_ho": null, "office": null, "railway": null, "leisure": null, "addr_distr": null, "addr_provi": null, "subway": null, "building": null, "horse": null, "locked": null, "access": null, "natural": null, "capacity": 0, "phone": null, "traffic_ca": null, "diet_veget": null, "artwork_ty": null, "delivery": null, "drive_thro": null, "outdoor_se": null, "sport": null, "crossing": null, "bench": null, "bin": null, "telecom": null, "historic": null, "man_made": null, "parking": null, "healthcare": null, "note": null, "operator": null, "waste": null, "parcel_pic": null, "diet_meat": null, "shelter_ty": null }, "geometry": { "type": "Point", "coordinates": [ 114.3532134, 30.5307361 ] } },
{ "type": "Feature", "properties": { "LAYER": "historic - memorial", "GM_TYPE": "Landmark", "barrier": null, "name": "南极石", "id": 9552100000.0, "visible": "true", "version": 1, "changeset": 118059411, "timestamp": "2022-03-03T15:07:05Z", "user": "Wei Yuanbiao", "uid": 12389142, "highway": null, "amenity": null, "place": null, "bicycle": null, "foot": null, "motor_vehi": null, "tourism": null, "addr_city": null, "addr_house": null, "addr_postc": 0, "addr_stree": null, "atm": null, "brand": null, "brand_en": null, "brand_wiki": null, "brand_wik1": null, "name_en": null, "bus": null, "public_tra": null, "shop": null, "level": 0, "cuisine": null, "brand_zh": null, "name_zh": null, "takeaway": null, "opening_ho": null, "office": null, "railway": null, "leisure": null, "addr_distr": null, "addr_provi": null, "subway": null, "building": null, "horse": null, "locked": null, "access": null, "natural": null, "capacity": 0, "phone": null, "traffic_ca": null, "diet_veget": null, "artwork_ty": null, "delivery": null, "drive_thro": null, "outdoor_se": null, "sport": null, "crossing": null, "bench": null, "bin": null, "telecom": null, "historic": "memorial", "man_made": null, "parking": null, "healthcare": null, "note": null, "operator": null, "waste": null, "parcel_pic": null, "diet_meat": null, "shelter_ty": null }, "geometry": { "type": "Point", "coordinates": [ 114.3561533, 30.5273769 ] } },
{ "type": "Feature", "properties": { "LAYER": "highway - bus_stop", "GM_TYPE": "Unknown Point Feature", "barrier": null, "name": "大循环--信息学部图书馆", "id": 9552100000.0, "visible": "true", "version": 2, "changeset": 133829447, "timestamp": "2023-03-18T16:18:49Z", "user": "hhh@@", "uid": 18759919, "highway": "bus_stop", "amenity": null, "place": null, "bicycle": null, "foot": null, "motor_vehi": null, "tourism": null, "addr_city": null, "addr_house": null, "addr_postc": 0, "addr_stree": null, "atm": null, "brand": null, "brand_en": null, "brand_wiki": null, "brand_wik1": null, "name_en": null, "bus": "yes", "public_tra": "platform", "shop": null, "level": 0, "cuisine": null, "brand_zh": null, "name_zh": null, "takeaway": null, "opening_ho": null, "office": null, "railway": null, "leisure": null, "addr_distr": null, "addr_provi": null, "subway": null, "building": null, "horse": null, "locked": null, "access": null, "natural": null, "capacity": 0, "phone": null, "traffic_ca": null, "diet_veget": null, "artwork_ty": null, "delivery": null, "drive_thro": null, "outdoor_se": null, "sport": null, "crossing": null, "bench": null, "bin": null, "telecom": null, "historic": null, "man_made": null, "parking": null, "healthcare": null, "note": null, "operator": null, "waste": null, "parcel_pic": null, "diet_meat": null, "shelter_ty": null }, "geometry": { "type": "Point", "coordinates": [ 114.3550797, 30.5315536 ] } },
{ "type": "Feature", "properties": { "LAYER": "amenity - restaurant", "GM_TYPE": "Restaurant", "barrier": null, "name": "学生四食堂", "id": 9553920000.0, "visible": "true", "version": 1, "changeset": 118087225, "timestamp": "2022-03-04T10:28:49Z", "user": "Lee-whisper", "uid": 15220503, "highway": null, "amenity": "restaurant", "place": null, "bicycle": null, "foot": null, "motor_vehi": null, "tourism": null, "addr_city": null, "addr_house": null, "addr_postc": 0, "addr_stree": null, "atm": null, "brand": null, "brand_en": null, "brand_wiki": null, "brand_wik1": null, "name_en": null, "bus": null, "public_tra": null, "shop": null, "level": 0, "cuisine": null, "brand_zh": null, "name_zh": null, "takeaway": null, "opening_ho": "Mo-Su 06:30-19:00", "office": null, "railway": null, "leisure": null, "addr_distr": null, "addr_provi": null, "subway": null, "building": null, "horse": null, "locked": null, "access": null, "natural": null, "capacity": 0, "phone": null, "traffic_ca": null, "diet_veget": null, "artwork_ty": null, "delivery": null, "drive_thro": null, "outdoor_se": null, "sport": null, "crossing": null, "bench": null, "bin": null, "telecom": null, "historic": null, "man_made": null, "parking": null, "healthcare": null, "note": null, "operator": null, "waste": null, "parcel_pic": null, "diet_meat": null, "shelter_ty": null }, "geometry": { "type": "Point", "coordinates": [ 114.3530254, 30.5294494 ] } },
{ "type": "Feature", "properties": { "LAYER": "amenity - restaurant", "GM_TYPE": "Restaurant", "barrier": null, "name": "信息学部清真食堂", "id": 9553920000.0, "visible": "true", "version": 1, "changeset": 118087225, "timestamp": "2022-03-04T10:28:49Z", "user": "Lee-whisper", "uid": 15220503, "highway": null, "amenity": "restaurant", "place": null, "bicycle": null, "foot": null, "motor_vehi": null, "tourism": null, "addr_city": null, "addr_house": null, "addr_postc": 0, "addr_stree": null, "atm": null, "brand": null, "brand_en": null, "brand_wiki": null, "brand_wik1": null, "name_en": null, "bus": null, "public_tra": null, "shop": null, "level": 0, "cuisine": null, "brand_zh": null, "name_zh": null, "takeaway": null, "opening_ho": null, "office": null, "railway": null, "leisure": null, "addr_distr": null, "addr_provi": null, "subway": null, "building": null, "horse": null, "locked": null, "access": null, "natural": null, "capacity": 0, "phone": null, "traffic_ca": null, "diet_veget": null, "artwork_ty": null, "delivery": null, "drive_thro": null, "outdoor_se": null, "sport": null, "crossing": null, "bench": null, "bin": null, "telecom": null, "historic": null, "man_made": null, "parking": null, "healthcare": null, "note": null, "operator": null, "waste": null, "parcel_pic": null, "diet_meat": null, "shelter_ty": null }, "geometry": { "type": "Point", "coordinates": [ 114.3530741, 30.529347 ] } },
{ "type": "Feature", "properties": { "LAYER": "amenity - restaurant", "GM_TYPE": "Restaurant", "barrier": null, "name": "珞珈川味面馆", "id": 9553920000.0, "visible": "true", "version": 1, "changeset": 118087225, "timestamp": "2022-03-04T10:28:49Z", "user": "Lee-whisper", "uid": 15220503, "highway": null, "amenity": "restaurant", "place": null, "bicycle": null, "foot": null, "motor_vehi": null, "tourism": null, "addr_city": null, "addr_house": null, "addr_postc": 0, "addr_stree": null, "atm": null, "brand": null, "brand_en": null, "brand_wiki": null, "brand_wik1": null, "name_en": null, "bus": null, "public_tra": null, "shop": null, "level": 0, "cuisine": null, "brand_zh": null, "name_zh": null, "takeaway": null, "opening_ho": null, "office": null, "railway": null, "leisure": null, "addr_distr": null, "addr_provi": null, "subway": null, "building": null, "horse": null, "locked": null, "access": null, "natural": null, "capacity": 0, "phone": null, "traffic_ca": null, "diet_veget": null, "artwork_ty": null, "delivery": null, "drive_thro": null, "outdoor_se": null, "sport": null, "crossing": null, "bench": null, "bin": null, "telecom": null, "historic": null, "man_made": null, "parking": null, "healthcare": null, "note": null, "operator": null, "waste": null, "parcel_pic": null, "diet_meat": null, "shelter_ty": null }, "geometry": { "type": "Point", "coordinates": [ 114.3538323, 30.5308673 ] } },
{ "type": "Feature", "properties": { "LAYER": "man_made - pumping_station", "GM_TYPE": "Unknown Point Feature", "barrier": null, "name": null, "id": 9554370000.0, "visible": "true", "version": 1, "changeset": 118097360, "timestamp": "2022-03-04T15:24:30Z", "user": "Lee-whisper", "uid": 15220503, "highway": null, "amenity": null, "place": null, "bicycle": null, "foot": null, "motor_vehi": null, "tourism": null, "addr_city": null, "addr_house": null, "addr_postc": 0, "addr_stree": null, "atm": null, "brand": null, "brand_en": null, "brand_wiki": null, "brand_wik1": null, "name_en": null, "bus": null, "public_tra": null, "shop": null, "level": 0, "cuisine": null, "brand_zh": null, "name_zh": null, "takeaway": null, "opening_ho": null, "office": null, "railway": null, "leisure": null, "addr_distr": null, "addr_provi": null, "subway": null, "building": null, "horse": null, "locked": null, "access": null, "natural": null, "capacity": 0, "phone": null, "traffic_ca": null, "diet_veget": null, "artwork_ty": null, "delivery": null, "drive_thro": null, "outdoor_se": null, "sport": null, "crossing": null, "bench": null, "bin": null, "telecom": null, "historic": null, "man_made": "pumping_station", "parking": null, "healthcare": null, "note": null, "operator": null, "waste": null, "parcel_pic": null, "diet_meat": null, "shelter_ty": null }, "geometry": { "type": "Point", "coordinates": [ 114.3536657, 30.5286027 ] } },
{ "type": "Feature", "properties": { "LAYER": "man_made - pumping_station", "GM_TYPE": "Unknown Point Feature", "barrier": null, "name": null, "id": 9554370000.0, "visible": "true", "version": 1, "changeset": 118097360, "timestamp": "2022-03-04T15:24:30Z", "user": "Lee-whisper", "uid": 15220503, "highway": null, "amenity": null, "place": null, "bicycle": null, "foot": null, "motor_vehi": null, "tourism": null, "addr_city": null, "addr_house": null, "addr_postc": 0, "addr_stree": null, "atm": null, "brand": null, "brand_en": null, "brand_wiki": null, "brand_wik1": null, "name_en": null, "bus": null, "public_tra": null, "shop": null, "level": 0, "cuisine": null, "brand_zh": null, "name_zh": null, "takeaway": null, "opening_ho": null, "office": null, "railway": null, "leisure": null, "addr_distr": null, "addr_provi": null, "subway": null, "building": null, "horse": null, "locked": null, "access": null, "natural": null, "capacity": 0, "phone": null, "traffic_ca": null, "diet_veget": null, "artwork_ty": null, "delivery": null, "drive_thro": null, "outdoor_se": null, "sport": null, "crossing": null, "bench": null, "bin": null, "telecom": null, "historic": null, "man_made": "pumping_station", "parking": null, "healthcare": null, "note": null, "operator": null, "waste": null, "parcel_pic": null, "diet_meat": null, "shelter_ty": null }, "geometry": { "type": "Point", "coordinates": [ 114.3522008, 30.5287132 ] } },
{ "type": "Feature", "properties": { "LAYER": "amenity - shelter", "GM_TYPE": "Building", "barrier": null, "name": "碧华轩", "id": 9554500000.0, "visible": "true", "version": 1, "changeset": 118099318, "timestamp": "2022-03-04T16:15:40Z", "user": "Lee-whisper", "uid": 15220503, "highway": null, "amenity": "shelter", "place": null, "bicycle": null, "foot": null, "motor_vehi": null, "tourism": null, "addr_city": null, "addr_house": null, "addr_postc": 0, "addr_stree": null, "atm": null, "brand": null, "brand_en": null, "brand_wiki": null, "brand_wik1": null, "name_en": null, "bus": null, "public_tra": null, "shop": null, "level": 0, "cuisine": null, "brand_zh": null, "name_zh": null, "takeaway": null, "opening_ho": null, "office": null, "railway": null, "leisure": null, "addr_distr": null, "addr_provi": null, "subway": null, "building": null, "horse": null, "locked": null, "access": null, "natural": null, "capacity": 0, "phone": null, "traffic_ca": null, "diet_veget": null, "artwork_ty": null, "delivery": null, "drive_thro": null, "outdoor_se": null, "sport": null, "crossing": null, "bench": null, "bin": null, "telecom": null, "historic": null, "man_made": null, "parking": null, "healthcare": null, "note": null, "operator": null, "waste": null, "parcel_pic": null, "diet_meat": null, "shelter_ty": null }, "geometry": { "type": "Point", "coordinates": [ 114.3536215, 30.5294525 ] } },
{ "type": "Feature", "properties": { "LAYER": "historic - memorial", "GM_TYPE": "Landmark", "barrier": null, "name": "竹园", "id": 9554500000.0, "visible": "true", "version": 1, "changeset": 118099318, "timestamp": "2022-03-04T16:15:40Z", "user": "Lee-whisper", "uid": 15220503, "highway": null, "amenity": null, "place": null, "bicycle": null, "foot": null, "motor_vehi": null, "tourism": null, "addr_city": null, "addr_house": null, "addr_postc": 0, "addr_stree": null, "atm": null, "brand": null, "brand_en": null, "brand_wiki": null, "brand_wik1": null, "name_en": null, "bus": null, "public_tra": null, "shop": null, "level": 0, "cuisine": null, "brand_zh": null, "name_zh": null, "takeaway": null, "opening_ho": null, "office": null, "railway": null, "leisure": null, "addr_distr": null, "addr_provi": null, "subway": null, "building": null, "horse": null, "locked": null, "access": null, "natural": null, "capacity": 0, "phone": null, "traffic_ca": null, "diet_veget": null, "artwork_ty": null, "delivery": null, "drive_thro": null, "outdoor_se": null, "sport": null, "crossing": null, "bench": null, "bin": null, "telecom": null, "historic": "memorial", "man_made": null, "parking": null, "healthcare": null, "note": null, "operator": null, "waste": null, "parcel_pic": null, "diet_meat": null, "shelter_ty": null }, "geometry": { "type": "Point", "coordinates": [ 114.3538072, 30.5292236 ] } },
{ "type": "Feature", "properties": { "LAYER": "Unknown Point Feature", "GM_TYPE": "Unknown Point Feature", "barrier": "gate", "name": null, "id": 9555360000.0, "visible": "true", "version": 1, "changeset": 118113040, "timestamp": "2022-03-05T02:58:58Z", "user": "Lee-whisper", "uid": 15220503, "highway": null, "amenity": null, "place": null, "bicycle": null, "foot": "yes", "motor_vehi": null, "tourism": null, "addr_city": null, "addr_house": null, "addr_postc": 0, "addr_stree": null, "atm": null, "brand": null, "brand_en": null, "brand_wiki": null, "brand_wik1": null, "name_en": null, "bus": null, "public_tra": null, "shop": null, "level": 0, "cuisine": null, "brand_zh": null, "name_zh": null, "takeaway": null, "opening_ho": null, "office": null, "railway": null, "leisure": null, "addr_distr": null, "addr_provi": null, "subway": null, "building": null, "horse": null, "locked": null, "access": "no", "natural": null, "capacity": 0, "phone": null, "traffic_ca": null, "diet_veget": null, "artwork_ty": null, "delivery": null, "drive_thro": null, "outdoor_se": null, "sport": null, "crossing": null, "bench": null, "bin": null, "telecom": null, "historic": null, "man_made": null, "parking": null, "healthcare": null, "note": null, "operator": null, "waste": null, "parcel_pic": null, "diet_meat": null, "shelter_ty": null }, "geometry": { "type": "Point", "coordinates": [ 114.3547985, 30.5340133 ] } },
{ "type": "Feature", "properties": { "LAYER": "amenity - parking", "GM_TYPE": "Unknown Point Feature", "barrier": null, "name": null, "id": 9555520000.0, "visible": "true", "version": 1, "changeset": 118115821, "timestamp": "2022-03-05T07:06:15Z", "user": "宋你一个小丸子", "uid": 15234607, "highway": null, "amenity": "parking", "place": null, "bicycle": null, "foot": null, "motor_vehi": null, "tourism": null, "addr_city": null, "addr_house": null, "addr_postc": 0, "addr_stree": null, "atm": null, "brand": null, "brand_en": null, "brand_wiki": null, "brand_wik1": null, "name_en": null, "bus": null, "public_tra": null, "shop": null, "level": 0, "cuisine": null, "brand_zh": null, "name_zh": null, "takeaway": null, "opening_ho": null, "office": null, "railway": null, "leisure": null, "addr_distr": null, "addr_provi": null, "subway": null, "building": null, "horse": null, "locked": null, "access": null, "natural": null, "capacity": 0, "phone": null, "traffic_ca": null, "diet_veget": null, "artwork_ty": null, "delivery": null, "drive_thro": null, "outdoor_se": null, "sport": null, "crossing": null, "bench": null, "bin": null, "telecom": null, "historic": null, "man_made": null, "parking": "surface", "healthcare": null, "note": null, "operator": null, "waste": null, "parcel_pic": null, "diet_meat": null, "shelter_ty": null }, "geometry": { "type": "Point", "coordinates": [ 114.3557198, 30.5284585 ] } },
{ "type": "Feature", "properties": { "LAYER": "amenity - bank", "GM_TYPE": "Bank", "barrier": null, "name": "水卡办理处", "id": 9555900000.0, "visible": "true", "version": 1, "changeset": 118123123, "timestamp": "2022-03-05T11:41:00Z", "user": "红心柚柚子", "uid": 15194206, "highway": null, "amenity": "bank", "place": null, "bicycle": null, "foot": null, "motor_vehi": null, "tourism": null, "addr_city": null, "addr_house": null, "addr_postc": 0, "addr_stree": null, "atm": null, "brand": null, "brand_en": null, "brand_wiki": null, "brand_wik1": null, "name_en": null, "bus": null, "public_tra": null, "shop": null, "level": 0, "cuisine": null, "brand_zh": null, "name_zh": null, "takeaway": null, "opening_ho": null, "office": null, "railway": null, "leisure": null, "addr_distr": null, "addr_provi": null, "subway": null, "building": null, "horse": null, "locked": null, "access": null, "natural": null, "capacity": 0, "phone": null, "traffic_ca": null, "diet_veget": null, "artwork_ty": null, "delivery": null, "drive_thro": null, "outdoor_se": null, "sport": null, "crossing": null, "bench": null, "bin": null, "telecom": null, "historic": null, "man_made": null, "parking": null, "healthcare": null, "note": null, "operator": null, "waste": null, "parcel_pic": null, "diet_meat": null, "shelter_ty": null }, "geometry": { "type": "Point", "coordinates": [ 114.3528812, 30.5301789 ] } },
{ "type": "Feature", "properties": { "LAYER": "shop - supermarket", "GM_TYPE": "Shopping", "barrier": null, "name": "伊达图文快印", "id": 9555900000.0, "visible": "true", "version": 1, "changeset": 118123123, "timestamp": "2022-03-05T11:41:00Z", "user": "红心柚柚子", "uid": 15194206, "highway": null, "amenity": null, "place": null, "bicycle": null, "foot": null, "motor_vehi": null, "tourism": null, "addr_city": null, "addr_house": null, "addr_postc": 0, "addr_stree": null, "atm": null, "brand": null, "brand_en": null, "brand_wiki": null, "brand_wik1": null, "name_en": null, "bus": null, "public_tra": null, "shop": "supermarket", "level": 0, "cuisine": null, "brand_zh": null, "name_zh": null, "takeaway": null, "opening_ho": null, "office": null, "railway": null, "leisure": null, "addr_distr": null, "addr_provi": null, "subway": null, "building": null, "horse": null, "locked": null, "access": null, "natural": null, "capacity": 0, "phone": null, "traffic_ca": null, "diet_veget": null, "artwork_ty": null, "delivery": null, "drive_thro": null, "outdoor_se": null, "sport": null, "crossing": null, "bench": null, "bin": null, "telecom": null, "historic": null, "man_made": null, "parking": null, "healthcare": null, "note": null, "operator": null, "waste": null, "parcel_pic": null, "diet_meat": null, "shelter_ty": null }, "geometry": { "type": "Point", "coordinates": [ 114.3545755, 30.5325966 ] } },
{ "type": "Feature", "properties": { "LAYER": "shop - supermarket", "GM_TYPE": "Shopping", "barrier": null, "name": "水果店", "id": 9555900000.0, "visible": "true", "version": 1, "changeset": 118123123, "timestamp": "2022-03-05T11:41:00Z", "user": "红心柚柚子", "uid": 15194206, "highway": null, "amenity": null, "place": null, "bicycle": null, "foot": null, "motor_vehi": null, "tourism": null, "addr_city": null, "addr_house": null, "addr_postc": 0, "addr_stree": null, "atm": null, "brand": null, "brand_en": null, "brand_wiki": null, "brand_wik1": null, "name_en": null, "bus": null, "public_tra": null, "shop": "supermarket", "level": 0, "cuisine": null, "brand_zh": null, "name_zh": null, "takeaway": null, "opening_ho": null, "office": null, "railway": null, "leisure": null, "addr_distr": null, "addr_provi": null, "subway": null, "building": null, "horse": null, "locked": null, "access": null, "natural": null, "capacity": 0, "phone": null, "traffic_ca": null, "diet_veget": null, "artwork_ty": null, "delivery": null, "drive_thro": null, "outdoor_se": null, "sport": null, "crossing": null, "bench": null, "bin": null, "telecom": null, "historic": null, "man_made": null, "parking": null, "healthcare": null, "note": null, "operator": null, "waste": null, "parcel_pic": null, "diet_meat": null, "shelter_ty": null }, "geometry": { "type": "Point", "coordinates": [ 114.3546132, 30.5329018 ] } },
{ "type": "Feature", "properties": { "LAYER": "amenity - restaurant", "GM_TYPE": "Restaurant", "barrier": null, "name": "五洲餐厅", "id": 9555900000.0, "visible": "true", "version": 1, "changeset": 118123123, "timestamp": "2022-03-05T11:41:00Z", "user": "红心柚柚子", "uid": 15194206, "highway": null, "amenity": "restaurant", "place": null, "bicycle": null, "foot": null, "motor_vehi": null, "tourism": null, "addr_city": null, "addr_house": null, "addr_postc": 0, "addr_stree": null, "atm": null, "brand": null, "brand_en": null, "brand_wiki": null, "brand_wik1": null, "name_en": null, "bus": null, "public_tra": null, "shop": null, "level": 0, "cuisine": null, "brand_zh": null, "name_zh": null, "takeaway": null, "opening_ho": null, "office": null, "railway": null, "leisure": null, "addr_distr": null, "addr_provi": null, "subway": null, "building": null, "horse": null, "locked": null, "access": null, "natural": null, "capacity": 0, "phone": null, "traffic_ca": null, "diet_veget": null, "artwork_ty": null, "delivery": null, "drive_thro": null, "outdoor_se": null, "sport": null, "crossing": null, "bench": null, "bin": null, "telecom": null, "historic": null, "man_made": null, "parking": null, "healthcare": null, "note": null, "operator": null, "waste": null, "parcel_pic": null, "diet_meat": null, "shelter_ty": null }, "geometry": { "type": "Point", "coordinates": [ 114.3526407, 30.5326514 ] } },
{ "type": "Feature", "properties": { "LAYER": "shop - supermarket", "GM_TYPE": "Shopping", "barrier": null, "name": "珞俐便民店", "id": 9555900000.0, "visible": "true", "version": 1, "changeset": 118123123, "timestamp": "2022-03-05T11:41:00Z", "user": "红心柚柚子", "uid": 15194206, "highway": null, "amenity": null, "place": null, "bicycle": null, "foot": null, "motor_vehi": null, "tourism": null, "addr_city": null, "addr_house": null, "addr_postc": 0, "addr_stree": null, "atm": null, "brand": null, "brand_en": null, "brand_wiki": null, "brand_wik1": null, "name_en": null, "bus": null, "public_tra": null, "shop": "supermarket", "level": 0, "cuisine": null, "brand_zh": null, "name_zh": null, "takeaway": null, "opening_ho": null, "office": null, "railway": null, "leisure": null, "addr_distr": null, "addr_provi": null, "subway": null, "building": null, "horse": null, "locked": null, "access": null, "natural": null, "capacity": 0, "phone": null, "traffic_ca": null, "diet_veget": null, "artwork_ty": null, "delivery": null, "drive_thro": null, "outdoor_se": null, "sport": null, "crossing": null, "bench": null, "bin": null, "telecom": null, "historic": null, "man_made": null, "parking": null, "healthcare": null, "note": null, "operator": null, "waste": null, "parcel_pic": null, "diet_meat": null, "shelter_ty": null }, "geometry": { "type": "Point", "coordinates": [ 114.3537086, 30.5338202 ] } },
{ "type": "Feature", "properties": { "LAYER": "shop", "GM_TYPE": "Shopping", "barrier": null, "name": "木亿设计", "id": 9555950000.0, "visible": "true", "version": 1, "changeset": 118124653, "timestamp": "2022-03-05T12:33:48Z", "user": "Wenifred", "uid": 15235882, "highway": null, "amenity": null, "place": null, "bicycle": null, "foot": null, "motor_vehi": null, "tourism": null, "addr_city": null, "addr_house": null, "addr_postc": 0, "addr_stree": null, "atm": null, "brand": null, "brand_en": null, "brand_wiki": null, "brand_wik1": null, "name_en": null, "bus": null, "public_tra": null, "shop": "yes", "level": 0, "cuisine": null, "brand_zh": null, "name_zh": null, "takeaway": null, "opening_ho": null, "office": null, "railway": null, "leisure": null, "addr_distr": null, "addr_provi": null, "subway": null, "building": null, "horse": null, "locked": null, "access": null, "natural": null, "capacity": 0, "phone": null, "traffic_ca": null, "diet_veget": null, "artwork_ty": null, "delivery": null, "drive_thro": null, "outdoor_se": null, "sport": null, "crossing": null, "bench": null, "bin": null, "telecom": null, "historic": null, "man_made": null, "parking": null, "healthcare": null, "note": null, "operator": null, "waste": null, "parcel_pic": null, "diet_meat": null, "shelter_ty": null }, "geometry": { "type": "Point", "coordinates": [ 114.3543034, 30.532301 ] } },
{ "type": "Feature", "properties": { "LAYER": "shop - books", "GM_TYPE": "Shopping", "barrier": null, "name": "读者服务部", "id": 9555980000.0, "visible": "true", "version": 1, "changeset": 118125933, "timestamp": "2022-03-05T13:13:33Z", "user": "zhangjiamin", "uid": 15213281, "highway": null, "amenity": null, "place": null, "bicycle": null, "foot": null, "motor_vehi": null, "tourism": null, "addr_city": null, "addr_house": null, "addr_postc": 0, "addr_stree": null, "atm": null, "brand": null, "brand_en": null, "brand_wiki": null, "brand_wik1": null, "name_en": null, "bus": null, "public_tra": null, "shop": "books", "level": 0, "cuisine": null, "brand_zh": null, "name_zh": null, "takeaway": null, "opening_ho": null, "office": null, "railway": null, "leisure": null, "addr_distr": null, "addr_provi": null, "subway": null, "building": null, "horse": null, "locked": null, "access": null, "natural": null, "capacity": 0, "phone": null, "traffic_ca": null, "diet_veget": null, "artwork_ty": null, "delivery": null, "drive_thro": null, "outdoor_se": null, "sport": null, "crossing": null, "bench": null, "bin": null, "telecom": null, "historic": null, "man_made": null, "parking": null, "healthcare": null, "note": null, "operator": null, "waste": null, "parcel_pic": null, "diet_meat": null, "shelter_ty": null }, "geometry": { "type": "Point", "coordinates": [ 114.3531873, 30.5303638 ] } },
{ "type": "Feature", "properties": { "LAYER": "amenity - hospital", "GM_TYPE": "Hospital", "barrier": null, "name": "武汉大学医院信息学部分院", "id": 9555980000.0, "visible": "true", "version": 1, "changeset": 118125933, "timestamp": "2022-03-05T13:13:33Z", "user": "zhangjiamin", "uid": 15213281, "highway": null, "amenity": "hospital", "place": null, "bicycle": null, "foot": null, "motor_vehi": null, "tourism": null, "addr_city": null, "addr_house": null, "addr_postc": 0, "addr_stree": null, "atm": null, "brand": null, "brand_en": null, "brand_wiki": null, "brand_wik1": null, "name_en": null, "bus": null, "public_tra": null, "shop": null, "level": 0, "cuisine": null, "brand_zh": null, "name_zh": null, "takeaway": null, "opening_ho": null, "office": null, "railway": null, "leisure": null, "addr_distr": null, "addr_provi": null, "subway": null, "building": null, "horse": null, "locked": null, "access": null, "natural": null, "capacity": 0, "phone": null, "traffic_ca": null, "diet_veget": null, "artwork_ty": null, "delivery": null, "drive_thro": null, "outdoor_se": null, "sport": null, "crossing": null, "bench": null, "bin": null, "telecom": null, "historic": null, "man_made": null, "parking": null, "healthcare": "hospital", "note": null, "operator": null, "waste": null, "parcel_pic": null, "diet_meat": null, "shelter_ty": null }, "geometry": { "type": "Point", "coordinates": [ 114.3522021, 30.5313869 ] } },
{ "type": "Feature", "properties": { "LAYER": "shop - copyshop", "GM_TYPE": "Shopping", "barrier": null, "name": "印刷店", "id": 9555980000.0, "visible": "true", "version": 1, "changeset": 118125933, "timestamp": "2022-03-05T13:13:33Z", "user": "zhangjiamin", "uid": 15213281, "highway": null, "amenity": null, "place": null, "bicycle": null, "foot": null, "motor_vehi": null, "tourism": null, "addr_city": null, "addr_house": null, "addr_postc": 0, "addr_stree": null, "atm": null, "brand": null, "brand_en": null, "brand_wiki": null, "brand_wik1": null, "name_en": null, "bus": null, "public_tra": null, "shop": "copyshop", "level": 0, "cuisine": null, "brand_zh": null, "name_zh": null, "takeaway": null, "opening_ho": null, "office": null, "railway": null, "leisure": null, "addr_distr": null, "addr_provi": null, "subway": null, "building": null, "horse": null, "locked": null, "access": null, "natural": null, "capacity": 0, "phone": null, "traffic_ca": null, "diet_veget": null, "artwork_ty": null, "delivery": null, "drive_thro": null, "outdoor_se": null, "sport": null, "crossing": null, "bench": null, "bin": null, "telecom": null, "historic": null, "man_made": null, "parking": null, "healthcare": null, "note": null, "operator": null, "waste": null, "parcel_pic": null, "diet_meat": null, "shelter_ty": null }, "geometry": { "type": "Point", "coordinates": [ 114.3523138, 30.5303354 ] } },
{ "type": "Feature", "properties": { "LAYER": "shop - stationery", "GM_TYPE": "Shopping", "barrier": null, "name": "晨光文具", "id": 9555980000.0, "visible": "true", "version": 1, "changeset": 118125933, "timestamp": "2022-03-05T13:13:33Z", "user": "zhangjiamin", "uid": 15213281, "highway": null, "amenity": null, "place": null, "bicycle": null, "foot": null, "motor_vehi": null, "tourism": null, "addr_city": null, "addr_house": null, "addr_postc": 0, "addr_stree": null, "atm": null, "brand": null, "brand_en": null, "brand_wiki": null, "brand_wik1": null, "name_en": null, "bus": null, "public_tra": null, "shop": "stationery", "level": 0, "cuisine": null, "brand_zh": null, "name_zh": null, "takeaway": null, "opening_ho": null, "office": null, "railway": null, "leisure": null, "addr_distr": null, "addr_provi": null, "subway": null, "building": null, "horse": null, "locked": null, "access": null, "natural": null, "capacity": 0, "phone": null, "traffic_ca": null, "diet_veget": null, "artwork_ty": null, "delivery": null, "drive_thro": null, "outdoor_se": null, "sport": null, "crossing": null, "bench": null, "bin": null, "telecom": null, "historic": null, "man_made": null, "parking": null, "healthcare": null, "note": null, "operator": null, "waste": null, "parcel_pic": null, "diet_meat": null, "shelter_ty": null }, "geometry": { "type": "Point", "coordinates": [ 114.3523121, 30.5305791 ] } },
{ "type": "Feature", "properties": { "LAYER": "amenity - waste_disposal", "GM_TYPE": "Unknown Point Feature", "barrier": null, "name": null, "id": 9555980000.0, "visible": "true", "version": 1, "changeset": 118125236, "timestamp": "2022-03-05T12:51:03Z", "user": "zhangshihao", "uid": 15193411, "highway": null, "amenity": "waste_disposal", "place": null, "bicycle": null, "foot": null, "motor_vehi": null, "tourism": null, "addr_city": null, "addr_house": null, "addr_postc": 0, "addr_stree": null, "atm": null, "brand": null, "brand_en": null, "brand_wiki": null, "brand_wik1": null, "name_en": null, "bus": null, "public_tra": null, "shop": null, "level": 0, "cuisine": null, "brand_zh": null, "name_zh": null, "takeaway": null, "opening_ho": null, "office": null, "railway": null, "leisure": null, "addr_distr": null, "addr_provi": null, "subway": null, "building": null, "horse": null, "locked": null, "access": "yes", "natural": null, "capacity": 0, "phone": null, "traffic_ca": null, "diet_veget": null, "artwork_ty": null, "delivery": null, "drive_thro": null, "outdoor_se": null, "sport": null, "crossing": null, "bench": null, "bin": null, "telecom": null, "historic": null, "man_made": null, "parking": null, "healthcare": null, "note": "用于储存垃圾，起到中转站的作用", "operator": "保卫处", "waste": "mixed", "parcel_pic": null, "diet_meat": null, "shelter_ty": null }, "geometry": { "type": "Point", "coordinates": [ 114.3525681, 30.5290412 ] } },
{ "type": "Feature", "properties": { "LAYER": "amenity - shelter", "GM_TYPE": "Building", "barrier": null, "name": "流芳廊", "id": 9556030000.0, "visible": "true", "version": 1, "changeset": 118126208, "timestamp": "2022-03-05T13:23:21Z", "user": "zhangshihao", "uid": 15193411, "highway": null, "amenity": "shelter", "place": null, "bicycle": null, "foot": null, "motor_vehi": null, "tourism": null, "addr_city": null, "addr_house": null, "addr_postc": 0, "addr_stree": null, "atm": null, "brand": null, "brand_en": null, "brand_wiki": null, "brand_wik1": null, "name_en": null, "bus": null, "public_tra": null, "shop": null, "level": 0, "cuisine": null, "brand_zh": null, "name_zh": null, "takeaway": null, "opening_ho": null, "office": null, "railway": null, "leisure": null, "addr_distr": null, "addr_provi": null, "subway": null, "building": null, "horse": null, "locked": null, "access": null, "natural": null, "capacity": 0, "phone": null, "traffic_ca": null, "diet_veget": null, "artwork_ty": null, "delivery": null, "drive_thro": null, "outdoor_se": null, "sport": null, "crossing": null, "bench": null, "bin": null, "telecom": null, "historic": null, "man_made": null, "parking": null, "healthcare": null, "note": null, "operator": null, "waste": null, "parcel_pic": null, "diet_meat": null, "shelter_ty": null }, "geometry": { "type": "Point", "coordinates": [ 114.3540012, 30.529333 ] } },
{ "type": "Feature", "properties": { "LAYER": "amenity - college", "GM_TYPE": "School", "barrier": null, "name": "武汉法语联盟", "id": 9557590000.0, "visible": "true", "version": 1, "changeset": 118155567, "timestamp": "2022-03-06T11:53:15Z", "user": "离去的小猪", "uid": 15225782, "highway": null, "amenity": "college", "place": null, "bicycle": null, "foot": null, "motor_vehi": null, "tourism": null, "addr_city": null, "addr_house": null, "addr_postc": 0, "addr_stree": null, "atm": null, "brand": null, "brand_en": null, "brand_wiki": null, "brand_wik1": null, "name_en": null, "bus": null, "public_tra": null, "shop": null, "level": 0, "cuisine": null, "brand_zh": null, "name_zh": null, "takeaway": null, "opening_ho": null, "office": null, "railway": null, "leisure": null, "addr_distr": null, "addr_provi": null, "subway": null, "building": null, "horse": null, "locked": null, "access": null, "natural": null, "capacity": 0, "phone": null, "traffic_ca": null, "diet_veget": null, "artwork_ty": null, "delivery": null, "drive_thro": null, "outdoor_se": null, "sport": null, "crossing": null, "bench": null, "bin": null, "telecom": null, "historic": null, "man_made": null, "parking": null, "healthcare": null, "note": null, "operator": null, "waste": null, "parcel_pic": null, "diet_meat": null, "shelter_ty": null }, "geometry": { "type": "Point", "coordinates": [ 114.3523233, 30.5331801 ] } },
{ "type": "Feature", "properties": { "LAYER": "highway - bus_stop", "GM_TYPE": "Unknown Point Feature", "barrier": null, "name": "大循环--信息学部一教", "id": 9558230000.0, "visible": "true", "version": 3, "changeset": 133829447, "timestamp": "2023-03-18T16:18:49Z", "user": "hhh@@", "uid": 18759919, "highway": "bus_stop", "amenity": null, "place": null, "bicycle": null, "foot": null, "motor_vehi": null, "tourism": null, "addr_city": null, "addr_house": null, "addr_postc": 0, "addr_stree": null, "atm": null, "brand": null, "brand_en": null, "brand_wiki": null, "brand_wik1": null, "name_en": null, "bus": "yes", "public_tra": "platform", "shop": null, "level": 0, "cuisine": null, "brand_zh": null, "name_zh": null, "takeaway": null, "opening_ho": null, "office": null, "railway": null, "leisure": null, "addr_distr": null, "addr_provi": null, "subway": null, "building": null, "horse": null, "locked": null, "access": null, "natural": null, "capacity": 0, "phone": null, "traffic_ca": null, "diet_veget": null, "artwork_ty": null, "delivery": null, "drive_thro": null, "outdoor_se": null, "sport": null, "crossing": null, "bench": null, "bin": null, "telecom": null, "historic": null, "man_made": null, "parking": null, "healthcare": null, "note": null, "operator": null, "waste": null, "parcel_pic": null, "diet_meat": null, "shelter_ty": null }, "geometry": { "type": "Point", "coordinates": [ 114.3551085, 30.5294588 ] } },
{ "type": "Feature", "properties": { "LAYER": "shop - supermarket", "GM_TYPE": "Shopping", "barrier": null, "name": "珞珈山综合商店", "id": 9722190000.0, "visible": "true", "version": 3, "changeset": 133829447, "timestamp": "2023-03-18T16:18:49Z", "user": "hhh@@", "uid": 18759919, "highway": null, "amenity": null, "place": null, "bicycle": null, "foot": null, "motor_vehi": null, "tourism": null, "addr_city": null, "addr_house": null, "addr_postc": 0, "addr_stree": null, "atm": null, "brand": null, "brand_en": null, "brand_wiki": null, "brand_wik1": null, "name_en": null, "bus": null, "public_tra": null, "shop": "supermarket", "level": 1, "cuisine": null, "brand_zh": null, "name_zh": null, "takeaway": null, "opening_ho": null, "office": null, "railway": null, "leisure": null, "addr_distr": null, "addr_provi": null, "subway": null, "building": null, "horse": null, "locked": null, "access": null, "natural": null, "capacity": 0, "phone": null, "traffic_ca": null, "diet_veget": null, "artwork_ty": null, "delivery": null, "drive_thro": null, "outdoor_se": null, "sport": null, "crossing": null, "bench": null, "bin": null, "telecom": null, "historic": null, "man_made": null, "parking": null, "healthcare": null, "note": null, "operator": null, "waste": null, "parcel_pic": null, "diet_meat": null, "shelter_ty": null }, "geometry": { "type": "Point", "coordinates": [ 114.3539204, 30.5301594 ] } },
{ "type": "Feature", "properties": { "LAYER": "amenity - waste_basket", "GM_TYPE": "Building", "barrier": null, "name": null, "id": 9722190000.0, "visible": "true", "version": 1, "changeset": 120659211, "timestamp": "2022-05-07T09:16:53Z", "user": "636663", "uid": 15396410, "highway": null, "amenity": "waste_basket", "place": null, "bicycle": null, "foot": null, "motor_vehi": null, "tourism": null, "addr_city": null, "addr_house": null, "addr_postc": 0, "addr_stree": null, "atm": null, "brand": null, "brand_en": null, "brand_wiki": null, "brand_wik1": null, "name_en": null, "bus": null, "public_tra": null, "shop": null, "level": 0, "cuisine": null, "brand_zh": null, "name_zh": null, "takeaway": null, "opening_ho": null, "office": null, "railway": null, "leisure": null, "addr_distr": null, "addr_provi": null, "subway": null, "building": null, "horse": null, "locked": null, "access": null, "natural": null, "capacity": 0, "phone": null, "traffic_ca": null, "diet_veget": null, "artwork_ty": null, "delivery": null, "drive_thro": null, "outdoor_se": null, "sport": null, "crossing": null, "bench": null, "bin": null, "telecom": null, "historic": null, "man_made": null, "parking": null, "healthcare": null, "note": null, "operator": null, "waste": "trash", "parcel_pic": null, "diet_meat": null, "shelter_ty": null }, "geometry": { "type": "Point", "coordinates": [ 114.3523952, 30.5299375 ] } },
{ "type": "Feature", "properties": { "LAYER": "amenity - college", "GM_TYPE": "School", "barrier": null, "name": "武汉大学电子信息学院", "id": 10651500000.0, "visible": "true", "version": 1, "changeset": 132442665, "timestamp": "2023-02-12T12:14:04Z", "user": "meacon", "uid": 751192, "highway": null, "amenity": "college", "place": null, "bicycle": null, "foot": null, "motor_vehi": null, "tourism": null, "addr_city": null, "addr_house": null, "addr_postc": 0, "addr_stree": null, "atm": null, "brand": null, "brand_en": null, "brand_wiki": null, "brand_wik1": null, "name_en": null, "bus": null, "public_tra": null, "shop": null, "level": 0, "cuisine": null, "brand_zh": null, "name_zh": null, "takeaway": null, "opening_ho": null, "office": null, "railway": null, "leisure": null, "addr_distr": null, "addr_provi": null, "subway": null, "building": null, "horse": null, "locked": null, "access": null, "natural": null, "capacity": 0, "phone": null, "traffic_ca": null, "diet_veget": null, "artwork_ty": null, "delivery": null, "drive_thro": null, "outdoor_se": null, "sport": null, "crossing": null, "bench": null, "bin": null, "telecom": null, "historic": null, "man_made": null, "parking": null, "healthcare": null, "note": "5-11楼", "operator": null, "waste": null, "parcel_pic": null, "diet_meat": null, "shelter_ty": null }, "geometry": { "type": "Point", "coordinates": [ 114.3509255, 30.5296482 ] } },
{ "type": "Feature", "properties": { "LAYER": "amenity - parcel_locker", "GM_TYPE": "Building", "barrier": null, "name": null, "id": 10741100000.0, "visible": "true", "version": 2, "changeset": 133844459, "timestamp": "2023-03-19T03:59:59Z", "user": "Lee2", "uid": 18761862, "highway": null, "amenity": "parcel_locker", "place": null, "bicycle": null, "foot": null, "motor_vehi": null, "tourism": null, "addr_city": null, "addr_house": null, "addr_postc": 0, "addr_stree": null, "atm": null, "brand": null, "brand_en": null, "brand_wiki": null, "brand_wik1": null, "name_en": null, "bus": null, "public_tra": null, "shop": null, "level": 0, "cuisine": null, "brand_zh": null, "name_zh": null, "takeaway": null, "opening_ho": null, "office": null, "railway": null, "leisure": null, "addr_distr": null, "addr_provi": null, "subway": null, "building": null, "horse": null, "locked": null, "access": null, "natural": null, "capacity": 0, "phone": null, "traffic_ca": null, "diet_veget": null, "artwork_ty": null, "delivery": null, "drive_thro": null, "outdoor_se": null, "sport": null, "crossing": null, "bench": null, "bin": null, "telecom": null, "historic": null, "man_made": null, "parking": null, "healthcare": null, "note": null, "operator": null, "waste": null, "parcel_pic": "yes", "diet_meat": null, "shelter_ty": null }, "geometry": { "type": "Point", "coordinates": [ 114.3537061, 30.5301887 ] } },
{ "type": "Feature", "properties": { "LAYER": "leisure - pitch", "GM_TYPE": "Stadium", "barrier": null, "name": "羽毛球场", "id": 10742600000.0, "visible": "true", "version": 1, "changeset": 133809121, "timestamp": "2023-03-18T02:01:22Z", "user": "xukun cai", "uid": 18755370, "highway": null, "amenity": null, "place": null, "bicycle": null, "foot": null, "motor_vehi": null, "tourism": null, "addr_city": null, "addr_house": null, "addr_postc": 0, "addr_stree": null, "atm": null, "brand": null, "brand_en": null, "brand_wiki": null, "brand_wik1": null, "name_en": null, "bus": null, "public_tra": null, "shop": null, "level": 0, "cuisine": null, "brand_zh": null, "name_zh": null, "takeaway": null, "opening_ho": null, "office": null, "railway": null, "leisure": "pitch", "addr_distr": null, "addr_provi": null, "subway": null, "building": null, "horse": null, "locked": null, "access": null, "natural": null, "capacity": 0, "phone": null, "traffic_ca": null, "diet_veget": null, "artwork_ty": null, "delivery": null, "drive_thro": null, "outdoor_se": null, "sport": "badminton", "crossing": null, "bench": null, "bin": null, "telecom": null, "historic": null, "man_made": null, "parking": null, "healthcare": null, "note": null, "operator": null, "waste": null, "parcel_pic": null, "diet_meat": null, "shelter_ty": null }, "geometry": { "type": "Point", "coordinates": [ 114.3568042, 30.5298705 ] } },
{ "type": "Feature", "properties": { "LAYER": "shop - convenience", "GM_TYPE": "Shopping", "barrier": null, "name": "Today", "id": 10742600000.0, "visible": "true", "version": 1, "changeset": 133809179, "timestamp": "2023-03-18T02:06:53Z", "user": "归月_", "uid": 18749302, "highway": null, "amenity": null, "place": null, "bicycle": null, "foot": null, "motor_vehi": null, "tourism": null, "addr_city": null, "addr_house": null, "addr_postc": 0, "addr_stree": null, "atm": null, "brand": null, "brand_en": null, "brand_wiki": null, "brand_wik1": null, "name_en": null, "bus": null, "public_tra": null, "shop": "convenience", "level": 0, "cuisine": null, "brand_zh": null, "name_zh": null, "takeaway": null, "opening_ho": null, "office": null, "railway": null, "leisure": null, "addr_distr": null, "addr_provi": null, "subway": null, "building": null, "horse": null, "locked": null, "access": null, "natural": null, "capacity": 0, "phone": null, "traffic_ca": null, "diet_veget": null, "artwork_ty": null, "delivery": null, "drive_thro": null, "outdoor_se": null, "sport": null, "crossing": null, "bench": null, "bin": null, "telecom": null, "historic": null, "man_made": null, "parking": null, "healthcare": null, "note": null, "operator": null, "waste": null, "parcel_pic": null, "diet_meat": null, "shelter_ty": null }, "geometry": { "type": "Point", "coordinates": [ 114.3521424, 30.5283099 ] } },
{ "type": "Feature", "properties": { "LAYER": "amenity - restaurant", "GM_TYPE": "Restaurant", "barrier": null, "name": "研卤堂", "id": 10743000000.0, "visible": "true", "version": 3, "changeset": 134381227, "timestamp": "2023-04-01T13:27:11Z", "user": "mueschel", "uid": 616774, "highway": null, "amenity": "restaurant", "place": null, "bicycle": null, "foot": null, "motor_vehi": null, "tourism": null, "addr_city": null, "addr_house": null, "addr_postc": 0, "addr_stree": null, "atm": null, "brand": null, "brand_en": null, "brand_wiki": null, "brand_wik1": null, "name_en": null, "bus": null, "public_tra": null, "shop": null, "level": 0, "cuisine": "chinese;卤菜", "brand_zh": null, "name_zh": null, "takeaway": null, "opening_ho": null, "office": null, "railway": null, "leisure": null, "addr_distr": null, "addr_provi": null, "subway": null, "building": null, "horse": null, "locked": null, "access": null, "natural": null, "capacity": 0, "phone": null, "traffic_ca": null, "diet_veget": null, "artwork_ty": null, "delivery": null, "drive_thro": null, "outdoor_se": null, "sport": null, "crossing": null, "bench": null, "bin": null, "telecom": null, "historic": null, "man_made": null, "parking": null, "healthcare": null, "note": null, "operator": null, "waste": null, "parcel_pic": null, "diet_meat": "yes", "shelter_ty": null }, "geometry": { "type": "Point", "coordinates": [ 114.3546259, 30.5301994 ] } },
{ "type": "Feature", "properties": { "LAYER": "shop - convenience", "GM_TYPE": "Shopping", "barrier": null, "name": "7-Eleven", "id": 10743000000.0, "visible": "true", "version": 2, "changeset": 133827580, "timestamp": "2023-03-18T15:28:16Z", "user": "TileBZ", "uid": 18756215, "highway": null, "amenity": null, "place": null, "bicycle": null, "foot": null, "motor_vehi": null, "tourism": null, "addr_city": null, "addr_house": null, "addr_postc": 0, "addr_stree": null, "atm": null, "brand": "7-Eleven", "brand_en": null, "brand_wiki": "Q259340", "brand_wik1": null, "name_en": null, "bus": null, "public_tra": null, "shop": "convenience", "level": 0, "cuisine": null, "brand_zh": null, "name_zh": null, "takeaway": null, "opening_ho": null, "office": null, "railway": null, "leisure": null, "addr_distr": null, "addr_provi": null, "subway": null, "building": null, "horse": null, "locked": null, "access": null, "natural": null, "capacity": 0, "phone": null, "traffic_ca": null, "diet_veget": null, "artwork_ty": null, "delivery": null, "drive_thro": null, "outdoor_se": null, "sport": null, "crossing": null, "bench": null, "bin": null, "telecom": null, "historic": null, "man_made": null, "parking": null, "healthcare": null, "note": null, "operator": null, "waste": null, "parcel_pic": null, "diet_meat": null, "shelter_ty": null }, "geometry": { "type": "Point", "coordinates": [ 114.3545708, 30.5301993 ] } },
{ "type": "Feature", "properties": { "LAYER": "amenity - cafe", "GM_TYPE": "Restaurant", "barrier": null, "name": "茶颜悦色", "id": 10743000000.0, "visible": "true", "version": 2, "changeset": 133827580, "timestamp": "2023-03-18T15:28:16Z", "user": "TileBZ", "uid": 18756215, "highway": null, "amenity": "cafe", "place": null, "bicycle": null, "foot": null, "motor_vehi": null, "tourism": null, "addr_city": null, "addr_house": null, "addr_postc": 0, "addr_stree": null, "atm": null, "brand": "茶颜悦色", "brand_en": "Sexytea", "brand_wiki": "Q60992994", "brand_wik1": null, "name_en": "Sexytea", "bus": null, "public_tra": null, "shop": null, "level": 0, "cuisine": "bubble_tea", "brand_zh": "茶颜悦色", "name_zh": "茶颜悦色", "takeaway": "yes", "opening_ho": null, "office": null, "railway": null, "leisure": null, "addr_distr": null, "addr_provi": null, "subway": null, "building": null, "horse": null, "locked": null, "access": null, "natural": null, "capacity": 0, "phone": null, "traffic_ca": null, "diet_veget": null, "artwork_ty": null, "delivery": null, "drive_thro": null, "outdoor_se": "no", "sport": null, "crossing": null, "bench": null, "bin": null, "telecom": null, "historic": null, "man_made": null, "parking": null, "healthcare": null, "note": "新开", "operator": null, "waste": null, "parcel_pic": null, "diet_meat": null, "shelter_ty": null }, "geometry": { "type": "Point", "coordinates": [ 114.3545018, 30.5302019 ] } },
{ "type": "Feature", "properties": { "LAYER": "amenity - cafe", "GM_TYPE": "Restaurant", "barrier": null, "name": "古茗", "id": 10743000000.0, "visible": "true", "version": 2, "changeset": 133827580, "timestamp": "2023-03-18T15:28:16Z", "user": "TileBZ", "uid": 18756215, "highway": null, "amenity": "cafe", "place": null, "bicycle": null, "foot": null, "motor_vehi": null, "tourism": null, "addr_city": null, "addr_house": null, "addr_postc": 0, "addr_stree": null, "atm": null, "brand": null, "brand_en": null, "brand_wiki": null, "brand_wik1": null, "name_en": null, "bus": null, "public_tra": null, "shop": null, "level": 0, "cuisine": "bubble_tea", "brand_zh": null, "name_zh": null, "takeaway": null, "opening_ho": null, "office": null, "railway": null, "leisure": null, "addr_distr": null, "addr_provi": null, "subway": null, "building": null, "horse": null, "locked": null, "access": null, "natural": null, "capacity": 0, "phone": null, "traffic_ca": null, "diet_veget": null, "artwork_ty": null, "delivery": null, "drive_thro": null, "outdoor_se": null, "sport": null, "crossing": null, "bench": null, "bin": null, "telecom": null, "historic": null, "man_made": null, "parking": null, "healthcare": null, "note": null, "operator": null, "waste": null, "parcel_pic": null, "diet_meat": null, "shelter_ty": null }, "geometry": { "type": "Point", "coordinates": [ 114.3544375, 30.5302022 ] } },
{ "type": "Feature", "properties": { "LAYER": "amenity - cafe", "GM_TYPE": "Restaurant", "barrier": null, "name": "Noworry", "id": 10743300000.0, "visible": "true", "version": 1, "changeset": 133821979, "timestamp": "2023-03-18T12:57:47Z", "user": "yawuxin", "uid": 18759123, "highway": null, "amenity": "cafe", "place": null, "bicycle": null, "foot": null, "motor_vehi": null, "tourism": null, "addr_city": null, "addr_house": null, "addr_postc": 0, "addr_stree": null, "atm": null, "brand": null, "brand_en": null, "brand_wiki": null, "brand_wik1": null, "name_en": null, "bus": null, "public_tra": null, "shop": null, "level": 0, "cuisine": "coffee_shop", "brand_zh": null, "name_zh": null, "takeaway": null, "opening_ho": null, "office": null, "railway": null, "leisure": null, "addr_distr": null, "addr_provi": null, "subway": null, "building": null, "horse": null, "locked": null, "access": null, "natural": null, "capacity": 0, "phone": null, "traffic_ca": null, "diet_veget": null, "artwork_ty": null, "delivery": null, "drive_thro": null, "outdoor_se": "yes", "sport": null, "crossing": null, "bench": null, "bin": null, "telecom": null, "historic": null, "man_made": null, "parking": null, "healthcare": null, "note": null, "operator": null, "waste": null, "parcel_pic": null, "diet_meat": null, "shelter_ty": null }, "geometry": { "type": "Point", "coordinates": [ 114.35419, 30.5303227 ] } },
{ "type": "Feature", "properties": { "LAYER": "shop - convenience", "GM_TYPE": "Shopping", "barrier": null, "name": "罗森", "id": 10743300000.0, "visible": "true", "version": 1, "changeset": 133821979, "timestamp": "2023-03-18T12:57:47Z", "user": "yawuxin", "uid": 18759123, "highway": null, "amenity": null, "place": null, "bicycle": null, "foot": null, "motor_vehi": null, "tourism": null, "addr_city": null, "addr_house": null, "addr_postc": 0, "addr_stree": null, "atm": null, "brand": "罗森", "brand_en": "LAWSON", "brand_wiki": "Q1557223", "brand_wik1": null, "name_en": "LAOSON", "bus": null, "public_tra": null, "shop": "convenience", "level": 0, "cuisine": null, "brand_zh": "罗森", "name_zh": "罗森", "takeaway": null, "opening_ho": null, "office": null, "railway": null, "leisure": null, "addr_distr": null, "addr_provi": null, "subway": null, "building": null, "horse": null, "locked": null, "access": null, "natural": null, "capacity": 0, "phone": null, "traffic_ca": null, "diet_veget": null, "artwork_ty": null, "delivery": null, "drive_thro": null, "outdoor_se": null, "sport": null, "crossing": null, "bench": null, "bin": null, "telecom": null, "historic": null, "man_made": null, "parking": null, "healthcare": null, "note": null, "operator": "罗森（中国）投资有限公司", "waste": null, "parcel_pic": null, "diet_meat": null, "shelter_ty": null }, "geometry": { "type": "Point", "coordinates": [ 114.3541906, 30.5302882 ] } },
{ "type": "Feature", "properties": { "LAYER": "amenity - cafe", "GM_TYPE": "Restaurant", "barrier": null, "name": "瑞幸咖啡", "id": 10743300000.0, "visible": "true", "version": 2, "changeset": 133844459, "timestamp": "2023-03-19T03:59:59Z", "user": "Lee2", "uid": 18761862, "highway": null, "amenity": "cafe", "place": null, "bicycle": null, "foot": null, "motor_vehi": null, "tourism": null, "addr_city": null, "addr_house": null, "addr_postc": 0, "addr_stree": null, "atm": null, "brand": "瑞幸咖啡", "brand_en": "Luckin Coffee", "brand_wiki": "Q56811344", "brand_wik1": null, "name_en": "Luckin Coffee", "bus": null, "public_tra": null, "shop": null, "level": 0, "cuisine": "coffee_shop", "brand_zh": "瑞幸咖啡", "name_zh": "瑞幸咖啡", "takeaway": "yes", "opening_ho": null, "office": null, "railway": null, "leisure": null, "addr_distr": null, "addr_provi": null, "subway": null, "building": null, "horse": null, "locked": null, "access": null, "natural": null, "capacity": 0, "phone": null, "traffic_ca": null, "diet_veget": null, "artwork_ty": null, "delivery": null, "drive_thro": null, "outdoor_se": null, "sport": null, "crossing": null, "bench": null, "bin": null, "telecom": null, "historic": null, "man_made": null, "parking": null, "healthcare": null, "note": null, "operator": null, "waste": null, "parcel_pic": null, "diet_meat": null, "shelter_ty": null }, "geometry": { "type": "Point", "coordinates": [ 114.3541923, 30.5302659 ] } },
{ "type": "Feature", "properties": { "LAYER": "tourism - hotel", "GM_TYPE": "Lodging", "barrier": null, "name": "武汉君宜王朝大饭店", "id": 10743300000.0, "visible": "true", "version": 1, "changeset": 133822579, "timestamp": "2023-03-18T13:18:06Z", "user": "ranyan QIAN", "uid": 18759641, "highway": null, "amenity": null, "place": null, "bicycle": null, "foot": null, "motor_vehi": null, "tourism": "hotel", "addr_city": "武汉市", "addr_house": null, "addr_postc": 430079, "addr_stree": "珞喻路", "atm": null, "brand": null, "brand_en": null, "brand_wiki": null, "brand_wik1": null, "name_en": null, "bus": null, "public_tra": null, "shop": null, "level": 0, "cuisine": null, "brand_zh": null, "name_zh": null, "takeaway": null, "opening_ho": null, "office": null, "railway": null, "leisure": null, "addr_distr": "洪山区", "addr_provi": "湖北省", "subway": null, "building": null, "horse": null, "locked": null, "access": null, "natural": null, "capacity": 0, "phone": null, "traffic_ca": null, "diet_veget": null, "artwork_ty": null, "delivery": null, "drive_thro": null, "outdoor_se": null, "sport": null, "crossing": null, "bench": null, "bin": null, "telecom": null, "historic": null, "man_made": null, "parking": null, "healthcare": null, "note": null, "operator": null, "waste": null, "parcel_pic": null, "diet_meat": null, "shelter_ty": null }, "geometry": { "type": "Point", "coordinates": [ 114.3551536, 30.5272917 ] } },
{ "type": "Feature", "properties": { "LAYER": "shop - 玩具商店", "GM_TYPE": "Shopping", "barrier": null, "name": "乐高", "id": 10743300000.0, "visible": "true", "version": 1, "changeset": 133822579, "timestamp": "2023-03-18T13:18:06Z", "user": "ranyan QIAN", "uid": 18759641, "highway": null, "amenity": null, "place": null, "bicycle": null, "foot": null, "motor_vehi": null, "tourism": null, "addr_city": "武汉", "addr_house": "1", "addr_postc": 430079, "addr_stree": "珞喻路", "atm": null, "brand": null, "brand_en": null, "brand_wiki": null, "brand_wik1": null, "name_en": null, "bus": null, "public_tra": null, "shop": "玩具商店", "level": 0, "cuisine": null, "brand_zh": null, "name_zh": null, "takeaway": null, "opening_ho": null, "office": null, "railway": null, "leisure": null, "addr_distr": "洪山区", "addr_provi": "湖北省", "subway": null, "building": null, "horse": null, "locked": null, "access": null, "natural": null, "capacity": 0, "phone": null, "traffic_ca": null, "diet_veget": null, "artwork_ty": null, "delivery": null, "drive_thro": null, "outdoor_se": null, "sport": null, "crossing": null, "bench": null, "bin": null, "telecom": null, "historic": null, "man_made": null, "parking": null, "healthcare": null, "note": null, "operator": null, "waste": null, "parcel_pic": null, "diet_meat": null, "shelter_ty": null }, "geometry": { "type": "Point", "coordinates": [ 114.3517211, 30.5284305 ] } },
{ "type": "Feature", "properties": { "LAYER": "highway - bus_stop", "GM_TYPE": "Unknown Point Feature", "barrier": null, "name": "校车1号线-信息学部图书馆站", "id": 10743400000.0, "visible": "true", "version": 1, "changeset": 133826053, "timestamp": "2023-03-18T14:52:12Z", "user": "TileBZ", "uid": 18756215, "highway": "bus_stop", "amenity": null, "place": null, "bicycle": null, "foot": null, "motor_vehi": null, "tourism": null, "addr_city": null, "addr_house": null, "addr_postc": 0, "addr_stree": null, "atm": null, "brand": null, "brand_en": null, "brand_wiki": null, "brand_wik1": null, "name_en": null, "bus": "yes", "public_tra": "platform", "shop": null, "level": 0, "cuisine": null, "brand_zh": null, "name_zh": null, "takeaway": null, "opening_ho": null, "office": null, "railway": null, "leisure": null, "addr_distr": null, "addr_provi": null, "subway": null, "building": null, "horse": null, "locked": null, "access": null, "natural": null, "capacity": 0, "phone": null, "traffic_ca": null, "diet_veget": null, "artwork_ty": null, "delivery": null, "drive_thro": null, "outdoor_se": null, "sport": null, "crossing": null, "bench": null, "bin": null, "telecom": null, "historic": null, "man_made": null, "parking": null, "healthcare": null, "note": null, "operator": null, "waste": null, "parcel_pic": null, "diet_meat": null, "shelter_ty": null }, "geometry": { "type": "Point", "coordinates": [ 114.3550633, 30.5317655 ] } },
{ "type": "Feature", "properties": { "LAYER": "amenity - fast_food", "GM_TYPE": "Restaurant", "barrier": null, "name": "肯德基", "id": 10743500000.0, "visible": "true", "version": 1, "changeset": 133827580, "timestamp": "2023-03-18T15:28:16Z", "user": "TileBZ", "uid": 18756215, "highway": null, "amenity": "fast_food", "place": null, "bicycle": null, "foot": null, "motor_vehi": null, "tourism": null, "addr_city": null, "addr_house": null, "addr_postc": 0, "addr_stree": null, "atm": null, "brand": "肯德基", "brand_en": "KFC", "brand_wiki": "Q524757", "brand_wik1": null, "name_en": "KFC", "bus": null, "public_tra": null, "shop": null, "level": 0, "cuisine": "chicken", "brand_zh": "肯德基", "name_zh": "肯德基", "takeaway": "yes", "opening_ho": null, "office": null, "railway": null, "leisure": null, "addr_distr": null, "addr_provi": null, "subway": null, "building": null, "horse": null, "locked": null, "access": null, "natural": null, "capacity": 0, "phone": null, "traffic_ca": null, "diet_veget": null, "artwork_ty": null, "delivery": null, "drive_thro": null, "outdoor_se": null, "sport": null, "crossing": null, "bench": null, "bin": null, "telecom": null, "historic": null, "man_made": null, "parking": null, "healthcare": null, "note": null, "operator": null, "waste": null, "parcel_pic": null, "diet_meat": null, "shelter_ty": null }, "geometry": { "type": "Point", "coordinates": [ 114.354369, 30.5302008 ] } },
{ "type": "Feature", "properties": { "LAYER": "amenity - restaurant", "GM_TYPE": "Restaurant", "barrier": null, "name": "嗨购猫", "id": 10744500000.0, "visible": "true", "version": 1, "changeset": 133843701, "timestamp": "2023-03-19T02:31:41Z", "user": "xiangnuo", "uid": 18759863, "highway": null, "amenity": "restaurant", "place": null, "bicycle": null, "foot": null, "motor_vehi": null, "tourism": null, "addr_city": null, "addr_house": null, "addr_postc": 0, "addr_stree": null, "atm": null, "brand": null, "brand_en": null, "brand_wiki": null, "brand_wik1": null, "name_en": null, "bus": null, "public_tra": null, "shop": null, "level": 0, "cuisine": null, "brand_zh": null, "name_zh": null, "takeaway": null, "opening_ho": null, "office": null, "railway": null, "leisure": null, "addr_distr": null, "addr_provi": null, "subway": null, "building": null, "horse": null, "locked": null, "access": null, "natural": null, "capacity": 0, "phone": null, "traffic_ca": null, "diet_veget": null, "artwork_ty": null, "delivery": null, "drive_thro": null, "outdoor_se": null, "sport": null, "crossing": null, "bench": null, "bin": null, "telecom": null, "historic": null, "man_made": null, "parking": null, "healthcare": null, "note": null, "operator": null, "waste": null, "parcel_pic": null, "diet_meat": null, "shelter_ty": null }, "geometry": { "type": "Point", "coordinates": [ 114.3541913, 30.5323082 ] } },
{ "type": "Feature", "properties": { "LAYER": "Unknown Point Feature", "GM_TYPE": "Unknown Point Feature", "barrier": null, "name": "六舍二号菜鸟驿站", "id": 10744500000.0, "visible": "true", "version": 1, "changeset": 133844640, "timestamp": "2023-03-19T04:20:11Z", "user": "Lee2", "uid": 18761862, "highway": null, "amenity": null, "place": null, "bicycle": null, "foot": null, "motor_vehi": null, "tourism": null, "addr_city": "武汉", "addr_house": null, "addr_postc": 0, "addr_stree": null, "atm": null, "brand": null, "brand_en": null, "brand_wiki": null, "brand_wik1": null, "name_en": null, "bus": null, "public_tra": null, "shop": null, "level": 0, "cuisine": null, "brand_zh": null, "name_zh": null, "takeaway": null, "opening_ho": null, "office": null, "railway": null, "leisure": null, "addr_distr": null, "addr_provi": null, "subway": null, "building": null, "horse": null, "locked": null, "access": null, "natural": null, "capacity": 0, "phone": null, "traffic_ca": null, "diet_veget": null, "artwork_ty": null, "delivery": null, "drive_thro": null, "outdoor_se": null, "sport": null, "crossing": null, "bench": null, "bin": null, "telecom": null, "historic": null, "man_made": null, "parking": null, "healthcare": null, "note": null, "operator": null, "waste": null, "parcel_pic": null, "diet_meat": null, "shelter_ty": null }, "geometry": { "type": "Point", "coordinates": [ 114.353611, 30.5301673 ] } },
{ "type": "Feature", "properties": { "LAYER": "Unknown Point Feature", "GM_TYPE": "Unknown Point Feature", "barrier": null, "name": "中通菜鸟驿站", "id": 10744500000.0, "visible": "true", "version": 1, "changeset": 133844640, "timestamp": "2023-03-19T04:20:11Z", "user": "Lee2", "uid": 18761862, "highway": null, "amenity": null, "place": null, "bicycle": null, "foot": null, "motor_vehi": null, "tourism": null, "addr_city": "武汉", "addr_house": null, "addr_postc": 0, "addr_stree": null, "atm": null, "brand": null, "brand_en": null, "brand_wiki": null, "brand_wik1": null, "name_en": null, "bus": null, "public_tra": null, "shop": null, "level": 0, "cuisine": null, "brand_zh": null, "name_zh": null, "takeaway": null, "opening_ho": null, "office": null, "railway": null, "leisure": null, "addr_distr": null, "addr_provi": null, "subway": null, "building": null, "horse": null, "locked": null, "access": null, "natural": null, "capacity": 0, "phone": null, "traffic_ca": null, "diet_veget": null, "artwork_ty": null, "delivery": null, "drive_thro": null, "outdoor_se": null, "sport": null, "crossing": null, "bench": null, "bin": null, "telecom": null, "historic": null, "man_made": null, "parking": null, "healthcare": null, "note": null, "operator": null, "waste": null, "parcel_pic": null, "diet_meat": null, "shelter_ty": null }, "geometry": { "type": "Point", "coordinates": [ 114.3536806, 30.5301668 ] } },
{ "type": "Feature", "properties": { "LAYER": "Unknown Point Feature", "GM_TYPE": "Unknown Point Feature", "barrier": null, "name": "顺丰快递", "id": 10744500000.0, "visible": "true", "version": 1, "changeset": 133844640, "timestamp": "2023-03-19T04:20:11Z", "user": "Lee2", "uid": 18761862, "highway": null, "amenity": null, "place": null, "bicycle": null, "foot": null, "motor_vehi": null, "tourism": null, "addr_city": "武汉", "addr_house": null, "addr_postc": 0, "addr_stree": null, "atm": null, "brand": null, "brand_en": null, "brand_wiki": null, "brand_wik1": null, "name_en": null, "bus": null, "public_tra": null, "shop": null, "level": 0, "cuisine": null, "brand_zh": null, "name_zh": null, "takeaway": null, "opening_ho": null, "office": null, "railway": null, "leisure": null, "addr_distr": null, "addr_provi": null, "subway": null, "building": null, "horse": null, "locked": null, "access": null, "natural": null, "capacity": 0, "phone": null, "traffic_ca": null, "diet_veget": null, "artwork_ty": null, "delivery": null, "drive_thro": null, "outdoor_se": null, "sport": null, "crossing": null, "bench": null, "bin": null, "telecom": null, "historic": null, "man_made": null, "parking": null, "healthcare": null, "note": null, "operator": null, "waste": null, "parcel_pic": null, "diet_meat": null, "shelter_ty": null }, "geometry": { "type": "Point", "coordinates": [ 114.3537383, 30.5301684 ] } },
{ "type": "Feature", "properties": { "LAYER": "amenity - shelter", "GM_TYPE": "Building", "barrier": null, "name": "武汉大学信息学部凉亭", "id": 10744900000.0, "visible": "true", "version": 1, "changeset": 133851861, "timestamp": "2023-03-19T10:24:41Z", "user": "Zijian Zhao", "uid": 18763193, "highway": null, "amenity": "shelter", "place": null, "bicycle": null, "foot": null, "motor_vehi": null, "tourism": null, "addr_city": null, "addr_house": null, "addr_postc": 0, "addr_stree": null, "atm": null, "brand": null, "brand_en": null, "brand_wiki": null, "brand_wik1": null, "name_en": null, "bus": null, "public_tra": null, "shop": null, "level": 0, "cuisine": null, "brand_zh": null, "name_zh": null, "takeaway": null, "opening_ho": null, "office": null, "railway": null, "leisure": null, "addr_distr": null, "addr_provi": null, "subway": null, "building": null, "horse": null, "locked": null, "access": null, "natural": null, "capacity": 0, "phone": null, "traffic_ca": null, "diet_veget": null, "artwork_ty": null, "delivery": null, "drive_thro": null, "outdoor_se": null, "sport": null, "crossing": null, "bench": null, "bin": null, "telecom": null, "historic": null, "man_made": null, "parking": null, "healthcare": null, "note": null, "operator": null, "waste": null, "parcel_pic": null, "diet_meat": null, "shelter_ty": "gazebo" }, "geometry": { "type": "Point", "coordinates": [ 114.356118, 30.5311253 ] } },
{ "type": "Feature", "properties": { "LAYER": "shop - copyshop", "GM_TYPE": "Shopping", "barrier": null, "name": "康康快印", "id": 10744900000.0, "visible": "true", "version": 1, "changeset": 133852012, "timestamp": "2023-03-19T10:28:27Z", "user": "Zijian Zhao", "uid": 18763193, "highway": null, "amenity": null, "place": null, "bicycle": null, "foot": null, "motor_vehi": null, "tourism": null, "addr_city": null, "addr_house": null, "addr_postc": 0, "addr_stree": null, "atm": null, "brand": null, "brand_en": null, "brand_wiki": null, "brand_wik1": null, "name_en": null, "bus": null, "public_tra": null, "shop": "copyshop", "level": 0, "cuisine": null, "brand_zh": null, "name_zh": null, "takeaway": null, "opening_ho": null, "office": null, "railway": null, "leisure": null, "addr_distr": null, "addr_provi": null, "subway": null, "building": null, "horse": null, "locked": null, "access": null, "natural": null, "capacity": 0, "phone": null, "traffic_ca": null, "diet_veget": null, "artwork_ty": null, "delivery": null, "drive_thro": null, "outdoor_se": null, "sport": null, "crossing": null, "bench": null, "bin": null, "telecom": null, "historic": null, "man_made": null, "parking": null, "healthcare": null, "note": null, "operator": null, "waste": null, "parcel_pic": null, "diet_meat": null, "shelter_ty": null }, "geometry": { "type": "Point", "coordinates": [ 114.3546919, 30.5336818 ] } },
{ "type": "Feature", "properties": { "LAYER": "tourism - artwork", "GM_TYPE": "Landmark", "barrier": null, "name": "陈永龄半身像", "id": 10744900000.0, "visible": "true", "version": 1, "changeset": 133852132, "timestamp": "2023-03-19T10:32:02Z", "user": "tanjieyi", "uid": 18711453, "highway": null, "amenity": null, "place": null, "bicycle": null, "foot": null, "motor_vehi": null, "tourism": "artwork", "addr_city": null, "addr_house": null, "addr_postc": 0, "addr_stree": null, "atm": null, "brand": null, "brand_en": null, "brand_wiki": null, "brand_wik1": null, "name_en": null, "bus": null, "public_tra": null, "shop": null, "level": 0, "cuisine": null, "brand_zh": null, "name_zh": null, "takeaway": null, "opening_ho": null, "office": null, "railway": null, "leisure": null, "addr_distr": null, "addr_provi": null, "subway": null, "building": null, "horse": null, "locked": null, "access": null, "natural": null, "capacity": 0, "phone": null, "traffic_ca": null, "diet_veget": null, "artwork_ty": "statue", "delivery": null, "drive_thro": null, "outdoor_se": null, "sport": null, "crossing": null, "bench": null, "bin": null, "telecom": null, "historic": null, "man_made": null, "parking": null, "healthcare": null, "note": null, "operator": null, "waste": null, "parcel_pic": null, "diet_meat": null, "shelter_ty": null }, "geometry": { "type": "Point", "coordinates": [ 114.357189, 30.5314273 ] } },
{ "type": "Feature", "properties": { "LAYER": "tourism - artwork", "GM_TYPE": "Landmark", "barrier": null, "name": "叶雪安半身像", "id": 10744900000.0, "visible": "true", "version": 1, "changeset": 133852132, "timestamp": "2023-03-19T10:32:02Z", "user": "tanjieyi", "uid": 18711453, "highway": null, "amenity": null, "place": null, "bicycle": null, "foot": null, "motor_vehi": null, "tourism": "artwork", "addr_city": null, "addr_house": null, "addr_postc": 0, "addr_stree": null, "atm": null, "brand": null, "brand_en": null, "brand_wiki": null, "brand_wik1": null, "name_en": null, "bus": null, "public_tra": null, "shop": null, "level": 0, "cuisine": null, "brand_zh": null, "name_zh": null, "takeaway": null, "opening_ho": null, "office": null, "railway": null, "leisure": null, "addr_distr": null, "addr_provi": null, "subway": null, "building": null, "horse": null, "locked": null, "access": null, "natural": null, "capacity": 0, "phone": null, "traffic_ca": null, "diet_veget": null, "artwork_ty": "statue", "delivery": null, "drive_thro": null, "outdoor_se": null, "sport": null, "crossing": null, "bench": null, "bin": null, "telecom": null, "historic": null, "man_made": null, "parking": null, "healthcare": null, "note": null, "operator": null, "waste": null, "parcel_pic": null, "diet_meat": null, "shelter_ty": null }, "geometry": { "type": "Point", "coordinates": [ 114.3571898, 30.5313088 ] } }
]
}
