{
"type": "FeatureCollection",
"name": "WHUInfo_Area",
"crs": { "type": "name", "properties": { "name": "urn:ogc:def:crs:OGC:1.3:CRS84" } },
"features": [
{ "type": "Feature", "properties": { "GM_LAYER": "leisure - swimming_pool", "GM_TYPE": "City Park", "ELEVATION": 0, "visible": "true", "version": 6, "changeset": 70211436, "timestamp": "2019-05-13T22:55:47Z", "user": "mapman44", "uid": 2888253, "covered": "no", "leisure": "swimming_pool", "name": "武汉大学信息学部游泳池", "sport": "swimming", "id": 85985400.0, "building": null, "building_l": 0, "height": null, "shop": null, "landuse": null, "addr_city": null, "addr_house": null, "addr_postc": 0, "addr_stree": null, "name_en": null, "website": null, "amenity": null, "addr_distr": null, "addr_hous1": null, "addr_provi": null, "int_name": null, "natural": null, "descriptio": null, "cuisine": null, "fast_food": null, "level": 0, "opening_h9": null, "designatio": null, "layer": 0, "area": null, "location": null, "public_tra": null, "railway": null, "subway": null, "station": null, "surface": null, "name_zh": null, "admin_leve": 0, "boundary": null, "water": null, "place": null, "building_p": null, "min_height": 0, "min": 0, "name_zh_H1": null, "name_zh_Ha": null, "operator": null, "operator_t": null, "short_name": null, "short_nam1": null, "short_nam2": null, "wikidata": null, "wikipedia": null, "garden_typ": null, "access": null, "note": null, "female": null, "toilets_di": null, "male": null, "wheelchair": null, "alt_name": null, "old_name": null, "PERIMETER": null, "ENCLOSED_A": null }, "geometry": { "type": "MultiPolygon", "coordinates": [ [ [ [ 114.351849, 30.5317388 ], [ 114.3521172, 30.5317388 ], [ 114.3521279, 30.5312952 ], [ 114.351849, 30.5312952 ], [ 114.351849, 30.5317388 ] ] ] ] } },
{ "type": "Feature", "properties": { "GM_LAYER": "building", "GM_TYPE": "Misc. Manmade Structure", "ELEVATION": 15, "visible": "true", "version": 8, "changeset": 64567929, "timestamp": "2018-11-16T13:52:40Z", "user": "二价氢", "uid": 3402944, "covered": null, "leisure": null, "name": "珞珈胡同", "sport": null, "id": 98965400.0, "building": "yes", "building_l": 18, "height": "15", "shop": null, "landuse": null, "addr_city": null, "addr_house": null, "addr_postc": 0, "addr_stree": null, "name_en": null, "website": null, "amenity": null, "addr_distr": null, "addr_hous1": null, "addr_provi": null, "int_name": null, "natural": null, "descriptio": null, "cuisine": null, "fast_food": null, "level": 0, "opening_h9": null, "designatio": null, "layer": 0, "area": null, "location": null, "public_tra": null, "railway": null, "subway": null, "station": null, "surface": null, "name_zh": null, "admin_leve": 0, "boundary": null, "water": null, "place": null, "building_p": null, "min_height": 0, "min": 0, "name_zh_H1": null, "name_zh_Ha": null, "operator": null, "operator_t": null, "short_name": null, "short_nam1": null, "short_nam2": null, "wikidata": null, "wikipedia": null, "garden_typ": null, "access": null, "note": null, "female": null, "toilets_di": null, "male": null, "wheelchair": null, "alt_name": null, "old_name": null, "PERIMETER": null, "ENCLOSED_A": null }, "geometry": { "type": "MultiPolygon", "coordinates": [ [ [ [ 114.3523616, 30.5282679 ], [ 114.3535559, 30.5282569 ], [ 114.3537884, 30.5282583 ], [ 114.3537993, 30.5277393 ], [ 114.3537636, 30.5276515 ], [ 114.3535706, 30.5277066 ], [ 114.3532601, 30.5277953 ], [ 114.3530371, 30.527859 ], [ 114.3528861, 30.5279022 ], [ 114.3527456, 30.5279423 ], [ 114.3526073, 30.5279818 ], [ 114.352248, 30.5280845 ], [ 114.3523616, 30.5282679 ] ] ] ] } },
{ "type": "Feature", "properties": { "GM_LAYER": "shop - mall", "GM_TYPE": "Misc. Manmade Structure", "ELEVATION": 15, "visible": "true", "version": 9, "changeset": 127678622, "timestamp": "2022-10-17T15:04:36Z", "user": "jiebarbarossa", "uid": 16220259, "covered": null, "leisure": null, "name": "新世界百货（武昌店）", "sport": null, "id": 98965700.0, "building": "yes", "building_l": 25, "height": "15", "shop": "mall", "landuse": null, "addr_city": null, "addr_house": null, "addr_postc": 0, "addr_stree": null, "name_en": null, "website": null, "amenity": null, "addr_distr": null, "addr_hous1": null, "addr_provi": null, "int_name": null, "natural": null, "descriptio": null, "cuisine": null, "fast_food": null, "level": 0, "opening_h9": null, "designatio": null, "layer": 0, "area": null, "location": null, "public_tra": null, "railway": null, "subway": null, "station": null, "surface": null, "name_zh": null, "admin_leve": 0, "boundary": null, "water": null, "place": null, "building_p": null, "min_height": 0, "min": 0, "name_zh_H1": null, "name_zh_Ha": null, "operator": null, "operator_t": null, "short_name": null, "short_nam1": null, "short_nam2": null, "wikidata": null, "wikipedia": null, "garden_typ": null, "access": null, "note": null, "female": null, "toilets_di": null, "male": null, "wheelchair": null, "alt_name": null, "old_name": null, "PERIMETER": null, "ENCLOSED_A": null }, "geometry": { "type": "MultiPolygon", "coordinates": [ [ [ [ 114.3482623, 30.5292245 ], [ 114.3485711, 30.5300252 ], [ 114.3485976, 30.5300179 ], [ 114.3488681, 30.5299396 ], [ 114.3489781, 30.5299127 ], [ 114.3489088, 30.5294117 ], [ 114.3490009, 30.5293389 ], [ 114.3488745, 30.5290076 ], [ 114.3488647, 30.5289868 ], [ 114.3483279, 30.5291282 ], [ 114.3482998, 30.5291424 ], [ 114.3482754, 30.5291678 ], [ 114.3482621, 30.5291921 ], [ 114.3482623, 30.5292245 ] ] ] ] } },
{ "type": "Feature", "properties": { "GM_LAYER": "landuse - retail", "GM_TYPE": "Metro Area", "ELEVATION": 0, "visible": "true", "version": 2, "changeset": 7612604, "timestamp": "2011-03-20T05:29:52Z", "user": "GeoSUN", "uid": 414582, "covered": null, "leisure": null, "name": "汇通大厦", "sport": null, "id": 102161000.0, "building": null, "building_l": 0, "height": null, "shop": null, "landuse": "retail", "addr_city": null, "addr_house": null, "addr_postc": 0, "addr_stree": null, "name_en": null, "website": null, "amenity": null, "addr_distr": null, "addr_hous1": null, "addr_provi": null, "int_name": null, "natural": null, "descriptio": null, "cuisine": null, "fast_food": null, "level": 0, "opening_h9": null, "designatio": null, "layer": 0, "area": null, "location": null, "public_tra": null, "railway": null, "subway": null, "station": null, "surface": null, "name_zh": null, "admin_leve": 0, "boundary": null, "water": null, "place": null, "building_p": null, "min_height": 0, "min": 0, "name_zh_H1": null, "name_zh_Ha": null, "operator": null, "operator_t": null, "short_name": null, "short_nam1": null, "short_nam2": null, "wikidata": null, "wikipedia": null, "garden_typ": null, "access": null, "note": null, "female": null, "toilets_di": null, "male": null, "wheelchair": null, "alt_name": null, "old_name": null, "PERIMETER": null, "ENCLOSED_A": null }, "geometry": { "type": "MultiPolygon", "coordinates": [ [ [ [ 114.356952248234791, 30.526281811282637 ], [ 114.3569022, 30.5263093 ], [ 114.3571033, 30.5265951 ], [ 114.357109986922154, 30.526591450547258 ], [ 114.356952248234791, 30.526281811282637 ] ] ] ] } },
{ "type": "Feature", "properties": { "GM_LAYER": "building", "GM_TYPE": "Misc. Manmade Structure", "ELEVATION": 0, "visible": "true", "version": 1, "changeset": 7522215, "timestamp": "2011-03-11T11:33:39Z", "user": "GeoSUN", "uid": 414582, "covered": null, "leisure": null, "name": null, "sport": null, "id": 103640000.0, "building": "yes", "building_l": 0, "height": null, "shop": null, "landuse": null, "addr_city": null, "addr_house": null, "addr_postc": 0, "addr_stree": null, "name_en": null, "website": null, "amenity": null, "addr_distr": null, "addr_hous1": null, "addr_provi": null, "int_name": null, "natural": null, "descriptio": null, "cuisine": null, "fast_food": null, "level": 0, "opening_h9": null, "designatio": null, "layer": 0, "area": null, "location": null, "public_tra": null, "railway": null, "subway": null, "station": null, "surface": null, "name_zh": null, "admin_leve": 0, "boundary": null, "water": null, "place": null, "building_p": null, "min_height": 0, "min": 0, "name_zh_H1": null, "name_zh_Ha": null, "operator": null, "operator_t": null, "short_name": null, "short_nam1": null, "short_nam2": null, "wikidata": null, "wikipedia": null, "garden_typ": null, "access": null, "note": null, "female": null, "toilets_di": null, "male": null, "wheelchair": null, "alt_name": null, "old_name": null, "PERIMETER": null, "ENCLOSED_A": null }, "geometry": { "type": "MultiPolygon", "coordinates": [ [ [ [ 114.3589919, 30.5329151 ], [ 114.359012989679982, 30.532963286723326 ], [ 114.359592660420631, 30.532741357121822 ], [ 114.3595844, 30.5327225 ], [ 114.3589919, 30.5329151 ] ] ] ] } },
{ "type": "Feature", "properties": { "GM_LAYER": "building", "GM_TYPE": "Misc. Manmade Structure", "ELEVATION": 0, "visible": "true", "version": 2, "changeset": 26777508, "timestamp": "2014-11-14T13:55:42Z", "user": "SimpleLuke", "uid": 2092629, "covered": null, "leisure": null, "name": null, "sport": null, "id": 103747000.0, "building": "yes", "building_l": 0, "height": null, "shop": null, "landuse": null, "addr_city": null, "addr_house": null, "addr_postc": 0, "addr_stree": null, "name_en": null, "website": null, "amenity": null, "addr_distr": null, "addr_hous1": null, "addr_provi": null, "int_name": null, "natural": null, "descriptio": null, "cuisine": null, "fast_food": null, "level": 0, "opening_h9": null, "designatio": null, "layer": 0, "area": null, "location": null, "public_tra": null, "railway": null, "subway": null, "station": null, "surface": null, "name_zh": null, "admin_leve": 0, "boundary": null, "water": null, "place": null, "building_p": null, "min_height": 0, "min": 0, "name_zh_H1": null, "name_zh_Ha": null, "operator": null, "operator_t": null, "short_name": null, "short_nam1": null, "short_nam2": null, "wikidata": null, "wikipedia": null, "garden_typ": null, "access": null, "note": null, "female": null, "toilets_di": null, "male": null, "wheelchair": null, "alt_name": null, "old_name": null, "PERIMETER": null, "ENCLOSED_A": null }, "geometry": { "type": "MultiPolygon", "coordinates": [ [ [ [ 114.356983, 30.5337007 ], [ 114.356996739043495, 30.533735217526285 ], [ 114.357438901502377, 30.533565933601043 ], [ 114.356983, 30.5337007 ] ] ] ] } },
{ "type": "Feature", "properties": { "GM_LAYER": "building", "GM_TYPE": "Misc. Manmade Structure", "ELEVATION": 0, "visible": "true", "version": 9, "changeset": 53332871, "timestamp": "2017-10-29T05:44:21Z", "user": "FlyingXiang", "uid": 1018672, "covered": null, "leisure": null, "name": "测绘学院(4号教学楼)", "sport": null, "id": 104108000.0, "building": "yes", "building_l": 4, "height": null, "shop": null, "landuse": null, "addr_city": "武汉", "addr_house": "129", "addr_postc": 430079, "addr_stree": "珞喻路", "name_en": "School of Geodesy and Geomatics", "website": "http://main.sgg.whu.edu.cn/", "amenity": null, "addr_distr": null, "addr_hous1": null, "addr_provi": null, "int_name": null, "natural": null, "descriptio": null, "cuisine": null, "fast_food": null, "level": 0, "opening_h9": null, "designatio": null, "layer": 0, "area": null, "location": null, "public_tra": null, "railway": null, "subway": null, "station": null, "surface": null, "name_zh": null, "admin_leve": 0, "boundary": null, "water": null, "place": null, "building_p": null, "min_height": 0, "min": 0, "name_zh_H1": null, "name_zh_Ha": null, "operator": null, "operator_t": null, "short_name": null, "short_nam1": null, "short_nam2": null, "wikidata": null, "wikipedia": null, "garden_typ": null, "access": null, "note": null, "female": null, "toilets_di": null, "male": null, "wheelchair": null, "alt_name": null, "old_name": null, "PERIMETER": null, "ENCLOSED_A": null }, "geometry": { "type": "MultiPolygon", "coordinates": [ [ [ [ 114.3564253, 30.5281895 ], [ 114.3564246, 30.5283845 ], [ 114.3565685, 30.5283849 ], [ 114.3565686, 30.5283555 ], [ 114.3569674, 30.5283563 ], [ 114.3569664, 30.5287492 ], [ 114.3571107, 30.5287483 ], [ 114.3571101, 30.5286819 ], [ 114.3571113, 30.5284242 ], [ 114.3572319, 30.5284247 ], [ 114.3572333, 30.5281832 ], [ 114.3571047, 30.5281827 ], [ 114.3571045, 30.5282115 ], [ 114.3565496, 30.5282095 ], [ 114.3565496, 30.5281899 ], [ 114.3564253, 30.5281895 ] ] ] ] } },
{ "type": "Feature", "properties": { "GM_LAYER": "building", "GM_TYPE": "Misc. Manmade Structure", "ELEVATION": 0, "visible": "true", "version": 6, "changeset": 48021629, "timestamp": "2017-04-22T03:58:21Z", "user": "samsung galaxy s6", "uid": 3691120, "covered": null, "leisure": null, "name": "武汉大学图书馆(信息分馆)", "sport": null, "id": 104108000.0, "building": "yes", "building_l": 3, "height": null, "shop": null, "landuse": null, "addr_city": null, "addr_house": null, "addr_postc": 0, "addr_stree": null, "name_en": null, "website": null, "amenity": "library", "addr_distr": null, "addr_hous1": null, "addr_provi": null, "int_name": null, "natural": null, "descriptio": null, "cuisine": null, "fast_food": null, "level": 0, "opening_h9": null, "designatio": null, "layer": 0, "area": null, "location": null, "public_tra": null, "railway": null, "subway": null, "station": null, "surface": null, "name_zh": null, "admin_leve": 0, "boundary": null, "water": null, "place": null, "building_p": null, "min_height": 0, "min": 0, "name_zh_H1": null, "name_zh_Ha": null, "operator": null, "operator_t": null, "short_name": null, "short_nam1": null, "short_nam2": null, "wikidata": null, "wikipedia": null, "garden_typ": null, "access": null, "note": null, "female": null, "toilets_di": null, "male": null, "wheelchair": null, "alt_name": null, "old_name": null, "PERIMETER": null, "ENCLOSED_A": null }, "geometry": { "type": "MultiPolygon", "coordinates": [ [ [ [ 114.3551874, 30.5312743 ], [ 114.3551907, 30.5315308 ], [ 114.3553574, 30.5315295 ], [ 114.3553599, 30.5316047 ], [ 114.355987, 30.531599 ], [ 114.3559878, 30.5315249 ], [ 114.3561378, 30.5315234 ], [ 114.3561386, 30.5312692 ], [ 114.3551874, 30.5312743 ] ] ] ] } },
{ "type": "Feature", "properties": { "GM_LAYER": "leisure - pitch", "GM_TYPE": "Misc. Manmade Structure", "ELEVATION": 0, "visible": "true", "version": 1, "changeset": 7553345, "timestamp": "2011-03-14T07:46:33Z", "user": "GeoSUN", "uid": 414582, "covered": null, "leisure": "pitch", "name": null, "sport": null, "id": 104108000.0, "building": null, "building_l": 0, "height": null, "shop": null, "landuse": null, "addr_city": null, "addr_house": null, "addr_postc": 0, "addr_stree": null, "name_en": null, "website": null, "amenity": null, "addr_distr": null, "addr_hous1": null, "addr_provi": null, "int_name": null, "natural": null, "descriptio": null, "cuisine": null, "fast_food": null, "level": 0, "opening_h9": null, "designatio": null, "layer": 0, "area": null, "location": null, "public_tra": null, "railway": null, "subway": null, "station": null, "surface": null, "name_zh": null, "admin_leve": 0, "boundary": null, "water": null, "place": null, "building_p": null, "min_height": 0, "min": 0, "name_zh_H1": null, "name_zh_Ha": null, "operator": null, "operator_t": null, "short_name": null, "short_nam1": null, "short_nam2": null, "wikidata": null, "wikipedia": null, "garden_typ": null, "access": null, "note": null, "female": null, "toilets_di": null, "male": null, "wheelchair": null, "alt_name": null, "old_name": null, "PERIMETER": null, "ENCLOSED_A": null }, "geometry": { "type": "MultiPolygon", "coordinates": [ [ [ [ 114.3578402, 30.532666 ], [ 114.3582023, 30.532659 ], [ 114.3581915, 30.5321323 ], [ 114.357816, 30.5321346 ], [ 114.3578107, 30.5325597 ], [ 114.3578402, 30.532666 ] ] ] ] } },
{ "type": "Feature", "properties": { "GM_LAYER": "building", "GM_TYPE": "Misc. Manmade Structure", "ELEVATION": 0, "visible": "true", "version": 3, "changeset": 133852132, "timestamp": "2023-03-19T10:32:02Z", "user": "tanjieyi", "uid": 18711453, "covered": null, "leisure": null, "name": "双泽楼", "sport": null, "id": 104108000.0, "building": "yes", "building_l": 0, "height": null, "shop": null, "landuse": null, "addr_city": null, "addr_house": null, "addr_postc": 0, "addr_stree": null, "name_en": null, "website": null, "amenity": null, "addr_distr": null, "addr_hous1": null, "addr_provi": null, "int_name": null, "natural": null, "descriptio": null, "cuisine": null, "fast_food": null, "level": 0, "opening_h9": null, "designatio": null, "layer": 0, "area": null, "location": null, "public_tra": null, "railway": null, "subway": null, "station": null, "surface": null, "name_zh": null, "admin_leve": 0, "boundary": null, "water": null, "place": null, "building_p": null, "min_height": 0, "min": 0, "name_zh_H1": null, "name_zh_Ha": null, "operator": null, "operator_t": null, "short_name": null, "short_nam1": null, "short_nam2": null, "wikidata": null, "wikipedia": null, "garden_typ": null, "access": null, "note": null, "female": null, "toilets_di": null, "male": null, "wheelchair": null, "alt_name": null, "old_name": null, "PERIMETER": null, "ENCLOSED_A": null }, "geometry": { "type": "MultiPolygon", "coordinates": [ [ [ [ 114.3565221, 30.5273175 ], [ 114.3565231, 30.5271179 ], [ 114.3559061, 30.5271208 ], [ 114.3559125, 30.5272268 ], [ 114.356017, 30.5272268 ], [ 114.3560225, 30.5273191 ], [ 114.3565221, 30.5273175 ] ] ] ] } },
{ "type": "Feature", "properties": { "GM_LAYER": "building - school", "GM_TYPE": "Misc. Manmade Structure", "ELEVATION": 0, "visible": "true", "version": 4, "changeset": 53718157, "timestamp": "2017-11-12T16:58:12Z", "user": "Supaplex", "uid": 274857, "covered": null, "leisure": null, "name": null, "sport": null, "id": 104108000.0, "building": "school", "building_l": 0, "height": null, "shop": null, "landuse": null, "addr_city": null, "addr_house": null, "addr_postc": 0, "addr_stree": null, "name_en": null, "website": null, "amenity": null, "addr_distr": null, "addr_hous1": null, "addr_provi": null, "int_name": null, "natural": null, "descriptio": null, "cuisine": null, "fast_food": null, "level": 0, "opening_h9": null, "designatio": null, "layer": 0, "area": null, "location": null, "public_tra": null, "railway": null, "subway": null, "station": null, "surface": null, "name_zh": null, "admin_leve": 0, "boundary": null, "water": null, "place": null, "building_p": null, "min_height": 0, "min": 0, "name_zh_H1": null, "name_zh_Ha": null, "operator": null, "operator_t": null, "short_name": null, "short_nam1": null, "short_nam2": null, "wikidata": null, "wikipedia": null, "garden_typ": null, "access": null, "note": null, "female": null, "toilets_di": null, "male": null, "wheelchair": null, "alt_name": null, "old_name": null, "PERIMETER": null, "ENCLOSED_A": null }, "geometry": { "type": "MultiPolygon", "coordinates": [ [ [ [ 114.3576211, 30.531047 ], [ 114.3576216, 30.5311746 ], [ 114.3581278, 30.5311732 ], [ 114.3581288, 30.5314288 ], [ 114.3579252, 30.5314293 ], [ 114.3579292, 30.5315201 ], [ 114.3579258, 30.5316009 ], [ 114.3580013, 30.5316007 ], [ 114.358002, 30.5318002 ], [ 114.3576702, 30.531801 ], [ 114.3576707, 30.5319504 ], [ 114.3581373, 30.5319491 ], [ 114.3581368, 30.5317984 ], [ 114.3580666, 30.5317985 ], [ 114.3580659, 30.5315919 ], [ 114.3584083, 30.531591 ], [ 114.3584076, 30.5314033 ], [ 114.3582301, 30.5314038 ], [ 114.3582296, 30.531257 ], [ 114.3584007, 30.5312565 ], [ 114.3583999, 30.5310449 ], [ 114.3576211, 30.531047 ] ] ] ] } },
{ "type": "Feature", "properties": { "GM_LAYER": "building", "GM_TYPE": "Misc. Manmade Structure", "ELEVATION": 0, "visible": "true", "version": 4, "changeset": 9080911, "timestamp": "2011-08-21T06:22:56Z", "user": "GeoSUN", "uid": 414582, "covered": null, "leisure": null, "name": "武汉电脑大世界", "sport": null, "id": 104108000.0, "building": "yes", "building_l": 0, "height": null, "shop": null, "landuse": null, "addr_city": null, "addr_house": null, "addr_postc": 0, "addr_stree": null, "name_en": null, "website": null, "amenity": null, "addr_distr": null, "addr_hous1": null, "addr_provi": null, "int_name": null, "natural": null, "descriptio": null, "cuisine": null, "fast_food": null, "level": 0, "opening_h9": null, "designatio": null, "layer": 0, "area": null, "location": null, "public_tra": null, "railway": null, "subway": null, "station": null, "surface": null, "name_zh": null, "admin_leve": 0, "boundary": null, "water": null, "place": null, "building_p": null, "min_height": 0, "min": 0, "name_zh_H1": null, "name_zh_Ha": null, "operator": null, "operator_t": null, "short_name": null, "short_nam1": null, "short_nam2": null, "wikidata": null, "wikipedia": null, "garden_typ": null, "access": null, "note": null, "female": null, "toilets_di": null, "male": null, "wheelchair": null, "alt_name": null, "old_name": null, "PERIMETER": null, "ENCLOSED_A": null }, "geometry": { "type": "MultiPolygon", "coordinates": [ [ [ [ 114.3559552, 30.5268793 ], [ 114.3560395, 30.5270055 ], [ 114.3565137, 30.5267777 ], [ 114.3566965, 30.52706 ], [ 114.3568675, 30.5269776 ], [ 114.3566907, 30.5267014 ], [ 114.3566532, 30.5266621 ], [ 114.3565834, 30.5266252 ], [ 114.3565164, 30.5266159 ], [ 114.3564627, 30.5266206 ], [ 114.3559552, 30.5268793 ] ] ] ] } },
{ "type": "Feature", "properties": { "GM_LAYER": "building", "GM_TYPE": "Misc. Manmade Structure", "ELEVATION": 0, "visible": "true", "version": 3, "changeset": 9696786, "timestamp": "2011-10-30T18:40:33Z", "user": "xybot", "uid": 70696, "covered": null, "leisure": null, "name": "大学生活动中心", "sport": null, "id": 104108000.0, "building": "yes", "building_l": 0, "height": null, "shop": null, "landuse": null, "addr_city": null, "addr_house": null, "addr_postc": 0, "addr_stree": null, "name_en": null, "website": null, "amenity": null, "addr_distr": null, "addr_hous1": null, "addr_provi": null, "int_name": null, "natural": null, "descriptio": null, "cuisine": null, "fast_food": null, "level": 0, "opening_h9": null, "designatio": null, "layer": 0, "area": null, "location": null, "public_tra": null, "railway": null, "subway": null, "station": null, "surface": null, "name_zh": null, "admin_leve": 0, "boundary": null, "water": null, "place": null, "building_p": null, "min_height": 0, "min": 0, "name_zh_H1": null, "name_zh_Ha": null, "operator": null, "operator_t": null, "short_name": null, "short_nam1": null, "short_nam2": null, "wikidata": null, "wikipedia": null, "garden_typ": null, "access": null, "note": null, "female": null, "toilets_di": null, "male": null, "wheelchair": null, "alt_name": null, "old_name": null, "PERIMETER": null, "ENCLOSED_A": null }, "geometry": { "type": "MultiPolygon", "coordinates": [ [ [ [ 114.3572058, 30.5295896 ], [ 114.3572043, 30.5292657 ], [ 114.3571239, 30.529266 ], [ 114.3571236, 30.5292075 ], [ 114.3565554, 30.5292095 ], [ 114.3565572, 30.5295919 ], [ 114.3572058, 30.5295896 ] ] ] ] } },
{ "type": "Feature", "properties": { "GM_LAYER": "building - college", "GM_TYPE": "Misc. Manmade Structure", "ELEVATION": 0, "visible": "true", "version": 10, "changeset": 118046482, "timestamp": "2022-03-03T08:31:21Z", "user": "FengDad", "uid": 15218687, "covered": null, "leisure": null, "name": "资源与环境科学学院（7号教学楼）", "sport": null, "id": 104108000.0, "building": "college", "building_l": 5, "height": null, "shop": null, "landuse": null, "addr_city": "武汉市", "addr_house": "129号", "addr_postc": 430079, "addr_stree": "珞喻路", "name_en": null, "website": null, "amenity": null, "addr_distr": "洪山区", "addr_hous1": "7号教学楼", "addr_provi": "湖北省", "int_name": "School of Resource and Environmental Science", "natural": null, "descriptio": null, "cuisine": null, "fast_food": null, "level": 0, "opening_h9": null, "designatio": null, "layer": 0, "area": null, "location": null, "public_tra": null, "railway": null, "subway": null, "station": null, "surface": null, "name_zh": null, "admin_leve": 0, "boundary": null, "water": null, "place": null, "building_p": null, "min_height": 0, "min": 0, "name_zh_H1": null, "name_zh_Ha": null, "operator": null, "operator_t": null, "short_name": null, "short_nam1": null, "short_nam2": null, "wikidata": null, "wikipedia": null, "garden_typ": null, "access": null, "note": null, "female": null, "toilets_di": null, "male": null, "wheelchair": null, "alt_name": null, "old_name": null, "PERIMETER": null, "ENCLOSED_A": null }, "geometry": { "type": "MultiPolygon", "coordinates": [ [ [ [ 114.3549873, 30.5279595 ], [ 114.354989, 30.5277746 ], [ 114.3549616, 30.5277744 ], [ 114.3549641, 30.5276315 ], [ 114.3547849, 30.5276324 ], [ 114.3547855, 30.5276508 ], [ 114.3541795, 30.5276591 ], [ 114.3541755, 30.5278278 ], [ 114.3543449, 30.5278293 ], [ 114.354342, 30.5280734 ], [ 114.3543366, 30.5282165 ], [ 114.3544841, 30.5282171 ], [ 114.3544802, 30.5280767 ], [ 114.3544823, 30.5277982 ], [ 114.3548606, 30.5278003 ], [ 114.3548601, 30.5278726 ], [ 114.3548323, 30.5278724 ], [ 114.3548315, 30.5279584 ], [ 114.3549873, 30.5279595 ] ] ] ] } },
{ "type": "Feature", "properties": { "GM_LAYER": "building", "GM_TYPE": "Misc. Manmade Structure", "ELEVATION": 0, "visible": "true", "version": 1, "changeset": 7553345, "timestamp": "2011-03-14T07:46:34Z", "user": "GeoSUN", "uid": 414582, "covered": null, "leisure": null, "name": null, "sport": null, "id": 104108000.0, "building": "yes", "building_l": 0, "height": null, "shop": null, "landuse": null, "addr_city": null, "addr_house": null, "addr_postc": 0, "addr_stree": null, "name_en": null, "website": null, "amenity": null, "addr_distr": null, "addr_hous1": null, "addr_provi": null, "int_name": null, "natural": null, "descriptio": null, "cuisine": null, "fast_food": null, "level": 0, "opening_h9": null, "designatio": null, "layer": 0, "area": null, "location": null, "public_tra": null, "railway": null, "subway": null, "station": null, "surface": null, "name_zh": null, "admin_leve": 0, "boundary": null, "water": null, "place": null, "building_p": null, "min_height": 0, "min": 0, "name_zh_H1": null, "name_zh_Ha": null, "operator": null, "operator_t": null, "short_name": null, "short_nam1": null, "short_nam2": null, "wikidata": null, "wikipedia": null, "garden_typ": null, "access": null, "note": null, "female": null, "toilets_di": null, "male": null, "wheelchair": null, "alt_name": null, "old_name": null, "PERIMETER": null, "ENCLOSED_A": null }, "geometry": { "type": "MultiPolygon", "coordinates": [ [ [ [ 114.3568397, 30.5270125 ], [ 114.356888, 30.5270818 ], [ 114.3569309, 30.5270634 ], [ 114.3574593, 30.5279529 ], [ 114.3577597, 30.5284866 ], [ 114.3578107, 30.5284704 ], [ 114.3575451, 30.5279991 ], [ 114.3569577, 30.526964 ], [ 114.3568397, 30.5270125 ] ] ] ] } },
{ "type": "Feature", "properties": { "GM_LAYER": "building", "GM_TYPE": "Misc. Manmade Structure", "ELEVATION": 0, "visible": "true", "version": 2, "changeset": 32356045, "timestamp": "2015-07-02T14:57:38Z", "user": "SimpleLuke", "uid": 2092629, "covered": null, "leisure": null, "name": null, "sport": null, "id": 104108000.0, "building": "yes", "building_l": 0, "height": null, "shop": null, "landuse": null, "addr_city": null, "addr_house": null, "addr_postc": 0, "addr_stree": null, "name_en": null, "website": null, "amenity": null, "addr_distr": null, "addr_hous1": null, "addr_provi": null, "int_name": null, "natural": null, "descriptio": null, "cuisine": null, "fast_food": null, "level": 0, "opening_h9": null, "designatio": null, "layer": 0, "area": null, "location": null, "public_tra": null, "railway": null, "subway": null, "station": null, "surface": null, "name_zh": null, "admin_leve": 0, "boundary": null, "water": null, "place": null, "building_p": null, "min_height": 0, "min": 0, "name_zh_H1": null, "name_zh_Ha": null, "operator": null, "operator_t": null, "short_name": null, "short_nam1": null, "short_nam2": null, "wikidata": null, "wikipedia": null, "garden_typ": null, "access": null, "note": null, "female": null, "toilets_di": null, "male": null, "wheelchair": null, "alt_name": null, "old_name": null, "PERIMETER": null, "ENCLOSED_A": null }, "geometry": { "type": "MultiPolygon", "coordinates": [ [ [ [ 114.3579997, 30.530754 ], [ 114.3580047, 30.5302812 ], [ 114.3575976, 30.530278 ], [ 114.3575959, 30.5304346 ], [ 114.3579042, 30.530437 ], [ 114.3579024, 30.5306055 ], [ 114.3576748, 30.5306037 ], [ 114.3576732, 30.5307515 ], [ 114.3579997, 30.530754 ] ] ] ] } },
{ "type": "Feature", "properties": { "GM_LAYER": "building", "GM_TYPE": "Misc. Manmade Structure", "ELEVATION": 0, "visible": "true", "version": 1, "changeset": 7562962, "timestamp": "2011-03-15T02:43:05Z", "user": "GeoSUN", "uid": 414582, "covered": null, "leisure": null, "name": null, "sport": null, "id": 104219000.0, "building": "yes", "building_l": 0, "height": null, "shop": null, "landuse": null, "addr_city": null, "addr_house": null, "addr_postc": 0, "addr_stree": null, "name_en": null, "website": null, "amenity": null, "addr_distr": null, "addr_hous1": null, "addr_provi": null, "int_name": null, "natural": null, "descriptio": null, "cuisine": null, "fast_food": null, "level": 0, "opening_h9": null, "designatio": null, "layer": 0, "area": null, "location": null, "public_tra": null, "railway": null, "subway": null, "station": null, "surface": null, "name_zh": null, "admin_leve": 0, "boundary": null, "water": null, "place": null, "building_p": null, "min_height": 0, "min": 0, "name_zh_H1": null, "name_zh_Ha": null, "operator": null, "operator_t": null, "short_name": null, "short_nam1": null, "short_nam2": null, "wikidata": null, "wikipedia": null, "garden_typ": null, "access": null, "note": null, "female": null, "toilets_di": null, "male": null, "wheelchair": null, "alt_name": null, "old_name": null, "PERIMETER": null, "ENCLOSED_A": null }, "geometry": { "type": "MultiPolygon", "coordinates": [ [ [ [ 114.3579898, 30.5291532 ], [ 114.3579216, 30.5288804 ], [ 114.3578148, 30.5289002 ], [ 114.3578829, 30.529173 ], [ 114.3579898, 30.5291532 ] ] ] ] } },
{ "type": "Feature", "properties": { "GM_LAYER": "building", "GM_TYPE": "Misc. Manmade Structure", "ELEVATION": 0, "visible": "true", "version": 4, "changeset": 62232286, "timestamp": "2018-09-03T00:58:51Z", "user": "John Bek", "uid": 3800987, "covered": null, "leisure": null, "name": "国软行政楼", "sport": null, "id": 104219000.0, "building": "yes", "building_l": 14, "height": null, "shop": null, "landuse": null, "addr_city": null, "addr_house": null, "addr_postc": 0, "addr_stree": null, "name_en": null, "website": null, "amenity": null, "addr_distr": null, "addr_hous1": null, "addr_provi": null, "int_name": null, "natural": null, "descriptio": null, "cuisine": null, "fast_food": null, "level": 0, "opening_h9": null, "designatio": null, "layer": 0, "area": null, "location": null, "public_tra": null, "railway": null, "subway": null, "station": null, "surface": null, "name_zh": null, "admin_leve": 0, "boundary": null, "water": null, "place": null, "building_p": null, "min_height": 0, "min": 0, "name_zh_H1": null, "name_zh_Ha": null, "operator": null, "operator_t": null, "short_name": null, "short_nam1": null, "short_nam2": null, "wikidata": null, "wikipedia": null, "garden_typ": null, "access": null, "note": null, "female": null, "toilets_di": null, "male": null, "wheelchair": null, "alt_name": null, "old_name": null, "PERIMETER": null, "ENCLOSED_A": null }, "geometry": { "type": "MultiPolygon", "coordinates": [ [ [ [ 114.351248, 30.5293976 ], [ 114.3508622, 30.5293896 ], [ 114.3508595, 30.5295085 ], [ 114.350987, 30.5296327 ], [ 114.350998, 30.529508 ], [ 114.3512457, 30.5295112 ], [ 114.351248, 30.5293976 ] ] ] ] } },
{ "type": "Feature", "properties": { "GM_LAYER": "landuse - construction", "GM_TYPE": "Unknown Area Type", "ELEVATION": 0, "visible": "true", "version": 4, "changeset": 68540363, "timestamp": "2019-03-26T10:23:40Z", "user": "Yienlilu", "uid": 9332744, "covered": null, "leisure": null, "name": "国家网络安全学院操场", "sport": null, "id": 104219000.0, "building": null, "building_l": 0, "height": null, "shop": null, "landuse": "construction", "addr_city": null, "addr_house": null, "addr_postc": 0, "addr_stree": null, "name_en": null, "website": null, "amenity": null, "addr_distr": null, "addr_hous1": null, "addr_provi": null, "int_name": null, "natural": null, "descriptio": null, "cuisine": null, "fast_food": null, "level": 0, "opening_h9": null, "designatio": null, "layer": 0, "area": null, "location": null, "public_tra": null, "railway": null, "subway": null, "station": null, "surface": null, "name_zh": null, "admin_leve": 0, "boundary": null, "water": null, "place": null, "building_p": null, "min_height": 0, "min": 0, "name_zh_H1": null, "name_zh_Ha": null, "operator": null, "operator_t": null, "short_name": null, "short_nam1": null, "short_nam2": null, "wikidata": null, "wikipedia": null, "garden_typ": null, "access": null, "note": null, "female": null, "toilets_di": null, "male": null, "wheelchair": null, "alt_name": null, "old_name": null, "PERIMETER": null, "ENCLOSED_A": null }, "geometry": { "type": "MultiPolygon", "coordinates": [ [ [ [ 114.3499696, 30.5300653 ], [ 114.3499035, 30.53009 ], [ 114.3498204, 30.5301362 ], [ 114.3497506, 30.5302055 ], [ 114.3496997, 30.5302933 ], [ 114.3496755, 30.5303603 ], [ 114.3496567, 30.5312082 ], [ 114.3496889, 30.5312891 ], [ 114.3498069, 30.5314069 ], [ 114.3499089, 30.5314693 ], [ 114.3500027, 30.5314878 ], [ 114.3500913, 30.5314878 ], [ 114.3501959, 30.5314601 ], [ 114.3502924, 30.5314185 ], [ 114.3503756, 30.5313422 ], [ 114.3504319, 30.5312614 ], [ 114.350448, 30.5311921 ], [ 114.3504534, 30.5311112 ], [ 114.3504694, 30.5303557 ], [ 114.3504346, 30.5302633 ], [ 114.350389, 30.530194 ], [ 114.3503166, 30.5301316 ], [ 114.3502441, 30.5300854 ], [ 114.3501315, 30.5300646 ], [ 114.3500439, 30.5300601 ], [ 114.3499696, 30.5300653 ] ] ] ] } },
{ "type": "Feature", "properties": { "GM_LAYER": "building - university", "GM_TYPE": "Misc. Manmade Structure", "ELEVATION": 0, "visible": "true", "version": 3, "changeset": 120659211, "timestamp": "2022-05-07T09:16:53Z", "user": "636663", "uid": 15396410, "covered": null, "leisure": null, "name": "地球空间环境与大地测量研究室", "sport": null, "id": 104219000.0, "building": "university", "building_l": 4, "height": null, "shop": null, "landuse": null, "addr_city": null, "addr_house": null, "addr_postc": 0, "addr_stree": null, "name_en": null, "website": null, "amenity": null, "addr_distr": null, "addr_hous1": null, "addr_provi": null, "int_name": null, "natural": null, "descriptio": null, "cuisine": null, "fast_food": null, "level": 0, "opening_h9": null, "designatio": null, "layer": 0, "area": null, "location": null, "public_tra": null, "railway": null, "subway": null, "station": null, "surface": null, "name_zh": null, "admin_leve": 0, "boundary": null, "water": null, "place": null, "building_p": null, "min_height": 0, "min": 0, "name_zh_H1": null, "name_zh_Ha": null, "operator": null, "operator_t": null, "short_name": null, "short_nam1": null, "short_nam2": null, "wikidata": null, "wikipedia": null, "garden_typ": null, "access": null, "note": null, "female": null, "toilets_di": null, "male": null, "wheelchair": null, "alt_name": null, "old_name": null, "PERIMETER": null, "ENCLOSED_A": null }, "geometry": { "type": "MultiPolygon", "coordinates": [ [ [ [ 114.3518164, 30.5295267 ], [ 114.351822, 30.5293986 ], [ 114.3512937, 30.5293814 ], [ 114.3512881, 30.5295096 ], [ 114.3518164, 30.5295267 ] ] ] ] } },
{ "type": "Feature", "properties": { "GM_LAYER": "building - dormitory", "GM_TYPE": "Misc. Manmade Structure", "ELEVATION": 0, "visible": "true", "version": 3, "changeset": 48587049, "timestamp": "2017-05-11T10:02:36Z", "user": "samsung galaxy s6", "uid": 3691120, "covered": null, "leisure": null, "name": "学生宿舍15、16栋", "sport": null, "id": 104219000.0, "building": "dormitory", "building_l": 0, "height": null, "shop": null, "landuse": null, "addr_city": null, "addr_house": null, "addr_postc": 0, "addr_stree": null, "name_en": null, "website": null, "amenity": null, "addr_distr": null, "addr_hous1": null, "addr_provi": null, "int_name": null, "natural": null, "descriptio": null, "cuisine": null, "fast_food": null, "level": 0, "opening_h9": null, "designatio": null, "layer": 0, "area": null, "location": null, "public_tra": null, "railway": null, "subway": null, "station": null, "surface": null, "name_zh": null, "admin_leve": 0, "boundary": null, "water": null, "place": null, "building_p": null, "min_height": 0, "min": 0, "name_zh_H1": null, "name_zh_Ha": null, "operator": null, "operator_t": null, "short_name": null, "short_nam1": null, "short_nam2": null, "wikidata": null, "wikipedia": null, "garden_typ": null, "access": null, "note": null, "female": null, "toilets_di": null, "male": null, "wheelchair": null, "alt_name": null, "old_name": null, "PERIMETER": null, "ENCLOSED_A": null }, "geometry": { "type": "MultiPolygon", "coordinates": [ [ [ [ 114.3521424, 30.5311407 ], [ 114.3521441, 30.530997 ], [ 114.3517727, 30.5309937 ], [ 114.351775, 30.5308081 ], [ 114.3521515, 30.5308115 ], [ 114.3521534, 30.5306468 ], [ 114.3517422, 30.5306431 ], [ 114.3517411, 30.5307325 ], [ 114.3517054, 30.5307322 ], [ 114.3517005, 30.5311368 ], [ 114.3517407, 30.5311371 ], [ 114.3521424, 30.5311407 ] ] ] ] } },
{ "type": "Feature", "properties": { "GM_LAYER": "building", "GM_TYPE": "Misc. Manmade Structure", "ELEVATION": 0, "visible": "true", "version": 1, "changeset": 7562962, "timestamp": "2011-03-15T02:43:06Z", "user": "GeoSUN", "uid": 414582, "covered": null, "leisure": null, "name": null, "sport": null, "id": 104219000.0, "building": "yes", "building_l": 0, "height": null, "shop": null, "landuse": null, "addr_city": null, "addr_house": null, "addr_postc": 0, "addr_stree": null, "name_en": null, "website": null, "amenity": null, "addr_distr": null, "addr_hous1": null, "addr_provi": null, "int_name": null, "natural": null, "descriptio": null, "cuisine": null, "fast_food": null, "level": 0, "opening_h9": null, "designatio": null, "layer": 0, "area": null, "location": null, "public_tra": null, "railway": null, "subway": null, "station": null, "surface": null, "name_zh": null, "admin_leve": 0, "boundary": null, "water": null, "place": null, "building_p": null, "min_height": 0, "min": 0, "name_zh_H1": null, "name_zh_Ha": null, "operator": null, "operator_t": null, "short_name": null, "short_nam1": null, "short_nam2": null, "wikidata": null, "wikipedia": null, "garden_typ": null, "access": null, "note": null, "female": null, "toilets_di": null, "male": null, "wheelchair": null, "alt_name": null, "old_name": null, "PERIMETER": null, "ENCLOSED_A": null }, "geometry": { "type": "MultiPolygon", "coordinates": [ [ [ [ 114.3577336, 30.5288181 ], [ 114.3577712, 30.5288907 ], [ 114.3579938, 30.5288052 ], [ 114.3578311, 30.5284911 ], [ 114.3576884, 30.5285459 ], [ 114.3578135, 30.5287874 ], [ 114.3577336, 30.5288181 ] ] ] ] } },
{ "type": "Feature", "properties": { "GM_LAYER": "building", "GM_TYPE": "Misc. Manmade Structure", "ELEVATION": 0, "visible": "true", "version": 1, "changeset": 7562962, "timestamp": "2011-03-15T02:43:07Z", "user": "GeoSUN", "uid": 414582, "covered": null, "leisure": null, "name": null, "sport": null, "id": 104219000.0, "building": "yes", "building_l": 0, "height": null, "shop": null, "landuse": null, "addr_city": null, "addr_house": null, "addr_postc": 0, "addr_stree": null, "name_en": null, "website": null, "amenity": null, "addr_distr": null, "addr_hous1": null, "addr_provi": null, "int_name": null, "natural": null, "descriptio": null, "cuisine": null, "fast_food": null, "level": 0, "opening_h9": null, "designatio": null, "layer": 0, "area": null, "location": null, "public_tra": null, "railway": null, "subway": null, "station": null, "surface": null, "name_zh": null, "admin_leve": 0, "boundary": null, "water": null, "place": null, "building_p": null, "min_height": 0, "min": 0, "name_zh_H1": null, "name_zh_Ha": null, "operator": null, "operator_t": null, "short_name": null, "short_nam1": null, "short_nam2": null, "wikidata": null, "wikipedia": null, "garden_typ": null, "access": null, "note": null, "female": null, "toilets_di": null, "male": null, "wheelchair": null, "alt_name": null, "old_name": null, "PERIMETER": null, "ENCLOSED_A": null }, "geometry": { "type": "MultiPolygon", "coordinates": [ [ [ [ 114.3490854, 30.5295951 ], [ 114.3492401, 30.5295922 ], [ 114.3492388, 30.529538 ], [ 114.3492965, 30.5295369 ], [ 114.3492951, 30.5294811 ], [ 114.3491701, 30.5294834 ], [ 114.349171, 30.5295185 ], [ 114.3490835, 30.5295201 ], [ 114.3490854, 30.5295951 ] ] ] ] } },
{ "type": "Feature", "properties": { "GM_LAYER": "building", "GM_TYPE": "Misc. Manmade Structure", "ELEVATION": 0, "visible": "true", "version": 2, "changeset": 25998759, "timestamp": "2014-10-11T08:32:58Z", "user": "SimpleLuke", "uid": 2092629, "covered": null, "leisure": "sports_centre", "name": null, "sport": null, "id": 104219000.0, "building": "yes", "building_l": 0, "height": null, "shop": null, "landuse": null, "addr_city": null, "addr_house": null, "addr_postc": 0, "addr_stree": null, "name_en": null, "website": null, "amenity": null, "addr_distr": null, "addr_hous1": null, "addr_provi": null, "int_name": null, "natural": null, "descriptio": null, "cuisine": null, "fast_food": null, "level": 0, "opening_h9": null, "designatio": null, "layer": 0, "area": null, "location": null, "public_tra": null, "railway": null, "subway": null, "station": null, "surface": null, "name_zh": null, "admin_leve": 0, "boundary": null, "water": null, "place": null, "building_p": null, "min_height": 0, "min": 0, "name_zh_H1": null, "name_zh_Ha": null, "operator": null, "operator_t": null, "short_name": null, "short_nam1": null, "short_nam2": null, "wikidata": null, "wikipedia": null, "garden_typ": null, "access": null, "note": null, "female": null, "toilets_di": null, "male": null, "wheelchair": null, "alt_name": null, "old_name": null, "PERIMETER": null, "ENCLOSED_A": null }, "geometry": { "type": "MultiPolygon", "coordinates": [ [ [ [ 114.3511445, 30.5302718 ], [ 114.3511304, 30.5306339 ], [ 114.3510805, 30.5306325 ], [ 114.3510781, 30.5306932 ], [ 114.3514226, 30.5307032 ], [ 114.3514392, 30.5302803 ], [ 114.3511445, 30.5302718 ] ] ] ] } },
{ "type": "Feature", "properties": { "GM_LAYER": "building", "GM_TYPE": "Misc. Manmade Structure", "ELEVATION": 0, "visible": "true", "version": 1, "changeset": 7562962, "timestamp": "2011-03-15T02:43:07Z", "user": "GeoSUN", "uid": 414582, "covered": null, "leisure": null, "name": null, "sport": null, "id": 104219000.0, "building": "yes", "building_l": 0, "height": null, "shop": null, "landuse": null, "addr_city": null, "addr_house": null, "addr_postc": 0, "addr_stree": null, "name_en": null, "website": null, "amenity": null, "addr_distr": null, "addr_hous1": null, "addr_provi": null, "int_name": null, "natural": null, "descriptio": null, "cuisine": null, "fast_food": null, "level": 0, "opening_h9": null, "designatio": null, "layer": 0, "area": null, "location": null, "public_tra": null, "railway": null, "subway": null, "station": null, "surface": null, "name_zh": null, "admin_leve": 0, "boundary": null, "water": null, "place": null, "building_p": null, "min_height": 0, "min": 0, "name_zh_H1": null, "name_zh_Ha": null, "operator": null, "operator_t": null, "short_name": null, "short_nam1": null, "short_nam2": null, "wikidata": null, "wikipedia": null, "garden_typ": null, "access": null, "note": null, "female": null, "toilets_di": null, "male": null, "wheelchair": null, "alt_name": null, "old_name": null, "PERIMETER": null, "ENCLOSED_A": null }, "geometry": { "type": "MultiPolygon", "coordinates": [ [ [ [ 114.3580443, 30.5293161 ], [ 114.3580276, 30.5294765 ], [ 114.3582224, 30.5294915 ], [ 114.3582344, 30.5293761 ], [ 114.3581177, 30.5293671 ], [ 114.3581223, 30.5293221 ], [ 114.3580443, 30.5293161 ] ] ] ] } },
{ "type": "Feature", "properties": { "GM_LAYER": "building", "GM_TYPE": "Misc. Manmade Structure", "ELEVATION": 12, "visible": "true", "version": 3, "changeset": 62232286, "timestamp": "2018-09-03T00:58:51Z", "user": "John Bek", "uid": 3800987, "covered": null, "leisure": null, "name": "国软教学楼", "sport": null, "id": 104219000.0, "building": "yes", "building_l": 8, "height": "12", "shop": null, "landuse": null, "addr_city": null, "addr_house": null, "addr_postc": 0, "addr_stree": null, "name_en": null, "website": null, "amenity": null, "addr_distr": null, "addr_hous1": null, "addr_provi": null, "int_name": null, "natural": null, "descriptio": null, "cuisine": null, "fast_food": null, "level": 0, "opening_h9": null, "designatio": null, "layer": 0, "area": null, "location": null, "public_tra": null, "railway": null, "subway": null, "station": null, "surface": null, "name_zh": null, "admin_leve": 0, "boundary": null, "water": null, "place": null, "building_p": null, "min_height": 0, "min": 0, "name_zh_H1": null, "name_zh_Ha": null, "operator": null, "operator_t": null, "short_name": null, "short_nam1": null, "short_nam2": null, "wikidata": null, "wikipedia": null, "garden_typ": null, "access": null, "note": null, "female": null, "toilets_di": null, "male": null, "wheelchair": null, "alt_name": null, "old_name": null, "PERIMETER": null, "ENCLOSED_A": null }, "geometry": { "type": "MultiPolygon", "coordinates": [ [ [ [ 114.3509751, 30.5298517 ], [ 114.350987, 30.5296327 ], [ 114.3508595, 30.5295085 ], [ 114.3508503, 30.5298752 ], [ 114.3508047, 30.5298968 ], [ 114.3507591, 30.5299272 ], [ 114.3507274, 30.5299573 ], [ 114.3507059, 30.5299997 ], [ 114.3506939, 30.5300421 ], [ 114.3506901, 30.5301012 ], [ 114.3510073, 30.5301059 ], [ 114.3512985, 30.5301101 ], [ 114.3513145, 30.5301301 ], [ 114.3516115, 30.5301328 ], [ 114.3516385, 30.5301267 ], [ 114.3516613, 30.5301121 ], [ 114.3516738, 30.5300949 ], [ 114.351683, 30.5300729 ], [ 114.351682, 30.5300482 ], [ 114.3516748, 30.5300283 ], [ 114.3516593, 30.5300137 ], [ 114.3516822, 30.5299986 ], [ 114.3516845, 30.5299261 ], [ 114.351561, 30.5299266 ], [ 114.35156, 30.5299611 ], [ 114.3514211, 30.5299613 ], [ 114.3514202, 30.5299889 ], [ 114.3510103, 30.5299853 ], [ 114.3510117, 30.5298517 ], [ 114.3509751, 30.5298517 ] ] ] ] } },
{ "type": "Feature", "properties": { "GM_LAYER": "building", "GM_TYPE": "Misc. Manmade Structure", "ELEVATION": 0, "visible": "true", "version": 1, "changeset": 7562962, "timestamp": "2011-03-15T02:43:08Z", "user": "GeoSUN", "uid": 414582, "covered": null, "leisure": null, "name": null, "sport": null, "id": 104219000.0, "building": "yes", "building_l": 0, "height": null, "shop": null, "landuse": null, "addr_city": null, "addr_house": null, "addr_postc": 0, "addr_stree": null, "name_en": null, "website": null, "amenity": null, "addr_distr": null, "addr_hous1": null, "addr_provi": null, "int_name": null, "natural": null, "descriptio": null, "cuisine": null, "fast_food": null, "level": 0, "opening_h9": null, "designatio": null, "layer": 0, "area": null, "location": null, "public_tra": null, "railway": null, "subway": null, "station": null, "surface": null, "name_zh": null, "admin_leve": 0, "boundary": null, "water": null, "place": null, "building_p": null, "min_height": 0, "min": 0, "name_zh_H1": null, "name_zh_Ha": null, "operator": null, "operator_t": null, "short_name": null, "short_nam1": null, "short_nam2": null, "wikidata": null, "wikipedia": null, "garden_typ": null, "access": null, "note": null, "female": null, "toilets_di": null, "male": null, "wheelchair": null, "alt_name": null, "old_name": null, "PERIMETER": null, "ENCLOSED_A": null }, "geometry": { "type": "MultiPolygon", "coordinates": [ [ [ [ 114.3516684, 30.53073 ], [ 114.3518374, 30.5301778 ], [ 114.3517381, 30.5301524 ], [ 114.3516308, 30.5305475 ], [ 114.3516148, 30.5305429 ], [ 114.3515692, 30.5307069 ], [ 114.3516684, 30.53073 ] ] ] ] } },
{ "type": "Feature", "properties": { "GM_LAYER": "building", "GM_TYPE": "Misc. Manmade Structure", "ELEVATION": 0, "visible": "true", "version": 1, "changeset": 7562962, "timestamp": "2011-03-15T02:43:08Z", "user": "GeoSUN", "uid": 414582, "covered": null, "leisure": null, "name": null, "sport": null, "id": 104219000.0, "building": "yes", "building_l": 0, "height": null, "shop": null, "landuse": null, "addr_city": null, "addr_house": null, "addr_postc": 0, "addr_stree": null, "name_en": null, "website": null, "amenity": null, "addr_distr": null, "addr_hous1": null, "addr_provi": null, "int_name": null, "natural": null, "descriptio": null, "cuisine": null, "fast_food": null, "level": 0, "opening_h9": null, "designatio": null, "layer": 0, "area": null, "location": null, "public_tra": null, "railway": null, "subway": null, "station": null, "surface": null, "name_zh": null, "admin_leve": 0, "boundary": null, "water": null, "place": null, "building_p": null, "min_height": 0, "min": 0, "name_zh_H1": null, "name_zh_Ha": null, "operator": null, "operator_t": null, "short_name": null, "short_nam1": null, "short_nam2": null, "wikidata": null, "wikipedia": null, "garden_typ": null, "access": null, "note": null, "female": null, "toilets_di": null, "male": null, "wheelchair": null, "alt_name": null, "old_name": null, "PERIMETER": null, "ENCLOSED_A": null }, "geometry": { "type": "MultiPolygon", "coordinates": [ [ [ [ 114.3580936, 30.5298616 ], [ 114.3580634, 30.5299511 ], [ 114.3583337, 30.5300187 ], [ 114.3583639, 30.5299292 ], [ 114.3580936, 30.5298616 ] ] ] ] } },
{ "type": "Feature", "properties": { "GM_LAYER": "building", "GM_TYPE": "Misc. Manmade Structure", "ELEVATION": 0, "visible": "true", "version": 1, "changeset": 7562962, "timestamp": "2011-03-15T02:43:08Z", "user": "GeoSUN", "uid": 414582, "covered": null, "leisure": null, "name": null, "sport": null, "id": 104219000.0, "building": "yes", "building_l": 0, "height": null, "shop": null, "landuse": null, "addr_city": null, "addr_house": null, "addr_postc": 0, "addr_stree": null, "name_en": null, "website": null, "amenity": null, "addr_distr": null, "addr_hous1": null, "addr_provi": null, "int_name": null, "natural": null, "descriptio": null, "cuisine": null, "fast_food": null, "level": 0, "opening_h9": null, "designatio": null, "layer": 0, "area": null, "location": null, "public_tra": null, "railway": null, "subway": null, "station": null, "surface": null, "name_zh": null, "admin_leve": 0, "boundary": null, "water": null, "place": null, "building_p": null, "min_height": 0, "min": 0, "name_zh_H1": null, "name_zh_Ha": null, "operator": null, "operator_t": null, "short_name": null, "short_nam1": null, "short_nam2": null, "wikidata": null, "wikipedia": null, "garden_typ": null, "access": null, "note": null, "female": null, "toilets_di": null, "male": null, "wheelchair": null, "alt_name": null, "old_name": null, "PERIMETER": null, "ENCLOSED_A": null }, "geometry": { "type": "MultiPolygon", "coordinates": [ [ [ [ 114.3581073, 30.5295647 ], [ 114.3581014, 30.5296432 ], [ 114.3583428, 30.5296566 ], [ 114.3583487, 30.5295781 ], [ 114.3581073, 30.5295647 ] ] ] ] } },
{ "type": "Feature", "properties": { "GM_LAYER": "landuse - construction", "GM_TYPE": "Unknown Area Type", "ELEVATION": 0, "visible": "true", "version": 2, "changeset": 118059411, "timestamp": "2022-03-03T15:07:05Z", "user": "Wei Yuanbiao", "uid": 12389142, "covered": null, "leisure": null, "name": null, "sport": null, "id": 104219000.0, "building": null, "building_l": 0, "height": null, "shop": null, "landuse": "construction", "addr_city": null, "addr_house": null, "addr_postc": 0, "addr_stree": null, "name_en": null, "website": null, "amenity": null, "addr_distr": null, "addr_hous1": null, "addr_provi": null, "int_name": null, "natural": null, "descriptio": null, "cuisine": null, "fast_food": null, "level": 0, "opening_h9": null, "designatio": null, "layer": 0, "area": null, "location": null, "public_tra": null, "railway": null, "subway": null, "station": null, "surface": null, "name_zh": null, "admin_leve": 0, "boundary": null, "water": null, "place": null, "building_p": null, "min_height": 0, "min": 0, "name_zh_H1": null, "name_zh_Ha": null, "operator": null, "operator_t": null, "short_name": null, "short_nam1": null, "short_nam2": null, "wikidata": null, "wikipedia": null, "garden_typ": null, "access": null, "note": null, "female": null, "toilets_di": null, "male": null, "wheelchair": null, "alt_name": null, "old_name": null, "PERIMETER": null, "ENCLOSED_A": null }, "geometry": { "type": "MultiPolygon", "coordinates": [ [ [ [ 114.3495843, 30.5300877 ], [ 114.3495816, 30.5312175 ], [ 114.3496272, 30.5313284 ], [ 114.3497131, 30.5314162 ], [ 114.3497989, 30.5314762 ], [ 114.3499115, 30.5315271 ], [ 114.3500215, 30.5315409 ], [ 114.3501503, 30.5315247 ], [ 114.3502656, 30.5314901 ], [ 114.3503648, 30.531437 ], [ 114.3504534, 30.5313538 ], [ 114.3505231, 30.531236 ], [ 114.3505687, 30.5304089 ], [ 114.3505419, 30.5303188 ], [ 114.3505016, 30.5302333 ], [ 114.3504453, 30.530157 ], [ 114.3503648, 30.5300923 ], [ 114.350271, 30.5300438 ], [ 114.350161, 30.5300069 ], [ 114.3500349, 30.5300045 ], [ 114.349925, 30.5300138 ], [ 114.3498204, 30.53006 ], [ 114.3496648, 30.530164 ], [ 114.3496755, 30.53009 ], [ 114.3495843, 30.5300877 ] ] ] ] } },
{ "type": "Feature", "properties": { "GM_LAYER": "building", "GM_TYPE": "Misc. Manmade Structure", "ELEVATION": 0, "visible": "true", "version": 1, "changeset": 7562962, "timestamp": "2011-03-15T02:43:09Z", "user": "GeoSUN", "uid": 414582, "covered": null, "leisure": null, "name": null, "sport": null, "id": 104219000.0, "building": "yes", "building_l": 0, "height": null, "shop": null, "landuse": null, "addr_city": null, "addr_house": null, "addr_postc": 0, "addr_stree": null, "name_en": null, "website": null, "amenity": null, "addr_distr": null, "addr_hous1": null, "addr_provi": null, "int_name": null, "natural": null, "descriptio": null, "cuisine": null, "fast_food": null, "level": 0, "opening_h9": null, "designatio": null, "layer": 0, "area": null, "location": null, "public_tra": null, "railway": null, "subway": null, "station": null, "surface": null, "name_zh": null, "admin_leve": 0, "boundary": null, "water": null, "place": null, "building_p": null, "min_height": 0, "min": 0, "name_zh_H1": null, "name_zh_Ha": null, "operator": null, "operator_t": null, "short_name": null, "short_nam1": null, "short_nam2": null, "wikidata": null, "wikipedia": null, "garden_typ": null, "access": null, "note": null, "female": null, "toilets_di": null, "male": null, "wheelchair": null, "alt_name": null, "old_name": null, "PERIMETER": null, "ENCLOSED_A": null }, "geometry": { "type": "MultiPolygon", "coordinates": [ [ [ [ 114.3519169, 30.5305694 ], [ 114.352021, 30.5302404 ], [ 114.3519016, 30.5302124 ], [ 114.3517975, 30.5305414 ], [ 114.3519169, 30.5305694 ] ] ] ] } },
{ "type": "Feature", "properties": { "GM_LAYER": "building - dormitory", "GM_TYPE": "Misc. Manmade Structure", "ELEVATION": 0, "visible": "true", "version": 3, "changeset": 32356045, "timestamp": "2015-07-02T14:57:42Z", "user": "SimpleLuke", "uid": 2092629, "covered": null, "leisure": null, "name": "C4", "sport": null, "id": 104219000.0, "building": "dormitory", "building_l": 0, "height": null, "shop": null, "landuse": null, "addr_city": null, "addr_house": null, "addr_postc": 0, "addr_stree": null, "name_en": null, "website": null, "amenity": null, "addr_distr": null, "addr_hous1": null, "addr_provi": null, "int_name": null, "natural": null, "descriptio": null, "cuisine": null, "fast_food": null, "level": 0, "opening_h9": null, "designatio": null, "layer": 0, "area": null, "location": null, "public_tra": null, "railway": null, "subway": null, "station": null, "surface": null, "name_zh": null, "admin_leve": 0, "boundary": null, "water": null, "place": null, "building_p": null, "min_height": 0, "min": 0, "name_zh_H1": null, "name_zh_Ha": null, "operator": null, "operator_t": null, "short_name": null, "short_nam1": null, "short_nam2": null, "wikidata": null, "wikipedia": null, "garden_typ": null, "access": null, "note": null, "female": null, "toilets_di": null, "male": null, "wheelchair": null, "alt_name": null, "old_name": null, "PERIMETER": null, "ENCLOSED_A": null }, "geometry": { "type": "MultiPolygon", "coordinates": [ [ [ [ 114.3492311, 30.5296664 ], [ 114.3492195, 30.5298385 ], [ 114.3498283, 30.5298689 ], [ 114.3498399, 30.5296968 ], [ 114.3492311, 30.5296664 ] ] ] ] } },
{ "type": "Feature", "properties": { "GM_LAYER": "building", "GM_TYPE": "Misc. Manmade Structure", "ELEVATION": 0, "visible": "true", "version": 3, "changeset": 83714870, "timestamp": "2020-04-17T15:28:59Z", "user": "Maps Man", "uid": 10216874, "covered": null, "leisure": null, "name": null, "sport": null, "id": 104219000.0, "building": "yes", "building_l": 0, "height": null, "shop": null, "landuse": null, "addr_city": null, "addr_house": null, "addr_postc": 0, "addr_stree": null, "name_en": null, "website": null, "amenity": null, "addr_distr": null, "addr_hous1": null, "addr_provi": null, "int_name": null, "natural": null, "descriptio": null, "cuisine": null, "fast_food": null, "level": 0, "opening_h9": null, "designatio": null, "layer": 0, "area": null, "location": null, "public_tra": null, "railway": null, "subway": null, "station": null, "surface": null, "name_zh": null, "admin_leve": 0, "boundary": null, "water": null, "place": null, "building_p": null, "min_height": 0, "min": 0, "name_zh_H1": null, "name_zh_Ha": null, "operator": null, "operator_t": null, "short_name": null, "short_nam1": null, "short_nam2": null, "wikidata": null, "wikipedia": null, "garden_typ": null, "access": null, "note": null, "female": null, "toilets_di": null, "male": null, "wheelchair": null, "alt_name": null, "old_name": null, "PERIMETER": null, "ENCLOSED_A": null }, "geometry": { "type": "MultiPolygon", "coordinates": [ [ [ [ 114.3587949, 30.532532 ], [ 114.3588163, 30.5325759 ], [ 114.3589452, 30.5325342 ], [ 114.3594306, 30.5323773 ], [ 114.3594789, 30.5323103 ], [ 114.3594413, 30.5321832 ], [ 114.3590819, 30.5310442 ], [ 114.3590175, 30.5310581 ], [ 114.3593823, 30.5321809 ], [ 114.3594064, 30.5322987 ], [ 114.359385, 30.5323449 ], [ 114.3587949, 30.532532 ] ] ] ] } },
{ "type": "Feature", "properties": { "GM_LAYER": "building", "GM_TYPE": "Misc. Manmade Structure", "ELEVATION": 0, "visible": "true", "version": 2, "changeset": 20863012, "timestamp": "2014-03-02T12:12:17Z", "user": "wantmore", "uid": 1962091, "covered": null, "leisure": null, "name": "黄焖鸡", "sport": null, "id": 104219000.0, "building": "yes", "building_l": 0, "height": null, "shop": null, "landuse": null, "addr_city": null, "addr_house": null, "addr_postc": 0, "addr_stree": null, "name_en": null, "website": null, "amenity": null, "addr_distr": null, "addr_hous1": null, "addr_provi": null, "int_name": null, "natural": null, "descriptio": null, "cuisine": null, "fast_food": null, "level": 0, "opening_h9": null, "designatio": null, "layer": 0, "area": null, "location": null, "public_tra": null, "railway": null, "subway": null, "station": null, "surface": null, "name_zh": null, "admin_leve": 0, "boundary": null, "water": null, "place": null, "building_p": null, "min_height": 0, "min": 0, "name_zh_H1": null, "name_zh_Ha": null, "operator": null, "operator_t": null, "short_name": null, "short_nam1": null, "short_nam2": null, "wikidata": null, "wikipedia": null, "garden_typ": null, "access": null, "note": null, "female": null, "toilets_di": null, "male": null, "wheelchair": null, "alt_name": null, "old_name": null, "PERIMETER": null, "ENCLOSED_A": null }, "geometry": { "type": "MultiPolygon", "coordinates": [ [ [ [ 114.358386, 30.5300772 ], [ 114.358375, 30.530167 ], [ 114.3583416, 30.530164 ], [ 114.358332, 30.5302432 ], [ 114.3585827, 30.530266 ], [ 114.3585926, 30.5301851 ], [ 114.3585616, 30.5301823 ], [ 114.3585724, 30.5300941 ], [ 114.358386, 30.5300772 ] ] ] ] } },
{ "type": "Feature", "properties": { "GM_LAYER": "building", "GM_TYPE": "Misc. Manmade Structure", "ELEVATION": 0, "visible": "true", "version": 1, "changeset": 7562962, "timestamp": "2011-03-15T02:43:10Z", "user": "GeoSUN", "uid": 414582, "covered": null, "leisure": null, "name": null, "sport": null, "id": 104219000.0, "building": "yes", "building_l": 0, "height": null, "shop": null, "landuse": null, "addr_city": null, "addr_house": null, "addr_postc": 0, "addr_stree": null, "name_en": null, "website": null, "amenity": null, "addr_distr": null, "addr_hous1": null, "addr_provi": null, "int_name": null, "natural": null, "descriptio": null, "cuisine": null, "fast_food": null, "level": 0, "opening_h9": null, "designatio": null, "layer": 0, "area": null, "location": null, "public_tra": null, "railway": null, "subway": null, "station": null, "surface": null, "name_zh": null, "admin_leve": 0, "boundary": null, "water": null, "place": null, "building_p": null, "min_height": 0, "min": 0, "name_zh_H1": null, "name_zh_Ha": null, "operator": null, "operator_t": null, "short_name": null, "short_nam1": null, "short_nam2": null, "wikidata": null, "wikipedia": null, "garden_typ": null, "access": null, "note": null, "female": null, "toilets_di": null, "male": null, "wheelchair": null, "alt_name": null, "old_name": null, "PERIMETER": null, "ENCLOSED_A": null }, "geometry": { "type": "MultiPolygon", "coordinates": [ [ [ [ 114.3580701, 30.5288633 ], [ 114.3580101, 30.5288858 ], [ 114.3582038, 30.5292684 ], [ 114.3582639, 30.5292459 ], [ 114.3580701, 30.5288633 ] ] ] ] } },
{ "type": "Feature", "properties": { "GM_LAYER": "building", "GM_TYPE": "Misc. Manmade Structure", "ELEVATION": 0, "visible": "true", "version": 2, "changeset": 118023811, "timestamp": "2022-03-02T15:23:46Z", "user": "WHY_in_WHU", "uid": 15192601, "covered": null, "leisure": null, "name": null, "sport": null, "id": 104219000.0, "building": "yes", "building_l": 0, "height": null, "shop": null, "landuse": null, "addr_city": null, "addr_house": null, "addr_postc": 0, "addr_stree": null, "name_en": null, "website": null, "amenity": null, "addr_distr": null, "addr_hous1": null, "addr_provi": null, "int_name": null, "natural": null, "descriptio": null, "cuisine": null, "fast_food": null, "level": 0, "opening_h9": null, "designatio": null, "layer": 0, "area": null, "location": null, "public_tra": null, "railway": null, "subway": null, "station": null, "surface": null, "name_zh": null, "admin_leve": 0, "boundary": null, "water": null, "place": null, "building_p": null, "min_height": 0, "min": 0, "name_zh_H1": null, "name_zh_Ha": null, "operator": null, "operator_t": null, "short_name": null, "short_nam1": null, "short_nam2": null, "wikidata": null, "wikipedia": null, "garden_typ": null, "access": null, "note": null, "female": null, "toilets_di": null, "male": null, "wheelchair": null, "alt_name": null, "old_name": null, "PERIMETER": null, "ENCLOSED_A": null }, "geometry": { "type": "MultiPolygon", "coordinates": [ [ [ [ 114.3518801, 30.5301574 ], [ 114.3520604, 30.5299881 ], [ 114.3520625, 30.529852 ], [ 114.3519622, 30.5298509 ], [ 114.3519625, 30.5299821 ], [ 114.351832, 30.5301158 ], [ 114.3518801, 30.5301574 ] ] ] ] } },
{ "type": "Feature", "properties": { "GM_LAYER": "building", "GM_TYPE": "Misc. Manmade Structure", "ELEVATION": 0, "visible": "true", "version": 1, "changeset": 7562962, "timestamp": "2011-03-15T02:43:10Z", "user": "GeoSUN", "uid": 414582, "covered": null, "leisure": null, "name": null, "sport": null, "id": 104219000.0, "building": "yes", "building_l": 0, "height": null, "shop": null, "landuse": null, "addr_city": null, "addr_house": null, "addr_postc": 0, "addr_stree": null, "name_en": null, "website": null, "amenity": null, "addr_distr": null, "addr_hous1": null, "addr_provi": null, "int_name": null, "natural": null, "descriptio": null, "cuisine": null, "fast_food": null, "level": 0, "opening_h9": null, "designatio": null, "layer": 0, "area": null, "location": null, "public_tra": null, "railway": null, "subway": null, "station": null, "surface": null, "name_zh": null, "admin_leve": 0, "boundary": null, "water": null, "place": null, "building_p": null, "min_height": 0, "min": 0, "name_zh_H1": null, "name_zh_Ha": null, "operator": null, "operator_t": null, "short_name": null, "short_nam1": null, "short_nam2": null, "wikidata": null, "wikipedia": null, "garden_typ": null, "access": null, "note": null, "female": null, "toilets_di": null, "male": null, "wheelchair": null, "alt_name": null, "old_name": null, "PERIMETER": null, "ENCLOSED_A": null }, "geometry": { "type": "MultiPolygon", "coordinates": [ [ [ [ 114.3511874, 30.5298669 ], [ 114.351717, 30.5298732 ], [ 114.3517218, 30.5295727 ], [ 114.3511922, 30.5295665 ], [ 114.3511874, 30.5298669 ] ] ] ] } },
{ "type": "Feature", "properties": { "GM_LAYER": "building - dormitory", "GM_TYPE": "Misc. Manmade Structure", "ELEVATION": 0, "visible": "true", "version": 6, "changeset": 32356045, "timestamp": "2015-07-02T14:57:42Z", "user": "SimpleLuke", "uid": 2092629, "covered": null, "leisure": null, "name": "国软C3", "sport": null, "id": 104219000.0, "building": "dormitory", "building_l": 7, "height": null, "shop": null, "landuse": null, "addr_city": "Wuhan", "addr_house": null, "addr_postc": 0, "addr_stree": "LuoYu Road", "name_en": "C3 Wuhan University Student Accommodation", "website": null, "amenity": null, "addr_distr": null, "addr_hous1": null, "addr_provi": null, "int_name": null, "natural": null, "descriptio": null, "cuisine": null, "fast_food": null, "level": 0, "opening_h9": null, "designatio": null, "layer": 0, "area": null, "location": null, "public_tra": null, "railway": null, "subway": null, "station": null, "surface": null, "name_zh": null, "admin_leve": 0, "boundary": null, "water": null, "place": null, "building_p": null, "min_height": 0, "min": 0, "name_zh_H1": null, "name_zh_Ha": null, "operator": null, "operator_t": null, "short_name": null, "short_nam1": null, "short_nam2": null, "wikidata": null, "wikipedia": null, "garden_typ": null, "access": null, "note": null, "female": null, "toilets_di": null, "male": null, "wheelchair": null, "alt_name": null, "old_name": null, "PERIMETER": null, "ENCLOSED_A": null }, "geometry": { "type": "MultiPolygon", "coordinates": [ [ [ [ 114.3492693, 30.5293098 ], [ 114.3492505, 30.5294785 ], [ 114.3498701, 30.5294997 ], [ 114.3498801, 30.5293406 ], [ 114.3492693, 30.5293098 ] ] ] ] } },
{ "type": "Feature", "properties": { "GM_LAYER": "leisure - pitch", "GM_TYPE": "Misc. Manmade Structure", "ELEVATION": 0, "visible": "true", "version": 1, "changeset": 7562962, "timestamp": "2011-03-15T02:43:11Z", "user": "GeoSUN", "uid": 414582, "covered": null, "leisure": "pitch", "name": null, "sport": null, "id": 104219000.0, "building": null, "building_l": 0, "height": null, "shop": null, "landuse": null, "addr_city": null, "addr_house": null, "addr_postc": 0, "addr_stree": null, "name_en": null, "website": null, "amenity": null, "addr_distr": null, "addr_hous1": null, "addr_provi": null, "int_name": null, "natural": null, "descriptio": null, "cuisine": null, "fast_food": null, "level": 0, "opening_h9": null, "designatio": null, "layer": 0, "area": null, "location": null, "public_tra": null, "railway": null, "subway": null, "station": null, "surface": null, "name_zh": null, "admin_leve": 0, "boundary": null, "water": null, "place": null, "building_p": null, "min_height": 0, "min": 0, "name_zh_H1": null, "name_zh_Ha": null, "operator": null, "operator_t": null, "short_name": null, "short_nam1": null, "short_nam2": null, "wikidata": null, "wikipedia": null, "garden_typ": null, "access": null, "note": null, "female": null, "toilets_di": null, "male": null, "wheelchair": null, "alt_name": null, "old_name": null, "PERIMETER": null, "ENCLOSED_A": null }, "geometry": { "type": "MultiPolygon", "coordinates": [ [ [ [ 114.3491202, 30.5309333 ], [ 114.3494902, 30.530938 ], [ 114.3495047, 30.5300984 ], [ 114.3491348, 30.5300937 ], [ 114.3491202, 30.5309333 ] ] ] ] } },
{ "type": "Feature", "properties": { "GM_LAYER": "leisure - pitch", "GM_TYPE": "Misc. Manmade Structure", "ELEVATION": 0, "visible": "true", "version": 3, "changeset": 118133253, "timestamp": "2022-03-05T16:48:25Z", "user": "whu131", "uid": 15239342, "covered": null, "leisure": "pitch", "name": "篮球场", "sport": "basketball", "id": 104219000.0, "building": null, "building_l": 0, "height": null, "shop": null, "landuse": null, "addr_city": null, "addr_house": null, "addr_postc": 0, "addr_stree": null, "name_en": null, "website": null, "amenity": null, "addr_distr": null, "addr_hous1": null, "addr_provi": null, "int_name": null, "natural": null, "descriptio": null, "cuisine": null, "fast_food": null, "level": 0, "opening_h9": null, "designatio": null, "layer": 0, "area": null, "location": null, "public_tra": null, "railway": null, "subway": null, "station": null, "surface": null, "name_zh": null, "admin_leve": 0, "boundary": null, "water": null, "place": null, "building_p": null, "min_height": 0, "min": 0, "name_zh_H1": null, "name_zh_Ha": null, "operator": null, "operator_t": null, "short_name": null, "short_nam1": null, "short_nam2": null, "wikidata": null, "wikipedia": null, "garden_typ": null, "access": null, "note": null, "female": null, "toilets_di": null, "male": null, "wheelchair": null, "alt_name": null, "old_name": null, "PERIMETER": null, "ENCLOSED_A": null }, "geometry": { "type": "MultiPolygon", "coordinates": [ [ [ [ 114.3563912, 30.5308805 ], [ 114.3565991, 30.5308858 ], [ 114.3566104, 30.5305579 ], [ 114.3564025, 30.5305526 ], [ 114.3563912, 30.5308805 ] ] ] ] } },
{ "type": "Feature", "properties": { "GM_LAYER": "building - university", "GM_TYPE": "Misc. Manmade Structure", "ELEVATION": 0, "visible": "true", "version": 2, "changeset": 120659211, "timestamp": "2022-05-07T09:16:53Z", "user": "636663", "uid": 15396410, "covered": null, "leisure": null, "name": "地球空间环境与大地测量研究室", "sport": null, "id": 104219000.0, "building": "university", "building_l": 0, "height": null, "shop": null, "landuse": null, "addr_city": null, "addr_house": null, "addr_postc": 0, "addr_stree": null, "name_en": null, "website": null, "amenity": null, "addr_distr": null, "addr_hous1": null, "addr_provi": null, "int_name": null, "natural": null, "descriptio": null, "cuisine": null, "fast_food": null, "level": 0, "opening_h9": null, "designatio": null, "layer": 0, "area": null, "location": null, "public_tra": null, "railway": null, "subway": null, "station": null, "surface": null, "name_zh": null, "admin_leve": 0, "boundary": null, "water": null, "place": null, "building_p": null, "min_height": 0, "min": 0, "name_zh_H1": null, "name_zh_Ha": null, "operator": null, "operator_t": null, "short_name": null, "short_nam1": null, "short_nam2": null, "wikidata": null, "wikipedia": null, "garden_typ": null, "access": null, "note": null, "female": null, "toilets_di": null, "male": null, "wheelchair": null, "alt_name": null, "old_name": null, "PERIMETER": null, "ENCLOSED_A": null }, "geometry": { "type": "MultiPolygon", "coordinates": [ [ [ [ 114.3567923, 30.5316199 ], [ 114.3567896, 30.5317021 ], [ 114.3572185, 30.5317125 ], [ 114.3572212, 30.5316303 ], [ 114.3567923, 30.5316199 ] ] ] ] } },
{ "type": "Feature", "properties": { "GM_LAYER": "natural - wood", "GM_TYPE": "Wooded Area", "ELEVATION": 0, "visible": "true", "version": 11, "changeset": 133829447, "timestamp": "2023-03-18T16:18:49Z", "user": "hhh@@", "uid": 18759919, "covered": null, "leisure": null, "name": null, "sport": null, "id": 104219000.0, "building": null, "building_l": 0, "height": null, "shop": null, "landuse": null, "addr_city": null, "addr_house": null, "addr_postc": 0, "addr_stree": null, "name_en": null, "website": null, "amenity": null, "addr_distr": null, "addr_hous1": null, "addr_provi": null, "int_name": null, "natural": "wood", "descriptio": null, "cuisine": null, "fast_food": null, "level": 0, "opening_h9": null, "designatio": null, "layer": 0, "area": null, "location": null, "public_tra": null, "railway": null, "subway": null, "station": null, "surface": null, "name_zh": null, "admin_leve": 0, "boundary": null, "water": null, "place": null, "building_p": null, "min_height": 0, "min": 0, "name_zh_H1": null, "name_zh_Ha": null, "operator": null, "operator_t": null, "short_name": null, "short_nam1": null, "short_nam2": null, "wikidata": null, "wikipedia": null, "garden_typ": null, "access": null, "note": null, "female": null, "toilets_di": null, "male": null, "wheelchair": null, "alt_name": null, "old_name": null, "PERIMETER": null, "ENCLOSED_A": null }, "geometry": { "type": "MultiPolygon", "coordinates": [ [ [ [ 114.3563104, 30.5309239 ], [ 114.3550525, 30.5309248 ], [ 114.3550514, 30.531237 ], [ 114.3550513, 30.5312659 ], [ 114.3550505, 30.5314888 ], [ 114.3550501, 30.5316055 ], [ 114.3550491, 30.531881 ], [ 114.355049, 30.5319049 ], [ 114.355048, 30.5322019 ], [ 114.3551257, 30.532202 ], [ 114.3560302, 30.5322098 ], [ 114.3563043, 30.5322059 ], [ 114.356775, 30.5322029 ], [ 114.3573249, 30.5320587 ], [ 114.3574672, 30.5317837 ], [ 114.3574774, 30.530935 ], [ 114.3573174, 30.5309335 ], [ 114.3567161, 30.5309278 ], [ 114.3563104, 30.5309239 ] ] ] ] } },
{ "type": "Feature", "properties": { "GM_LAYER": "leisure - pitch", "GM_TYPE": "Misc. Manmade Structure", "ELEVATION": 0, "visible": "true", "version": 2, "changeset": 15191965, "timestamp": "2013-02-28T01:01:12Z", "user": "卢巍(Wei Lu)", "uid": 1242426, "covered": null, "leisure": "pitch", "name": "网球场", "sport": "tennis", "id": 104219000.0, "building": null, "building_l": 0, "height": null, "shop": null, "landuse": null, "addr_city": null, "addr_house": null, "addr_postc": 0, "addr_stree": null, "name_en": null, "website": null, "amenity": null, "addr_distr": null, "addr_hous1": null, "addr_provi": null, "int_name": null, "natural": null, "descriptio": null, "cuisine": null, "fast_food": null, "level": 0, "opening_h9": null, "designatio": null, "layer": 0, "area": null, "location": null, "public_tra": null, "railway": null, "subway": null, "station": null, "surface": null, "name_zh": null, "admin_leve": 0, "boundary": null, "water": null, "place": null, "building_p": null, "min_height": 0, "min": 0, "name_zh_H1": null, "name_zh_Ha": null, "operator": null, "operator_t": null, "short_name": null, "short_nam1": null, "short_nam2": null, "wikidata": null, "wikipedia": null, "garden_typ": null, "access": null, "note": null, "female": null, "toilets_di": null, "male": null, "wheelchair": null, "alt_name": null, "old_name": null, "PERIMETER": null, "ENCLOSED_A": null }, "geometry": { "type": "MultiPolygon", "coordinates": [ [ [ [ 114.356933, 30.5301035 ], [ 114.3569353, 30.5305806 ], [ 114.3573376, 30.5305791 ], [ 114.3573353, 30.530102 ], [ 114.356933, 30.5301035 ] ] ] ] } },
{ "type": "Feature", "properties": { "GM_LAYER": "building", "GM_TYPE": "Misc. Manmade Structure", "ELEVATION": 0, "visible": "true", "version": 2, "changeset": 118115821, "timestamp": "2022-03-05T07:06:15Z", "user": "宋你一个小丸子", "uid": 15234607, "covered": null, "leisure": null, "name": "测绘学院-测量仪器陈列馆", "sport": null, "id": 104219000.0, "building": "yes", "building_l": 0, "height": null, "shop": null, "landuse": null, "addr_city": null, "addr_house": null, "addr_postc": 0, "addr_stree": null, "name_en": null, "website": null, "amenity": null, "addr_distr": null, "addr_hous1": null, "addr_provi": null, "int_name": null, "natural": null, "descriptio": null, "cuisine": null, "fast_food": null, "level": 0, "opening_h9": null, "designatio": null, "layer": 0, "area": null, "location": null, "public_tra": null, "railway": null, "subway": null, "station": null, "surface": null, "name_zh": null, "admin_leve": 0, "boundary": null, "water": null, "place": null, "building_p": null, "min_height": 0, "min": 0, "name_zh_H1": null, "name_zh_Ha": null, "operator": null, "operator_t": null, "short_name": null, "short_nam1": null, "short_nam2": null, "wikidata": null, "wikipedia": null, "garden_typ": null, "access": null, "note": null, "female": null, "toilets_di": null, "male": null, "wheelchair": null, "alt_name": null, "old_name": null, "PERIMETER": null, "ENCLOSED_A": null }, "geometry": { "type": "MultiPolygon", "coordinates": [ [ [ [ 114.3568059, 30.5310102 ], [ 114.3568024, 30.5311019 ], [ 114.3571949, 30.5311128 ], [ 114.3571983, 30.5310211 ], [ 114.3568059, 30.5310102 ] ] ] ] } },
{ "type": "Feature", "properties": { "GM_LAYER": "leisure - pitch", "GM_TYPE": "Misc. Manmade Structure", "ELEVATION": 0, "visible": "true", "version": 2, "changeset": 15191965, "timestamp": "2013-02-28T01:01:12Z", "user": "卢巍(Wei Lu)", "uid": 1242426, "covered": null, "leisure": "pitch", "name": "排球场", "sport": "排球", "id": 104219000.0, "building": null, "building_l": 0, "height": null, "shop": null, "landuse": null, "addr_city": null, "addr_house": null, "addr_postc": 0, "addr_stree": null, "name_en": null, "website": null, "amenity": null, "addr_distr": null, "addr_hous1": null, "addr_provi": null, "int_name": null, "natural": null, "descriptio": null, "cuisine": null, "fast_food": null, "level": 0, "opening_h9": null, "designatio": null, "layer": 0, "area": null, "location": null, "public_tra": null, "railway": null, "subway": null, "station": null, "surface": null, "name_zh": null, "admin_leve": 0, "boundary": null, "water": null, "place": null, "building_p": null, "min_height": 0, "min": 0, "name_zh_H1": null, "name_zh_Ha": null, "operator": null, "operator_t": null, "short_name": null, "short_nam1": null, "short_nam2": null, "wikidata": null, "wikipedia": null, "garden_typ": null, "access": null, "note": null, "female": null, "toilets_di": null, "male": null, "wheelchair": null, "alt_name": null, "old_name": null, "PERIMETER": null, "ENCLOSED_A": null }, "geometry": { "type": "MultiPolygon", "coordinates": [ [ [ [ 114.356393, 30.53038 ], [ 114.3563902, 30.5305325 ], [ 114.3568702, 30.5305393 ], [ 114.3568731, 30.5303868 ], [ 114.356393, 30.53038 ] ] ] ] } },
{ "type": "Feature", "properties": { "GM_LAYER": "building", "GM_TYPE": "Misc. Manmade Structure", "ELEVATION": 0, "visible": "true", "version": 1, "changeset": 7562962, "timestamp": "2011-03-15T02:54:30Z", "user": "GeoSUN", "uid": 414582, "covered": null, "leisure": null, "name": null, "sport": null, "id": 104219000.0, "building": "yes", "building_l": 0, "height": null, "shop": null, "landuse": null, "addr_city": null, "addr_house": null, "addr_postc": 0, "addr_stree": null, "name_en": null, "website": null, "amenity": null, "addr_distr": null, "addr_hous1": null, "addr_provi": null, "int_name": null, "natural": null, "descriptio": null, "cuisine": null, "fast_food": null, "level": 0, "opening_h9": null, "designatio": null, "layer": 0, "area": null, "location": null, "public_tra": null, "railway": null, "subway": null, "station": null, "surface": null, "name_zh": null, "admin_leve": 0, "boundary": null, "water": null, "place": null, "building_p": null, "min_height": 0, "min": 0, "name_zh_H1": null, "name_zh_Ha": null, "operator": null, "operator_t": null, "short_name": null, "short_nam1": null, "short_nam2": null, "wikidata": null, "wikipedia": null, "garden_typ": null, "access": null, "note": null, "female": null, "toilets_di": null, "male": null, "wheelchair": null, "alt_name": null, "old_name": null, "PERIMETER": null, "ENCLOSED_A": null }, "geometry": { "type": "MultiPolygon", "coordinates": [ [ [ [ 114.3578818, 30.5297133 ], [ 114.3578794, 30.529581 ], [ 114.3579484, 30.5295801 ], [ 114.3579459, 30.5294465 ], [ 114.3574388, 30.5294534 ], [ 114.3574409, 30.5295698 ], [ 114.3578222, 30.5295647 ], [ 114.357824, 30.5296649 ], [ 114.3575307, 30.5296689 ], [ 114.3575316, 30.529718 ], [ 114.3578818, 30.5297133 ] ] ] ] } },
{ "type": "Feature", "properties": { "GM_LAYER": "building", "GM_TYPE": "Misc. Manmade Structure", "ELEVATION": 0, "visible": "true", "version": 1, "changeset": 7562962, "timestamp": "2011-03-15T02:54:30Z", "user": "GeoSUN", "uid": 414582, "covered": null, "leisure": null, "name": null, "sport": null, "id": 104219000.0, "building": "yes", "building_l": 0, "height": null, "shop": null, "landuse": null, "addr_city": null, "addr_house": null, "addr_postc": 0, "addr_stree": null, "name_en": null, "website": null, "amenity": null, "addr_distr": null, "addr_hous1": null, "addr_provi": null, "int_name": null, "natural": null, "descriptio": null, "cuisine": null, "fast_food": null, "level": 0, "opening_h9": null, "designatio": null, "layer": 0, "area": null, "location": null, "public_tra": null, "railway": null, "subway": null, "station": null, "surface": null, "name_zh": null, "admin_leve": 0, "boundary": null, "water": null, "place": null, "building_p": null, "min_height": 0, "min": 0, "name_zh_H1": null, "name_zh_Ha": null, "operator": null, "operator_t": null, "short_name": null, "short_nam1": null, "short_nam2": null, "wikidata": null, "wikipedia": null, "garden_typ": null, "access": null, "note": null, "female": null, "toilets_di": null, "male": null, "wheelchair": null, "alt_name": null, "old_name": null, "PERIMETER": null, "ENCLOSED_A": null }, "geometry": { "type": "MultiPolygon", "coordinates": [ [ [ [ 114.3576166, 30.5291181 ], [ 114.3576208, 30.5293524 ], [ 114.3578146, 30.5293498 ], [ 114.3578093, 30.5290537 ], [ 114.3574604, 30.5290583 ], [ 114.3574615, 30.5291201 ], [ 114.3576166, 30.5291181 ] ] ] ] } },
{ "type": "Feature", "properties": { "GM_LAYER": "leisure - pitch", "GM_TYPE": "Misc. Manmade Structure", "ELEVATION": 0, "visible": "true", "version": 2, "changeset": 15191965, "timestamp": "2013-02-28T01:01:12Z", "user": "卢巍(Wei Lu)", "uid": 1242426, "covered": null, "leisure": "pitch", "name": "篮球场", "sport": "basketball", "id": 104219000.0, "building": null, "building_l": 0, "height": null, "shop": null, "landuse": null, "addr_city": null, "addr_house": null, "addr_postc": 0, "addr_stree": null, "name_en": null, "website": null, "amenity": null, "addr_distr": null, "addr_hous1": null, "addr_provi": null, "int_name": null, "natural": null, "descriptio": null, "cuisine": null, "fast_food": null, "level": 0, "opening_h9": null, "designatio": null, "layer": 0, "area": null, "location": null, "public_tra": null, "railway": null, "subway": null, "station": null, "surface": null, "name_zh": null, "admin_leve": 0, "boundary": null, "water": null, "place": null, "building_p": null, "min_height": 0, "min": 0, "name_zh_H1": null, "name_zh_Ha": null, "operator": null, "operator_t": null, "short_name": null, "short_nam1": null, "short_nam2": null, "wikidata": null, "wikipedia": null, "garden_typ": null, "access": null, "note": null, "female": null, "toilets_di": null, "male": null, "wheelchair": null, "alt_name": null, "old_name": null, "PERIMETER": null, "ENCLOSED_A": null }, "geometry": { "type": "MultiPolygon", "coordinates": [ [ [ [ 114.3564029, 30.5303414 ], [ 114.3566483, 30.5303411 ], [ 114.3566473, 30.5297335 ], [ 114.3564019, 30.5297338 ], [ 114.3564029, 30.5303414 ] ] ] ] } },
{ "type": "Feature", "properties": { "GM_LAYER": "building", "GM_TYPE": "Misc. Manmade Structure", "ELEVATION": 0, "visible": "true", "version": 1, "changeset": 7562962, "timestamp": "2011-03-15T02:54:30Z", "user": "GeoSUN", "uid": 414582, "covered": null, "leisure": null, "name": null, "sport": null, "id": 104219000.0, "building": "yes", "building_l": 0, "height": null, "shop": null, "landuse": null, "addr_city": null, "addr_house": null, "addr_postc": 0, "addr_stree": null, "name_en": null, "website": null, "amenity": null, "addr_distr": null, "addr_hous1": null, "addr_provi": null, "int_name": null, "natural": null, "descriptio": null, "cuisine": null, "fast_food": null, "level": 0, "opening_h9": null, "designatio": null, "layer": 0, "area": null, "location": null, "public_tra": null, "railway": null, "subway": null, "station": null, "surface": null, "name_zh": null, "admin_leve": 0, "boundary": null, "water": null, "place": null, "building_p": null, "min_height": 0, "min": 0, "name_zh_H1": null, "name_zh_Ha": null, "operator": null, "operator_t": null, "short_name": null, "short_nam1": null, "short_nam2": null, "wikidata": null, "wikipedia": null, "garden_typ": null, "access": null, "note": null, "female": null, "toilets_di": null, "male": null, "wheelchair": null, "alt_name": null, "old_name": null, "PERIMETER": null, "ENCLOSED_A": null }, "geometry": { "type": "MultiPolygon", "coordinates": [ [ [ [ 114.3575191, 30.5300168 ], [ 114.3575186, 30.530122 ], [ 114.3580429, 30.5301239 ], [ 114.3580434, 30.5300187 ], [ 114.3575191, 30.5300168 ] ] ] ] } },
{ "type": "Feature", "properties": { "GM_LAYER": "building - stadium", "GM_TYPE": "Misc. Manmade Structure", "ELEVATION": 0, "visible": "true", "version": 4, "changeset": 66467926, "timestamp": "2019-01-20T04:54:29Z", "user": "samsung galaxy s6", "uid": 3691120, "covered": null, "leisure": null, "name": "武汉大学信息学部体育馆", "sport": null, "id": 104219000.0, "building": "stadium", "building_l": 1, "height": null, "shop": null, "landuse": null, "addr_city": null, "addr_house": null, "addr_postc": 0, "addr_stree": null, "name_en": null, "website": null, "amenity": null, "addr_distr": null, "addr_hous1": null, "addr_provi": null, "int_name": null, "natural": null, "descriptio": null, "cuisine": null, "fast_food": null, "level": 0, "opening_h9": null, "designatio": null, "layer": 0, "area": null, "location": null, "public_tra": null, "railway": null, "subway": null, "station": null, "surface": null, "name_zh": null, "admin_leve": 0, "boundary": null, "water": null, "place": null, "building_p": null, "min_height": 0, "min": 0, "name_zh_H1": null, "name_zh_Ha": null, "operator": null, "operator_t": null, "short_name": null, "short_nam1": null, "short_nam2": null, "wikidata": null, "wikipedia": null, "garden_typ": null, "access": null, "note": null, "female": null, "toilets_di": null, "male": null, "wheelchair": null, "alt_name": null, "old_name": null, "PERIMETER": null, "ENCLOSED_A": null }, "geometry": { "type": "MultiPolygon", "coordinates": [ [ [ [ 114.3566644, 30.5303224 ], [ 114.3568933, 30.5303255 ], [ 114.3569049, 30.5296934 ], [ 114.3569648, 30.5296942 ], [ 114.356966, 30.5296298 ], [ 114.3566218, 30.5296251 ], [ 114.3566204, 30.5297034 ], [ 114.3566758, 30.5297042 ], [ 114.3566644, 30.5303224 ] ] ] ] } },
{ "type": "Feature", "properties": { "GM_LAYER": "building", "GM_TYPE": "Misc. Manmade Structure", "ELEVATION": 0, "visible": "true", "version": 1, "changeset": 7562962, "timestamp": "2011-03-15T02:54:31Z", "user": "GeoSUN", "uid": 414582, "covered": null, "leisure": null, "name": null, "sport": null, "id": 104219000.0, "building": "yes", "building_l": 0, "height": null, "shop": null, "landuse": null, "addr_city": null, "addr_house": null, "addr_postc": 0, "addr_stree": null, "name_en": null, "website": null, "amenity": null, "addr_distr": null, "addr_hous1": null, "addr_provi": null, "int_name": null, "natural": null, "descriptio": null, "cuisine": null, "fast_food": null, "level": 0, "opening_h9": null, "designatio": null, "layer": 0, "area": null, "location": null, "public_tra": null, "railway": null, "subway": null, "station": null, "surface": null, "name_zh": null, "admin_leve": 0, "boundary": null, "water": null, "place": null, "building_p": null, "min_height": 0, "min": 0, "name_zh_H1": null, "name_zh_Ha": null, "operator": null, "operator_t": null, "short_name": null, "short_nam1": null, "short_nam2": null, "wikidata": null, "wikipedia": null, "garden_typ": null, "access": null, "note": null, "female": null, "toilets_di": null, "male": null, "wheelchair": null, "alt_name": null, "old_name": null, "PERIMETER": null, "ENCLOSED_A": null }, "geometry": { "type": "MultiPolygon", "coordinates": [ [ [ [ 114.3567904, 30.5317732 ], [ 114.3567899, 30.5318381 ], [ 114.3571221, 30.53184 ], [ 114.3571226, 30.5317751 ], [ 114.3567904, 30.5317732 ] ] ] ] } },
{ "type": "Feature", "properties": { "GM_LAYER": "building - dormitory", "GM_TYPE": "Misc. Manmade Structure", "ELEVATION": 0, "visible": "true", "version": 4, "changeset": 118123123, "timestamp": "2022-03-05T11:41:00Z", "user": "红心柚柚子", "uid": 15194206, "covered": null, "leisure": null, "name": "学生宿舍11栋", "sport": null, "id": 104372000.0, "building": "dormitory", "building_l": 0, "height": null, "shop": null, "landuse": null, "addr_city": null, "addr_house": null, "addr_postc": 0, "addr_stree": null, "name_en": null, "website": null, "amenity": null, "addr_distr": null, "addr_hous1": null, "addr_provi": null, "int_name": null, "natural": null, "descriptio": null, "cuisine": null, "fast_food": null, "level": 0, "opening_h9": null, "designatio": null, "layer": 0, "area": null, "location": null, "public_tra": null, "railway": null, "subway": null, "station": null, "surface": null, "name_zh": null, "admin_leve": 0, "boundary": null, "water": null, "place": null, "building_p": null, "min_height": 0, "min": 0, "name_zh_H1": null, "name_zh_Ha": null, "operator": null, "operator_t": null, "short_name": null, "short_nam1": null, "short_nam2": null, "wikidata": null, "wikipedia": null, "garden_typ": null, "access": null, "note": null, "female": null, "toilets_di": null, "male": null, "wheelchair": null, "alt_name": null, "old_name": null, "PERIMETER": null, "ENCLOSED_A": null }, "geometry": { "type": "MultiPolygon", "coordinates": [ [ [ [ 114.3524659, 30.5302553 ], [ 114.352958, 30.530259 ], [ 114.3529591, 30.5301585 ], [ 114.3529112, 30.5301581 ], [ 114.3528983, 30.530158 ], [ 114.352467, 30.5301548 ], [ 114.3524659, 30.5302553 ] ] ] ] } },
{ "type": "Feature", "properties": { "GM_LAYER": "building - dormitory", "GM_TYPE": "Misc. Manmade Structure", "ELEVATION": 0, "visible": "true", "version": 3, "changeset": 48587049, "timestamp": "2017-05-11T10:02:36Z", "user": "samsung galaxy s6", "uid": 3691120, "covered": null, "leisure": null, "name": "学生宿舍12栋", "sport": null, "id": 104372000.0, "building": "dormitory", "building_l": 0, "height": null, "shop": null, "landuse": null, "addr_city": null, "addr_house": null, "addr_postc": 0, "addr_stree": null, "name_en": null, "website": null, "amenity": null, "addr_distr": null, "addr_hous1": null, "addr_provi": null, "int_name": "Student's Dorm No.12", "natural": null, "descriptio": null, "cuisine": null, "fast_food": null, "level": 0, "opening_h9": null, "designatio": null, "layer": 0, "area": null, "location": null, "public_tra": null, "railway": null, "subway": null, "station": null, "surface": null, "name_zh": null, "admin_leve": 0, "boundary": null, "water": null, "place": null, "building_p": null, "min_height": 0, "min": 0, "name_zh_H1": null, "name_zh_Ha": null, "operator": null, "operator_t": null, "short_name": null, "short_nam1": null, "short_nam2": null, "wikidata": null, "wikipedia": null, "garden_typ": null, "access": null, "note": null, "female": null, "toilets_di": null, "male": null, "wheelchair": null, "alt_name": null, "old_name": null, "PERIMETER": null, "ENCLOSED_A": null }, "geometry": { "type": "MultiPolygon", "coordinates": [ [ [ [ 114.3524427, 30.530543 ], [ 114.3529482, 30.5305443 ], [ 114.3529486, 30.5304266 ], [ 114.3524432, 30.5304252 ], [ 114.3524427, 30.530543 ] ] ] ] } },
{ "type": "Feature", "properties": { "GM_LAYER": "building - dormitory", "GM_TYPE": "Misc. Manmade Structure", "ELEVATION": 0, "visible": "true", "version": 6, "changeset": 117810297, "timestamp": "2022-02-24T12:25:12Z", "user": "mueschel", "uid": 616774, "covered": null, "leisure": null, "name": "学生宿舍14栋", "sport": null, "id": 104372000.0, "building": "dormitory", "building_l": 7, "height": null, "shop": null, "landuse": null, "addr_city": null, "addr_house": null, "addr_postc": 0, "addr_stree": null, "name_en": null, "website": null, "amenity": null, "addr_distr": null, "addr_hous1": null, "addr_provi": null, "int_name": null, "natural": null, "descriptio": "本科的宿舍", "cuisine": null, "fast_food": null, "level": 0, "opening_h9": null, "designatio": null, "layer": 0, "area": null, "location": null, "public_tra": null, "railway": null, "subway": null, "station": null, "surface": null, "name_zh": null, "admin_leve": 0, "boundary": null, "water": null, "place": null, "building_p": null, "min_height": 0, "min": 0, "name_zh_H1": null, "name_zh_Ha": null, "operator": null, "operator_t": null, "short_name": null, "short_nam1": null, "short_nam2": null, "wikidata": null, "wikipedia": null, "garden_typ": null, "access": null, "note": null, "female": null, "toilets_di": null, "male": null, "wheelchair": null, "alt_name": null, "old_name": null, "PERIMETER": null, "ENCLOSED_A": null }, "geometry": { "type": "MultiPolygon", "coordinates": [ [ [ [ 114.3524233, 30.5311025 ], [ 114.3529326, 30.5311034 ], [ 114.3529329, 30.5309727 ], [ 114.3524236, 30.5309719 ], [ 114.3524233, 30.5311025 ] ] ] ] } },
{ "type": "Feature", "properties": { "GM_LAYER": "landuse - grass", "GM_TYPE": "Unknown Area Type", "ELEVATION": 0, "visible": "true", "version": 2, "changeset": 39056682, "timestamp": "2016-05-03T01:57:38Z", "user": "samsung galaxy s6", "uid": 3691120, "covered": null, "leisure": null, "name": null, "sport": null, "id": 104372000.0, "building": null, "building_l": 0, "height": null, "shop": null, "landuse": "grass", "addr_city": null, "addr_house": null, "addr_postc": 0, "addr_stree": null, "name_en": null, "website": null, "amenity": null, "addr_distr": null, "addr_hous1": null, "addr_provi": null, "int_name": null, "natural": null, "descriptio": null, "cuisine": null, "fast_food": null, "level": 0, "opening_h9": null, "designatio": null, "layer": 0, "area": null, "location": null, "public_tra": null, "railway": null, "subway": null, "station": null, "surface": null, "name_zh": null, "admin_leve": 0, "boundary": null, "water": null, "place": null, "building_p": null, "min_height": 0, "min": 0, "name_zh_H1": null, "name_zh_Ha": null, "operator": null, "operator_t": null, "short_name": null, "short_nam1": null, "short_nam2": null, "wikidata": null, "wikipedia": null, "garden_typ": null, "access": null, "note": null, "female": null, "toilets_di": null, "male": null, "wheelchair": null, "alt_name": null, "old_name": null, "PERIMETER": null, "ENCLOSED_A": null }, "geometry": { "type": "MultiPolygon", "coordinates": [ [ [ [ 114.3556031, 30.5285883 ], [ 114.3556081, 30.5283414 ], [ 114.3555468, 30.5282857 ], [ 114.3551444, 30.528288 ], [ 114.3550664, 30.5283653 ], [ 114.355065, 30.5286307 ], [ 114.3555566, 30.5286296 ], [ 114.3556031, 30.5285883 ] ] ] ] } },
{ "type": "Feature", "properties": { "GM_LAYER": "amenity - restaurant", "GM_TYPE": "Misc. Manmade Structure", "ELEVATION": 0, "visible": "true", "version": 11, "changeset": 117940175, "timestamp": "2022-02-28T11:20:43Z", "user": "红心柚柚子", "uid": 15194206, "covered": null, "leisure": null, "name": "信息学部四食堂", "sport": null, "id": 104372000.0, "building": "yes", "building_l": 0, "height": null, "shop": null, "landuse": null, "addr_city": null, "addr_house": null, "addr_postc": 0, "addr_stree": null, "name_en": null, "website": null, "amenity": "restaurant", "addr_distr": null, "addr_hous1": null, "addr_provi": null, "int_name": null, "natural": null, "descriptio": "一楼只可刷校园卡、二楼可现金购餐票", "cuisine": "chinese", "fast_food": "cafeteria", "level": 2, "opening_h9": "Mo-Su 07:00-22:00", "designatio": null, "layer": 0, "area": null, "location": null, "public_tra": null, "railway": null, "subway": null, "station": null, "surface": null, "name_zh": null, "admin_leve": 0, "boundary": null, "water": null, "place": null, "building_p": null, "min_height": 0, "min": 0, "name_zh_H1": null, "name_zh_Ha": null, "operator": null, "operator_t": null, "short_name": null, "short_nam1": null, "short_nam2": null, "wikidata": null, "wikipedia": null, "garden_typ": null, "access": null, "note": null, "female": null, "toilets_di": null, "male": null, "wheelchair": null, "alt_name": null, "old_name": null, "PERIMETER": null, "ENCLOSED_A": null }, "geometry": { "type": "MultiPolygon", "coordinates": [ [ [ [ 114.3530279, 30.5299877 ], [ 114.3531706, 30.5299592 ], [ 114.3531897, 30.5299294 ], [ 114.3532509, 30.5299204 ], [ 114.3532809, 30.5298735 ], [ 114.3532819, 30.5297753 ], [ 114.353153, 30.5297742 ], [ 114.3531512, 30.5297346 ], [ 114.3530824, 30.5297333 ], [ 114.3530825, 30.5296089 ], [ 114.3530826, 30.5295399 ], [ 114.3531699, 30.5295399 ], [ 114.3531678, 30.5294984 ], [ 114.3532847, 30.5294956 ], [ 114.3532898, 30.5294119 ], [ 114.3532798, 30.5293653 ], [ 114.3532118, 30.5293399 ], [ 114.353211, 30.5293078 ], [ 114.3531132, 30.52931 ], [ 114.3531147, 30.5292594 ], [ 114.3529666, 30.5292617 ], [ 114.3528235, 30.5292612 ], [ 114.3527169, 30.529263 ], [ 114.352715, 30.5291815 ], [ 114.3524089, 30.5291865 ], [ 114.3524183, 30.5300166 ], [ 114.3528268, 30.530013 ], [ 114.3528278, 30.5299412 ], [ 114.3529169, 30.5299653 ], [ 114.3530279, 30.5299877 ] ] ] ] } },
{ "type": "Feature", "properties": { "GM_LAYER": "landuse - grass", "GM_TYPE": "Unknown Area Type", "ELEVATION": 0, "visible": "true", "version": 2, "changeset": 39056682, "timestamp": "2016-05-03T01:57:38Z", "user": "samsung galaxy s6", "uid": 3691120, "covered": null, "leisure": null, "name": null, "sport": null, "id": 104372000.0, "building": null, "building_l": 0, "height": null, "shop": null, "landuse": "grass", "addr_city": null, "addr_house": null, "addr_postc": 0, "addr_stree": null, "name_en": null, "website": null, "amenity": null, "addr_distr": null, "addr_hous1": null, "addr_provi": null, "int_name": null, "natural": null, "descriptio": null, "cuisine": null, "fast_food": null, "level": 0, "opening_h9": null, "designatio": null, "layer": 0, "area": null, "location": null, "public_tra": null, "railway": null, "subway": null, "station": null, "surface": null, "name_zh": null, "admin_leve": 0, "boundary": null, "water": null, "place": null, "building_p": null, "min_height": 0, "min": 0, "name_zh_H1": null, "name_zh_Ha": null, "operator": null, "operator_t": null, "short_name": null, "short_nam1": null, "short_nam2": null, "wikidata": null, "wikipedia": null, "garden_typ": null, "access": null, "note": null, "female": null, "toilets_di": null, "male": null, "wheelchair": null, "alt_name": null, "old_name": null, "PERIMETER": null, "ENCLOSED_A": null }, "geometry": { "type": "MultiPolygon", "coordinates": [ [ [ [ 114.3557506, 30.5283481 ], [ 114.3557479, 30.5285883 ], [ 114.3557872, 30.5286307 ], [ 114.3562137, 30.5286327 ], [ 114.3562844, 30.5285722 ], [ 114.3562897, 30.528318 ], [ 114.3562093, 30.5282764 ], [ 114.3558204, 30.5282811 ], [ 114.3557506, 30.5283481 ] ] ] ] } },
{ "type": "Feature", "properties": { "GM_LAYER": "landuse - grass", "GM_TYPE": "Unknown Area Type", "ELEVATION": 0, "visible": "true", "version": 5, "changeset": 53332871, "timestamp": "2017-10-29T05:44:22Z", "user": "FlyingXiang", "uid": 1018672, "covered": null, "leisure": null, "name": null, "sport": null, "id": 104372000.0, "building": null, "building_l": 0, "height": null, "shop": null, "landuse": "grass", "addr_city": null, "addr_house": null, "addr_postc": 0, "addr_stree": null, "name_en": null, "website": null, "amenity": null, "addr_distr": null, "addr_hous1": null, "addr_provi": null, "int_name": null, "natural": null, "descriptio": null, "cuisine": null, "fast_food": null, "level": 0, "opening_h9": null, "designatio": null, "layer": 0, "area": null, "location": null, "public_tra": null, "railway": null, "subway": null, "station": null, "surface": null, "name_zh": null, "admin_leve": 0, "boundary": null, "water": null, "place": null, "building_p": null, "min_height": 0, "min": 0, "name_zh_H1": null, "name_zh_Ha": null, "operator": null, "operator_t": null, "short_name": null, "short_nam1": null, "short_nam2": null, "wikidata": null, "wikipedia": null, "garden_typ": null, "access": null, "note": null, "female": null, "toilets_di": null, "male": null, "wheelchair": null, "alt_name": null, "old_name": null, "PERIMETER": null, "ENCLOSED_A": null }, "geometry": { "type": "MultiPolygon", "coordinates": [ [ [ [ 114.355828, 30.5282228 ], [ 114.3558593, 30.5282295 ], [ 114.3562361, 30.5282187 ], [ 114.3562656, 30.5282002 ], [ 114.3562559, 30.5276296 ], [ 114.3562279, 30.5277023 ], [ 114.3561649, 30.5277529 ], [ 114.3560325, 30.5278103 ], [ 114.3559083, 30.5278356 ], [ 114.3559305, 30.527998 ], [ 114.355854, 30.5280127 ], [ 114.3557897, 30.5280134 ], [ 114.3557955, 30.5281001 ], [ 114.3558142, 30.5281104 ], [ 114.3558147, 30.528203 ], [ 114.355828, 30.5282228 ] ] ] ] } },
{ "type": "Feature", "properties": { "GM_LAYER": "building", "GM_TYPE": "Misc. Manmade Structure", "ELEVATION": 0, "visible": "true", "version": 2, "changeset": 13007185, "timestamp": "2012-09-06T08:53:55Z", "user": "wangwang", "uid": 862495, "covered": null, "leisure": null, "name": "澡堂", "sport": null, "id": 104372000.0, "building": "yes", "building_l": 0, "height": null, "shop": null, "landuse": null, "addr_city": null, "addr_house": null, "addr_postc": 0, "addr_stree": null, "name_en": null, "website": null, "amenity": null, "addr_distr": null, "addr_hous1": null, "addr_provi": null, "int_name": null, "natural": null, "descriptio": null, "cuisine": null, "fast_food": null, "level": 0, "opening_h9": null, "designatio": null, "layer": 0, "area": null, "location": null, "public_tra": null, "railway": null, "subway": null, "station": null, "surface": null, "name_zh": null, "admin_leve": 0, "boundary": null, "water": null, "place": null, "building_p": null, "min_height": 0, "min": 0, "name_zh_H1": null, "name_zh_Ha": null, "operator": null, "operator_t": null, "short_name": null, "short_nam1": null, "short_nam2": null, "wikidata": null, "wikipedia": null, "garden_typ": null, "access": null, "note": null, "female": null, "toilets_di": null, "male": null, "wheelchair": null, "alt_name": null, "old_name": null, "PERIMETER": null, "ENCLOSED_A": null }, "geometry": { "type": "MultiPolygon", "coordinates": [ [ [ [ 114.3531446, 30.5303375 ], [ 114.3531438, 30.5305565 ], [ 114.3532707, 30.5305555 ], [ 114.3532658, 30.5303367 ], [ 114.3531446, 30.5303375 ] ] ] ] } },
{ "type": "Feature", "properties": { "GM_LAYER": "building - dormitory", "GM_TYPE": "Misc. Manmade Structure", "ELEVATION": 0, "visible": "true", "version": 5, "changeset": 26354770, "timestamp": "2014-10-27T02:54:59Z", "user": "大头雨", "uid": 2029988, "covered": null, "leisure": null, "name": "学生宿舍4栋", "sport": null, "id": 104372000.0, "building": "dormitory", "building_l": 0, "height": null, "shop": null, "landuse": null, "addr_city": null, "addr_house": null, "addr_postc": 0, "addr_stree": null, "name_en": null, "website": null, "amenity": null, "addr_distr": null, "addr_hous1": null, "addr_provi": null, "int_name": null, "natural": null, "descriptio": null, "cuisine": null, "fast_food": null, "level": 0, "opening_h9": null, "designatio": null, "layer": 0, "area": null, "location": null, "public_tra": null, "railway": null, "subway": null, "station": null, "surface": null, "name_zh": null, "admin_leve": 0, "boundary": null, "water": null, "place": null, "building_p": null, "min_height": 0, "min": 0, "name_zh_H1": null, "name_zh_Ha": null, "operator": null, "operator_t": null, "short_name": null, "short_nam1": null, "short_nam2": null, "wikidata": null, "wikipedia": null, "garden_typ": null, "access": null, "note": null, "female": null, "toilets_di": null, "male": null, "wheelchair": null, "alt_name": null, "old_name": null, "PERIMETER": null, "ENCLOSED_A": null }, "geometry": { "type": "MultiPolygon", "coordinates": [ [ [ [ 114.3541539, 30.5309728 ], [ 114.3541547, 30.531134 ], [ 114.3548414, 30.5311345 ], [ 114.354844, 30.5309737 ], [ 114.3541539, 30.5309728 ] ] ] ] } },
{ "type": "Feature", "properties": { "GM_LAYER": "leisure - pitch", "GM_TYPE": "Misc. Manmade Structure", "ELEVATION": 0, "visible": "true", "version": 6, "changeset": 118059411, "timestamp": "2022-03-03T15:07:05Z", "user": "Wei Yuanbiao", "uid": 12389142, "covered": null, "leisure": "pitch", "name": "篮球场+羽毛球场+乒乓球场+排球场", "sport": null, "id": 104372000.0, "building": null, "building_l": 0, "height": null, "shop": null, "landuse": null, "addr_city": null, "addr_house": null, "addr_postc": 0, "addr_stree": null, "name_en": null, "website": null, "amenity": null, "addr_distr": null, "addr_hous1": null, "addr_provi": null, "int_name": null, "natural": null, "descriptio": null, "cuisine": null, "fast_food": null, "level": 0, "opening_h9": null, "designatio": null, "layer": 0, "area": null, "location": null, "public_tra": null, "railway": null, "subway": null, "station": null, "surface": null, "name_zh": null, "admin_leve": 0, "boundary": null, "water": null, "place": null, "building_p": null, "min_height": 0, "min": 0, "name_zh_H1": null, "name_zh_Ha": null, "operator": null, "operator_t": null, "short_name": null, "short_nam1": null, "short_nam2": null, "wikidata": null, "wikipedia": null, "garden_typ": null, "access": null, "note": null, "female": null, "toilets_di": null, "male": null, "wheelchair": null, "alt_name": null, "old_name": null, "PERIMETER": null, "ENCLOSED_A": null }, "geometry": { "type": "MultiPolygon", "coordinates": [ [ [ [ 114.352418, 30.5312284 ], [ 114.3524254, 30.5318372 ], [ 114.3527176, 30.5318346 ], [ 114.3528153, 30.5318333 ], [ 114.352884, 30.5318331 ], [ 114.3528767, 30.5312243 ], [ 114.352418, 30.5312284 ] ] ] ] } },
{ "type": "Feature", "properties": { "GM_LAYER": "building - dormitory", "GM_TYPE": "Misc. Manmade Structure", "ELEVATION": 0, "visible": "true", "version": 3, "changeset": 25879259, "timestamp": "2014-10-05T16:21:09Z", "user": "SimpleLuke", "uid": 2092629, "covered": null, "leisure": null, "name": "学生宿舍3栋", "sport": null, "id": 104372000.0, "building": "dormitory", "building_l": 0, "height": null, "shop": null, "landuse": null, "addr_city": null, "addr_house": null, "addr_postc": 0, "addr_stree": null, "name_en": null, "website": null, "amenity": null, "addr_distr": null, "addr_hous1": null, "addr_provi": null, "int_name": null, "natural": null, "descriptio": null, "cuisine": null, "fast_food": null, "level": 0, "opening_h9": null, "designatio": null, "layer": 0, "area": null, "location": null, "public_tra": null, "railway": null, "subway": null, "station": null, "surface": null, "name_zh": null, "admin_leve": 0, "boundary": null, "water": null, "place": null, "building_p": null, "min_height": 0, "min": 0, "name_zh_H1": null, "name_zh_Ha": null, "operator": null, "operator_t": null, "short_name": null, "short_nam1": null, "short_nam2": null, "wikidata": null, "wikipedia": null, "garden_typ": null, "access": null, "note": null, "female": null, "toilets_di": null, "male": null, "wheelchair": null, "alt_name": null, "old_name": null, "PERIMETER": null, "ENCLOSED_A": null }, "geometry": { "type": "MultiPolygon", "coordinates": [ [ [ [ 114.3541519, 30.5308009 ], [ 114.3548454, 30.5308029 ], [ 114.3548478, 30.5306521 ], [ 114.3541519, 30.5306501 ], [ 114.3541519, 30.5308009 ] ] ] ] } },
{ "type": "Feature", "properties": { "GM_LAYER": "building - dormitory", "GM_TYPE": "Misc. Manmade Structure", "ELEVATION": 0, "visible": "true", "version": 5, "changeset": 89880829, "timestamp": "2020-08-24T23:31:52Z", "user": "FJTB", "uid": 11703521, "covered": null, "leisure": null, "name": "学生宿舍13栋", "sport": null, "id": 104372000.0, "building": "dormitory", "building_l": 7, "height": null, "shop": null, "landuse": null, "addr_city": null, "addr_house": null, "addr_postc": 0, "addr_stree": null, "name_en": null, "website": null, "amenity": null, "addr_distr": null, "addr_hous1": "信息学部13栋", "addr_provi": null, "int_name": null, "natural": null, "descriptio": null, "cuisine": null, "fast_food": null, "level": 0, "opening_h9": null, "designatio": null, "layer": 0, "area": null, "location": null, "public_tra": null, "railway": null, "subway": null, "station": null, "surface": null, "name_zh": null, "admin_leve": 0, "boundary": null, "water": null, "place": null, "building_p": null, "min_height": 0, "min": 0, "name_zh_H1": null, "name_zh_Ha": null, "operator": null, "operator_t": null, "short_name": null, "short_nam1": null, "short_nam2": null, "wikidata": null, "wikipedia": null, "garden_typ": null, "access": null, "note": null, "female": null, "toilets_di": null, "male": null, "wheelchair": null, "alt_name": null, "old_name": null, "PERIMETER": null, "ENCLOSED_A": null }, "geometry": { "type": "MultiPolygon", "coordinates": [ [ [ [ 114.3524083, 30.5308137 ], [ 114.3529246, 30.5308165 ], [ 114.3529255, 30.5306904 ], [ 114.3524093, 30.5306876 ], [ 114.3524083, 30.5308137 ] ] ] ] } },
{ "type": "Feature", "properties": { "GM_LAYER": "landuse - grass", "GM_TYPE": "Unknown Area Type", "ELEVATION": 0, "visible": "true", "version": 5, "changeset": 53332871, "timestamp": "2017-10-29T05:44:22Z", "user": "FlyingXiang", "uid": 1018672, "covered": null, "leisure": null, "name": null, "sport": null, "id": 104372000.0, "building": null, "building_l": 0, "height": null, "shop": null, "landuse": "grass", "addr_city": null, "addr_house": null, "addr_postc": 0, "addr_stree": null, "name_en": null, "website": null, "amenity": null, "addr_distr": null, "addr_hous1": null, "addr_provi": null, "int_name": null, "natural": null, "descriptio": null, "cuisine": null, "fast_food": null, "level": 0, "opening_h9": null, "designatio": "vegetation", "layer": 0, "area": null, "location": null, "public_tra": null, "railway": null, "subway": null, "station": null, "surface": null, "name_zh": null, "admin_leve": 0, "boundary": null, "water": null, "place": null, "building_p": null, "min_height": 0, "min": 0, "name_zh_H1": null, "name_zh_Ha": null, "operator": null, "operator_t": null, "short_name": null, "short_nam1": null, "short_nam2": null, "wikidata": null, "wikipedia": null, "garden_typ": null, "access": null, "note": null, "female": null, "toilets_di": null, "male": null, "wheelchair": null, "alt_name": null, "old_name": null, "PERIMETER": null, "ENCLOSED_A": null }, "geometry": { "type": "MultiPolygon", "coordinates": [ [ [ [ 114.355139, 30.5276367 ], [ 114.3551084, 30.5276717 ], [ 114.3551034, 30.5282336 ], [ 114.3555304, 30.528232 ], [ 114.355571, 30.5282268 ], [ 114.3555951, 30.5282094 ], [ 114.3555926, 30.5281185 ], [ 114.3556146, 30.5281046 ], [ 114.3556153, 30.528012 ], [ 114.3555471, 30.5280048 ], [ 114.3554849, 30.5279935 ], [ 114.3555215, 30.5278292 ], [ 114.355421, 30.527806 ], [ 114.355317, 30.5277794 ], [ 114.3552356, 30.5277414 ], [ 114.3551674, 30.5276961 ], [ 114.355139, 30.5276367 ] ] ] ] } },
{ "type": "Feature", "properties": { "GM_LAYER": "building", "GM_TYPE": "Misc. Manmade Structure", "ELEVATION": 0, "visible": "true", "version": 2, "changeset": 14842473, "timestamp": "2013-01-30T01:04:33Z", "user": "kun3721", "uid": 1195808, "covered": null, "leisure": null, "name": "46栋", "sport": null, "id": 104373000.0, "building": "yes", "building_l": 0, "height": null, "shop": null, "landuse": null, "addr_city": null, "addr_house": null, "addr_postc": 0, "addr_stree": null, "name_en": null, "website": null, "amenity": null, "addr_distr": null, "addr_hous1": null, "addr_provi": null, "int_name": null, "natural": null, "descriptio": null, "cuisine": null, "fast_food": null, "level": 0, "opening_h9": null, "designatio": null, "layer": 0, "area": null, "location": null, "public_tra": null, "railway": null, "subway": null, "station": null, "surface": null, "name_zh": null, "admin_leve": 0, "boundary": null, "water": null, "place": null, "building_p": null, "min_height": 0, "min": 0, "name_zh_H1": null, "name_zh_Ha": null, "operator": null, "operator_t": null, "short_name": null, "short_nam1": null, "short_nam2": null, "wikidata": null, "wikipedia": null, "garden_typ": null, "access": null, "note": null, "female": null, "toilets_di": null, "male": null, "wheelchair": null, "alt_name": null, "old_name": null, "PERIMETER": null, "ENCLOSED_A": null }, "geometry": { "type": "MultiPolygon", "coordinates": [ [ [ [ 114.3560633, 30.5334982 ], [ 114.3560652, 30.5334241 ], [ 114.3556296, 30.5334155 ], [ 114.3556276, 30.5334895 ], [ 114.3560633, 30.5334982 ] ] ] ] } },
{ "type": "Feature", "properties": { "GM_LAYER": "building", "GM_TYPE": "Misc. Manmade Structure", "ELEVATION": 0, "visible": "true", "version": 2, "changeset": 14879911, "timestamp": "2013-02-02T08:02:48Z", "user": "kun3721", "uid": 1195808, "covered": null, "leisure": null, "name": "40栋", "sport": null, "id": 104373000.0, "building": "yes", "building_l": 0, "height": null, "shop": null, "landuse": null, "addr_city": null, "addr_house": null, "addr_postc": 0, "addr_stree": null, "name_en": null, "website": null, "amenity": null, "addr_distr": null, "addr_hous1": null, "addr_provi": null, "int_name": null, "natural": null, "descriptio": null, "cuisine": null, "fast_food": null, "level": 0, "opening_h9": null, "designatio": null, "layer": 0, "area": null, "location": null, "public_tra": null, "railway": null, "subway": null, "station": null, "surface": null, "name_zh": null, "admin_leve": 0, "boundary": null, "water": null, "place": null, "building_p": null, "min_height": 0, "min": 0, "name_zh_H1": null, "name_zh_Ha": null, "operator": null, "operator_t": null, "short_name": null, "short_nam1": null, "short_nam2": null, "wikidata": null, "wikipedia": null, "garden_typ": null, "access": null, "note": null, "female": null, "toilets_di": null, "male": null, "wheelchair": null, "alt_name": null, "old_name": null, "PERIMETER": null, "ENCLOSED_A": null }, "geometry": { "type": "MultiPolygon", "coordinates": [ [ [ [ 114.3553399, 30.5323794 ], [ 114.3553406, 30.5324858 ], [ 114.355991, 30.5324829 ], [ 114.3559903, 30.5323765 ], [ 114.3553399, 30.5323794 ] ] ] ] } },
{ "type": "Feature", "properties": { "GM_LAYER": "building", "GM_TYPE": "Misc. Manmade Structure", "ELEVATION": 0, "visible": "true", "version": 2, "changeset": 14778484, "timestamp": "2013-01-25T09:40:29Z", "user": "kun3721", "uid": 1195808, "covered": null, "leisure": null, "name": "41栋", "sport": null, "id": 104373000.0, "building": "yes", "building_l": 0, "height": null, "shop": null, "landuse": null, "addr_city": null, "addr_house": null, "addr_postc": 0, "addr_stree": null, "name_en": null, "website": null, "amenity": null, "addr_distr": null, "addr_hous1": null, "addr_provi": null, "int_name": null, "natural": null, "descriptio": null, "cuisine": null, "fast_food": null, "level": 0, "opening_h9": null, "designatio": null, "layer": 0, "area": null, "location": null, "public_tra": null, "railway": null, "subway": null, "station": null, "surface": null, "name_zh": null, "admin_leve": 0, "boundary": null, "water": null, "place": null, "building_p": null, "min_height": 0, "min": 0, "name_zh_H1": null, "name_zh_Ha": null, "operator": null, "operator_t": null, "short_name": null, "short_nam1": null, "short_nam2": null, "wikidata": null, "wikipedia": null, "garden_typ": null, "access": null, "note": null, "female": null, "toilets_di": null, "male": null, "wheelchair": null, "alt_name": null, "old_name": null, "PERIMETER": null, "ENCLOSED_A": null }, "geometry": { "type": "MultiPolygon", "coordinates": [ [ [ [ 114.3561383, 30.5327803 ], [ 114.3566466, 30.532784 ], [ 114.3566477, 30.5326766 ], [ 114.3561394, 30.5326729 ], [ 114.3561383, 30.5327803 ] ] ] ] } },
{ "type": "Feature", "properties": { "GM_LAYER": "building", "GM_TYPE": "Misc. Manmade Structure", "ELEVATION": 0, "visible": "true", "version": 2, "changeset": 14716252, "timestamp": "2013-01-20T06:17:38Z", "user": "kun3721", "uid": 1195808, "covered": null, "leisure": null, "name": "48栋", "sport": null, "id": 104373000.0, "building": "yes", "building_l": 0, "height": null, "shop": null, "landuse": null, "addr_city": null, "addr_house": null, "addr_postc": 0, "addr_stree": null, "name_en": null, "website": null, "amenity": null, "addr_distr": null, "addr_hous1": null, "addr_provi": null, "int_name": null, "natural": null, "descriptio": null, "cuisine": null, "fast_food": null, "level": 0, "opening_h9": null, "designatio": null, "layer": 0, "area": null, "location": null, "public_tra": null, "railway": null, "subway": null, "station": null, "surface": null, "name_zh": null, "admin_leve": 0, "boundary": null, "water": null, "place": null, "building_p": null, "min_height": 0, "min": 0, "name_zh_H1": null, "name_zh_Ha": null, "operator": null, "operator_t": null, "short_name": null, "short_nam1": null, "short_nam2": null, "wikidata": null, "wikipedia": null, "garden_typ": null, "access": null, "note": null, "female": null, "toilets_di": null, "male": null, "wheelchair": null, "alt_name": null, "old_name": null, "PERIMETER": null, "ENCLOSED_A": null }, "geometry": { "type": "MultiPolygon", "coordinates": [ [ [ [ 114.3552448, 30.5333441 ], [ 114.3556488, 30.5333497 ], [ 114.3556502, 30.5332754 ], [ 114.3552462, 30.5332698 ], [ 114.3552448, 30.5333441 ] ] ] ] } },
{ "type": "Feature", "properties": { "GM_LAYER": "building", "GM_TYPE": "Misc. Manmade Structure", "ELEVATION": 0, "visible": "true", "version": 2, "changeset": 14842473, "timestamp": "2013-01-30T01:04:33Z", "user": "kun3721", "uid": 1195808, "covered": null, "leisure": null, "name": "44栋", "sport": null, "id": 104373000.0, "building": "yes", "building_l": 0, "height": null, "shop": null, "landuse": null, "addr_city": null, "addr_house": null, "addr_postc": 0, "addr_stree": null, "name_en": null, "website": null, "amenity": null, "addr_distr": null, "addr_hous1": null, "addr_provi": null, "int_name": null, "natural": null, "descriptio": null, "cuisine": null, "fast_food": null, "level": 0, "opening_h9": null, "designatio": null, "layer": 0, "area": null, "location": null, "public_tra": null, "railway": null, "subway": null, "station": null, "surface": null, "name_zh": null, "admin_leve": 0, "boundary": null, "water": null, "place": null, "building_p": null, "min_height": 0, "min": 0, "name_zh_H1": null, "name_zh_Ha": null, "operator": null, "operator_t": null, "short_name": null, "short_nam1": null, "short_nam2": null, "wikidata": null, "wikipedia": null, "garden_typ": null, "access": null, "note": null, "female": null, "toilets_di": null, "male": null, "wheelchair": null, "alt_name": null, "old_name": null, "PERIMETER": null, "ENCLOSED_A": null }, "geometry": { "type": "MultiPolygon", "coordinates": [ [ [ [ 114.3564826, 30.5332064 ], [ 114.35648, 30.5332807 ], [ 114.3567035, 30.5332865 ], [ 114.3567061, 30.5332108 ], [ 114.3564826, 30.5332064 ] ] ] ] } },
{ "type": "Feature", "properties": { "GM_LAYER": "building", "GM_TYPE": "Misc. Manmade Structure", "ELEVATION": 0, "visible": "true", "version": 2, "changeset": 14754413, "timestamp": "2013-01-23T09:07:14Z", "user": "kun3721", "uid": 1195808, "covered": null, "leisure": null, "name": "青年楼", "sport": null, "id": 104373000.0, "building": "yes", "building_l": 0, "height": null, "shop": null, "landuse": null, "addr_city": null, "addr_house": null, "addr_postc": 0, "addr_stree": null, "name_en": null, "website": null, "amenity": null, "addr_distr": null, "addr_hous1": null, "addr_provi": null, "int_name": null, "natural": null, "descriptio": null, "cuisine": null, "fast_food": null, "level": 0, "opening_h9": null, "designatio": null, "layer": 0, "area": null, "location": null, "public_tra": null, "railway": null, "subway": null, "station": null, "surface": null, "name_zh": null, "admin_leve": 0, "boundary": null, "water": null, "place": null, "building_p": null, "min_height": 0, "min": 0, "name_zh_H1": null, "name_zh_Ha": null, "operator": null, "operator_t": null, "short_name": null, "short_nam1": null, "short_nam2": null, "wikidata": null, "wikipedia": null, "garden_typ": null, "access": null, "note": null, "female": null, "toilets_di": null, "male": null, "wheelchair": null, "alt_name": null, "old_name": null, "PERIMETER": null, "ENCLOSED_A": null }, "geometry": { "type": "MultiPolygon", "coordinates": [ [ [ [ 114.3560697, 30.5323935 ], [ 114.356455, 30.5323919 ], [ 114.3564556, 30.5325023 ], [ 114.3566326, 30.5325015 ], [ 114.3566312, 30.5322563 ], [ 114.3560689, 30.5322586 ], [ 114.3560697, 30.5323935 ] ] ] ] } },
{ "type": "Feature", "properties": { "GM_LAYER": "building - commercial", "GM_TYPE": "Misc. Manmade Structure", "ELEVATION": 0, "visible": "true", "version": 4, "changeset": 117083878, "timestamp": "2022-02-06T15:43:18Z", "user": "作小寒", "uid": 10076180, "covered": null, "leisure": null, "name": "星湖园招待所", "sport": null, "id": 104373000.0, "building": "commercial", "building_l": 5, "height": null, "shop": null, "landuse": null, "addr_city": null, "addr_house": null, "addr_postc": 0, "addr_stree": null, "name_en": null, "website": null, "amenity": null, "addr_distr": null, "addr_hous1": null, "addr_provi": null, "int_name": null, "natural": null, "descriptio": null, "cuisine": null, "fast_food": null, "level": 0, "opening_h9": null, "designatio": null, "layer": 0, "area": null, "location": null, "public_tra": null, "railway": null, "subway": null, "station": null, "surface": null, "name_zh": null, "admin_leve": 0, "boundary": null, "water": null, "place": null, "building_p": null, "min_height": 0, "min": 0, "name_zh_H1": null, "name_zh_Ha": null, "operator": null, "operator_t": null, "short_name": null, "short_nam1": null, "short_nam2": null, "wikidata": null, "wikipedia": null, "garden_typ": null, "access": null, "note": null, "female": null, "toilets_di": null, "male": null, "wheelchair": null, "alt_name": null, "old_name": null, "PERIMETER": null, "ENCLOSED_A": null }, "geometry": { "type": "MultiPolygon", "coordinates": [ [ [ [ 114.3550489, 30.5325636 ], [ 114.3552956, 30.5325676 ], [ 114.3553025, 30.532255 ], [ 114.3547239, 30.5322456 ], [ 114.3547178, 30.5325251 ], [ 114.3548954, 30.532528 ], [ 114.3548983, 30.5323939 ], [ 114.3550526, 30.5323964 ], [ 114.3550489, 30.5325636 ] ] ] ] } },
{ "type": "Feature", "properties": { "GM_LAYER": "building", "GM_TYPE": "Misc. Manmade Structure", "ELEVATION": 0, "visible": "true", "version": 2, "changeset": 32356045, "timestamp": "2015-07-02T14:57:42Z", "user": "SimpleLuke", "uid": 2092629, "covered": null, "leisure": null, "name": null, "sport": null, "id": 104373000.0, "building": "yes", "building_l": 0, "height": null, "shop": null, "landuse": null, "addr_city": null, "addr_house": null, "addr_postc": 0, "addr_stree": null, "name_en": null, "website": null, "amenity": null, "addr_distr": null, "addr_hous1": null, "addr_provi": null, "int_name": null, "natural": null, "descriptio": null, "cuisine": null, "fast_food": null, "level": 0, "opening_h9": null, "designatio": null, "layer": 0, "area": null, "location": null, "public_tra": null, "railway": null, "subway": null, "station": null, "surface": null, "name_zh": null, "admin_leve": 0, "boundary": null, "water": null, "place": null, "building_p": null, "min_height": 0, "min": 0, "name_zh_H1": null, "name_zh_Ha": null, "operator": null, "operator_t": null, "short_name": null, "short_nam1": null, "short_nam2": null, "wikidata": null, "wikipedia": null, "garden_typ": null, "access": null, "note": null, "female": null, "toilets_di": null, "male": null, "wheelchair": null, "alt_name": null, "old_name": null, "PERIMETER": null, "ENCLOSED_A": null }, "geometry": { "type": "MultiPolygon", "coordinates": [ [ [ [ 114.3568753, 30.5324021 ], [ 114.3570431, 30.5324023 ], [ 114.3570432, 30.53234 ], [ 114.357164, 30.5323402 ], [ 114.3571642, 30.5322109 ], [ 114.3570143, 30.5322107 ], [ 114.3570142, 30.5322833 ], [ 114.3568755, 30.5322831 ], [ 114.3568753, 30.5324021 ] ] ] ] } },
{ "type": "Feature", "properties": { "GM_LAYER": "building", "GM_TYPE": "Misc. Manmade Structure", "ELEVATION": 0, "visible": "true", "version": 2, "changeset": 9694111, "timestamp": "2011-10-30T14:16:13Z", "user": "mingli", "uid": 537153, "covered": null, "leisure": null, "name": "星湖园教工食堂", "sport": null, "id": 104373000.0, "building": "yes", "building_l": 0, "height": null, "shop": null, "landuse": null, "addr_city": null, "addr_house": null, "addr_postc": 0, "addr_stree": null, "name_en": null, "website": null, "amenity": null, "addr_distr": null, "addr_hous1": null, "addr_provi": null, "int_name": null, "natural": null, "descriptio": null, "cuisine": null, "fast_food": null, "level": 0, "opening_h9": null, "designatio": null, "layer": 0, "area": null, "location": null, "public_tra": null, "railway": null, "subway": null, "station": null, "surface": null, "name_zh": null, "admin_leve": 0, "boundary": null, "water": null, "place": null, "building_p": null, "min_height": 0, "min": 0, "name_zh_H1": null, "name_zh_Ha": null, "operator": null, "operator_t": null, "short_name": null, "short_nam1": null, "short_nam2": null, "wikidata": null, "wikipedia": null, "garden_typ": null, "access": null, "note": null, "female": null, "toilets_di": null, "male": null, "wheelchair": null, "alt_name": null, "old_name": null, "PERIMETER": null, "ENCLOSED_A": null }, "geometry": { "type": "MultiPolygon", "coordinates": [ [ [ [ 114.3547446, 30.5326728 ], [ 114.3547517, 30.5329927 ], [ 114.3552909, 30.5329838 ], [ 114.3552838, 30.5326639 ], [ 114.3547446, 30.5326728 ] ] ] ] } },
{ "type": "Feature", "properties": { "GM_LAYER": "building", "GM_TYPE": "Misc. Manmade Structure", "ELEVATION": 0, "visible": "true", "version": 2, "changeset": 53063397, "timestamp": "2017-10-19T09:39:13Z", "user": "Houzhu", "uid": 6819446, "covered": null, "leisure": null, "name": "18栋", "sport": null, "id": 104373000.0, "building": "yes", "building_l": 0, "height": null, "shop": null, "landuse": null, "addr_city": null, "addr_house": null, "addr_postc": 0, "addr_stree": null, "name_en": null, "website": null, "amenity": null, "addr_distr": null, "addr_hous1": null, "addr_provi": null, "int_name": null, "natural": null, "descriptio": null, "cuisine": null, "fast_food": null, "level": 0, "opening_h9": null, "designatio": null, "layer": 0, "area": null, "location": null, "public_tra": null, "railway": null, "subway": null, "station": null, "surface": null, "name_zh": null, "admin_leve": 0, "boundary": null, "water": null, "place": null, "building_p": null, "min_height": 0, "min": 0, "name_zh_H1": null, "name_zh_Ha": null, "operator": null, "operator_t": null, "short_name": null, "short_nam1": null, "short_nam2": null, "wikidata": null, "wikipedia": null, "garden_typ": null, "access": null, "note": null, "female": null, "toilets_di": null, "male": null, "wheelchair": null, "alt_name": null, "old_name": null, "PERIMETER": null, "ENCLOSED_A": null }, "geometry": { "type": "MultiPolygon", "coordinates": [ [ [ [ 114.3546949, 30.5334669 ], [ 114.3551508, 30.533473 ], [ 114.355153, 30.533347 ], [ 114.3546972, 30.5333409 ], [ 114.3546949, 30.5334669 ] ] ] ] } },
{ "type": "Feature", "properties": { "GM_LAYER": "building", "GM_TYPE": "Misc. Manmade Structure", "ELEVATION": 0, "visible": "true", "version": 2, "changeset": 14778484, "timestamp": "2013-01-25T09:40:29Z", "user": "kun3721", "uid": 1195808, "covered": null, "leisure": null, "name": "43栋", "sport": null, "id": 104373000.0, "building": "yes", "building_l": 0, "height": null, "shop": null, "landuse": null, "addr_city": null, "addr_house": null, "addr_postc": 0, "addr_stree": null, "name_en": null, "website": null, "amenity": null, "addr_distr": null, "addr_hous1": null, "addr_provi": null, "int_name": null, "natural": null, "descriptio": null, "cuisine": null, "fast_food": null, "level": 0, "opening_h9": null, "designatio": null, "layer": 0, "area": null, "location": null, "public_tra": null, "railway": null, "subway": null, "station": null, "surface": null, "name_zh": null, "admin_leve": 0, "boundary": null, "water": null, "place": null, "building_p": null, "min_height": 0, "min": 0, "name_zh_H1": null, "name_zh_Ha": null, "operator": null, "operator_t": null, "short_name": null, "short_nam1": null, "short_nam2": null, "wikidata": null, "wikipedia": null, "garden_typ": null, "access": null, "note": null, "female": null, "toilets_di": null, "male": null, "wheelchair": null, "alt_name": null, "old_name": null, "PERIMETER": null, "ENCLOSED_A": null }, "geometry": { "type": "MultiPolygon", "coordinates": [ [ [ [ 114.3568059, 30.5330886 ], [ 114.3567961, 30.5331734 ], [ 114.3569924, 30.5331903 ], [ 114.3570022, 30.5331055 ], [ 114.3568059, 30.5330886 ] ] ] ] } },
{ "type": "Feature", "properties": { "GM_LAYER": "building", "GM_TYPE": "Misc. Manmade Structure", "ELEVATION": 0, "visible": "true", "version": 3, "changeset": 53063397, "timestamp": "2017-10-19T09:39:12Z", "user": "Houzhu", "uid": 6819446, "covered": null, "leisure": null, "name": "36栋", "sport": null, "id": 104373000.0, "building": "yes", "building_l": 0, "height": null, "shop": null, "landuse": null, "addr_city": null, "addr_house": null, "addr_postc": 0, "addr_stree": null, "name_en": null, "website": null, "amenity": null, "addr_distr": null, "addr_hous1": null, "addr_provi": null, "int_name": null, "natural": null, "descriptio": null, "cuisine": null, "fast_food": null, "level": 0, "opening_h9": null, "designatio": null, "layer": 0, "area": null, "location": null, "public_tra": null, "railway": null, "subway": null, "station": null, "surface": null, "name_zh": null, "admin_leve": 0, "boundary": null, "water": null, "place": null, "building_p": null, "min_height": 0, "min": 0, "name_zh_H1": null, "name_zh_Ha": null, "operator": null, "operator_t": null, "short_name": null, "short_nam1": null, "short_nam2": null, "wikidata": null, "wikipedia": null, "garden_typ": null, "access": null, "note": null, "female": null, "toilets_di": null, "male": null, "wheelchair": null, "alt_name": null, "old_name": null, "PERIMETER": null, "ENCLOSED_A": null }, "geometry": { "type": "MultiPolygon", "coordinates": [ [ [ [ 114.3545575, 30.5337115 ], [ 114.3545565, 30.533779 ], [ 114.3551807, 30.5337851 ], [ 114.3551818, 30.5337118 ], [ 114.3545575, 30.5337115 ] ] ] ] } },
{ "type": "Feature", "properties": { "GM_LAYER": "building - kindergarten", "GM_TYPE": "Misc. Manmade Structure", "ELEVATION": 0, "visible": "true", "version": 3, "changeset": 118133253, "timestamp": "2022-03-05T16:48:25Z", "user": "whu131", "uid": 15239342, "covered": null, "leisure": null, "name": null, "sport": null, "id": 104373000.0, "building": "kindergarten", "building_l": 0, "height": null, "shop": null, "landuse": null, "addr_city": null, "addr_house": null, "addr_postc": 0, "addr_stree": null, "name_en": null, "website": null, "amenity": null, "addr_distr": null, "addr_hous1": null, "addr_provi": null, "int_name": null, "natural": null, "descriptio": null, "cuisine": null, "fast_food": null, "level": 0, "opening_h9": null, "designatio": null, "layer": 0, "area": null, "location": null, "public_tra": null, "railway": null, "subway": null, "station": null, "surface": null, "name_zh": null, "admin_leve": 0, "boundary": null, "water": null, "place": null, "building_p": null, "min_height": 0, "min": 0, "name_zh_H1": null, "name_zh_Ha": null, "operator": null, "operator_t": null, "short_name": null, "short_nam1": null, "short_nam2": null, "wikidata": null, "wikipedia": null, "garden_typ": null, "access": null, "note": null, "female": null, "toilets_di": null, "male": null, "wheelchair": null, "alt_name": null, "old_name": null, "PERIMETER": null, "ENCLOSED_A": null }, "geometry": { "type": "MultiPolygon", "coordinates": [ [ [ [ 114.357144, 30.5330036 ], [ 114.3571417, 30.5329568 ], [ 114.357241, 30.5329532 ], [ 114.357236, 30.5328501 ], [ 114.3569559, 30.5328603 ], [ 114.3569406, 30.5325483 ], [ 114.3568358, 30.5325521 ], [ 114.3568553, 30.5329498 ], [ 114.3569255, 30.5329473 ], [ 114.3569286, 30.5330114 ], [ 114.357144, 30.5330036 ] ] ] ] } },
{ "type": "Feature", "properties": { "GM_LAYER": "building", "GM_TYPE": "Misc. Manmade Structure", "ELEVATION": 0, "visible": "true", "version": 2, "changeset": 14842473, "timestamp": "2013-01-30T01:04:33Z", "user": "kun3721", "uid": 1195808, "covered": null, "leisure": null, "name": "45栋", "sport": null, "id": 104373000.0, "building": "yes", "building_l": 0, "height": null, "shop": null, "landuse": null, "addr_city": null, "addr_house": null, "addr_postc": 0, "addr_stree": null, "name_en": null, "website": null, "amenity": null, "addr_distr": null, "addr_hous1": null, "addr_provi": null, "int_name": null, "natural": null, "descriptio": null, "cuisine": null, "fast_food": null, "level": 0, "opening_h9": null, "designatio": null, "layer": 0, "area": null, "location": null, "public_tra": null, "railway": null, "subway": null, "station": null, "surface": null, "name_zh": null, "admin_leve": 0, "boundary": null, "water": null, "place": null, "building_p": null, "min_height": 0, "min": 0, "name_zh_H1": null, "name_zh_Ha": null, "operator": null, "operator_t": null, "short_name": null, "short_nam1": null, "short_nam2": null, "wikidata": null, "wikipedia": null, "garden_typ": null, "access": null, "note": null, "female": null, "toilets_di": null, "male": null, "wheelchair": null, "alt_name": null, "old_name": null, "PERIMETER": null, "ENCLOSED_A": null }, "geometry": { "type": "MultiPolygon", "coordinates": [ [ [ [ 114.3561647, 30.5333177 ], [ 114.3561629, 30.5333838 ], [ 114.3563718, 30.533388 ], [ 114.3563736, 30.5333219 ], [ 114.3561647, 30.5333177 ] ] ] ] } },
{ "type": "Feature", "properties": { "GM_LAYER": "building", "GM_TYPE": "Misc. Manmade Structure", "ELEVATION": 0, "visible": "true", "version": 2, "changeset": 53063397, "timestamp": "2017-10-19T09:39:12Z", "user": "Houzhu", "uid": 6819446, "covered": null, "leisure": null, "name": "42栋", "sport": null, "id": 104373000.0, "building": "yes", "building_l": 0, "height": null, "shop": null, "landuse": null, "addr_city": null, "addr_house": null, "addr_postc": 0, "addr_stree": null, "name_en": null, "website": null, "amenity": null, "addr_distr": null, "addr_hous1": null, "addr_provi": null, "int_name": null, "natural": null, "descriptio": null, "cuisine": null, "fast_food": null, "level": 0, "opening_h9": null, "designatio": null, "layer": 0, "area": null, "location": null, "public_tra": null, "railway": null, "subway": null, "station": null, "surface": null, "name_zh": null, "admin_leve": 0, "boundary": null, "water": null, "place": null, "building_p": null, "min_height": 0, "min": 0, "name_zh_H1": null, "name_zh_Ha": null, "operator": null, "operator_t": null, "short_name": null, "short_nam1": null, "short_nam2": null, "wikidata": null, "wikipedia": null, "garden_typ": null, "access": null, "note": null, "female": null, "toilets_di": null, "male": null, "wheelchair": null, "alt_name": null, "old_name": null, "PERIMETER": null, "ENCLOSED_A": null }, "geometry": { "type": "MultiPolygon", "coordinates": [ [ [ [ 114.3561132, 30.5330138 ], [ 114.3566172, 30.5330222 ], [ 114.3566195, 30.5329192 ], [ 114.3561155, 30.5329108 ], [ 114.3561132, 30.5330138 ] ] ] ] } },
{ "type": "Feature", "properties": { "GM_LAYER": "building", "GM_TYPE": "Misc. Manmade Structure", "ELEVATION": 0, "visible": "true", "version": 3, "changeset": 124106879, "timestamp": "2022-07-26T17:40:29Z", "user": "blkatbyhh", "uid": 14128740, "covered": null, "leisure": null, "name": "57栋", "sport": null, "id": 104373000.0, "building": "yes", "building_l": 0, "height": null, "shop": null, "landuse": null, "addr_city": null, "addr_house": null, "addr_postc": 0, "addr_stree": null, "name_en": null, "website": null, "amenity": null, "addr_distr": null, "addr_hous1": null, "addr_provi": null, "int_name": null, "natural": null, "descriptio": null, "cuisine": null, "fast_food": null, "level": 0, "opening_h9": null, "designatio": null, "layer": 0, "area": null, "location": null, "public_tra": null, "railway": null, "subway": null, "station": null, "surface": null, "name_zh": null, "admin_leve": 0, "boundary": null, "water": null, "place": null, "building_p": null, "min_height": 0, "min": 0, "name_zh_H1": null, "name_zh_Ha": null, "operator": null, "operator_t": null, "short_name": null, "short_nam1": null, "short_nam2": null, "wikidata": null, "wikipedia": null, "garden_typ": null, "access": null, "note": null, "female": null, "toilets_di": null, "male": null, "wheelchair": null, "alt_name": null, "old_name": null, "PERIMETER": null, "ENCLOSED_A": null }, "geometry": { "type": "MultiPolygon", "coordinates": [ [ [ [ 114.357085, 30.533044 ], [ 114.3571379, 30.5331563 ], [ 114.3573727, 30.5330743 ], [ 114.3573195, 30.5329613 ], [ 114.357085, 30.533044 ] ] ] ] } },
{ "type": "Feature", "properties": { "GM_LAYER": "building", "GM_TYPE": "Misc. Manmade Structure", "ELEVATION": 0, "visible": "true", "version": 2, "changeset": 53063397, "timestamp": "2017-10-19T09:39:12Z", "user": "Houzhu", "uid": 6819446, "covered": null, "leisure": null, "name": "47栋", "sport": null, "id": 104373000.0, "building": "yes", "building_l": 0, "height": null, "shop": null, "landuse": null, "addr_city": null, "addr_house": null, "addr_postc": 0, "addr_stree": null, "name_en": null, "website": null, "amenity": null, "addr_distr": null, "addr_hous1": null, "addr_provi": null, "int_name": null, "natural": null, "descriptio": null, "cuisine": null, "fast_food": null, "level": 0, "opening_h9": null, "designatio": null, "layer": 0, "area": null, "location": null, "public_tra": null, "railway": null, "subway": null, "station": null, "surface": null, "name_zh": null, "admin_leve": 0, "boundary": null, "water": null, "place": null, "building_p": null, "min_height": 0, "min": 0, "name_zh_H1": null, "name_zh_Ha": null, "operator": null, "operator_t": null, "short_name": null, "short_nam1": null, "short_nam2": null, "wikidata": null, "wikipedia": null, "garden_typ": null, "access": null, "note": null, "female": null, "toilets_di": null, "male": null, "wheelchair": null, "alt_name": null, "old_name": null, "PERIMETER": null, "ENCLOSED_A": null }, "geometry": { "type": "MultiPolygon", "coordinates": [ [ [ [ 114.3556321, 30.5336436 ], [ 114.355634, 30.533579 ], [ 114.3552224, 30.5335702 ], [ 114.3552205, 30.5336348 ], [ 114.3556321, 30.5336436 ] ] ] ] } },
{ "type": "Feature", "properties": { "GM_LAYER": "building", "GM_TYPE": "Misc. Manmade Structure", "ELEVATION": 0, "visible": "true", "version": 2, "changeset": 14842473, "timestamp": "2013-01-30T01:04:33Z", "user": "kun3721", "uid": 1195808, "covered": null, "leisure": null, "name": "49栋", "sport": null, "id": 104373000.0, "building": "yes", "building_l": 0, "height": null, "shop": null, "landuse": null, "addr_city": null, "addr_house": null, "addr_postc": 0, "addr_stree": null, "name_en": null, "website": null, "amenity": null, "addr_distr": null, "addr_hous1": null, "addr_provi": null, "int_name": null, "natural": null, "descriptio": null, "cuisine": null, "fast_food": null, "level": 0, "opening_h9": null, "designatio": null, "layer": 0, "area": null, "location": null, "public_tra": null, "railway": null, "subway": null, "station": null, "surface": null, "name_zh": null, "admin_leve": 0, "boundary": null, "water": null, "place": null, "building_p": null, "min_height": 0, "min": 0, "name_zh_H1": null, "name_zh_Ha": null, "operator": null, "operator_t": null, "short_name": null, "short_nam1": null, "short_nam2": null, "wikidata": null, "wikipedia": null, "garden_typ": null, "access": null, "note": null, "female": null, "toilets_di": null, "male": null, "wheelchair": null, "alt_name": null, "old_name": null, "PERIMETER": null, "ENCLOSED_A": null }, "geometry": { "type": "MultiPolygon", "coordinates": [ [ [ [ 114.3560783, 30.5331975 ], [ 114.3560793, 30.5331143 ], [ 114.3556529, 30.5331105 ], [ 114.3556519, 30.5331937 ], [ 114.3560783, 30.5331975 ] ] ] ] } },
{ "type": "Feature", "properties": { "GM_LAYER": "building", "GM_TYPE": "Misc. Manmade Structure", "ELEVATION": 0, "visible": "true", "version": 1, "changeset": 7575306, "timestamp": "2011-03-16T13:24:42Z", "user": "GeoSUN", "uid": 414582, "covered": null, "leisure": null, "name": null, "sport": null, "id": 104375000.0, "building": "yes", "building_l": 0, "height": null, "shop": null, "landuse": null, "addr_city": null, "addr_house": null, "addr_postc": 0, "addr_stree": null, "name_en": null, "website": null, "amenity": null, "addr_distr": null, "addr_hous1": null, "addr_provi": null, "int_name": null, "natural": null, "descriptio": null, "cuisine": null, "fast_food": null, "level": 0, "opening_h9": null, "designatio": null, "layer": 0, "area": null, "location": null, "public_tra": null, "railway": null, "subway": null, "station": null, "surface": null, "name_zh": null, "admin_leve": 0, "boundary": null, "water": null, "place": null, "building_p": null, "min_height": 0, "min": 0, "name_zh_H1": null, "name_zh_Ha": null, "operator": null, "operator_t": null, "short_name": null, "short_nam1": null, "short_nam2": null, "wikidata": null, "wikipedia": null, "garden_typ": null, "access": null, "note": null, "female": null, "toilets_di": null, "male": null, "wheelchair": null, "alt_name": null, "old_name": null, "PERIMETER": null, "ENCLOSED_A": null }, "geometry": { "type": "MultiPolygon", "coordinates": [ [ [ [ 114.3505908, 30.5315222 ], [ 114.3505751, 30.5316619 ], [ 114.3511731, 30.5317119 ], [ 114.3511889, 30.5315721 ], [ 114.3505908, 30.5315222 ] ] ] ] } },
{ "type": "Feature", "properties": { "GM_LAYER": "building", "GM_TYPE": "Misc. Manmade Structure", "ELEVATION": 0, "visible": "true", "version": 1, "changeset": 7575306, "timestamp": "2011-03-16T13:24:42Z", "user": "GeoSUN", "uid": 414582, "covered": null, "leisure": null, "name": null, "sport": null, "id": 104375000.0, "building": "yes", "building_l": 0, "height": null, "shop": null, "landuse": null, "addr_city": null, "addr_house": null, "addr_postc": 0, "addr_stree": null, "name_en": null, "website": null, "amenity": null, "addr_distr": null, "addr_hous1": null, "addr_provi": null, "int_name": null, "natural": null, "descriptio": null, "cuisine": null, "fast_food": null, "level": 0, "opening_h9": null, "designatio": null, "layer": 0, "area": null, "location": null, "public_tra": null, "railway": null, "subway": null, "station": null, "surface": null, "name_zh": null, "admin_leve": 0, "boundary": null, "water": null, "place": null, "building_p": null, "min_height": 0, "min": 0, "name_zh_H1": null, "name_zh_Ha": null, "operator": null, "operator_t": null, "short_name": null, "short_nam1": null, "short_nam2": null, "wikidata": null, "wikipedia": null, "garden_typ": null, "access": null, "note": null, "female": null, "toilets_di": null, "male": null, "wheelchair": null, "alt_name": null, "old_name": null, "PERIMETER": null, "ENCLOSED_A": null }, "geometry": { "type": "MultiPolygon", "coordinates": [ [ [ [ 114.3506887, 30.5310117 ], [ 114.35068, 30.5310887 ], [ 114.3511014, 30.5311239 ], [ 114.35111, 30.5310469 ], [ 114.3506887, 30.5310117 ] ] ] ] } },
{ "type": "Feature", "properties": { "GM_LAYER": "building", "GM_TYPE": "Misc. Manmade Structure", "ELEVATION": 0, "visible": "true", "version": 1, "changeset": 7575306, "timestamp": "2011-03-16T13:24:42Z", "user": "GeoSUN", "uid": 414582, "covered": null, "leisure": null, "name": null, "sport": null, "id": 104375000.0, "building": "yes", "building_l": 0, "height": null, "shop": null, "landuse": null, "addr_city": null, "addr_house": null, "addr_postc": 0, "addr_stree": null, "name_en": null, "website": null, "amenity": null, "addr_distr": null, "addr_hous1": null, "addr_provi": null, "int_name": null, "natural": null, "descriptio": null, "cuisine": null, "fast_food": null, "level": 0, "opening_h9": null, "designatio": null, "layer": 0, "area": null, "location": null, "public_tra": null, "railway": null, "subway": null, "station": null, "surface": null, "name_zh": null, "admin_leve": 0, "boundary": null, "water": null, "place": null, "building_p": null, "min_height": 0, "min": 0, "name_zh_H1": null, "name_zh_Ha": null, "operator": null, "operator_t": null, "short_name": null, "short_nam1": null, "short_nam2": null, "wikidata": null, "wikipedia": null, "garden_typ": null, "access": null, "note": null, "female": null, "toilets_di": null, "male": null, "wheelchair": null, "alt_name": null, "old_name": null, "PERIMETER": null, "ENCLOSED_A": null }, "geometry": { "type": "MultiPolygon", "coordinates": [ [ [ [ 114.3505119, 30.532236 ], [ 114.3509128, 30.5322926 ], [ 114.3509302, 30.5322013 ], [ 114.3505292, 30.5321447 ], [ 114.3505119, 30.532236 ] ] ] ] } },
{ "type": "Feature", "properties": { "GM_LAYER": "building", "GM_TYPE": "Misc. Manmade Structure", "ELEVATION": 0, "visible": "true", "version": 1, "changeset": 7575306, "timestamp": "2011-03-16T13:24:42Z", "user": "GeoSUN", "uid": 414582, "covered": null, "leisure": null, "name": null, "sport": null, "id": 104375000.0, "building": "yes", "building_l": 0, "height": null, "shop": null, "landuse": null, "addr_city": null, "addr_house": null, "addr_postc": 0, "addr_stree": null, "name_en": null, "website": null, "amenity": null, "addr_distr": null, "addr_hous1": null, "addr_provi": null, "int_name": null, "natural": null, "descriptio": null, "cuisine": null, "fast_food": null, "level": 0, "opening_h9": null, "designatio": null, "layer": 0, "area": null, "location": null, "public_tra": null, "railway": null, "subway": null, "station": null, "surface": null, "name_zh": null, "admin_leve": 0, "boundary": null, "water": null, "place": null, "building_p": null, "min_height": 0, "min": 0, "name_zh_H1": null, "name_zh_Ha": null, "operator": null, "operator_t": null, "short_name": null, "short_nam1": null, "short_nam2": null, "wikidata": null, "wikipedia": null, "garden_typ": null, "access": null, "note": null, "female": null, "toilets_di": null, "male": null, "wheelchair": null, "alt_name": null, "old_name": null, "PERIMETER": null, "ENCLOSED_A": null }, "geometry": { "type": "MultiPolygon", "coordinates": [ [ [ [ 114.3505461, 30.531892 ], [ 114.3505298, 30.5320129 ], [ 114.3510572, 30.5320658 ], [ 114.3510736, 30.5319449 ], [ 114.3505461, 30.531892 ] ] ] ] } },
{ "type": "Feature", "properties": { "GM_LAYER": "building", "GM_TYPE": "Misc. Manmade Structure", "ELEVATION": 0, "visible": "true", "version": 1, "changeset": 7575306, "timestamp": "2011-03-16T13:24:42Z", "user": "GeoSUN", "uid": 414582, "covered": null, "leisure": null, "name": null, "sport": null, "id": 104375000.0, "building": "yes", "building_l": 0, "height": null, "shop": null, "landuse": null, "addr_city": null, "addr_house": null, "addr_postc": 0, "addr_stree": null, "name_en": null, "website": null, "amenity": null, "addr_distr": null, "addr_hous1": null, "addr_provi": null, "int_name": null, "natural": null, "descriptio": null, "cuisine": null, "fast_food": null, "level": 0, "opening_h9": null, "designatio": null, "layer": 0, "area": null, "location": null, "public_tra": null, "railway": null, "subway": null, "station": null, "surface": null, "name_zh": null, "admin_leve": 0, "boundary": null, "water": null, "place": null, "building_p": null, "min_height": 0, "min": 0, "name_zh_H1": null, "name_zh_Ha": null, "operator": null, "operator_t": null, "short_name": null, "short_nam1": null, "short_nam2": null, "wikidata": null, "wikipedia": null, "garden_typ": null, "access": null, "note": null, "female": null, "toilets_di": null, "male": null, "wheelchair": null, "alt_name": null, "old_name": null, "PERIMETER": null, "ENCLOSED_A": null }, "geometry": { "type": "MultiPolygon", "coordinates": [ [ [ [ 114.3496917, 30.5318495 ], [ 114.3503967, 30.5319426 ], [ 114.3504188, 30.5318186 ], [ 114.3497138, 30.5317256 ], [ 114.3496917, 30.5318495 ] ] ] ] } },
{ "type": "Feature", "properties": { "GM_LAYER": "building", "GM_TYPE": "Misc. Manmade Structure", "ELEVATION": 0, "visible": "true", "version": 1, "changeset": 7575306, "timestamp": "2011-03-16T13:24:43Z", "user": "GeoSUN", "uid": 414582, "covered": null, "leisure": null, "name": null, "sport": null, "id": 104375000.0, "building": "yes", "building_l": 0, "height": null, "shop": null, "landuse": null, "addr_city": null, "addr_house": null, "addr_postc": 0, "addr_stree": null, "name_en": null, "website": null, "amenity": null, "addr_distr": null, "addr_hous1": null, "addr_provi": null, "int_name": null, "natural": null, "descriptio": null, "cuisine": null, "fast_food": null, "level": 0, "opening_h9": null, "designatio": null, "layer": 0, "area": null, "location": null, "public_tra": null, "railway": null, "subway": null, "station": null, "surface": null, "name_zh": null, "admin_leve": 0, "boundary": null, "water": null, "place": null, "building_p": null, "min_height": 0, "min": 0, "name_zh_H1": null, "name_zh_Ha": null, "operator": null, "operator_t": null, "short_name": null, "short_nam1": null, "short_nam2": null, "wikidata": null, "wikipedia": null, "garden_typ": null, "access": null, "note": null, "female": null, "toilets_di": null, "male": null, "wheelchair": null, "alt_name": null, "old_name": null, "PERIMETER": null, "ENCLOSED_A": null }, "geometry": { "type": "MultiPolygon", "coordinates": [ [ [ [ 114.3511692, 30.5309175 ], [ 114.3515218, 30.530944 ], [ 114.3515313, 30.5308504 ], [ 114.3511786, 30.5308239 ], [ 114.3511692, 30.5309175 ] ] ] ] } },
{ "type": "Feature", "properties": { "GM_LAYER": "building", "GM_TYPE": "Misc. Manmade Structure", "ELEVATION": 0, "visible": "true", "version": 1, "changeset": 7575306, "timestamp": "2011-03-16T13:24:43Z", "user": "GeoSUN", "uid": 414582, "covered": null, "leisure": null, "name": null, "sport": null, "id": 104375000.0, "building": "yes", "building_l": 0, "height": null, "shop": null, "landuse": null, "addr_city": null, "addr_house": null, "addr_postc": 0, "addr_stree": null, "name_en": null, "website": null, "amenity": null, "addr_distr": null, "addr_hous1": null, "addr_provi": null, "int_name": null, "natural": null, "descriptio": null, "cuisine": null, "fast_food": null, "level": 0, "opening_h9": null, "designatio": null, "layer": 0, "area": null, "location": null, "public_tra": null, "railway": null, "subway": null, "station": null, "surface": null, "name_zh": null, "admin_leve": 0, "boundary": null, "water": null, "place": null, "building_p": null, "min_height": 0, "min": 0, "name_zh_H1": null, "name_zh_Ha": null, "operator": null, "operator_t": null, "short_name": null, "short_nam1": null, "short_nam2": null, "wikidata": null, "wikipedia": null, "garden_typ": null, "access": null, "note": null, "female": null, "toilets_di": null, "male": null, "wheelchair": null, "alt_name": null, "old_name": null, "PERIMETER": null, "ENCLOSED_A": null }, "geometry": { "type": "MultiPolygon", "coordinates": [ [ [ [ 114.3507936, 30.53242 ], [ 114.350498, 30.5323829 ], [ 114.350482, 30.5324771 ], [ 114.3507777, 30.5325142 ], [ 114.3507936, 30.53242 ] ] ] ] } },
{ "type": "Feature", "properties": { "GM_LAYER": "building", "GM_TYPE": "Misc. Manmade Structure", "ELEVATION": 0, "visible": "true", "version": 1, "changeset": 7575306, "timestamp": "2011-03-16T13:24:43Z", "user": "GeoSUN", "uid": 414582, "covered": null, "leisure": null, "name": null, "sport": null, "id": 104375000.0, "building": "yes", "building_l": 0, "height": null, "shop": null, "landuse": null, "addr_city": null, "addr_house": null, "addr_postc": 0, "addr_stree": null, "name_en": null, "website": null, "amenity": null, "addr_distr": null, "addr_hous1": null, "addr_provi": null, "int_name": null, "natural": null, "descriptio": null, "cuisine": null, "fast_food": null, "level": 0, "opening_h9": null, "designatio": null, "layer": 0, "area": null, "location": null, "public_tra": null, "railway": null, "subway": null, "station": null, "surface": null, "name_zh": null, "admin_leve": 0, "boundary": null, "water": null, "place": null, "building_p": null, "min_height": 0, "min": 0, "name_zh_H1": null, "name_zh_Ha": null, "operator": null, "operator_t": null, "short_name": null, "short_nam1": null, "short_nam2": null, "wikidata": null, "wikipedia": null, "garden_typ": null, "access": null, "note": null, "female": null, "toilets_di": null, "male": null, "wheelchair": null, "alt_name": null, "old_name": null, "PERIMETER": null, "ENCLOSED_A": null }, "geometry": { "type": "MultiPolygon", "coordinates": [ [ [ [ 114.3511379, 30.5313917 ], [ 114.3513679, 30.531415 ], [ 114.3513812, 30.5313174 ], [ 114.3511512, 30.5312942 ], [ 114.3511379, 30.5313917 ] ] ] ] } },
{ "type": "Feature", "properties": { "GM_LAYER": "building", "GM_TYPE": "Misc. Manmade Structure", "ELEVATION": 0, "visible": "true", "version": 1, "changeset": 7575306, "timestamp": "2011-03-16T13:24:43Z", "user": "GeoSUN", "uid": 414582, "covered": null, "leisure": null, "name": null, "sport": null, "id": 104375000.0, "building": "yes", "building_l": 0, "height": null, "shop": null, "landuse": null, "addr_city": null, "addr_house": null, "addr_postc": 0, "addr_stree": null, "name_en": null, "website": null, "amenity": null, "addr_distr": null, "addr_hous1": null, "addr_provi": null, "int_name": null, "natural": null, "descriptio": null, "cuisine": null, "fast_food": null, "level": 0, "opening_h9": null, "designatio": null, "layer": 0, "area": null, "location": null, "public_tra": null, "railway": null, "subway": null, "station": null, "surface": null, "name_zh": null, "admin_leve": 0, "boundary": null, "water": null, "place": null, "building_p": null, "min_height": 0, "min": 0, "name_zh_H1": null, "name_zh_Ha": null, "operator": null, "operator_t": null, "short_name": null, "short_nam1": null, "short_nam2": null, "wikidata": null, "wikipedia": null, "garden_typ": null, "access": null, "note": null, "female": null, "toilets_di": null, "male": null, "wheelchair": null, "alt_name": null, "old_name": null, "PERIMETER": null, "ENCLOSED_A": null }, "geometry": { "type": "MultiPolygon", "coordinates": [ [ [ [ 114.3495119, 30.5317425 ], [ 114.3493953, 30.5314552 ], [ 114.3490928, 30.5315464 ], [ 114.3491917, 30.5317898 ], [ 114.3493377, 30.5317458 ], [ 114.3493555, 30.5317897 ], [ 114.3495119, 30.5317425 ] ] ] ] } },
{ "type": "Feature", "properties": { "GM_LAYER": "building", "GM_TYPE": "Misc. Manmade Structure", "ELEVATION": 0, "visible": "true", "version": 1, "changeset": 7575306, "timestamp": "2011-03-16T13:24:43Z", "user": "GeoSUN", "uid": 414582, "covered": null, "leisure": null, "name": null, "sport": null, "id": 104375000.0, "building": "yes", "building_l": 0, "height": null, "shop": null, "landuse": null, "addr_city": null, "addr_house": null, "addr_postc": 0, "addr_stree": null, "name_en": null, "website": null, "amenity": null, "addr_distr": null, "addr_hous1": null, "addr_provi": null, "int_name": null, "natural": null, "descriptio": null, "cuisine": null, "fast_food": null, "level": 0, "opening_h9": null, "designatio": null, "layer": 0, "area": null, "location": null, "public_tra": null, "railway": null, "subway": null, "station": null, "surface": null, "name_zh": null, "admin_leve": 0, "boundary": null, "water": null, "place": null, "building_p": null, "min_height": 0, "min": 0, "name_zh_H1": null, "name_zh_Ha": null, "operator": null, "operator_t": null, "short_name": null, "short_nam1": null, "short_nam2": null, "wikidata": null, "wikipedia": null, "garden_typ": null, "access": null, "note": null, "female": null, "toilets_di": null, "male": null, "wheelchair": null, "alt_name": null, "old_name": null, "PERIMETER": null, "ENCLOSED_A": null }, "geometry": { "type": "MultiPolygon", "coordinates": [ [ [ [ 114.3503324, 30.532229 ], [ 114.3503503, 30.5321261 ], [ 114.3498006, 30.532055 ], [ 114.3497826, 30.5321578 ], [ 114.3503324, 30.532229 ] ] ] ] } },
{ "type": "Feature", "properties": { "GM_LAYER": "building", "GM_TYPE": "Misc. Manmade Structure", "ELEVATION": 0, "visible": "true", "version": 1, "changeset": 7575306, "timestamp": "2011-03-16T13:24:44Z", "user": "GeoSUN", "uid": 414582, "covered": null, "leisure": null, "name": null, "sport": null, "id": 104375000.0, "building": "yes", "building_l": 0, "height": null, "shop": null, "landuse": null, "addr_city": null, "addr_house": null, "addr_postc": 0, "addr_stree": null, "name_en": null, "website": null, "amenity": null, "addr_distr": null, "addr_hous1": null, "addr_provi": null, "int_name": null, "natural": null, "descriptio": null, "cuisine": null, "fast_food": null, "level": 0, "opening_h9": null, "designatio": null, "layer": 0, "area": null, "location": null, "public_tra": null, "railway": null, "subway": null, "station": null, "surface": null, "name_zh": null, "admin_leve": 0, "boundary": null, "water": null, "place": null, "building_p": null, "min_height": 0, "min": 0, "name_zh_H1": null, "name_zh_Ha": null, "operator": null, "operator_t": null, "short_name": null, "short_nam1": null, "short_nam2": null, "wikidata": null, "wikipedia": null, "garden_typ": null, "access": null, "note": null, "female": null, "toilets_di": null, "male": null, "wheelchair": null, "alt_name": null, "old_name": null, "PERIMETER": null, "ENCLOSED_A": null }, "geometry": { "type": "MultiPolygon", "coordinates": [ [ [ [ 114.3506764, 30.5312469 ], [ 114.3506683, 30.5313406 ], [ 114.3510691, 30.531366 ], [ 114.3510771, 30.5312723 ], [ 114.3506764, 30.5312469 ] ] ] ] } },
{ "type": "Feature", "properties": { "GM_LAYER": "building", "GM_TYPE": "Misc. Manmade Structure", "ELEVATION": 0, "visible": "true", "version": 1, "changeset": 7575306, "timestamp": "2011-03-16T13:24:44Z", "user": "GeoSUN", "uid": 414582, "covered": null, "leisure": null, "name": null, "sport": null, "id": 104375000.0, "building": "yes", "building_l": 0, "height": null, "shop": null, "landuse": null, "addr_city": null, "addr_house": null, "addr_postc": 0, "addr_stree": null, "name_en": null, "website": null, "amenity": null, "addr_distr": null, "addr_hous1": null, "addr_provi": null, "int_name": null, "natural": null, "descriptio": null, "cuisine": null, "fast_food": null, "level": 0, "opening_h9": null, "designatio": null, "layer": 0, "area": null, "location": null, "public_tra": null, "railway": null, "subway": null, "station": null, "surface": null, "name_zh": null, "admin_leve": 0, "boundary": null, "water": null, "place": null, "building_p": null, "min_height": 0, "min": 0, "name_zh_H1": null, "name_zh_Ha": null, "operator": null, "operator_t": null, "short_name": null, "short_nam1": null, "short_nam2": null, "wikidata": null, "wikipedia": null, "garden_typ": null, "access": null, "note": null, "female": null, "toilets_di": null, "male": null, "wheelchair": null, "alt_name": null, "old_name": null, "PERIMETER": null, "ENCLOSED_A": null }, "geometry": { "type": "MultiPolygon", "coordinates": [ [ [ [ 114.3501959, 30.5323736 ], [ 114.3501752, 30.5324585 ], [ 114.350287, 30.5324788 ], [ 114.3503078, 30.5323938 ], [ 114.3501959, 30.5323736 ] ] ] ] } },
{ "type": "Feature", "properties": { "GM_LAYER": "building", "GM_TYPE": "Misc. Manmade Structure", "ELEVATION": 0, "visible": "true", "version": 1, "changeset": 7575306, "timestamp": "2011-03-16T13:24:44Z", "user": "GeoSUN", "uid": 414582, "covered": null, "leisure": null, "name": null, "sport": null, "id": 104375000.0, "building": "yes", "building_l": 0, "height": null, "shop": null, "landuse": null, "addr_city": null, "addr_house": null, "addr_postc": 0, "addr_stree": null, "name_en": null, "website": null, "amenity": null, "addr_distr": null, "addr_hous1": null, "addr_provi": null, "int_name": null, "natural": null, "descriptio": null, "cuisine": null, "fast_food": null, "level": 0, "opening_h9": null, "designatio": null, "layer": 0, "area": null, "location": null, "public_tra": null, "railway": null, "subway": null, "station": null, "surface": null, "name_zh": null, "admin_leve": 0, "boundary": null, "water": null, "place": null, "building_p": null, "min_height": 0, "min": 0, "name_zh_H1": null, "name_zh_Ha": null, "operator": null, "operator_t": null, "short_name": null, "short_nam1": null, "short_nam2": null, "wikidata": null, "wikipedia": null, "garden_typ": null, "access": null, "note": null, "female": null, "toilets_di": null, "male": null, "wheelchair": null, "alt_name": null, "old_name": null, "PERIMETER": null, "ENCLOSED_A": null }, "geometry": { "type": "MultiPolygon", "coordinates": [ [ [ [ 114.3511553, 30.5311211 ], [ 114.3514819, 30.5311612 ], [ 114.3514996, 30.5310545 ], [ 114.351173, 30.5310143 ], [ 114.3511553, 30.5311211 ] ] ] ] } },
{ "type": "Feature", "properties": { "GM_LAYER": "building", "GM_TYPE": "Misc. Manmade Structure", "ELEVATION": 0, "visible": "true", "version": 2, "changeset": 19475867, "timestamp": "2013-12-16T04:13:42Z", "user": "jiezheng", "uid": 1844620, "covered": null, "leisure": null, "name": "青一", "sport": null, "id": 104376000.0, "building": "yes", "building_l": 0, "height": null, "shop": null, "landuse": null, "addr_city": null, "addr_house": null, "addr_postc": 0, "addr_stree": null, "name_en": null, "website": null, "amenity": null, "addr_distr": null, "addr_hous1": null, "addr_provi": null, "int_name": null, "natural": null, "descriptio": null, "cuisine": null, "fast_food": null, "level": 0, "opening_h9": null, "designatio": null, "layer": 0, "area": null, "location": null, "public_tra": null, "railway": null, "subway": null, "station": null, "surface": null, "name_zh": null, "admin_leve": 0, "boundary": null, "water": null, "place": null, "building_p": null, "min_height": 0, "min": 0, "name_zh_H1": null, "name_zh_Ha": null, "operator": null, "operator_t": null, "short_name": null, "short_nam1": null, "short_nam2": null, "wikidata": null, "wikipedia": null, "garden_typ": null, "access": null, "note": null, "female": null, "toilets_di": null, "male": null, "wheelchair": null, "alt_name": null, "old_name": null, "PERIMETER": null, "ENCLOSED_A": null }, "geometry": { "type": "MultiPolygon", "coordinates": [ [ [ [ 114.3515695, 30.5313638 ], [ 114.3515641, 30.531431 ], [ 114.3515378, 30.5314294 ], [ 114.3515332, 30.5314871 ], [ 114.3517257, 30.5314985 ], [ 114.3517302, 30.5314421 ], [ 114.3516982, 30.5314402 ], [ 114.3517037, 30.5313718 ], [ 114.3515695, 30.5313638 ] ] ] ] } },
{ "type": "Feature", "properties": { "GM_LAYER": "building", "GM_TYPE": "Misc. Manmade Structure", "ELEVATION": 0, "visible": "true", "version": 2, "changeset": 19475867, "timestamp": "2013-12-16T04:13:42Z", "user": "jiezheng", "uid": 1844620, "covered": null, "leisure": null, "name": "青二", "sport": null, "id": 104376000.0, "building": "yes", "building_l": 0, "height": null, "shop": null, "landuse": null, "addr_city": null, "addr_house": null, "addr_postc": 0, "addr_stree": null, "name_en": null, "website": null, "amenity": null, "addr_distr": null, "addr_hous1": null, "addr_provi": null, "int_name": null, "natural": null, "descriptio": null, "cuisine": null, "fast_food": null, "level": 0, "opening_h9": null, "designatio": null, "layer": 0, "area": null, "location": null, "public_tra": null, "railway": null, "subway": null, "station": null, "surface": null, "name_zh": null, "admin_leve": 0, "boundary": null, "water": null, "place": null, "building_p": null, "min_height": 0, "min": 0, "name_zh_H1": null, "name_zh_Ha": null, "operator": null, "operator_t": null, "short_name": null, "short_nam1": null, "short_nam2": null, "wikidata": null, "wikipedia": null, "garden_typ": null, "access": null, "note": null, "female": null, "toilets_di": null, "male": null, "wheelchair": null, "alt_name": null, "old_name": null, "PERIMETER": null, "ENCLOSED_A": null }, "geometry": { "type": "MultiPolygon", "coordinates": [ [ [ [ 114.3513289, 30.5315992 ], [ 114.351327, 30.5317001 ], [ 114.3516922, 30.5317053 ], [ 114.3516942, 30.5316044 ], [ 114.351569, 30.5316026 ], [ 114.3513289, 30.5315992 ] ] ] ] } },
{ "type": "Feature", "properties": { "GM_LAYER": "building", "GM_TYPE": "Misc. Manmade Structure", "ELEVATION": 0, "visible": "true", "version": 2, "changeset": 16007315, "timestamp": "2013-05-07T07:46:48Z", "user": "贺楷锴", "uid": 1423210, "covered": null, "leisure": null, "name": "青三", "sport": null, "id": 104376000.0, "building": "yes", "building_l": 0, "height": null, "shop": null, "landuse": null, "addr_city": null, "addr_house": null, "addr_postc": 0, "addr_stree": null, "name_en": null, "website": null, "amenity": null, "addr_distr": null, "addr_hous1": null, "addr_provi": null, "int_name": null, "natural": null, "descriptio": null, "cuisine": null, "fast_food": null, "level": 0, "opening_h9": null, "designatio": null, "layer": 0, "area": null, "location": null, "public_tra": null, "railway": null, "subway": null, "station": null, "surface": null, "name_zh": null, "admin_leve": 0, "boundary": null, "water": null, "place": null, "building_p": null, "min_height": 0, "min": 0, "name_zh_H1": null, "name_zh_Ha": null, "operator": null, "operator_t": null, "short_name": null, "short_nam1": null, "short_nam2": null, "wikidata": null, "wikipedia": null, "garden_typ": null, "access": null, "note": null, "female": null, "toilets_di": null, "male": null, "wheelchair": null, "alt_name": null, "old_name": null, "PERIMETER": null, "ENCLOSED_A": null }, "geometry": { "type": "MultiPolygon", "coordinates": [ [ [ [ 114.3514682, 30.5319143 ], [ 114.3514682, 30.5320159 ], [ 114.3518302, 30.5320159 ], [ 114.3518302, 30.5319143 ], [ 114.3514682, 30.5319143 ] ] ] ] } },
{ "type": "Feature", "properties": { "GM_LAYER": "building", "GM_TYPE": "Misc. Manmade Structure", "ELEVATION": 0, "visible": "true", "version": 1, "changeset": 7575306, "timestamp": "2011-03-16T13:32:41Z", "user": "GeoSUN", "uid": 414582, "covered": null, "leisure": null, "name": null, "sport": null, "id": 104376000.0, "building": "yes", "building_l": 0, "height": null, "shop": null, "landuse": null, "addr_city": null, "addr_house": null, "addr_postc": 0, "addr_stree": null, "name_en": null, "website": null, "amenity": null, "addr_distr": null, "addr_hous1": null, "addr_provi": null, "int_name": null, "natural": null, "descriptio": null, "cuisine": null, "fast_food": null, "level": 0, "opening_h9": null, "designatio": null, "layer": 0, "area": null, "location": null, "public_tra": null, "railway": null, "subway": null, "station": null, "surface": null, "name_zh": null, "admin_leve": 0, "boundary": null, "water": null, "place": null, "building_p": null, "min_height": 0, "min": 0, "name_zh_H1": null, "name_zh_Ha": null, "operator": null, "operator_t": null, "short_name": null, "short_nam1": null, "short_nam2": null, "wikidata": null, "wikipedia": null, "garden_typ": null, "access": null, "note": null, "female": null, "toilets_di": null, "male": null, "wheelchair": null, "alt_name": null, "old_name": null, "PERIMETER": null, "ENCLOSED_A": null }, "geometry": { "type": "MultiPolygon", "coordinates": [ [ [ [ 114.3518939, 30.5320583 ], [ 114.3522746, 30.5320655 ], [ 114.3522783, 30.5319188 ], [ 114.3518976, 30.5319116 ], [ 114.3518939, 30.5320583 ] ] ] ] } },
{ "type": "Feature", "properties": { "GM_LAYER": "building", "GM_TYPE": "Misc. Manmade Structure", "ELEVATION": 0, "visible": "true", "version": 2, "changeset": 21663693, "timestamp": "2014-04-13T11:56:47Z", "user": "大头雨", "uid": 2029988, "covered": null, "leisure": null, "name": "教工活动中心（信息学部图书馆临时地址）", "sport": null, "id": 104376000.0, "building": "yes", "building_l": 0, "height": null, "shop": null, "landuse": null, "addr_city": null, "addr_house": null, "addr_postc": 0, "addr_stree": null, "name_en": null, "website": null, "amenity": null, "addr_distr": null, "addr_hous1": null, "addr_provi": null, "int_name": null, "natural": null, "descriptio": null, "cuisine": null, "fast_food": null, "level": 0, "opening_h9": null, "designatio": null, "layer": 0, "area": null, "location": null, "public_tra": null, "railway": null, "subway": null, "station": null, "surface": null, "name_zh": null, "admin_leve": 0, "boundary": null, "water": null, "place": null, "building_p": null, "min_height": 0, "min": 0, "name_zh_H1": null, "name_zh_Ha": null, "operator": null, "operator_t": null, "short_name": null, "short_nam1": null, "short_nam2": null, "wikidata": null, "wikipedia": null, "garden_typ": null, "access": null, "note": null, "female": null, "toilets_di": null, "male": null, "wheelchair": null, "alt_name": null, "old_name": null, "PERIMETER": null, "ENCLOSED_A": null }, "geometry": { "type": "MultiPolygon", "coordinates": [ [ [ [ 114.3517646, 30.5317391 ], [ 114.3517631, 30.5317992 ], [ 114.3521783, 30.5318069 ], [ 114.3521933, 30.5312068 ], [ 114.3521288, 30.5312056 ], [ 114.3521152, 30.5317456 ], [ 114.3517646, 30.5317391 ] ] ] ] } },
{ "type": "Feature", "properties": { "GM_LAYER": "building", "GM_TYPE": "Misc. Manmade Structure", "ELEVATION": 0, "visible": "true", "version": 1, "changeset": 7575306, "timestamp": "2011-03-16T13:35:54Z", "user": "GeoSUN", "uid": 414582, "covered": null, "leisure": null, "name": null, "sport": null, "id": 104376000.0, "building": "yes", "building_l": 0, "height": null, "shop": null, "landuse": null, "addr_city": null, "addr_house": null, "addr_postc": 0, "addr_stree": null, "name_en": null, "website": null, "amenity": null, "addr_distr": null, "addr_hous1": null, "addr_provi": null, "int_name": null, "natural": null, "descriptio": null, "cuisine": null, "fast_food": null, "level": 0, "opening_h9": null, "designatio": null, "layer": 0, "area": null, "location": null, "public_tra": null, "railway": null, "subway": null, "station": null, "surface": null, "name_zh": null, "admin_leve": 0, "boundary": null, "water": null, "place": null, "building_p": null, "min_height": 0, "min": 0, "name_zh_H1": null, "name_zh_Ha": null, "operator": null, "operator_t": null, "short_name": null, "short_nam1": null, "short_nam2": null, "wikidata": null, "wikipedia": null, "garden_typ": null, "access": null, "note": null, "female": null, "toilets_di": null, "male": null, "wheelchair": null, "alt_name": null, "old_name": null, "PERIMETER": null, "ENCLOSED_A": null }, "geometry": { "type": "MultiPolygon", "coordinates": [ [ [ [ 114.3516339, 30.5327991 ], [ 114.3516379, 30.5329081 ], [ 114.3519737, 30.5328989 ], [ 114.3519696, 30.5327899 ], [ 114.3516339, 30.5327991 ] ] ] ] } },
{ "type": "Feature", "properties": { "GM_LAYER": "building", "GM_TYPE": "Misc. Manmade Structure", "ELEVATION": 0, "visible": "true", "version": 1, "changeset": 7575306, "timestamp": "2011-03-16T13:35:54Z", "user": "GeoSUN", "uid": 414582, "covered": null, "leisure": null, "name": null, "sport": null, "id": 104376000.0, "building": "yes", "building_l": 0, "height": null, "shop": null, "landuse": null, "addr_city": null, "addr_house": null, "addr_postc": 0, "addr_stree": null, "name_en": null, "website": null, "amenity": null, "addr_distr": null, "addr_hous1": null, "addr_provi": null, "int_name": null, "natural": null, "descriptio": null, "cuisine": null, "fast_food": null, "level": 0, "opening_h9": null, "designatio": null, "layer": 0, "area": null, "location": null, "public_tra": null, "railway": null, "subway": null, "station": null, "surface": null, "name_zh": null, "admin_leve": 0, "boundary": null, "water": null, "place": null, "building_p": null, "min_height": 0, "min": 0, "name_zh_H1": null, "name_zh_Ha": null, "operator": null, "operator_t": null, "short_name": null, "short_nam1": null, "short_nam2": null, "wikidata": null, "wikipedia": null, "garden_typ": null, "access": null, "note": null, "female": null, "toilets_di": null, "male": null, "wheelchair": null, "alt_name": null, "old_name": null, "PERIMETER": null, "ENCLOSED_A": null }, "geometry": { "type": "MultiPolygon", "coordinates": [ [ [ [ 114.352206, 30.5325336 ], [ 114.3519162, 30.5325324 ], [ 114.3519155, 30.5326496 ], [ 114.3522053, 30.5326508 ], [ 114.352206, 30.5325336 ] ] ] ] } },
{ "type": "Feature", "properties": { "GM_LAYER": "building", "GM_TYPE": "Misc. Manmade Structure", "ELEVATION": 0, "visible": "true", "version": 1, "changeset": 7575306, "timestamp": "2011-03-16T13:35:54Z", "user": "GeoSUN", "uid": 414582, "covered": null, "leisure": null, "name": null, "sport": null, "id": 104376000.0, "building": "yes", "building_l": 0, "height": null, "shop": null, "landuse": null, "addr_city": null, "addr_house": null, "addr_postc": 0, "addr_stree": null, "name_en": null, "website": null, "amenity": null, "addr_distr": null, "addr_hous1": null, "addr_provi": null, "int_name": null, "natural": null, "descriptio": null, "cuisine": null, "fast_food": null, "level": 0, "opening_h9": null, "designatio": null, "layer": 0, "area": null, "location": null, "public_tra": null, "railway": null, "subway": null, "station": null, "surface": null, "name_zh": null, "admin_leve": 0, "boundary": null, "water": null, "place": null, "building_p": null, "min_height": 0, "min": 0, "name_zh_H1": null, "name_zh_Ha": null, "operator": null, "operator_t": null, "short_name": null, "short_nam1": null, "short_nam2": null, "wikidata": null, "wikipedia": null, "garden_typ": null, "access": null, "note": null, "female": null, "toilets_di": null, "male": null, "wheelchair": null, "alt_name": null, "old_name": null, "PERIMETER": null, "ENCLOSED_A": null }, "geometry": { "type": "MultiPolygon", "coordinates": [ [ [ [ 114.3515483, 30.5333269 ], [ 114.3515504, 30.5334125 ], [ 114.3517661, 30.5334086 ], [ 114.351764, 30.533323 ], [ 114.3515483, 30.5333269 ] ] ] ] } },
{ "type": "Feature", "properties": { "GM_LAYER": "building", "GM_TYPE": "Misc. Manmade Structure", "ELEVATION": 0, "visible": "true", "version": 1, "changeset": 7575306, "timestamp": "2011-03-16T13:35:54Z", "user": "GeoSUN", "uid": 414582, "covered": null, "leisure": null, "name": null, "sport": null, "id": 104376000.0, "building": "yes", "building_l": 0, "height": null, "shop": null, "landuse": null, "addr_city": null, "addr_house": null, "addr_postc": 0, "addr_stree": null, "name_en": null, "website": null, "amenity": null, "addr_distr": null, "addr_hous1": null, "addr_provi": null, "int_name": null, "natural": null, "descriptio": null, "cuisine": null, "fast_food": null, "level": 0, "opening_h9": null, "designatio": null, "layer": 0, "area": null, "location": null, "public_tra": null, "railway": null, "subway": null, "station": null, "surface": null, "name_zh": null, "admin_leve": 0, "boundary": null, "water": null, "place": null, "building_p": null, "min_height": 0, "min": 0, "name_zh_H1": null, "name_zh_Ha": null, "operator": null, "operator_t": null, "short_name": null, "short_nam1": null, "short_nam2": null, "wikidata": null, "wikipedia": null, "garden_typ": null, "access": null, "note": null, "female": null, "toilets_di": null, "male": null, "wheelchair": null, "alt_name": null, "old_name": null, "PERIMETER": null, "ENCLOSED_A": null }, "geometry": { "type": "MultiPolygon", "coordinates": [ [ [ [ 114.351377, 30.5328163 ], [ 114.3513765, 30.5328996 ], [ 114.3515621, 30.5329003 ], [ 114.3515626, 30.5328171 ], [ 114.351377, 30.5328163 ] ] ] ] } },
{ "type": "Feature", "properties": { "GM_LAYER": "building", "GM_TYPE": "Misc. Manmade Structure", "ELEVATION": 0, "visible": "true", "version": 2, "changeset": 14730472, "timestamp": "2013-01-21T08:54:54Z", "user": "kun3721", "uid": 1195808, "covered": null, "leisure": null, "name": "青5", "sport": null, "id": 104376000.0, "building": "yes", "building_l": 0, "height": null, "shop": null, "landuse": null, "addr_city": null, "addr_house": null, "addr_postc": 0, "addr_stree": null, "name_en": null, "website": null, "amenity": null, "addr_distr": null, "addr_hous1": null, "addr_provi": null, "int_name": null, "natural": null, "descriptio": null, "cuisine": null, "fast_food": null, "level": 0, "opening_h9": null, "designatio": null, "layer": 0, "area": null, "location": null, "public_tra": null, "railway": null, "subway": null, "station": null, "surface": null, "name_zh": null, "admin_leve": 0, "boundary": null, "water": null, "place": null, "building_p": null, "min_height": 0, "min": 0, "name_zh_H1": null, "name_zh_Ha": null, "operator": null, "operator_t": null, "short_name": null, "short_nam1": null, "short_nam2": null, "wikidata": null, "wikipedia": null, "garden_typ": null, "access": null, "note": null, "female": null, "toilets_di": null, "male": null, "wheelchair": null, "alt_name": null, "old_name": null, "PERIMETER": null, "ENCLOSED_A": null }, "geometry": { "type": "MultiPolygon", "coordinates": [ [ [ [ 114.3519432, 30.5322162 ], [ 114.3519386, 30.5323642 ], [ 114.3522736, 30.5323719 ], [ 114.3522781, 30.5322238 ], [ 114.3519432, 30.5322162 ] ] ] ] } },
{ "type": "Feature", "properties": { "GM_LAYER": "building", "GM_TYPE": "Misc. Manmade Structure", "ELEVATION": 0, "visible": "true", "version": 2, "changeset": 19230163, "timestamp": "2013-12-02T09:44:40Z", "user": "邹华_可视化", "uid": 1826159, "covered": null, "leisure": null, "name": "青四", "sport": null, "id": 104376000.0, "building": "yes", "building_l": 0, "height": null, "shop": null, "landuse": null, "addr_city": null, "addr_house": null, "addr_postc": 0, "addr_stree": null, "name_en": null, "website": null, "amenity": null, "addr_distr": null, "addr_hous1": null, "addr_provi": null, "int_name": null, "natural": null, "descriptio": null, "cuisine": null, "fast_food": null, "level": 0, "opening_h9": null, "designatio": null, "layer": 0, "area": null, "location": null, "public_tra": null, "railway": null, "subway": null, "station": null, "surface": null, "name_zh": null, "admin_leve": 0, "boundary": null, "water": null, "place": null, "building_p": null, "min_height": 0, "min": 0, "name_zh_H1": null, "name_zh_Ha": null, "operator": null, "operator_t": null, "short_name": null, "short_nam1": null, "short_nam2": null, "wikidata": null, "wikipedia": null, "garden_typ": null, "access": null, "note": null, "female": null, "toilets_di": null, "male": null, "wheelchair": null, "alt_name": null, "old_name": null, "PERIMETER": null, "ENCLOSED_A": null }, "geometry": { "type": "MultiPolygon", "coordinates": [ [ [ [ 114.3516277, 30.5321457 ], [ 114.351627, 30.5322395 ], [ 114.3518221, 30.5322405 ], [ 114.3518227, 30.5321467 ], [ 114.3516277, 30.5321457 ] ] ] ] } },
{ "type": "Feature", "properties": { "GM_LAYER": "building", "GM_TYPE": "Misc. Manmade Structure", "ELEVATION": 0, "visible": "true", "version": 2, "changeset": 19475867, "timestamp": "2013-12-16T04:13:42Z", "user": "jiezheng", "uid": 1844620, "covered": null, "leisure": null, "name": "51栋", "sport": null, "id": 104376000.0, "building": "yes", "building_l": 0, "height": null, "shop": null, "landuse": null, "addr_city": null, "addr_house": null, "addr_postc": 0, "addr_stree": null, "name_en": null, "website": null, "amenity": null, "addr_distr": null, "addr_hous1": null, "addr_provi": null, "int_name": null, "natural": null, "descriptio": null, "cuisine": null, "fast_food": null, "level": 0, "opening_h9": null, "designatio": null, "layer": 0, "area": null, "location": null, "public_tra": null, "railway": null, "subway": null, "station": null, "surface": null, "name_zh": null, "admin_leve": 0, "boundary": null, "water": null, "place": null, "building_p": null, "min_height": 0, "min": 0, "name_zh_H1": null, "name_zh_Ha": null, "operator": null, "operator_t": null, "short_name": null, "short_nam1": null, "short_nam2": null, "wikidata": null, "wikipedia": null, "garden_typ": null, "access": null, "note": null, "female": null, "toilets_di": null, "male": null, "wheelchair": null, "alt_name": null, "old_name": null, "PERIMETER": null, "ENCLOSED_A": null }, "geometry": { "type": "MultiPolygon", "coordinates": [ [ [ [ 114.3512165, 30.533065 ], [ 114.3512174, 30.5331494 ], [ 114.3518609, 30.5331444 ], [ 114.3518601, 30.53306 ], [ 114.3512165, 30.533065 ] ] ] ] } },
{ "type": "Feature", "properties": { "GM_LAYER": "building - school", "GM_TYPE": "Misc. Manmade Structure", "ELEVATION": 0, "visible": "true", "version": 2, "changeset": 48612905, "timestamp": "2017-05-12T06:17:32Z", "user": "samsung galaxy s6", "uid": 3691120, "covered": null, "leisure": null, "name": null, "sport": null, "id": 104378000.0, "building": "school", "building_l": 0, "height": null, "shop": null, "landuse": null, "addr_city": null, "addr_house": null, "addr_postc": 0, "addr_stree": null, "name_en": null, "website": null, "amenity": null, "addr_distr": null, "addr_hous1": null, "addr_provi": null, "int_name": null, "natural": null, "descriptio": null, "cuisine": null, "fast_food": null, "level": 0, "opening_h9": null, "designatio": null, "layer": 0, "area": null, "location": null, "public_tra": null, "railway": null, "subway": null, "station": null, "surface": null, "name_zh": null, "admin_leve": 0, "boundary": null, "water": null, "place": null, "building_p": null, "min_height": 0, "min": 0, "name_zh_H1": null, "name_zh_Ha": null, "operator": null, "operator_t": null, "short_name": null, "short_nam1": null, "short_nam2": null, "wikidata": null, "wikipedia": null, "garden_typ": null, "access": null, "note": null, "female": null, "toilets_di": null, "male": null, "wheelchair": null, "alt_name": null, "old_name": null, "PERIMETER": null, "ENCLOSED_A": null }, "geometry": { "type": "MultiPolygon", "coordinates": [ [ [ [ 114.350771, 30.5342314 ], [ 114.350829, 30.534161 ], [ 114.350729, 30.5341002 ], [ 114.3508255, 30.5339823 ], [ 114.350946, 30.5340555 ], [ 114.3510065, 30.5339816 ], [ 114.3507999, 30.5338561 ], [ 114.3507408, 30.5339284 ], [ 114.3506932, 30.5338994 ], [ 114.350642, 30.5339619 ], [ 114.3506763, 30.5339828 ], [ 114.3506404, 30.5340267 ], [ 114.3505721, 30.5339852 ], [ 114.3505044, 30.5340679 ], [ 114.350771, 30.5342314 ] ] ] ] } },
{ "type": "Feature", "properties": { "GM_LAYER": "leisure - track", "GM_TYPE": "Misc. Manmade Structure", "ELEVATION": 0, "visible": "true", "version": 1, "changeset": 7575306, "timestamp": "2011-03-16T13:51:07Z", "user": "GeoSUN", "uid": 414582, "covered": null, "leisure": "track", "name": null, "sport": null, "id": 104378000.0, "building": null, "building_l": 0, "height": null, "shop": null, "landuse": null, "addr_city": null, "addr_house": null, "addr_postc": 0, "addr_stree": null, "name_en": null, "website": null, "amenity": null, "addr_distr": null, "addr_hous1": null, "addr_provi": null, "int_name": null, "natural": null, "descriptio": null, "cuisine": null, "fast_food": null, "level": 0, "opening_h9": null, "designatio": null, "layer": 0, "area": null, "location": null, "public_tra": null, "railway": null, "subway": null, "station": null, "surface": null, "name_zh": null, "admin_leve": 0, "boundary": null, "water": null, "place": null, "building_p": null, "min_height": 0, "min": 0, "name_zh_H1": null, "name_zh_Ha": null, "operator": null, "operator_t": null, "short_name": null, "short_nam1": null, "short_nam2": null, "wikidata": null, "wikipedia": null, "garden_typ": null, "access": null, "note": null, "female": null, "toilets_di": null, "male": null, "wheelchair": null, "alt_name": null, "old_name": null, "PERIMETER": null, "ENCLOSED_A": null }, "geometry": { "type": "MultiPolygon", "coordinates": [ [ [ [ 114.3510059, 30.5338719 ], [ 114.3510676, 30.5338974 ], [ 114.3511375, 30.5338974 ], [ 114.3511964, 30.5338742 ], [ 114.351478, 30.5335855 ], [ 114.3514995, 30.5335323 ], [ 114.3515182, 30.5334769 ], [ 114.3515048, 30.5334237 ], [ 114.3514673, 30.5333775 ], [ 114.3514297, 30.5333475 ], [ 114.3513519, 30.5333267 ], [ 114.3512795, 30.5333336 ], [ 114.3512178, 30.5333591 ], [ 114.3509523, 30.5336386 ], [ 114.3509174, 30.5336987 ], [ 114.350912, 30.5337426 ], [ 114.3509201, 30.5337888 ], [ 114.3509523, 30.5338373 ], [ 114.3510059, 30.5338719 ] ] ] ] } },
{ "type": "Feature", "properties": { "GM_LAYER": "building", "GM_TYPE": "Misc. Manmade Structure", "ELEVATION": 0, "visible": "true", "version": 2, "changeset": 14777520, "timestamp": "2013-01-25T07:29:45Z", "user": "kun3721", "uid": 1195808, "covered": null, "leisure": null, "name": "55栋", "sport": null, "id": 104378000.0, "building": "yes", "building_l": 0, "height": null, "shop": null, "landuse": null, "addr_city": null, "addr_house": null, "addr_postc": 0, "addr_stree": null, "name_en": null, "website": null, "amenity": null, "addr_distr": null, "addr_hous1": null, "addr_provi": null, "int_name": null, "natural": null, "descriptio": null, "cuisine": null, "fast_food": null, "level": 0, "opening_h9": null, "designatio": null, "layer": 0, "area": null, "location": null, "public_tra": null, "railway": null, "subway": null, "station": null, "surface": null, "name_zh": null, "admin_leve": 0, "boundary": null, "water": null, "place": null, "building_p": null, "min_height": 0, "min": 0, "name_zh_H1": null, "name_zh_Ha": null, "operator": null, "operator_t": null, "short_name": null, "short_nam1": null, "short_nam2": null, "wikidata": null, "wikipedia": null, "garden_typ": null, "access": null, "note": null, "female": null, "toilets_di": null, "male": null, "wheelchair": null, "alt_name": null, "old_name": null, "PERIMETER": null, "ENCLOSED_A": null }, "geometry": { "type": "MultiPolygon", "coordinates": [ [ [ [ 114.3515561, 30.5343707 ], [ 114.3519839, 30.5343724 ], [ 114.3519846, 30.5342396 ], [ 114.3515568, 30.5342379 ], [ 114.3515561, 30.5343707 ] ] ] ] } },
{ "type": "Feature", "properties": { "GM_LAYER": "leisure - pitch", "GM_TYPE": "Misc. Manmade Structure", "ELEVATION": 0, "visible": "true", "version": 1, "changeset": 7575306, "timestamp": "2011-03-16T13:51:07Z", "user": "GeoSUN", "uid": 414582, "covered": null, "leisure": "pitch", "name": null, "sport": null, "id": 104378000.0, "building": null, "building_l": 0, "height": null, "shop": null, "landuse": null, "addr_city": null, "addr_house": null, "addr_postc": 0, "addr_stree": null, "name_en": null, "website": null, "amenity": null, "addr_distr": null, "addr_hous1": null, "addr_provi": null, "int_name": null, "natural": null, "descriptio": null, "cuisine": null, "fast_food": null, "level": 0, "opening_h9": null, "designatio": null, "layer": 0, "area": null, "location": null, "public_tra": null, "railway": null, "subway": null, "station": null, "surface": null, "name_zh": null, "admin_leve": 0, "boundary": null, "water": null, "place": null, "building_p": null, "min_height": 0, "min": 0, "name_zh_H1": null, "name_zh_Ha": null, "operator": null, "operator_t": null, "short_name": null, "short_nam1": null, "short_nam2": null, "wikidata": null, "wikipedia": null, "garden_typ": null, "access": null, "note": null, "female": null, "toilets_di": null, "male": null, "wheelchair": null, "alt_name": null, "old_name": null, "PERIMETER": null, "ENCLOSED_A": null }, "geometry": { "type": "MultiPolygon", "coordinates": [ [ [ [ 114.3511722, 30.5338304 ], [ 114.3514244, 30.5335647 ], [ 114.3514485, 30.5335323 ], [ 114.3514699, 30.5334653 ], [ 114.3514378, 30.5334076 ], [ 114.3513788, 30.5333799 ], [ 114.3513144, 30.5333752 ], [ 114.3512393, 30.5334076 ], [ 114.3510032, 30.5336663 ], [ 114.3509657, 30.5337241 ], [ 114.3509684, 30.5337795 ], [ 114.3510059, 30.5338234 ], [ 114.3510676, 30.5338488 ], [ 114.351132, 30.5338511 ], [ 114.3511722, 30.5338304 ] ] ] ] } },
{ "type": "Feature", "properties": { "GM_LAYER": "building - school", "GM_TYPE": "Misc. Manmade Structure", "ELEVATION": 0, "visible": "true", "version": 2, "changeset": 48612905, "timestamp": "2017-05-12T06:17:32Z", "user": "samsung galaxy s6", "uid": 3691120, "covered": null, "leisure": null, "name": null, "sport": null, "id": 104378000.0, "building": "school", "building_l": 0, "height": null, "shop": null, "landuse": null, "addr_city": null, "addr_house": null, "addr_postc": 0, "addr_stree": null, "name_en": null, "website": null, "amenity": null, "addr_distr": null, "addr_hous1": null, "addr_provi": null, "int_name": null, "natural": null, "descriptio": null, "cuisine": null, "fast_food": null, "level": 0, "opening_h9": null, "designatio": null, "layer": 0, "area": null, "location": null, "public_tra": null, "railway": null, "subway": null, "station": null, "surface": null, "name_zh": null, "admin_leve": 0, "boundary": null, "water": null, "place": null, "building_p": null, "min_height": 0, "min": 0, "name_zh_H1": null, "name_zh_Ha": null, "operator": null, "operator_t": null, "short_name": null, "short_nam1": null, "short_nam2": null, "wikidata": null, "wikipedia": null, "garden_typ": null, "access": null, "note": null, "female": null, "toilets_di": null, "male": null, "wheelchair": null, "alt_name": null, "old_name": null, "PERIMETER": null, "ENCLOSED_A": null }, "geometry": { "type": "MultiPolygon", "coordinates": [ [ [ [ 114.3508565, 30.5336494 ], [ 114.3512068, 30.5332975 ], [ 114.3511189, 30.5332326 ], [ 114.3508451, 30.5335077 ], [ 114.350706, 30.533405 ], [ 114.3506295, 30.5334818 ], [ 114.3508565, 30.5336494 ] ] ] ] } },
{ "type": "Feature", "properties": { "GM_LAYER": "building", "GM_TYPE": "Misc. Manmade Structure", "ELEVATION": 0, "visible": "true", "version": 2, "changeset": 14777520, "timestamp": "2013-01-25T07:29:45Z", "user": "kun3721", "uid": 1195808, "covered": null, "leisure": null, "name": "53栋", "sport": null, "id": 104378000.0, "building": "yes", "building_l": 0, "height": null, "shop": null, "landuse": null, "addr_city": null, "addr_house": null, "addr_postc": 0, "addr_stree": null, "name_en": null, "website": null, "amenity": null, "addr_distr": null, "addr_hous1": null, "addr_provi": null, "int_name": null, "natural": null, "descriptio": null, "cuisine": null, "fast_food": null, "level": 0, "opening_h9": null, "designatio": null, "layer": 0, "area": null, "location": null, "public_tra": null, "railway": null, "subway": null, "station": null, "surface": null, "name_zh": null, "admin_leve": 0, "boundary": null, "water": null, "place": null, "building_p": null, "min_height": 0, "min": 0, "name_zh_H1": null, "name_zh_Ha": null, "operator": null, "operator_t": null, "short_name": null, "short_nam1": null, "short_nam2": null, "wikidata": null, "wikipedia": null, "garden_typ": null, "access": null, "note": null, "female": null, "toilets_di": null, "male": null, "wheelchair": null, "alt_name": null, "old_name": null, "PERIMETER": null, "ENCLOSED_A": null }, "geometry": { "type": "MultiPolygon", "coordinates": [ [ [ [ 114.3515575, 30.5338808 ], [ 114.3515571, 30.5339963 ], [ 114.3518856, 30.5339971 ], [ 114.351886, 30.5338816 ], [ 114.3515575, 30.5338808 ] ] ] ] } },
{ "type": "Feature", "properties": { "GM_LAYER": "building", "GM_TYPE": "Misc. Manmade Structure", "ELEVATION": 0, "visible": "true", "version": 2, "changeset": 14777520, "timestamp": "2013-01-25T07:29:45Z", "user": "kun3721", "uid": 1195808, "covered": null, "leisure": null, "name": "54栋", "sport": null, "id": 104378000.0, "building": "yes", "building_l": 0, "height": null, "shop": null, "landuse": null, "addr_city": null, "addr_house": null, "addr_postc": 0, "addr_stree": null, "name_en": null, "website": null, "amenity": null, "addr_distr": null, "addr_hous1": null, "addr_provi": null, "int_name": null, "natural": null, "descriptio": null, "cuisine": null, "fast_food": null, "level": 0, "opening_h9": null, "designatio": null, "layer": 0, "area": null, "location": null, "public_tra": null, "railway": null, "subway": null, "station": null, "surface": null, "name_zh": null, "admin_leve": 0, "boundary": null, "water": null, "place": null, "building_p": null, "min_height": 0, "min": 0, "name_zh_H1": null, "name_zh_Ha": null, "operator": null, "operator_t": null, "short_name": null, "short_nam1": null, "short_nam2": null, "wikidata": null, "wikipedia": null, "garden_typ": null, "access": null, "note": null, "female": null, "toilets_di": null, "male": null, "wheelchair": null, "alt_name": null, "old_name": null, "PERIMETER": null, "ENCLOSED_A": null }, "geometry": { "type": "MultiPolygon", "coordinates": [ [ [ [ 114.3512891, 30.5340637 ], [ 114.3512849, 30.5342046 ], [ 114.3515011, 30.5342094 ], [ 114.3515027, 30.5341574 ], [ 114.3515718, 30.534159 ], [ 114.3515745, 30.53407 ], [ 114.3512891, 30.5340637 ] ] ] ] } },
{ "type": "Feature", "properties": { "GM_LAYER": "building", "GM_TYPE": "Misc. Manmade Structure", "ELEVATION": 0, "visible": "true", "version": 1, "changeset": 7581442, "timestamp": "2011-03-17T01:30:46Z", "user": "GeoSUN", "uid": 414582, "covered": null, "leisure": null, "name": null, "sport": null, "id": 104450000.0, "building": "yes", "building_l": 0, "height": null, "shop": null, "landuse": null, "addr_city": null, "addr_house": null, "addr_postc": 0, "addr_stree": null, "name_en": null, "website": null, "amenity": null, "addr_distr": null, "addr_hous1": null, "addr_provi": null, "int_name": null, "natural": null, "descriptio": null, "cuisine": null, "fast_food": null, "level": 0, "opening_h9": null, "designatio": null, "layer": 0, "area": null, "location": null, "public_tra": null, "railway": null, "subway": null, "station": null, "surface": null, "name_zh": null, "admin_leve": 0, "boundary": null, "water": null, "place": null, "building_p": null, "min_height": 0, "min": 0, "name_zh_H1": null, "name_zh_Ha": null, "operator": null, "operator_t": null, "short_name": null, "short_nam1": null, "short_nam2": null, "wikidata": null, "wikipedia": null, "garden_typ": null, "access": null, "note": null, "female": null, "toilets_di": null, "male": null, "wheelchair": null, "alt_name": null, "old_name": null, "PERIMETER": null, "ENCLOSED_A": null }, "geometry": { "type": "MultiPolygon", "coordinates": [ [ [ [ 114.3509864, 30.534216 ], [ 114.3508745, 30.5343389 ], [ 114.3516022, 30.5348305 ], [ 114.3517141, 30.5347076 ], [ 114.3509864, 30.534216 ] ] ] ] } },
{ "type": "Feature", "properties": { "GM_LAYER": "building", "GM_TYPE": "Misc. Manmade Structure", "ELEVATION": 0, "visible": "true", "version": 4, "changeset": 119981334, "timestamp": "2022-04-21T05:27:33Z", "user": "CENTRALHUB", "uid": 6447498, "covered": null, "leisure": null, "name": "39栋", "sport": null, "id": 104450000.0, "building": "yes", "building_l": 0, "height": null, "shop": null, "landuse": null, "addr_city": null, "addr_house": null, "addr_postc": 0, "addr_stree": null, "name_en": null, "website": null, "amenity": null, "addr_distr": null, "addr_hous1": null, "addr_provi": null, "int_name": null, "natural": null, "descriptio": null, "cuisine": null, "fast_food": null, "level": 0, "opening_h9": null, "designatio": null, "layer": 0, "area": null, "location": null, "public_tra": null, "railway": null, "subway": null, "station": null, "surface": null, "name_zh": null, "admin_leve": 0, "boundary": null, "water": null, "place": null, "building_p": null, "min_height": 0, "min": 0, "name_zh_H1": null, "name_zh_Ha": null, "operator": null, "operator_t": null, "short_name": null, "short_nam1": null, "short_nam2": null, "wikidata": null, "wikipedia": null, "garden_typ": null, "access": null, "note": null, "female": null, "toilets_di": null, "male": null, "wheelchair": null, "alt_name": null, "old_name": null, "PERIMETER": null, "ENCLOSED_A": null }, "geometry": { "type": "MultiPolygon", "coordinates": [ [ [ [ 114.3534679, 30.5344373 ], [ 114.3534429, 30.5344491 ], [ 114.3534862, 30.5345171 ], [ 114.3539147, 30.5343144 ], [ 114.3538521, 30.5342162 ], [ 114.3536058, 30.5343327 ], [ 114.3535794, 30.5342913 ], [ 114.3534222, 30.5343657 ], [ 114.3534679, 30.5344373 ] ] ] ] } },
{ "type": "Feature", "properties": { "GM_LAYER": "building", "GM_TYPE": "Misc. Manmade Structure", "ELEVATION": 0, "visible": "true", "version": 3, "changeset": 119981334, "timestamp": "2022-04-21T05:27:33Z", "user": "CENTRALHUB", "uid": 6447498, "covered": null, "leisure": null, "name": "37栋", "sport": null, "id": 104450000.0, "building": "yes", "building_l": 0, "height": null, "shop": null, "landuse": null, "addr_city": null, "addr_house": null, "addr_postc": 0, "addr_stree": null, "name_en": null, "website": null, "amenity": null, "addr_distr": null, "addr_hous1": null, "addr_provi": null, "int_name": null, "natural": null, "descriptio": null, "cuisine": null, "fast_food": null, "level": 0, "opening_h9": null, "designatio": null, "layer": 0, "area": null, "location": null, "public_tra": null, "railway": null, "subway": null, "station": null, "surface": null, "name_zh": null, "admin_leve": 0, "boundary": null, "water": null, "place": null, "building_p": null, "min_height": 0, "min": 0, "name_zh_H1": null, "name_zh_Ha": null, "operator": null, "operator_t": null, "short_name": null, "short_nam1": null, "short_nam2": null, "wikidata": null, "wikipedia": null, "garden_typ": null, "access": null, "note": null, "female": null, "toilets_di": null, "male": null, "wheelchair": null, "alt_name": null, "old_name": null, "PERIMETER": null, "ENCLOSED_A": null }, "geometry": { "type": "MultiPolygon", "coordinates": [ [ [ [ 114.3521813, 30.5345945 ], [ 114.3528101, 30.5345917 ], [ 114.3528096, 30.5345068 ], [ 114.3521808, 30.5345095 ], [ 114.3521813, 30.5345945 ] ] ] ] } },
{ "type": "Feature", "properties": { "GM_LAYER": "building", "GM_TYPE": "Misc. Manmade Structure", "ELEVATION": 0, "visible": "true", "version": 3, "changeset": 119981334, "timestamp": "2022-04-21T05:27:33Z", "user": "CENTRALHUB", "uid": 6447498, "covered": null, "leisure": null, "name": "38栋", "sport": null, "id": 104450000.0, "building": "yes", "building_l": 0, "height": null, "shop": null, "landuse": null, "addr_city": null, "addr_house": null, "addr_postc": 0, "addr_stree": null, "name_en": null, "website": null, "amenity": null, "addr_distr": null, "addr_hous1": null, "addr_provi": null, "int_name": null, "natural": null, "descriptio": null, "cuisine": null, "fast_food": null, "level": 0, "opening_h9": null, "designatio": null, "layer": 0, "area": null, "location": null, "public_tra": null, "railway": null, "subway": null, "station": null, "surface": null, "name_zh": null, "admin_leve": 0, "boundary": null, "water": null, "place": null, "building_p": null, "min_height": 0, "min": 0, "name_zh_H1": null, "name_zh_Ha": null, "operator": null, "operator_t": null, "short_name": null, "short_nam1": null, "short_nam2": null, "wikidata": null, "wikipedia": null, "garden_typ": null, "access": null, "note": null, "female": null, "toilets_di": null, "male": null, "wheelchair": null, "alt_name": null, "old_name": null, "PERIMETER": null, "ENCLOSED_A": null }, "geometry": { "type": "MultiPolygon", "coordinates": [ [ [ [ 114.35288, 30.5345914 ], [ 114.3533662, 30.5345893 ], [ 114.3533657, 30.5345043 ], [ 114.3528795, 30.5345064 ], [ 114.35288, 30.5345914 ] ] ] ] } },
{ "type": "Feature", "properties": { "GM_LAYER": "building", "GM_TYPE": "Misc. Manmade Structure", "ELEVATION": 0, "visible": "true", "version": 2, "changeset": 14729110, "timestamp": "2013-01-21T04:22:01Z", "user": "kun3721", "uid": 1195808, "covered": null, "leisure": null, "name": "1栋", "sport": null, "id": 104450000.0, "building": "yes", "building_l": 0, "height": null, "shop": null, "landuse": null, "addr_city": null, "addr_house": null, "addr_postc": 0, "addr_stree": null, "name_en": null, "website": null, "amenity": null, "addr_distr": null, "addr_hous1": null, "addr_provi": null, "int_name": null, "natural": null, "descriptio": null, "cuisine": null, "fast_food": null, "level": 0, "opening_h9": null, "designatio": null, "layer": 0, "area": null, "location": null, "public_tra": null, "railway": null, "subway": null, "station": null, "surface": null, "name_zh": null, "admin_leve": 0, "boundary": null, "water": null, "place": null, "building_p": null, "min_height": 0, "min": 0, "name_zh_H1": null, "name_zh_Ha": null, "operator": null, "operator_t": null, "short_name": null, "short_nam1": null, "short_nam2": null, "wikidata": null, "wikipedia": null, "garden_typ": null, "access": null, "note": null, "female": null, "toilets_di": null, "male": null, "wheelchair": null, "alt_name": null, "old_name": null, "PERIMETER": null, "ENCLOSED_A": null }, "geometry": { "type": "MultiPolygon", "coordinates": [ [ [ [ 114.3539958, 30.5323709 ], [ 114.3546099, 30.5323719 ], [ 114.3546101, 30.532283 ], [ 114.353996, 30.532282 ], [ 114.3539958, 30.5323709 ] ] ] ] } },
{ "type": "Feature", "properties": { "GM_LAYER": "building", "GM_TYPE": "Misc. Manmade Structure", "ELEVATION": 0, "visible": "true", "version": 2, "changeset": 118123123, "timestamp": "2022-03-05T11:41:00Z", "user": "红心柚柚子", "uid": 15194206, "covered": null, "leisure": null, "name": "院士楼4号", "sport": null, "id": 104450000.0, "building": "yes", "building_l": 0, "height": null, "shop": null, "landuse": null, "addr_city": null, "addr_house": null, "addr_postc": 0, "addr_stree": null, "name_en": null, "website": null, "amenity": null, "addr_distr": null, "addr_hous1": null, "addr_provi": null, "int_name": null, "natural": null, "descriptio": null, "cuisine": null, "fast_food": null, "level": 0, "opening_h9": null, "designatio": null, "layer": 0, "area": null, "location": null, "public_tra": null, "railway": null, "subway": null, "station": null, "surface": null, "name_zh": null, "admin_leve": 0, "boundary": null, "water": null, "place": null, "building_p": null, "min_height": 0, "min": 0, "name_zh_H1": null, "name_zh_Ha": null, "operator": null, "operator_t": null, "short_name": null, "short_nam1": null, "short_nam2": null, "wikidata": null, "wikipedia": null, "garden_typ": null, "access": null, "note": null, "female": null, "toilets_di": null, "male": null, "wheelchair": null, "alt_name": null, "old_name": null, "PERIMETER": null, "ENCLOSED_A": null }, "geometry": { "type": "MultiPolygon", "coordinates": [ [ [ [ 114.3529304, 30.5322087 ], [ 114.3529396, 30.5320779 ], [ 114.3527836, 30.5320697 ], [ 114.3527744, 30.5322005 ], [ 114.3529304, 30.5322087 ] ] ] ] } },
{ "type": "Feature", "properties": { "GM_LAYER": "building", "GM_TYPE": "Misc. Manmade Structure", "ELEVATION": 0, "visible": "true", "version": 2, "changeset": 118123123, "timestamp": "2022-03-05T11:41:00Z", "user": "红心柚柚子", "uid": 15194206, "covered": null, "leisure": null, "name": "院士楼2号", "sport": null, "id": 104450000.0, "building": "yes", "building_l": 0, "height": null, "shop": null, "landuse": null, "addr_city": null, "addr_house": null, "addr_postc": 0, "addr_stree": null, "name_en": null, "website": null, "amenity": null, "addr_distr": null, "addr_hous1": null, "addr_provi": null, "int_name": null, "natural": null, "descriptio": null, "cuisine": null, "fast_food": null, "level": 0, "opening_h9": null, "designatio": null, "layer": 0, "area": null, "location": null, "public_tra": null, "railway": null, "subway": null, "station": null, "surface": null, "name_zh": null, "admin_leve": 0, "boundary": null, "water": null, "place": null, "building_p": null, "min_height": 0, "min": 0, "name_zh_H1": null, "name_zh_Ha": null, "operator": null, "operator_t": null, "short_name": null, "short_nam1": null, "short_nam2": null, "wikidata": null, "wikipedia": null, "garden_typ": null, "access": null, "note": null, "female": null, "toilets_di": null, "male": null, "wheelchair": null, "alt_name": null, "old_name": null, "PERIMETER": null, "ENCLOSED_A": null }, "geometry": { "type": "MultiPolygon", "coordinates": [ [ [ [ 114.3531688, 30.5322472 ], [ 114.3532099, 30.5321119 ], [ 114.3530799, 30.5320826 ], [ 114.3530388, 30.5322179 ], [ 114.3531688, 30.5322472 ] ] ] ] } },
{ "type": "Feature", "properties": { "GM_LAYER": "building", "GM_TYPE": "Misc. Manmade Structure", "ELEVATION": 0, "visible": "true", "version": 3, "changeset": 53063434, "timestamp": "2017-10-19T09:40:21Z", "user": "Houzhu", "uid": 6819446, "covered": null, "leisure": null, "name": "21栋", "sport": null, "id": 104450000.0, "building": "yes", "building_l": 0, "height": null, "shop": null, "landuse": null, "addr_city": null, "addr_house": null, "addr_postc": 0, "addr_stree": null, "name_en": null, "website": null, "amenity": null, "addr_distr": null, "addr_hous1": null, "addr_provi": null, "int_name": null, "natural": null, "descriptio": null, "cuisine": null, "fast_food": null, "level": 0, "opening_h9": null, "designatio": null, "layer": 0, "area": null, "location": null, "public_tra": null, "railway": null, "subway": null, "station": null, "surface": null, "name_zh": null, "admin_leve": 0, "boundary": null, "water": null, "place": null, "building_p": null, "min_height": 0, "min": 0, "name_zh_H1": null, "name_zh_Ha": null, "operator": null, "operator_t": null, "short_name": null, "short_nam1": null, "short_nam2": null, "wikidata": null, "wikipedia": null, "garden_typ": null, "access": null, "note": null, "female": null, "toilets_di": null, "male": null, "wheelchair": null, "alt_name": null, "old_name": null, "PERIMETER": null, "ENCLOSED_A": null }, "geometry": { "type": "MultiPolygon", "coordinates": [ [ [ [ 114.3527661, 30.533519 ], [ 114.3527649, 30.5336392 ], [ 114.3532475, 30.5336428 ], [ 114.3532487, 30.5335226 ], [ 114.3527661, 30.533519 ] ] ] ] } },
{ "type": "Feature", "properties": { "GM_LAYER": "building", "GM_TYPE": "Misc. Manmade Structure", "ELEVATION": 0, "visible": "true", "version": 2, "changeset": 14717694, "timestamp": "2013-01-20T10:01:33Z", "user": "kun3721", "uid": 1195808, "covered": null, "leisure": null, "name": "25栋", "sport": null, "id": 104450000.0, "building": "yes", "building_l": 0, "height": null, "shop": null, "landuse": null, "addr_city": null, "addr_house": null, "addr_postc": 0, "addr_stree": null, "name_en": null, "website": null, "amenity": null, "addr_distr": null, "addr_hous1": null, "addr_provi": null, "int_name": null, "natural": null, "descriptio": null, "cuisine": null, "fast_food": null, "level": 0, "opening_h9": null, "designatio": null, "layer": 0, "area": null, "location": null, "public_tra": null, "railway": null, "subway": null, "station": null, "surface": null, "name_zh": null, "admin_leve": 0, "boundary": null, "water": null, "place": null, "building_p": null, "min_height": 0, "min": 0, "name_zh_H1": null, "name_zh_Ha": null, "operator": null, "operator_t": null, "short_name": null, "short_nam1": null, "short_nam2": null, "wikidata": null, "wikipedia": null, "garden_typ": null, "access": null, "note": null, "female": null, "toilets_di": null, "male": null, "wheelchair": null, "alt_name": null, "old_name": null, "PERIMETER": null, "ENCLOSED_A": null }, "geometry": { "type": "MultiPolygon", "coordinates": [ [ [ [ 114.3528484, 30.5332132 ], [ 114.3528473, 30.533353 ], [ 114.3535114, 30.5333569 ], [ 114.3535125, 30.5332171 ], [ 114.3528484, 30.5332132 ] ] ] ] } },
{ "type": "Feature", "properties": { "GM_LAYER": "building", "GM_TYPE": "Misc. Manmade Structure", "ELEVATION": 0, "visible": "true", "version": 2, "changeset": 14729110, "timestamp": "2013-01-21T04:18:23Z", "user": "kun3721", "uid": 1195808, "covered": null, "leisure": null, "name": "16栋", "sport": null, "id": 104450000.0, "building": "yes", "building_l": 0, "height": null, "shop": null, "landuse": null, "addr_city": null, "addr_house": null, "addr_postc": 0, "addr_stree": null, "name_en": null, "website": null, "amenity": null, "addr_distr": null, "addr_hous1": null, "addr_provi": null, "int_name": null, "natural": null, "descriptio": null, "cuisine": null, "fast_food": null, "level": 0, "opening_h9": null, "designatio": null, "layer": 0, "area": null, "location": null, "public_tra": null, "railway": null, "subway": null, "station": null, "surface": null, "name_zh": null, "admin_leve": 0, "boundary": null, "water": null, "place": null, "building_p": null, "min_height": 0, "min": 0, "name_zh_H1": null, "name_zh_Ha": null, "operator": null, "operator_t": null, "short_name": null, "short_nam1": null, "short_nam2": null, "wikidata": null, "wikipedia": null, "garden_typ": null, "access": null, "note": null, "female": null, "toilets_di": null, "male": null, "wheelchair": null, "alt_name": null, "old_name": null, "PERIMETER": null, "ENCLOSED_A": null }, "geometry": { "type": "MultiPolygon", "coordinates": [ [ [ [ 114.3540319, 30.5329683 ], [ 114.3546362, 30.5329775 ], [ 114.3546388, 30.5328488 ], [ 114.3540345, 30.5328397 ], [ 114.3540319, 30.5329683 ] ] ] ] } },
{ "type": "Feature", "properties": { "GM_LAYER": "building", "GM_TYPE": "Misc. Manmade Structure", "ELEVATION": 0, "visible": "true", "version": 1, "changeset": 7581442, "timestamp": "2011-03-17T01:35:50Z", "user": "GeoSUN", "uid": 414582, "covered": null, "leisure": null, "name": null, "sport": null, "id": 104450000.0, "building": "yes", "building_l": 0, "height": null, "shop": null, "landuse": null, "addr_city": null, "addr_house": null, "addr_postc": 0, "addr_stree": null, "name_en": null, "website": null, "amenity": null, "addr_distr": null, "addr_hous1": null, "addr_provi": null, "int_name": null, "natural": null, "descriptio": null, "cuisine": null, "fast_food": null, "level": 0, "opening_h9": null, "designatio": null, "layer": 0, "area": null, "location": null, "public_tra": null, "railway": null, "subway": null, "station": null, "surface": null, "name_zh": null, "admin_leve": 0, "boundary": null, "water": null, "place": null, "building_p": null, "min_height": 0, "min": 0, "name_zh_H1": null, "name_zh_Ha": null, "operator": null, "operator_t": null, "short_name": null, "short_nam1": null, "short_nam2": null, "wikidata": null, "wikipedia": null, "garden_typ": null, "access": null, "note": null, "female": null, "toilets_di": null, "male": null, "wheelchair": null, "alt_name": null, "old_name": null, "PERIMETER": null, "ENCLOSED_A": null }, "geometry": { "type": "MultiPolygon", "coordinates": [ [ [ [ 114.3533643, 30.5323222 ], [ 114.3534275, 30.5322008 ], [ 114.3532961, 30.5321501 ], [ 114.353233, 30.5322715 ], [ 114.3533643, 30.5323222 ] ] ] ] } },
{ "type": "Feature", "properties": { "GM_LAYER": "building", "GM_TYPE": "Misc. Manmade Structure", "ELEVATION": 0, "visible": "true", "version": 2, "changeset": 14717694, "timestamp": "2013-01-20T10:01:33Z", "user": "kun3721", "uid": 1195808, "covered": null, "leisure": null, "name": "13栋", "sport": null, "id": 104450000.0, "building": "yes", "building_l": 0, "height": null, "shop": null, "landuse": null, "addr_city": null, "addr_house": null, "addr_postc": 0, "addr_stree": null, "name_en": null, "website": null, "amenity": null, "addr_distr": null, "addr_hous1": null, "addr_provi": null, "int_name": null, "natural": null, "descriptio": null, "cuisine": null, "fast_food": null, "level": 0, "opening_h9": null, "designatio": null, "layer": 0, "area": null, "location": null, "public_tra": null, "railway": null, "subway": null, "station": null, "surface": null, "name_zh": null, "admin_leve": 0, "boundary": null, "water": null, "place": null, "building_p": null, "min_height": 0, "min": 0, "name_zh_H1": null, "name_zh_Ha": null, "operator": null, "operator_t": null, "short_name": null, "short_nam1": null, "short_nam2": null, "wikidata": null, "wikipedia": null, "garden_typ": null, "access": null, "note": null, "female": null, "toilets_di": null, "male": null, "wheelchair": null, "alt_name": null, "old_name": null, "PERIMETER": null, "ENCLOSED_A": null }, "geometry": { "type": "MultiPolygon", "coordinates": [ [ [ [ 114.3536076, 30.5326359 ], [ 114.3536076, 30.5327284 ], [ 114.3539348, 30.5327284 ], [ 114.3539348, 30.5326359 ], [ 114.3536076, 30.5326359 ] ] ] ] } },
{ "type": "Feature", "properties": { "GM_LAYER": "building", "GM_TYPE": "Misc. Manmade Structure", "ELEVATION": 0, "visible": "true", "version": 4, "changeset": 118158165, "timestamp": "2022-03-06T13:10:16Z", "user": "日日安", "uid": 15245757, "covered": null, "leisure": null, "name": "19栋", "sport": null, "id": 104450000.0, "building": "yes", "building_l": 0, "height": null, "shop": null, "landuse": null, "addr_city": null, "addr_house": null, "addr_postc": 0, "addr_stree": null, "name_en": null, "website": null, "amenity": null, "addr_distr": null, "addr_hous1": null, "addr_provi": null, "int_name": null, "natural": null, "descriptio": null, "cuisine": null, "fast_food": null, "level": 0, "opening_h9": null, "designatio": null, "layer": 0, "area": null, "location": null, "public_tra": null, "railway": null, "subway": null, "station": null, "surface": null, "name_zh": null, "admin_leve": 0, "boundary": null, "water": null, "place": null, "building_p": null, "min_height": 0, "min": 0, "name_zh_H1": null, "name_zh_Ha": null, "operator": null, "operator_t": null, "short_name": null, "short_nam1": null, "short_nam2": null, "wikidata": null, "wikipedia": null, "garden_typ": null, "access": null, "note": null, "female": null, "toilets_di": null, "male": null, "wheelchair": null, "alt_name": null, "old_name": null, "PERIMETER": null, "ENCLOSED_A": null }, "geometry": { "type": "MultiPolygon", "coordinates": [ [ [ [ 114.3539818, 30.5335985 ], [ 114.3544186, 30.5336001 ], [ 114.3544777, 30.5336003 ], [ 114.354478, 30.5335408 ], [ 114.3544783, 30.5334824 ], [ 114.3539823, 30.5334806 ], [ 114.3539818, 30.5335985 ] ] ] ] } },
{ "type": "Feature", "properties": { "GM_LAYER": "building", "GM_TYPE": "Misc. Manmade Structure", "ELEVATION": 0, "visible": "true", "version": 2, "changeset": 14740440, "timestamp": "2013-01-22T00:47:11Z", "user": "kun3721", "uid": 1195808, "covered": null, "leisure": null, "name": "国际交流中心", "sport": null, "id": 104450000.0, "building": "yes", "building_l": 0, "height": null, "shop": null, "landuse": null, "addr_city": null, "addr_house": null, "addr_postc": 0, "addr_stree": null, "name_en": null, "website": null, "amenity": null, "addr_distr": null, "addr_hous1": null, "addr_provi": null, "int_name": null, "natural": null, "descriptio": null, "cuisine": null, "fast_food": null, "level": 0, "opening_h9": null, "designatio": null, "layer": 0, "area": null, "location": null, "public_tra": null, "railway": null, "subway": null, "station": null, "surface": null, "name_zh": null, "admin_leve": 0, "boundary": null, "water": null, "place": null, "building_p": null, "min_height": 0, "min": 0, "name_zh_H1": null, "name_zh_Ha": null, "operator": null, "operator_t": null, "short_name": null, "short_nam1": null, "short_nam2": null, "wikidata": null, "wikipedia": null, "garden_typ": null, "access": null, "note": null, "female": null, "toilets_di": null, "male": null, "wheelchair": null, "alt_name": null, "old_name": null, "PERIMETER": null, "ENCLOSED_A": null }, "geometry": { "type": "MultiPolygon", "coordinates": [ [ [ [ 114.3525096, 30.533389 ], [ 114.3525093, 30.5333391 ], [ 114.3526693, 30.5333384 ], [ 114.3526676, 30.533062 ], [ 114.3525248, 30.5330627 ], [ 114.3525244, 30.532987 ], [ 114.3522995, 30.532988 ], [ 114.3523009, 30.5332318 ], [ 114.3522212, 30.5332321 ], [ 114.3522221, 30.5333903 ], [ 114.3525096, 30.533389 ] ] ] ] } },
{ "type": "Feature", "properties": { "GM_LAYER": "building", "GM_TYPE": "Misc. Manmade Structure", "ELEVATION": 0, "visible": "true", "version": 3, "changeset": 53063434, "timestamp": "2017-10-19T09:40:20Z", "user": "Houzhu", "uid": 6819446, "covered": null, "leisure": null, "name": "20栋", "sport": null, "id": 104450000.0, "building": "yes", "building_l": 0, "height": null, "shop": null, "landuse": null, "addr_city": null, "addr_house": null, "addr_postc": 0, "addr_stree": null, "name_en": null, "website": null, "amenity": null, "addr_distr": null, "addr_hous1": null, "addr_provi": null, "int_name": null, "natural": null, "descriptio": null, "cuisine": null, "fast_food": null, "level": 0, "opening_h9": null, "designatio": null, "layer": 0, "area": null, "location": null, "public_tra": null, "railway": null, "subway": null, "station": null, "surface": null, "name_zh": null, "admin_leve": 0, "boundary": null, "water": null, "place": null, "building_p": null, "min_height": 0, "min": 0, "name_zh_H1": null, "name_zh_Ha": null, "operator": null, "operator_t": null, "short_name": null, "short_nam1": null, "short_nam2": null, "wikidata": null, "wikipedia": null, "garden_typ": null, "access": null, "note": null, "female": null, "toilets_di": null, "male": null, "wheelchair": null, "alt_name": null, "old_name": null, "PERIMETER": null, "ENCLOSED_A": null }, "geometry": { "type": "MultiPolygon", "coordinates": [ [ [ [ 114.3533905, 30.53353 ], [ 114.353388, 30.5336364 ], [ 114.3538693, 30.5336446 ], [ 114.3538718, 30.5335382 ], [ 114.3533905, 30.53353 ] ] ] ] } },
{ "type": "Feature", "properties": { "GM_LAYER": "building", "GM_TYPE": "Misc. Manmade Structure", "ELEVATION": 0, "visible": "true", "version": 2, "changeset": 14716252, "timestamp": "2013-01-20T06:17:37Z", "user": "kun3721", "uid": 1195808, "covered": null, "leisure": null, "name": "15栋", "sport": null, "id": 104450000.0, "building": "yes", "building_l": 0, "height": null, "shop": null, "landuse": null, "addr_city": null, "addr_house": null, "addr_postc": 0, "addr_stree": null, "name_en": null, "website": null, "amenity": null, "addr_distr": null, "addr_hous1": null, "addr_provi": null, "int_name": null, "natural": null, "descriptio": null, "cuisine": null, "fast_food": null, "level": 0, "opening_h9": null, "designatio": null, "layer": 0, "area": null, "location": null, "public_tra": null, "railway": null, "subway": null, "station": null, "surface": null, "name_zh": null, "admin_leve": 0, "boundary": null, "water": null, "place": null, "building_p": null, "min_height": 0, "min": 0, "name_zh_H1": null, "name_zh_Ha": null, "operator": null, "operator_t": null, "short_name": null, "short_nam1": null, "short_nam2": null, "wikidata": null, "wikipedia": null, "garden_typ": null, "access": null, "note": null, "female": null, "toilets_di": null, "male": null, "wheelchair": null, "alt_name": null, "old_name": null, "PERIMETER": null, "ENCLOSED_A": null }, "geometry": { "type": "MultiPolygon", "coordinates": [ [ [ [ 114.3534845, 30.5329754 ], [ 114.3539673, 30.5329782 ], [ 114.3539681, 30.5328638 ], [ 114.3534853, 30.5328611 ], [ 114.3534845, 30.5329754 ] ] ] ] } },
{ "type": "Feature", "properties": { "GM_LAYER": "building", "GM_TYPE": "Misc. Manmade Structure", "ELEVATION": 0, "visible": "true", "version": 2, "changeset": 14717694, "timestamp": "2013-01-20T10:01:33Z", "user": "kun3721", "uid": 1195808, "covered": null, "leisure": null, "name": "12栋", "sport": null, "id": 104450000.0, "building": "yes", "building_l": 0, "height": null, "shop": null, "landuse": null, "addr_city": null, "addr_house": null, "addr_postc": 0, "addr_stree": null, "name_en": null, "website": null, "amenity": null, "addr_distr": null, "addr_hous1": null, "addr_provi": null, "int_name": null, "natural": null, "descriptio": null, "cuisine": null, "fast_food": null, "level": 0, "opening_h9": null, "designatio": null, "layer": 0, "area": null, "location": null, "public_tra": null, "railway": null, "subway": null, "station": null, "surface": null, "name_zh": null, "admin_leve": 0, "boundary": null, "water": null, "place": null, "building_p": null, "min_height": 0, "min": 0, "name_zh_H1": null, "name_zh_Ha": null, "operator": null, "operator_t": null, "short_name": null, "short_nam1": null, "short_nam2": null, "wikidata": null, "wikipedia": null, "garden_typ": null, "access": null, "note": null, "female": null, "toilets_di": null, "male": null, "wheelchair": null, "alt_name": null, "old_name": null, "PERIMETER": null, "ENCLOSED_A": null }, "geometry": { "type": "MultiPolygon", "coordinates": [ [ [ [ 114.3534866, 30.532617 ], [ 114.3535284, 30.5325315 ], [ 114.3530951, 30.5323746 ], [ 114.3530534, 30.53246 ], [ 114.3534866, 30.532617 ] ] ] ] } },
{ "type": "Feature", "properties": { "GM_LAYER": "building", "GM_TYPE": "Misc. Manmade Structure", "ELEVATION": 0, "visible": "true", "version": 3, "changeset": 14730472, "timestamp": "2013-01-21T08:54:53Z", "user": "kun3721", "uid": 1195808, "covered": null, "leisure": null, "name": "26栋", "sport": null, "id": 104450000.0, "building": "yes", "building_l": 0, "height": null, "shop": null, "landuse": null, "addr_city": null, "addr_house": null, "addr_postc": 0, "addr_stree": null, "name_en": null, "website": null, "amenity": null, "addr_distr": null, "addr_hous1": null, "addr_provi": null, "int_name": null, "natural": null, "descriptio": null, "cuisine": null, "fast_food": null, "level": 0, "opening_h9": null, "designatio": null, "layer": 0, "area": null, "location": null, "public_tra": null, "railway": null, "subway": null, "station": null, "surface": null, "name_zh": null, "admin_leve": 0, "boundary": null, "water": null, "place": null, "building_p": null, "min_height": 0, "min": 0, "name_zh_H1": null, "name_zh_Ha": null, "operator": null, "operator_t": null, "short_name": null, "short_nam1": null, "short_nam2": null, "wikidata": null, "wikipedia": null, "garden_typ": null, "access": null, "note": null, "female": null, "toilets_di": null, "male": null, "wheelchair": null, "alt_name": null, "old_name": null, "PERIMETER": null, "ENCLOSED_A": null }, "geometry": { "type": "MultiPolygon", "coordinates": [ [ [ [ 114.352706, 30.5335898 ], [ 114.3527055, 30.5334662 ], [ 114.3520792, 30.5334681 ], [ 114.3520797, 30.5335917 ], [ 114.352706, 30.5335898 ] ] ] ] } },
{ "type": "Feature", "properties": { "GM_LAYER": "building", "GM_TYPE": "Misc. Manmade Structure", "ELEVATION": 0, "visible": "true", "version": 2, "changeset": 14729110, "timestamp": "2013-01-21T04:18:23Z", "user": "kun3721", "uid": 1195808, "covered": null, "leisure": null, "name": "17栋", "sport": null, "id": 104450000.0, "building": "yes", "building_l": 0, "height": null, "shop": null, "landuse": null, "addr_city": null, "addr_house": null, "addr_postc": 0, "addr_stree": null, "name_en": null, "website": null, "amenity": null, "addr_distr": null, "addr_hous1": null, "addr_provi": null, "int_name": null, "natural": null, "descriptio": null, "cuisine": null, "fast_food": null, "level": 0, "opening_h9": null, "designatio": null, "layer": 0, "area": null, "location": null, "public_tra": null, "railway": null, "subway": null, "station": null, "surface": null, "name_zh": null, "admin_leve": 0, "boundary": null, "water": null, "place": null, "building_p": null, "min_height": 0, "min": 0, "name_zh_H1": null, "name_zh_Ha": null, "operator": null, "operator_t": null, "short_name": null, "short_nam1": null, "short_nam2": null, "wikidata": null, "wikipedia": null, "garden_typ": null, "access": null, "note": null, "female": null, "toilets_di": null, "male": null, "wheelchair": null, "alt_name": null, "old_name": null, "PERIMETER": null, "ENCLOSED_A": null }, "geometry": { "type": "MultiPolygon", "coordinates": [ [ [ [ 114.3539151, 30.5332699 ], [ 114.3545883, 30.5332727 ], [ 114.354589, 30.5331352 ], [ 114.3539158, 30.5331324 ], [ 114.3539151, 30.5332699 ] ] ] ] } },
{ "type": "Feature", "properties": { "GM_LAYER": "building", "GM_TYPE": "Misc. Manmade Structure", "ELEVATION": 0, "visible": "true", "version": 2, "changeset": 14729110, "timestamp": "2013-01-21T04:22:01Z", "user": "kun3721", "uid": 1195808, "covered": null, "leisure": null, "name": "14栋", "sport": null, "id": 104450000.0, "building": "yes", "building_l": 0, "height": null, "shop": null, "landuse": null, "addr_city": null, "addr_house": null, "addr_postc": 0, "addr_stree": null, "name_en": null, "website": null, "amenity": null, "addr_distr": null, "addr_hous1": null, "addr_provi": null, "int_name": null, "natural": null, "descriptio": null, "cuisine": null, "fast_food": null, "level": 0, "opening_h9": null, "designatio": null, "layer": 0, "area": null, "location": null, "public_tra": null, "railway": null, "subway": null, "station": null, "surface": null, "name_zh": null, "admin_leve": 0, "boundary": null, "water": null, "place": null, "building_p": null, "min_height": 0, "min": 0, "name_zh_H1": null, "name_zh_Ha": null, "operator": null, "operator_t": null, "short_name": null, "short_nam1": null, "short_nam2": null, "wikidata": null, "wikipedia": null, "garden_typ": null, "access": null, "note": null, "female": null, "toilets_di": null, "male": null, "wheelchair": null, "alt_name": null, "old_name": null, "PERIMETER": null, "ENCLOSED_A": null }, "geometry": { "type": "MultiPolygon", "coordinates": [ [ [ [ 114.3539972, 30.5326446 ], [ 114.3546033, 30.5326504 ], [ 114.3546046, 30.532551 ], [ 114.3539985, 30.5325452 ], [ 114.3539972, 30.5326446 ] ] ] ] } },
{ "type": "Feature", "properties": { "GM_LAYER": "building", "GM_TYPE": "Misc. Manmade Structure", "ELEVATION": 0, "visible": "true", "version": 2, "changeset": 118123123, "timestamp": "2022-03-05T11:41:00Z", "user": "红心柚柚子", "uid": 15194206, "covered": null, "leisure": null, "name": "2栋", "sport": null, "id": 104450000.0, "building": "yes", "building_l": 0, "height": null, "shop": null, "landuse": null, "addr_city": null, "addr_house": null, "addr_postc": 0, "addr_stree": null, "name_en": null, "website": null, "amenity": null, "addr_distr": null, "addr_hous1": null, "addr_provi": null, "int_name": null, "natural": null, "descriptio": null, "cuisine": null, "fast_food": null, "level": 0, "opening_h9": null, "designatio": null, "layer": 0, "area": null, "location": null, "public_tra": null, "railway": null, "subway": null, "station": null, "surface": null, "name_zh": null, "admin_leve": 0, "boundary": null, "water": null, "place": null, "building_p": null, "min_height": 0, "min": 0, "name_zh_H1": null, "name_zh_Ha": null, "operator": null, "operator_t": null, "short_name": null, "short_nam1": null, "short_nam2": null, "wikidata": null, "wikipedia": null, "garden_typ": null, "access": null, "note": null, "female": null, "toilets_di": null, "male": null, "wheelchair": null, "alt_name": null, "old_name": null, "PERIMETER": null, "ENCLOSED_A": null }, "geometry": { "type": "MultiPolygon", "coordinates": [ [ [ [ 114.3538965, 30.5323767 ], [ 114.3538965, 30.5322831 ], [ 114.353729, 30.5322831 ], [ 114.353729, 30.5323767 ], [ 114.3538965, 30.5323767 ] ] ] ] } },
{ "type": "Feature", "properties": { "GM_LAYER": "building", "GM_TYPE": "Misc. Manmade Structure", "ELEVATION": 0, "visible": "true", "version": 1, "changeset": 7581442, "timestamp": "2011-03-17T01:35:53Z", "user": "GeoSUN", "uid": 414582, "covered": null, "leisure": null, "name": null, "sport": null, "id": 104450000.0, "building": "yes", "building_l": 0, "height": null, "shop": null, "landuse": null, "addr_city": null, "addr_house": null, "addr_postc": 0, "addr_stree": null, "name_en": null, "website": null, "amenity": null, "addr_distr": null, "addr_hous1": null, "addr_provi": null, "int_name": null, "natural": null, "descriptio": null, "cuisine": null, "fast_food": null, "level": 0, "opening_h9": null, "designatio": null, "layer": 0, "area": null, "location": null, "public_tra": null, "railway": null, "subway": null, "station": null, "surface": null, "name_zh": null, "admin_leve": 0, "boundary": null, "water": null, "place": null, "building_p": null, "min_height": 0, "min": 0, "name_zh_H1": null, "name_zh_Ha": null, "operator": null, "operator_t": null, "short_name": null, "short_nam1": null, "short_nam2": null, "wikidata": null, "wikipedia": null, "garden_typ": null, "access": null, "note": null, "female": null, "toilets_di": null, "male": null, "wheelchair": null, "alt_name": null, "old_name": null, "PERIMETER": null, "ENCLOSED_A": null }, "geometry": { "type": "MultiPolygon", "coordinates": [ [ [ [ 114.3535745, 30.5323688 ], [ 114.3536139, 30.53228 ], [ 114.3534436, 30.5322239 ], [ 114.3534042, 30.5323126 ], [ 114.3535745, 30.5323688 ] ] ] ] } },
{ "type": "Feature", "properties": { "GM_LAYER": "building", "GM_TYPE": "Misc. Manmade Structure", "ELEVATION": 0, "visible": "true", "version": 3, "changeset": 119981334, "timestamp": "2022-04-21T05:27:33Z", "user": "CENTRALHUB", "uid": 6447498, "covered": null, "leisure": null, "name": "34栋", "sport": null, "id": 104450000.0, "building": "yes", "building_l": 0, "height": null, "shop": null, "landuse": null, "addr_city": null, "addr_house": null, "addr_postc": 0, "addr_stree": null, "name_en": null, "website": null, "amenity": null, "addr_distr": null, "addr_hous1": null, "addr_provi": null, "int_name": null, "natural": null, "descriptio": null, "cuisine": null, "fast_food": null, "level": 0, "opening_h9": null, "designatio": null, "layer": 0, "area": null, "location": null, "public_tra": null, "railway": null, "subway": null, "station": null, "surface": null, "name_zh": null, "admin_leve": 0, "boundary": null, "water": null, "place": null, "building_p": null, "min_height": 0, "min": 0, "name_zh_H1": null, "name_zh_Ha": null, "operator": null, "operator_t": null, "short_name": null, "short_nam1": null, "short_nam2": null, "wikidata": null, "wikipedia": null, "garden_typ": null, "access": null, "note": null, "female": null, "toilets_di": null, "male": null, "wheelchair": null, "alt_name": null, "old_name": null, "PERIMETER": null, "ENCLOSED_A": null }, "geometry": { "type": "MultiPolygon", "coordinates": [ [ [ [ 114.3527594, 30.5343449 ], [ 114.352759, 30.5342553 ], [ 114.3523164, 30.5342566 ], [ 114.3523168, 30.5343461 ], [ 114.3527594, 30.5343449 ] ] ] ] } },
{ "type": "Feature", "properties": { "GM_LAYER": "building", "GM_TYPE": "Misc. Manmade Structure", "ELEVATION": 0, "visible": "true", "version": 2, "changeset": 14730472, "timestamp": "2013-01-21T08:54:53Z", "user": "kun3721", "uid": 1195808, "covered": null, "leisure": null, "name": "29栋", "sport": null, "id": 104450000.0, "building": "yes", "building_l": 0, "height": null, "shop": null, "landuse": null, "addr_city": null, "addr_house": null, "addr_postc": 0, "addr_stree": null, "name_en": null, "website": null, "amenity": null, "addr_distr": null, "addr_hous1": null, "addr_provi": null, "int_name": null, "natural": null, "descriptio": null, "cuisine": null, "fast_food": null, "level": 0, "opening_h9": null, "designatio": null, "layer": 0, "area": null, "location": null, "public_tra": null, "railway": null, "subway": null, "station": null, "surface": null, "name_zh": null, "admin_leve": 0, "boundary": null, "water": null, "place": null, "building_p": null, "min_height": 0, "min": 0, "name_zh_H1": null, "name_zh_Ha": null, "operator": null, "operator_t": null, "short_name": null, "short_nam1": null, "short_nam2": null, "wikidata": null, "wikipedia": null, "garden_typ": null, "access": null, "note": null, "female": null, "toilets_di": null, "male": null, "wheelchair": null, "alt_name": null, "old_name": null, "PERIMETER": null, "ENCLOSED_A": null }, "geometry": { "type": "MultiPolygon", "coordinates": [ [ [ [ 114.35214, 30.5338161 ], [ 114.3521409, 30.5339293 ], [ 114.3526062, 30.5339266 ], [ 114.3526053, 30.5338134 ], [ 114.35214, 30.5338161 ] ] ] ] } },
{ "type": "Feature", "properties": { "GM_LAYER": "building", "GM_TYPE": "Misc. Manmade Structure", "ELEVATION": 0, "visible": "true", "version": 2, "changeset": 118123123, "timestamp": "2022-03-05T11:41:00Z", "user": "红心柚柚子", "uid": 15194206, "covered": null, "leisure": null, "name": "27栋", "sport": null, "id": 104450000.0, "building": "yes", "building_l": 0, "height": null, "shop": null, "landuse": null, "addr_city": null, "addr_house": null, "addr_postc": 0, "addr_stree": null, "name_en": null, "website": null, "amenity": null, "addr_distr": null, "addr_hous1": null, "addr_provi": null, "int_name": null, "natural": null, "descriptio": null, "cuisine": null, "fast_food": null, "level": 0, "opening_h9": null, "designatio": null, "layer": 0, "area": null, "location": null, "public_tra": null, "railway": null, "subway": null, "station": null, "surface": null, "name_zh": null, "admin_leve": 0, "boundary": null, "water": null, "place": null, "building_p": null, "min_height": 0, "min": 0, "name_zh_H1": null, "name_zh_Ha": null, "operator": null, "operator_t": null, "short_name": null, "short_nam1": null, "short_nam2": null, "wikidata": null, "wikipedia": null, "garden_typ": null, "access": null, "note": null, "female": null, "toilets_di": null, "male": null, "wheelchair": null, "alt_name": null, "old_name": null, "PERIMETER": null, "ENCLOSED_A": null }, "geometry": { "type": "MultiPolygon", "coordinates": [ [ [ [ 114.3533872, 30.5339231 ], [ 114.3537949, 30.5339315 ], [ 114.3537986, 30.5337998 ], [ 114.3533909, 30.5337914 ], [ 114.3533872, 30.5339231 ] ] ] ] } },
{ "type": "Feature", "properties": { "GM_LAYER": "building", "GM_TYPE": "Misc. Manmade Structure", "ELEVATION": 0, "visible": "true", "version": 3, "changeset": 119981334, "timestamp": "2022-04-21T05:27:33Z", "user": "CENTRALHUB", "uid": 6447498, "covered": null, "leisure": null, "name": "31栋", "sport": null, "id": 104450000.0, "building": "yes", "building_l": 0, "height": null, "shop": null, "landuse": null, "addr_city": null, "addr_house": null, "addr_postc": 0, "addr_stree": null, "name_en": null, "website": null, "amenity": null, "addr_distr": null, "addr_hous1": null, "addr_provi": null, "int_name": null, "natural": null, "descriptio": null, "cuisine": null, "fast_food": null, "level": 0, "opening_h9": null, "designatio": null, "layer": 0, "area": null, "location": null, "public_tra": null, "railway": null, "subway": null, "station": null, "surface": null, "name_zh": null, "admin_leve": 0, "boundary": null, "water": null, "place": null, "building_p": null, "min_height": 0, "min": 0, "name_zh_H1": null, "name_zh_Ha": null, "operator": null, "operator_t": null, "short_name": null, "short_nam1": null, "short_nam2": null, "wikidata": null, "wikipedia": null, "garden_typ": null, "access": null, "note": null, "female": null, "toilets_di": null, "male": null, "wheelchair": null, "alt_name": null, "old_name": null, "PERIMETER": null, "ENCLOSED_A": null }, "geometry": { "type": "MultiPolygon", "coordinates": [ [ [ [ 114.3533461, 30.5340446 ], [ 114.3529414, 30.5340458 ], [ 114.3529417, 30.5341363 ], [ 114.3533464, 30.5341352 ], [ 114.3533461, 30.5340446 ] ] ] ] } },
{ "type": "Feature", "properties": { "GM_LAYER": "building", "GM_TYPE": "Misc. Manmade Structure", "ELEVATION": 0, "visible": "true", "version": 3, "changeset": 119981334, "timestamp": "2022-04-21T05:27:33Z", "user": "CENTRALHUB", "uid": 6447498, "covered": null, "leisure": null, "name": "33栋", "sport": null, "id": 104450000.0, "building": "yes", "building_l": 0, "height": null, "shop": null, "landuse": null, "addr_city": null, "addr_house": null, "addr_postc": 0, "addr_stree": null, "name_en": null, "website": null, "amenity": null, "addr_distr": null, "addr_hous1": null, "addr_provi": null, "int_name": null, "natural": null, "descriptio": null, "cuisine": null, "fast_food": null, "level": 0, "opening_h9": null, "designatio": null, "layer": 0, "area": null, "location": null, "public_tra": null, "railway": null, "subway": null, "station": null, "surface": null, "name_zh": null, "admin_leve": 0, "boundary": null, "water": null, "place": null, "building_p": null, "min_height": 0, "min": 0, "name_zh_H1": null, "name_zh_Ha": null, "operator": null, "operator_t": null, "short_name": null, "short_nam1": null, "short_nam2": null, "wikidata": null, "wikipedia": null, "garden_typ": null, "access": null, "note": null, "female": null, "toilets_di": null, "male": null, "wheelchair": null, "alt_name": null, "old_name": null, "PERIMETER": null, "ENCLOSED_A": null }, "geometry": { "type": "MultiPolygon", "coordinates": [ [ [ [ 114.3533196, 30.5342537 ], [ 114.3529206, 30.5342548 ], [ 114.3529209, 30.5343444 ], [ 114.3533199, 30.5343432 ], [ 114.3533196, 30.5342537 ] ] ] ] } },
{ "type": "Feature", "properties": { "GM_LAYER": "building", "GM_TYPE": "Misc. Manmade Structure", "ELEVATION": 0, "visible": "true", "version": 2, "changeset": 53063397, "timestamp": "2017-10-19T09:39:13Z", "user": "Houzhu", "uid": 6819446, "covered": null, "leisure": null, "name": "35栋", "sport": null, "id": 104450000.0, "building": "yes", "building_l": 0, "height": null, "shop": null, "landuse": null, "addr_city": null, "addr_house": null, "addr_postc": 0, "addr_stree": null, "name_en": null, "website": null, "amenity": null, "addr_distr": null, "addr_hous1": null, "addr_provi": null, "int_name": null, "natural": null, "descriptio": null, "cuisine": null, "fast_food": null, "level": 0, "opening_h9": null, "designatio": null, "layer": 0, "area": null, "location": null, "public_tra": null, "railway": null, "subway": null, "station": null, "surface": null, "name_zh": null, "admin_leve": 0, "boundary": null, "water": null, "place": null, "building_p": null, "min_height": 0, "min": 0, "name_zh_H1": null, "name_zh_Ha": null, "operator": null, "operator_t": null, "short_name": null, "short_nam1": null, "short_nam2": null, "wikidata": null, "wikipedia": null, "garden_typ": null, "access": null, "note": null, "female": null, "toilets_di": null, "male": null, "wheelchair": null, "alt_name": null, "old_name": null, "PERIMETER": null, "ENCLOSED_A": null }, "geometry": { "type": "MultiPolygon", "coordinates": [ [ [ [ 114.3540031, 30.533977 ], [ 114.354475, 30.5339799 ], [ 114.3544757, 30.5338954 ], [ 114.3540038, 30.5338926 ], [ 114.3540031, 30.533977 ] ] ] ] } },
{ "type": "Feature", "properties": { "GM_LAYER": "building", "GM_TYPE": "Misc. Manmade Structure", "ELEVATION": 0, "visible": "true", "version": 2, "changeset": 118123123, "timestamp": "2022-03-05T11:41:00Z", "user": "红心柚柚子", "uid": 15194206, "covered": null, "leisure": null, "name": "28栋", "sport": null, "id": 104450000.0, "building": "yes", "building_l": 0, "height": null, "shop": null, "landuse": null, "addr_city": null, "addr_house": null, "addr_postc": 0, "addr_stree": null, "name_en": null, "website": null, "amenity": null, "addr_distr": null, "addr_hous1": null, "addr_provi": null, "int_name": null, "natural": null, "descriptio": null, "cuisine": null, "fast_food": null, "level": 0, "opening_h9": null, "designatio": null, "layer": 0, "area": null, "location": null, "public_tra": null, "railway": null, "subway": null, "station": null, "surface": null, "name_zh": null, "admin_leve": 0, "boundary": null, "water": null, "place": null, "building_p": null, "min_height": 0, "min": 0, "name_zh_H1": null, "name_zh_Ha": null, "operator": null, "operator_t": null, "short_name": null, "short_nam1": null, "short_nam2": null, "wikidata": null, "wikipedia": null, "garden_typ": null, "access": null, "note": null, "female": null, "toilets_di": null, "male": null, "wheelchair": null, "alt_name": null, "old_name": null, "PERIMETER": null, "ENCLOSED_A": null }, "geometry": { "type": "MultiPolygon", "coordinates": [ [ [ [ 114.3527705, 30.533937 ], [ 114.3532425, 30.5339387 ], [ 114.3532431, 30.5338163 ], [ 114.3527711, 30.5338145 ], [ 114.3527705, 30.533937 ] ] ] ] } },
{ "type": "Feature", "properties": { "GM_LAYER": "building", "GM_TYPE": "Misc. Manmade Structure", "ELEVATION": 0, "visible": "true", "version": 2, "changeset": 118123123, "timestamp": "2022-03-05T11:41:00Z", "user": "红心柚柚子", "uid": 15194206, "covered": null, "leisure": null, "name": "30栋", "sport": null, "id": 104450000.0, "building": "yes", "building_l": 0, "height": null, "shop": null, "landuse": null, "addr_city": null, "addr_house": null, "addr_postc": 0, "addr_stree": null, "name_en": null, "website": null, "amenity": null, "addr_distr": null, "addr_hous1": null, "addr_provi": null, "int_name": null, "natural": null, "descriptio": null, "cuisine": null, "fast_food": null, "level": 0, "opening_h9": null, "designatio": null, "layer": 0, "area": null, "location": null, "public_tra": null, "railway": null, "subway": null, "station": null, "surface": null, "name_zh": null, "admin_leve": 0, "boundary": null, "water": null, "place": null, "building_p": null, "min_height": 0, "min": 0, "name_zh_H1": null, "name_zh_Ha": null, "operator": null, "operator_t": null, "short_name": null, "short_nam1": null, "short_nam2": null, "wikidata": null, "wikipedia": null, "garden_typ": null, "access": null, "note": null, "female": null, "toilets_di": null, "male": null, "wheelchair": null, "alt_name": null, "old_name": null, "PERIMETER": null, "ENCLOSED_A": null }, "geometry": { "type": "MultiPolygon", "coordinates": [ [ [ [ 114.3535153, 30.5340299 ], [ 114.3535162, 30.5341133 ], [ 114.3539564, 30.5341116 ], [ 114.3539551, 30.5340269 ], [ 114.3535153, 30.5340299 ] ] ] ] } },
{ "type": "Feature", "properties": { "GM_LAYER": "building", "GM_TYPE": "Misc. Manmade Structure", "ELEVATION": 0, "visible": "true", "version": 3, "changeset": 119981334, "timestamp": "2022-04-21T05:27:33Z", "user": "CENTRALHUB", "uid": 6447498, "covered": null, "leisure": null, "name": "32栋", "sport": null, "id": 104450000.0, "building": "yes", "building_l": 0, "height": null, "shop": null, "landuse": null, "addr_city": null, "addr_house": null, "addr_postc": 0, "addr_stree": null, "name_en": null, "website": null, "amenity": null, "addr_distr": null, "addr_hous1": null, "addr_provi": null, "int_name": null, "natural": null, "descriptio": null, "cuisine": null, "fast_food": null, "level": 0, "opening_h9": null, "designatio": null, "layer": 0, "area": null, "location": null, "public_tra": null, "railway": null, "subway": null, "station": null, "surface": null, "name_zh": null, "admin_leve": 0, "boundary": null, "water": null, "place": null, "building_p": null, "min_height": 0, "min": 0, "name_zh_H1": null, "name_zh_Ha": null, "operator": null, "operator_t": null, "short_name": null, "short_nam1": null, "short_nam2": null, "wikidata": null, "wikipedia": null, "garden_typ": null, "access": null, "note": null, "female": null, "toilets_di": null, "male": null, "wheelchair": null, "alt_name": null, "old_name": null, "PERIMETER": null, "ENCLOSED_A": null }, "geometry": { "type": "MultiPolygon", "coordinates": [ [ [ [ 114.3523057, 30.5341382 ], [ 114.3527631, 30.5341368 ], [ 114.3527627, 30.5340463 ], [ 114.3523054, 30.5340476 ], [ 114.3523057, 30.5341382 ] ] ] ] } },
{ "type": "Feature", "properties": { "GM_LAYER": "building", "GM_TYPE": "Misc. Manmade Structure", "ELEVATION": 0, "visible": "true", "version": 3, "changeset": 14879911, "timestamp": "2013-02-02T08:02:47Z", "user": "kun3721", "uid": 1195808, "covered": null, "leisure": null, "name": "老年活动中心", "sport": null, "id": 104450000.0, "building": "yes", "building_l": 0, "height": null, "shop": null, "landuse": null, "addr_city": null, "addr_house": null, "addr_postc": 0, "addr_stree": null, "name_en": null, "website": null, "amenity": null, "addr_distr": null, "addr_hous1": null, "addr_provi": null, "int_name": null, "natural": null, "descriptio": null, "cuisine": null, "fast_food": null, "level": 0, "opening_h9": null, "designatio": null, "layer": 0, "area": null, "location": null, "public_tra": null, "railway": null, "subway": null, "station": null, "surface": null, "name_zh": null, "admin_leve": 0, "boundary": null, "water": null, "place": null, "building_p": null, "min_height": 0, "min": 0, "name_zh_H1": null, "name_zh_Ha": null, "operator": null, "operator_t": null, "short_name": null, "short_nam1": null, "short_nam2": null, "wikidata": null, "wikipedia": null, "garden_typ": null, "access": null, "note": null, "female": null, "toilets_di": null, "male": null, "wheelchair": null, "alt_name": null, "old_name": null, "PERIMETER": null, "ENCLOSED_A": null }, "geometry": { "type": "MultiPolygon", "coordinates": [ [ [ [ 114.355398, 30.5328057 ], [ 114.355487, 30.5328069 ], [ 114.3554885, 30.5327248 ], [ 114.3559723, 30.5327313 ], [ 114.3559737, 30.5326511 ], [ 114.3554855, 30.5326446 ], [ 114.3554422, 30.5326517 ], [ 114.3554153, 30.5326734 ], [ 114.3553998, 30.5327049 ], [ 114.355398, 30.5328057 ] ] ] ] } },
{ "type": "Feature", "properties": { "GM_LAYER": "building", "GM_TYPE": "Misc. Manmade Structure", "ELEVATION": 0, "visible": "true", "version": 1, "changeset": 7581442, "timestamp": "2011-03-17T01:56:10Z", "user": "GeoSUN", "uid": 414582, "covered": null, "leisure": null, "name": null, "sport": null, "id": 104451000.0, "building": "yes", "building_l": 0, "height": null, "shop": null, "landuse": null, "addr_city": null, "addr_house": null, "addr_postc": 0, "addr_stree": null, "name_en": null, "website": null, "amenity": null, "addr_distr": null, "addr_hous1": null, "addr_provi": null, "int_name": null, "natural": null, "descriptio": null, "cuisine": null, "fast_food": null, "level": 0, "opening_h9": null, "designatio": null, "layer": 0, "area": null, "location": null, "public_tra": null, "railway": null, "subway": null, "station": null, "surface": null, "name_zh": null, "admin_leve": 0, "boundary": null, "water": null, "place": null, "building_p": null, "min_height": 0, "min": 0, "name_zh_H1": null, "name_zh_Ha": null, "operator": null, "operator_t": null, "short_name": null, "short_nam1": null, "short_nam2": null, "wikidata": null, "wikipedia": null, "garden_typ": null, "access": null, "note": null, "female": null, "toilets_di": null, "male": null, "wheelchair": null, "alt_name": null, "old_name": null, "PERIMETER": null, "ENCLOSED_A": null }, "geometry": { "type": "MultiPolygon", "coordinates": [ [ [ [ 114.3492252, 30.5312634 ], [ 114.3494464, 30.531274 ], [ 114.3494516, 30.5311932 ], [ 114.3492304, 30.5311826 ], [ 114.3492252, 30.5312634 ] ] ] ] } },
{ "type": "Feature", "properties": { "GM_LAYER": "building", "GM_TYPE": "Misc. Manmade Structure", "ELEVATION": 0, "visible": "true", "version": 2, "changeset": 62208604, "timestamp": "2018-09-01T23:27:15Z", "user": "John Bek", "uid": 3800987, "covered": null, "leisure": null, "name": null, "sport": null, "id": 104451000.0, "building": "yes", "building_l": 8, "height": null, "shop": null, "landuse": null, "addr_city": null, "addr_house": null, "addr_postc": 0, "addr_stree": null, "name_en": null, "website": null, "amenity": null, "addr_distr": null, "addr_hous1": null, "addr_provi": null, "int_name": null, "natural": null, "descriptio": null, "cuisine": null, "fast_food": null, "level": 0, "opening_h9": null, "designatio": null, "layer": 0, "area": null, "location": null, "public_tra": null, "railway": null, "subway": null, "station": null, "surface": null, "name_zh": null, "admin_leve": 0, "boundary": null, "water": null, "place": null, "building_p": null, "min_height": 0, "min": 0, "name_zh_H1": null, "name_zh_Ha": null, "operator": null, "operator_t": null, "short_name": null, "short_nam1": null, "short_nam2": null, "wikidata": null, "wikipedia": null, "garden_typ": null, "access": null, "note": null, "female": null, "toilets_di": null, "male": null, "wheelchair": null, "alt_name": null, "old_name": null, "PERIMETER": null, "ENCLOSED_A": null }, "geometry": { "type": "MultiPolygon", "coordinates": [ [ [ [ 114.3485769, 30.5300366 ], [ 114.3488015, 30.530603 ], [ 114.3490968, 30.5305161 ], [ 114.3490129, 30.5303045 ], [ 114.3488981, 30.5303383 ], [ 114.3487574, 30.5299835 ], [ 114.3485769, 30.5300366 ] ] ] ] } },
{ "type": "Feature", "properties": { "GM_LAYER": "building", "GM_TYPE": "Misc. Manmade Structure", "ELEVATION": 0, "visible": "true", "version": 1, "changeset": 7581442, "timestamp": "2011-03-17T01:56:10Z", "user": "GeoSUN", "uid": 414582, "covered": null, "leisure": null, "name": null, "sport": null, "id": 104451000.0, "building": "yes", "building_l": 0, "height": null, "shop": null, "landuse": null, "addr_city": null, "addr_house": null, "addr_postc": 0, "addr_stree": null, "name_en": null, "website": null, "amenity": null, "addr_distr": null, "addr_hous1": null, "addr_provi": null, "int_name": null, "natural": null, "descriptio": null, "cuisine": null, "fast_food": null, "level": 0, "opening_h9": null, "designatio": null, "layer": 0, "area": null, "location": null, "public_tra": null, "railway": null, "subway": null, "station": null, "surface": null, "name_zh": null, "admin_leve": 0, "boundary": null, "water": null, "place": null, "building_p": null, "min_height": 0, "min": 0, "name_zh_H1": null, "name_zh_Ha": null, "operator": null, "operator_t": null, "short_name": null, "short_nam1": null, "short_nam2": null, "wikidata": null, "wikipedia": null, "garden_typ": null, "access": null, "note": null, "female": null, "toilets_di": null, "male": null, "wheelchair": null, "alt_name": null, "old_name": null, "PERIMETER": null, "ENCLOSED_A": null }, "geometry": { "type": "MultiPolygon", "coordinates": [ [ [ [ 114.3490362, 30.5310597 ], [ 114.3489258, 30.5310897 ], [ 114.3490934, 30.5315457 ], [ 114.3492038, 30.5315156 ], [ 114.3490362, 30.5310597 ] ] ] ] } },
{ "type": "Feature", "properties": { "GM_LAYER": "building", "GM_TYPE": "Misc. Manmade Structure", "ELEVATION": 0, "visible": "true", "version": 1, "changeset": 7581442, "timestamp": "2011-03-17T01:56:10Z", "user": "GeoSUN", "uid": 414582, "covered": null, "leisure": null, "name": null, "sport": null, "id": 104451000.0, "building": "yes", "building_l": 0, "height": null, "shop": null, "landuse": null, "addr_city": null, "addr_house": null, "addr_postc": 0, "addr_stree": null, "name_en": null, "website": null, "amenity": null, "addr_distr": null, "addr_hous1": null, "addr_provi": null, "int_name": null, "natural": null, "descriptio": null, "cuisine": null, "fast_food": null, "level": 0, "opening_h9": null, "designatio": null, "layer": 0, "area": null, "location": null, "public_tra": null, "railway": null, "subway": null, "station": null, "surface": null, "name_zh": null, "admin_leve": 0, "boundary": null, "water": null, "place": null, "building_p": null, "min_height": 0, "min": 0, "name_zh_H1": null, "name_zh_Ha": null, "operator": null, "operator_t": null, "short_name": null, "short_nam1": null, "short_nam2": null, "wikidata": null, "wikipedia": null, "garden_typ": null, "access": null, "note": null, "female": null, "toilets_di": null, "male": null, "wheelchair": null, "alt_name": null, "old_name": null, "PERIMETER": null, "ENCLOSED_A": null }, "geometry": { "type": "MultiPolygon", "coordinates": [ [ [ [ 114.3494177, 30.529183 ], [ 114.3495853, 30.5291905 ], [ 114.349589, 30.5291292 ], [ 114.3494214, 30.5291217 ], [ 114.3494177, 30.529183 ] ] ] ] } },
{ "type": "Feature", "properties": { "GM_LAYER": "building", "GM_TYPE": "Misc. Manmade Structure", "ELEVATION": 0, "visible": "true", "version": 1, "changeset": 7581442, "timestamp": "2011-03-17T01:56:10Z", "user": "GeoSUN", "uid": 414582, "covered": null, "leisure": null, "name": null, "sport": null, "id": 104451000.0, "building": "yes", "building_l": 0, "height": null, "shop": null, "landuse": null, "addr_city": null, "addr_house": null, "addr_postc": 0, "addr_stree": null, "name_en": null, "website": null, "amenity": null, "addr_distr": null, "addr_hous1": null, "addr_provi": null, "int_name": null, "natural": null, "descriptio": null, "cuisine": null, "fast_food": null, "level": 0, "opening_h9": null, "designatio": null, "layer": 0, "area": null, "location": null, "public_tra": null, "railway": null, "subway": null, "station": null, "surface": null, "name_zh": null, "admin_leve": 0, "boundary": null, "water": null, "place": null, "building_p": null, "min_height": 0, "min": 0, "name_zh_H1": null, "name_zh_Ha": null, "operator": null, "operator_t": null, "short_name": null, "short_nam1": null, "short_nam2": null, "wikidata": null, "wikipedia": null, "garden_typ": null, "access": null, "note": null, "female": null, "toilets_di": null, "male": null, "wheelchair": null, "alt_name": null, "old_name": null, "PERIMETER": null, "ENCLOSED_A": null }, "geometry": { "type": "MultiPolygon", "coordinates": [ [ [ [ 114.349248, 30.5310313 ], [ 114.349237, 30.5311702 ], [ 114.3494325, 30.5311816 ], [ 114.3494434, 30.5310427 ], [ 114.349248, 30.5310313 ] ] ] ] } },
{ "type": "Feature", "properties": { "GM_LAYER": "building", "GM_TYPE": "Misc. Manmade Structure", "ELEVATION": 0, "visible": "true", "version": 2, "changeset": 62208604, "timestamp": "2018-09-01T23:27:15Z", "user": "John Bek", "uid": 3800987, "covered": null, "leisure": null, "name": null, "sport": null, "id": 104451000.0, "building": "yes", "building_l": 3, "height": null, "shop": null, "landuse": null, "addr_city": null, "addr_house": null, "addr_postc": 0, "addr_stree": null, "name_en": null, "website": null, "amenity": null, "addr_distr": null, "addr_hous1": null, "addr_provi": null, "int_name": null, "natural": null, "descriptio": null, "cuisine": null, "fast_food": null, "level": 0, "opening_h9": null, "designatio": null, "layer": 0, "area": null, "location": null, "public_tra": null, "railway": null, "subway": null, "station": null, "surface": null, "name_zh": null, "admin_leve": 0, "boundary": null, "water": null, "place": null, "building_p": null, "min_height": 0, "min": 0, "name_zh_H1": null, "name_zh_Ha": null, "operator": null, "operator_t": null, "short_name": null, "short_nam1": null, "short_nam2": null, "wikidata": null, "wikipedia": null, "garden_typ": null, "access": null, "note": null, "female": null, "toilets_di": null, "male": null, "wheelchair": null, "alt_name": null, "old_name": null, "PERIMETER": null, "ENCLOSED_A": null }, "geometry": { "type": "MultiPolygon", "coordinates": [ [ [ [ 114.3487571, 30.5306248 ], [ 114.3489036, 30.5310373 ], [ 114.349016, 30.5310077 ], [ 114.3488695, 30.5305952 ], [ 114.3487571, 30.5306248 ] ] ] ] } },
{ "type": "Feature", "properties": { "GM_LAYER": "building", "GM_TYPE": "Misc. Manmade Structure", "ELEVATION": 0, "visible": "true", "version": 3, "changeset": 9163445, "timestamp": "2011-08-30T02:42:57Z", "user": "GeoSUN", "uid": 414582, "covered": null, "leisure": null, "name": "中科开物", "sport": null, "id": 104451000.0, "building": "yes", "building_l": 0, "height": null, "shop": null, "landuse": null, "addr_city": null, "addr_house": null, "addr_postc": 0, "addr_stree": null, "name_en": null, "website": null, "amenity": null, "addr_distr": null, "addr_hous1": null, "addr_provi": null, "int_name": null, "natural": null, "descriptio": null, "cuisine": null, "fast_food": null, "level": 0, "opening_h9": null, "designatio": null, "layer": 0, "area": null, "location": null, "public_tra": null, "railway": null, "subway": null, "station": null, "surface": null, "name_zh": null, "admin_leve": 0, "boundary": null, "water": null, "place": null, "building_p": null, "min_height": 0, "min": 0, "name_zh_H1": null, "name_zh_Ha": null, "operator": null, "operator_t": null, "short_name": null, "short_nam1": null, "short_nam2": null, "wikidata": null, "wikipedia": null, "garden_typ": null, "access": null, "note": null, "female": null, "toilets_di": null, "male": null, "wheelchair": null, "alt_name": null, "old_name": null, "PERIMETER": null, "ENCLOSED_A": null }, "geometry": { "type": "MultiPolygon", "coordinates": [ [ [ [ 114.3508038, 30.5354248 ], [ 114.3510326, 30.5357326 ], [ 114.3517121, 30.5353846 ], [ 114.3515287, 30.5351388 ], [ 114.3508038, 30.5354248 ] ] ] ] } },
{ "type": "Feature", "properties": { "GM_LAYER": "building", "GM_TYPE": "Misc. Manmade Structure", "ELEVATION": 0, "visible": "true", "version": 2, "changeset": 15191965, "timestamp": "2013-02-28T01:01:12Z", "user": "卢巍(Wei Lu)", "uid": 1242426, "covered": null, "leisure": null, "name": "四眼井小区3栋", "sport": null, "id": 104451000.0, "building": "yes", "building_l": 0, "height": null, "shop": null, "landuse": null, "addr_city": null, "addr_house": null, "addr_postc": 0, "addr_stree": null, "name_en": null, "website": null, "amenity": null, "addr_distr": null, "addr_hous1": null, "addr_provi": null, "int_name": null, "natural": null, "descriptio": null, "cuisine": null, "fast_food": null, "level": 0, "opening_h9": null, "designatio": null, "layer": 0, "area": null, "location": null, "public_tra": null, "railway": null, "subway": null, "station": null, "surface": null, "name_zh": null, "admin_leve": 0, "boundary": null, "water": null, "place": null, "building_p": null, "min_height": 0, "min": 0, "name_zh_H1": null, "name_zh_Ha": null, "operator": null, "operator_t": null, "short_name": null, "short_nam1": null, "short_nam2": null, "wikidata": null, "wikipedia": null, "garden_typ": null, "access": null, "note": null, "female": null, "toilets_di": null, "male": null, "wheelchair": null, "alt_name": null, "old_name": null, "PERIMETER": null, "ENCLOSED_A": null }, "geometry": { "type": "MultiPolygon", "coordinates": [ [ [ [ 114.3509556, 30.5326697 ], [ 114.3513177, 30.5323925 ], [ 114.3513767, 30.532441 ], [ 114.3514115, 30.5324063 ], [ 114.3514679, 30.5324664 ], [ 114.3515698, 30.5324017 ], [ 114.351256, 30.5320806 ], [ 114.3511084, 30.5321984 ], [ 114.3511621, 30.5322469 ], [ 114.3510333, 30.5323347 ], [ 114.351087, 30.5323948 ], [ 114.350867, 30.5325865 ], [ 114.3509556, 30.5326697 ] ] ] ] } },
{ "type": "Feature", "properties": { "GM_LAYER": "landuse - residential", "GM_TYPE": "Metro Area", "ELEVATION": 0, "visible": "true", "version": 2, "changeset": 7589002, "timestamp": "2011-03-17T20:21:04Z", "user": "xybot", "uid": 70696, "covered": null, "leisure": null, "name": "四眼井社区", "sport": null, "id": 104451000.0, "building": null, "building_l": 0, "height": null, "shop": null, "landuse": "residential", "addr_city": null, "addr_house": null, "addr_postc": 0, "addr_stree": null, "name_en": null, "website": null, "amenity": null, "addr_distr": null, "addr_hous1": null, "addr_provi": null, "int_name": null, "natural": null, "descriptio": null, "cuisine": null, "fast_food": null, "level": 0, "opening_h9": null, "designatio": null, "layer": 0, "area": null, "location": null, "public_tra": null, "railway": null, "subway": null, "station": null, "surface": null, "name_zh": null, "admin_leve": 0, "boundary": null, "water": null, "place": null, "building_p": null, "min_height": 0, "min": 0, "name_zh_H1": null, "name_zh_Ha": null, "operator": null, "operator_t": null, "short_name": null, "short_nam1": null, "short_nam2": null, "wikidata": null, "wikipedia": null, "garden_typ": null, "access": null, "note": null, "female": null, "toilets_di": null, "male": null, "wheelchair": null, "alt_name": null, "old_name": null, "PERIMETER": null, "ENCLOSED_A": null }, "geometry": { "type": "MultiPolygon", "coordinates": [ [ [ [ 114.3497281, 30.5333483 ], [ 114.3497591, 30.5334331 ], [ 114.3498248, 30.533524 ], [ 114.3498364, 30.5335485 ], [ 114.3499705, 30.533738 ], [ 114.3500576, 30.5337353 ], [ 114.3500898, 30.5337587 ], [ 114.3504192, 30.5339988 ], [ 114.3504775, 30.5340476 ], [ 114.3506766, 30.5338641 ], [ 114.3507758, 30.5337787 ], [ 114.3507778, 30.5337586 ], [ 114.3508394, 30.5337055 ], [ 114.3507672, 30.5336433 ], [ 114.3507403, 30.5336311 ], [ 114.3507675, 30.5336065 ], [ 114.3505755, 30.5334483 ], [ 114.3505982, 30.5334175 ], [ 114.3508349, 30.5332067 ], [ 114.3510193, 30.5330045 ], [ 114.3510917, 30.5330519 ], [ 114.3514587, 30.5326997 ], [ 114.3518106, 30.5326776 ], [ 114.3518213, 30.5324489 ], [ 114.3515906, 30.5324535 ], [ 114.3515879, 30.5322895 ], [ 114.3512312, 30.5320423 ], [ 114.3504239, 30.532883 ], [ 114.350379, 30.5328396 ], [ 114.3497281, 30.5333483 ] ] ] ] } },
{ "type": "Feature", "properties": { "GM_LAYER": "building", "GM_TYPE": "Misc. Manmade Structure", "ELEVATION": 0, "visible": "true", "version": 1, "changeset": 7581442, "timestamp": "2011-03-17T02:14:46Z", "user": "GeoSUN", "uid": 414582, "covered": null, "leisure": null, "name": null, "sport": null, "id": 104451000.0, "building": "yes", "building_l": 0, "height": null, "shop": null, "landuse": null, "addr_city": null, "addr_house": null, "addr_postc": 0, "addr_stree": null, "name_en": null, "website": null, "amenity": null, "addr_distr": null, "addr_hous1": null, "addr_provi": null, "int_name": null, "natural": null, "descriptio": null, "cuisine": null, "fast_food": null, "level": 0, "opening_h9": null, "designatio": null, "layer": 0, "area": null, "location": null, "public_tra": null, "railway": null, "subway": null, "station": null, "surface": null, "name_zh": null, "admin_leve": 0, "boundary": null, "water": null, "place": null, "building_p": null, "min_height": 0, "min": 0, "name_zh_H1": null, "name_zh_Ha": null, "operator": null, "operator_t": null, "short_name": null, "short_nam1": null, "short_nam2": null, "wikidata": null, "wikipedia": null, "garden_typ": null, "access": null, "note": null, "female": null, "toilets_di": null, "male": null, "wheelchair": null, "alt_name": null, "old_name": null, "PERIMETER": null, "ENCLOSED_A": null }, "geometry": { "type": "MultiPolygon", "coordinates": [ [ [ [ 114.3506766, 30.5338641 ], [ 114.3507758, 30.5337787 ], [ 114.3506954, 30.5337094 ], [ 114.3506686, 30.5337325 ], [ 114.35058, 30.5336562 ], [ 114.3505076, 30.5337186 ], [ 114.3506766, 30.5338641 ] ] ] ] } },
{ "type": "Feature", "properties": { "GM_LAYER": "building", "GM_TYPE": "Misc. Manmade Structure", "ELEVATION": 0, "visible": "true", "version": 1, "changeset": 7581442, "timestamp": "2011-03-17T02:14:46Z", "user": "GeoSUN", "uid": 414582, "covered": null, "leisure": null, "name": null, "sport": null, "id": 104451000.0, "building": "yes", "building_l": 0, "height": null, "shop": null, "landuse": null, "addr_city": null, "addr_house": null, "addr_postc": 0, "addr_stree": null, "name_en": null, "website": null, "amenity": null, "addr_distr": null, "addr_hous1": null, "addr_provi": null, "int_name": null, "natural": null, "descriptio": null, "cuisine": null, "fast_food": null, "level": 0, "opening_h9": null, "designatio": null, "layer": 0, "area": null, "location": null, "public_tra": null, "railway": null, "subway": null, "station": null, "surface": null, "name_zh": null, "admin_leve": 0, "boundary": null, "water": null, "place": null, "building_p": null, "min_height": 0, "min": 0, "name_zh_H1": null, "name_zh_Ha": null, "operator": null, "operator_t": null, "short_name": null, "short_nam1": null, "short_nam2": null, "wikidata": null, "wikipedia": null, "garden_typ": null, "access": null, "note": null, "female": null, "toilets_di": null, "male": null, "wheelchair": null, "alt_name": null, "old_name": null, "PERIMETER": null, "ENCLOSED_A": null }, "geometry": { "type": "MultiPolygon", "coordinates": [ [ [ [ 114.3507778, 30.5337586 ], [ 114.3508394, 30.5337055 ], [ 114.3507672, 30.5336433 ], [ 114.3507055, 30.5336964 ], [ 114.3507778, 30.5337586 ] ] ] ] } },
{ "type": "Feature", "properties": { "GM_LAYER": "building", "GM_TYPE": "Misc. Manmade Structure", "ELEVATION": 0, "visible": "true", "version": 1, "changeset": 7581442, "timestamp": "2011-03-17T02:14:46Z", "user": "GeoSUN", "uid": 414582, "covered": null, "leisure": null, "name": null, "sport": null, "id": 104451000.0, "building": "yes", "building_l": 0, "height": null, "shop": null, "landuse": null, "addr_city": null, "addr_house": null, "addr_postc": 0, "addr_stree": null, "name_en": null, "website": null, "amenity": null, "addr_distr": null, "addr_hous1": null, "addr_provi": null, "int_name": null, "natural": null, "descriptio": null, "cuisine": null, "fast_food": null, "level": 0, "opening_h9": null, "designatio": null, "layer": 0, "area": null, "location": null, "public_tra": null, "railway": null, "subway": null, "station": null, "surface": null, "name_zh": null, "admin_leve": 0, "boundary": null, "water": null, "place": null, "building_p": null, "min_height": 0, "min": 0, "name_zh_H1": null, "name_zh_Ha": null, "operator": null, "operator_t": null, "short_name": null, "short_nam1": null, "short_nam2": null, "wikidata": null, "wikipedia": null, "garden_typ": null, "access": null, "note": null, "female": null, "toilets_di": null, "male": null, "wheelchair": null, "alt_name": null, "old_name": null, "PERIMETER": null, "ENCLOSED_A": null }, "geometry": { "type": "MultiPolygon", "coordinates": [ [ [ [ 114.3501809, 30.5336098 ], [ 114.3500576, 30.5337353 ], [ 114.3504192, 30.5339988 ], [ 114.350495, 30.5339217 ], [ 114.3502287, 30.5337275 ], [ 114.3502761, 30.5336792 ], [ 114.3501809, 30.5336098 ] ] ] ] } },
{ "type": "Feature", "properties": { "GM_LAYER": "building", "GM_TYPE": "Misc. Manmade Structure", "ELEVATION": 0, "visible": "true", "version": 1, "changeset": 7581442, "timestamp": "2011-03-17T02:14:46Z", "user": "GeoSUN", "uid": 414582, "covered": null, "leisure": null, "name": null, "sport": null, "id": 104451000.0, "building": "yes", "building_l": 0, "height": null, "shop": null, "landuse": null, "addr_city": null, "addr_house": null, "addr_postc": 0, "addr_stree": null, "name_en": null, "website": null, "amenity": null, "addr_distr": null, "addr_hous1": null, "addr_provi": null, "int_name": null, "natural": null, "descriptio": null, "cuisine": null, "fast_food": null, "level": 0, "opening_h9": null, "designatio": null, "layer": 0, "area": null, "location": null, "public_tra": null, "railway": null, "subway": null, "station": null, "surface": null, "name_zh": null, "admin_leve": 0, "boundary": null, "water": null, "place": null, "building_p": null, "min_height": 0, "min": 0, "name_zh_H1": null, "name_zh_Ha": null, "operator": null, "operator_t": null, "short_name": null, "short_nam1": null, "short_nam2": null, "wikidata": null, "wikipedia": null, "garden_typ": null, "access": null, "note": null, "female": null, "toilets_di": null, "male": null, "wheelchair": null, "alt_name": null, "old_name": null, "PERIMETER": null, "ENCLOSED_A": null }, "geometry": { "type": "MultiPolygon", "coordinates": [ [ [ [ 114.3510193, 30.5330045 ], [ 114.3511172, 30.5329201 ], [ 114.3507993, 30.5326464 ], [ 114.3507014, 30.5327307 ], [ 114.3510193, 30.5330045 ] ] ] ] } },
{ "type": "Feature", "properties": { "GM_LAYER": "building", "GM_TYPE": "Misc. Manmade Structure", "ELEVATION": 0, "visible": "true", "version": 1, "changeset": 7581442, "timestamp": "2011-03-17T02:14:46Z", "user": "GeoSUN", "uid": 414582, "covered": null, "leisure": null, "name": null, "sport": null, "id": 104451000.0, "building": "yes", "building_l": 0, "height": null, "shop": null, "landuse": null, "addr_city": null, "addr_house": null, "addr_postc": 0, "addr_stree": null, "name_en": null, "website": null, "amenity": null, "addr_distr": null, "addr_hous1": null, "addr_provi": null, "int_name": null, "natural": null, "descriptio": null, "cuisine": null, "fast_food": null, "level": 0, "opening_h9": null, "designatio": null, "layer": 0, "area": null, "location": null, "public_tra": null, "railway": null, "subway": null, "station": null, "surface": null, "name_zh": null, "admin_leve": 0, "boundary": null, "water": null, "place": null, "building_p": null, "min_height": 0, "min": 0, "name_zh_H1": null, "name_zh_Ha": null, "operator": null, "operator_t": null, "short_name": null, "short_nam1": null, "short_nam2": null, "wikidata": null, "wikipedia": null, "garden_typ": null, "access": null, "note": null, "female": null, "toilets_di": null, "male": null, "wheelchair": null, "alt_name": null, "old_name": null, "PERIMETER": null, "ENCLOSED_A": null }, "geometry": { "type": "MultiPolygon", "coordinates": [ [ [ [ 114.350535, 30.5328832 ], [ 114.3508421, 30.5331581 ], [ 114.3509535, 30.5330657 ], [ 114.3506464, 30.5327909 ], [ 114.350535, 30.5328832 ] ] ] ] } },
{ "type": "Feature", "properties": { "GM_LAYER": "building", "GM_TYPE": "Misc. Manmade Structure", "ELEVATION": 0, "visible": "true", "version": 1, "changeset": 7581442, "timestamp": "2011-03-17T02:14:46Z", "user": "GeoSUN", "uid": 414582, "covered": null, "leisure": null, "name": null, "sport": null, "id": 104451000.0, "building": "yes", "building_l": 0, "height": null, "shop": null, "landuse": null, "addr_city": null, "addr_house": null, "addr_postc": 0, "addr_stree": null, "name_en": null, "website": null, "amenity": null, "addr_distr": null, "addr_hous1": null, "addr_provi": null, "int_name": null, "natural": null, "descriptio": null, "cuisine": null, "fast_food": null, "level": 0, "opening_h9": null, "designatio": null, "layer": 0, "area": null, "location": null, "public_tra": null, "railway": null, "subway": null, "station": null, "surface": null, "name_zh": null, "admin_leve": 0, "boundary": null, "water": null, "place": null, "building_p": null, "min_height": 0, "min": 0, "name_zh_H1": null, "name_zh_Ha": null, "operator": null, "operator_t": null, "short_name": null, "short_nam1": null, "short_nam2": null, "wikidata": null, "wikipedia": null, "garden_typ": null, "access": null, "note": null, "female": null, "toilets_di": null, "male": null, "wheelchair": null, "alt_name": null, "old_name": null, "PERIMETER": null, "ENCLOSED_A": null }, "geometry": { "type": "MultiPolygon", "coordinates": [ [ [ [ 114.3498364, 30.5335485 ], [ 114.3499705, 30.533738 ], [ 114.3500778, 30.533604 ], [ 114.3499759, 30.5334746 ], [ 114.3498364, 30.5335485 ] ] ] ] } },
{ "type": "Feature", "properties": { "GM_LAYER": "building", "GM_TYPE": "Misc. Manmade Structure", "ELEVATION": 0, "visible": "true", "version": 1, "changeset": 7581442, "timestamp": "2011-03-17T02:14:47Z", "user": "GeoSUN", "uid": 414582, "covered": null, "leisure": null, "name": null, "sport": null, "id": 104451000.0, "building": "yes", "building_l": 0, "height": null, "shop": null, "landuse": null, "addr_city": null, "addr_house": null, "addr_postc": 0, "addr_stree": null, "name_en": null, "website": null, "amenity": null, "addr_distr": null, "addr_hous1": null, "addr_provi": null, "int_name": null, "natural": null, "descriptio": null, "cuisine": null, "fast_food": null, "level": 0, "opening_h9": null, "designatio": null, "layer": 0, "area": null, "location": null, "public_tra": null, "railway": null, "subway": null, "station": null, "surface": null, "name_zh": null, "admin_leve": 0, "boundary": null, "water": null, "place": null, "building_p": null, "min_height": 0, "min": 0, "name_zh_H1": null, "name_zh_Ha": null, "operator": null, "operator_t": null, "short_name": null, "short_nam1": null, "short_nam2": null, "wikidata": null, "wikipedia": null, "garden_typ": null, "access": null, "note": null, "female": null, "toilets_di": null, "male": null, "wheelchair": null, "alt_name": null, "old_name": null, "PERIMETER": null, "ENCLOSED_A": null }, "geometry": { "type": "MultiPolygon", "coordinates": [ [ [ [ 114.3506693, 30.5336949 ], [ 114.3507403, 30.5336311 ], [ 114.3507675, 30.5336065 ], [ 114.3505755, 30.5334483 ], [ 114.3505208, 30.5334976 ], [ 114.350642, 30.5335975 ], [ 114.3505986, 30.5336366 ], [ 114.3506693, 30.5336949 ] ] ] ] } },
{ "type": "Feature", "properties": { "GM_LAYER": "building", "GM_TYPE": "Misc. Manmade Structure", "ELEVATION": 0, "visible": "true", "version": 1, "changeset": 7581442, "timestamp": "2011-03-17T02:14:47Z", "user": "GeoSUN", "uid": 414582, "covered": null, "leisure": null, "name": null, "sport": null, "id": 104451000.0, "building": "yes", "building_l": 0, "height": null, "shop": null, "landuse": null, "addr_city": null, "addr_house": null, "addr_postc": 0, "addr_stree": null, "name_en": null, "website": null, "amenity": null, "addr_distr": null, "addr_hous1": null, "addr_provi": null, "int_name": null, "natural": null, "descriptio": null, "cuisine": null, "fast_food": null, "level": 0, "opening_h9": null, "designatio": null, "layer": 0, "area": null, "location": null, "public_tra": null, "railway": null, "subway": null, "station": null, "surface": null, "name_zh": null, "admin_leve": 0, "boundary": null, "water": null, "place": null, "building_p": null, "min_height": 0, "min": 0, "name_zh_H1": null, "name_zh_Ha": null, "operator": null, "operator_t": null, "short_name": null, "short_nam1": null, "short_nam2": null, "wikidata": null, "wikipedia": null, "garden_typ": null, "access": null, "note": null, "female": null, "toilets_di": null, "male": null, "wheelchair": null, "alt_name": null, "old_name": null, "PERIMETER": null, "ENCLOSED_A": null }, "geometry": { "type": "MultiPolygon", "coordinates": [ [ [ [ 114.3511855, 30.5328436 ], [ 114.3513978, 30.5326545 ], [ 114.3512927, 30.5325671 ], [ 114.3510805, 30.5327561 ], [ 114.3511855, 30.5328436 ] ] ] ] } },
{ "type": "Feature", "properties": { "GM_LAYER": "building", "GM_TYPE": "Misc. Manmade Structure", "ELEVATION": 0, "visible": "true", "version": 1, "changeset": 7581442, "timestamp": "2011-03-17T02:14:47Z", "user": "GeoSUN", "uid": 414582, "covered": null, "leisure": null, "name": null, "sport": null, "id": 104451000.0, "building": "yes", "building_l": 0, "height": null, "shop": null, "landuse": null, "addr_city": null, "addr_house": null, "addr_postc": 0, "addr_stree": null, "name_en": null, "website": null, "amenity": null, "addr_distr": null, "addr_hous1": null, "addr_provi": null, "int_name": null, "natural": null, "descriptio": null, "cuisine": null, "fast_food": null, "level": 0, "opening_h9": null, "designatio": null, "layer": 0, "area": null, "location": null, "public_tra": null, "railway": null, "subway": null, "station": null, "surface": null, "name_zh": null, "admin_leve": 0, "boundary": null, "water": null, "place": null, "building_p": null, "min_height": 0, "min": 0, "name_zh_H1": null, "name_zh_Ha": null, "operator": null, "operator_t": null, "short_name": null, "short_nam1": null, "short_nam2": null, "wikidata": null, "wikipedia": null, "garden_typ": null, "access": null, "note": null, "female": null, "toilets_di": null, "male": null, "wheelchair": null, "alt_name": null, "old_name": null, "PERIMETER": null, "ENCLOSED_A": null }, "geometry": { "type": "MultiPolygon", "coordinates": [ [ [ [ 114.3517354, 30.5326175 ], [ 114.3517435, 30.5325043 ], [ 114.3513384, 30.5325043 ], [ 114.3513384, 30.532569 ], [ 114.3514028, 30.5326198 ], [ 114.3517354, 30.5326175 ] ] ] ] } },
{ "type": "Feature", "properties": { "GM_LAYER": "building", "GM_TYPE": "Misc. Manmade Structure", "ELEVATION": 0, "visible": "true", "version": 1, "changeset": 7581442, "timestamp": "2011-03-17T02:14:47Z", "user": "GeoSUN", "uid": 414582, "covered": null, "leisure": null, "name": null, "sport": null, "id": 104451000.0, "building": "yes", "building_l": 0, "height": null, "shop": null, "landuse": null, "addr_city": null, "addr_house": null, "addr_postc": 0, "addr_stree": null, "name_en": null, "website": null, "amenity": null, "addr_distr": null, "addr_hous1": null, "addr_provi": null, "int_name": null, "natural": null, "descriptio": null, "cuisine": null, "fast_food": null, "level": 0, "opening_h9": null, "designatio": null, "layer": 0, "area": null, "location": null, "public_tra": null, "railway": null, "subway": null, "station": null, "surface": null, "name_zh": null, "admin_leve": 0, "boundary": null, "water": null, "place": null, "building_p": null, "min_height": 0, "min": 0, "name_zh_H1": null, "name_zh_Ha": null, "operator": null, "operator_t": null, "short_name": null, "short_nam1": null, "short_nam2": null, "wikidata": null, "wikipedia": null, "garden_typ": null, "access": null, "note": null, "female": null, "toilets_di": null, "male": null, "wheelchair": null, "alt_name": null, "old_name": null, "PERIMETER": null, "ENCLOSED_A": null }, "geometry": { "type": "MultiPolygon", "coordinates": [ [ [ [ 114.3506088, 30.5332156 ], [ 114.3506842, 30.5331557 ], [ 114.3505016, 30.532985 ], [ 114.3504262, 30.5330449 ], [ 114.3506088, 30.5332156 ] ] ] ] } },
{ "type": "Feature", "properties": { "GM_LAYER": "building", "GM_TYPE": "Misc. Manmade Structure", "ELEVATION": 0, "visible": "true", "version": 1, "changeset": 7581442, "timestamp": "2011-03-17T02:14:47Z", "user": "GeoSUN", "uid": 414582, "covered": null, "leisure": null, "name": null, "sport": null, "id": 104451000.0, "building": "yes", "building_l": 0, "height": null, "shop": null, "landuse": null, "addr_city": null, "addr_house": null, "addr_postc": 0, "addr_stree": null, "name_en": null, "website": null, "amenity": null, "addr_distr": null, "addr_hous1": null, "addr_provi": null, "int_name": null, "natural": null, "descriptio": null, "cuisine": null, "fast_food": null, "level": 0, "opening_h9": null, "designatio": null, "layer": 0, "area": null, "location": null, "public_tra": null, "railway": null, "subway": null, "station": null, "surface": null, "name_zh": null, "admin_leve": 0, "boundary": null, "water": null, "place": null, "building_p": null, "min_height": 0, "min": 0, "name_zh_H1": null, "name_zh_Ha": null, "operator": null, "operator_t": null, "short_name": null, "short_nam1": null, "short_nam2": null, "wikidata": null, "wikipedia": null, "garden_typ": null, "access": null, "note": null, "female": null, "toilets_di": null, "male": null, "wheelchair": null, "alt_name": null, "old_name": null, "PERIMETER": null, "ENCLOSED_A": null }, "geometry": { "type": "MultiPolygon", "coordinates": [ [ [ [ 114.3505982, 30.5334175 ], [ 114.3508349, 30.5332067 ], [ 114.3507538, 30.5331391 ], [ 114.3505172, 30.5333499 ], [ 114.3505982, 30.5334175 ] ] ] ] } },
{ "type": "Feature", "properties": { "GM_LAYER": "building", "GM_TYPE": "Misc. Manmade Structure", "ELEVATION": 0, "visible": "true", "version": 1, "changeset": 7581442, "timestamp": "2011-03-17T02:14:48Z", "user": "GeoSUN", "uid": 414582, "covered": null, "leisure": null, "name": null, "sport": null, "id": 104451000.0, "building": "yes", "building_l": 0, "height": null, "shop": null, "landuse": null, "addr_city": null, "addr_house": null, "addr_postc": 0, "addr_stree": null, "name_en": null, "website": null, "amenity": null, "addr_distr": null, "addr_hous1": null, "addr_provi": null, "int_name": null, "natural": null, "descriptio": null, "cuisine": null, "fast_food": null, "level": 0, "opening_h9": null, "designatio": null, "layer": 0, "area": null, "location": null, "public_tra": null, "railway": null, "subway": null, "station": null, "surface": null, "name_zh": null, "admin_leve": 0, "boundary": null, "water": null, "place": null, "building_p": null, "min_height": 0, "min": 0, "name_zh_H1": null, "name_zh_Ha": null, "operator": null, "operator_t": null, "short_name": null, "short_nam1": null, "short_nam2": null, "wikidata": null, "wikipedia": null, "garden_typ": null, "access": null, "note": null, "female": null, "toilets_di": null, "male": null, "wheelchair": null, "alt_name": null, "old_name": null, "PERIMETER": null, "ENCLOSED_A": null }, "geometry": { "type": "MultiPolygon", "coordinates": [ [ [ [ 114.3503967, 30.5332917 ], [ 114.3505275, 30.5332057 ], [ 114.3504627, 30.5331326 ], [ 114.3503319, 30.5332187 ], [ 114.3503967, 30.5332917 ] ] ] ] } },
{ "type": "Feature", "properties": { "GM_LAYER": "building", "GM_TYPE": "Misc. Manmade Structure", "ELEVATION": 0, "visible": "true", "version": 1, "changeset": 7581442, "timestamp": "2011-03-17T02:14:48Z", "user": "GeoSUN", "uid": 414582, "covered": null, "leisure": null, "name": null, "sport": null, "id": 104451000.0, "building": "yes", "building_l": 0, "height": null, "shop": null, "landuse": null, "addr_city": null, "addr_house": null, "addr_postc": 0, "addr_stree": null, "name_en": null, "website": null, "amenity": null, "addr_distr": null, "addr_hous1": null, "addr_provi": null, "int_name": null, "natural": null, "descriptio": null, "cuisine": null, "fast_food": null, "level": 0, "opening_h9": null, "designatio": null, "layer": 0, "area": null, "location": null, "public_tra": null, "railway": null, "subway": null, "station": null, "surface": null, "name_zh": null, "admin_leve": 0, "boundary": null, "water": null, "place": null, "building_p": null, "min_height": 0, "min": 0, "name_zh_H1": null, "name_zh_Ha": null, "operator": null, "operator_t": null, "short_name": null, "short_nam1": null, "short_nam2": null, "wikidata": null, "wikipedia": null, "garden_typ": null, "access": null, "note": null, "female": null, "toilets_di": null, "male": null, "wheelchair": null, "alt_name": null, "old_name": null, "PERIMETER": null, "ENCLOSED_A": null }, "geometry": { "type": "MultiPolygon", "coordinates": [ [ [ [ 114.3503085, 30.5332128 ], [ 114.350428, 30.5331265 ], [ 114.3503326, 30.5330286 ], [ 114.3502132, 30.5331149 ], [ 114.3503085, 30.5332128 ] ] ] ] } },
{ "type": "Feature", "properties": { "GM_LAYER": "building", "GM_TYPE": "Misc. Manmade Structure", "ELEVATION": 0, "visible": "true", "version": 1, "changeset": 7581442, "timestamp": "2011-03-17T02:14:48Z", "user": "GeoSUN", "uid": 414582, "covered": null, "leisure": null, "name": null, "sport": null, "id": 104451000.0, "building": "yes", "building_l": 0, "height": null, "shop": null, "landuse": null, "addr_city": null, "addr_house": null, "addr_postc": 0, "addr_stree": null, "name_en": null, "website": null, "amenity": null, "addr_distr": null, "addr_hous1": null, "addr_provi": null, "int_name": null, "natural": null, "descriptio": null, "cuisine": null, "fast_food": null, "level": 0, "opening_h9": null, "designatio": null, "layer": 0, "area": null, "location": null, "public_tra": null, "railway": null, "subway": null, "station": null, "surface": null, "name_zh": null, "admin_leve": 0, "boundary": null, "water": null, "place": null, "building_p": null, "min_height": 0, "min": 0, "name_zh_H1": null, "name_zh_Ha": null, "operator": null, "operator_t": null, "short_name": null, "short_nam1": null, "short_nam2": null, "wikidata": null, "wikipedia": null, "garden_typ": null, "access": null, "note": null, "female": null, "toilets_di": null, "male": null, "wheelchair": null, "alt_name": null, "old_name": null, "PERIMETER": null, "ENCLOSED_A": null }, "geometry": { "type": "MultiPolygon", "coordinates": [ [ [ [ 114.3498248, 30.533524 ], [ 114.3502233, 30.5333104 ], [ 114.3501576, 30.5332195 ], [ 114.3497591, 30.5334331 ], [ 114.3498248, 30.533524 ] ] ] ] } },
{ "type": "Feature", "properties": { "GM_LAYER": "building", "GM_TYPE": "Misc. Manmade Structure", "ELEVATION": 0, "visible": "true", "version": 1, "changeset": 7581442, "timestamp": "2011-03-17T02:14:48Z", "user": "GeoSUN", "uid": 414582, "covered": null, "leisure": null, "name": null, "sport": null, "id": 104451000.0, "building": "yes", "building_l": 0, "height": null, "shop": null, "landuse": null, "addr_city": null, "addr_house": null, "addr_postc": 0, "addr_stree": null, "name_en": null, "website": null, "amenity": null, "addr_distr": null, "addr_hous1": null, "addr_provi": null, "int_name": null, "natural": null, "descriptio": null, "cuisine": null, "fast_food": null, "level": 0, "opening_h9": null, "designatio": null, "layer": 0, "area": null, "location": null, "public_tra": null, "railway": null, "subway": null, "station": null, "surface": null, "name_zh": null, "admin_leve": 0, "boundary": null, "water": null, "place": null, "building_p": null, "min_height": 0, "min": 0, "name_zh_H1": null, "name_zh_Ha": null, "operator": null, "operator_t": null, "short_name": null, "short_nam1": null, "short_nam2": null, "wikidata": null, "wikipedia": null, "garden_typ": null, "access": null, "note": null, "female": null, "toilets_di": null, "male": null, "wheelchair": null, "alt_name": null, "old_name": null, "PERIMETER": null, "ENCLOSED_A": null }, "geometry": { "type": "MultiPolygon", "coordinates": [ [ [ [ 114.350177, 30.533373 ], [ 114.3499893, 30.5334723 ], [ 114.3500822, 30.5335882 ], [ 114.3502116, 30.5334239 ], [ 114.350177, 30.533373 ] ] ] ] } },
{ "type": "Feature", "properties": { "GM_LAYER": "building", "GM_TYPE": "Misc. Manmade Structure", "ELEVATION": 0, "visible": "true", "version": 1, "changeset": 7581442, "timestamp": "2011-03-17T02:14:48Z", "user": "GeoSUN", "uid": 414582, "covered": null, "leisure": null, "name": null, "sport": null, "id": 104451000.0, "building": "yes", "building_l": 0, "height": null, "shop": null, "landuse": null, "addr_city": null, "addr_house": null, "addr_postc": 0, "addr_stree": null, "name_en": null, "website": null, "amenity": null, "addr_distr": null, "addr_hous1": null, "addr_provi": null, "int_name": null, "natural": null, "descriptio": null, "cuisine": null, "fast_food": null, "level": 0, "opening_h9": null, "designatio": null, "layer": 0, "area": null, "location": null, "public_tra": null, "railway": null, "subway": null, "station": null, "surface": null, "name_zh": null, "admin_leve": 0, "boundary": null, "water": null, "place": null, "building_p": null, "min_height": 0, "min": 0, "name_zh_H1": null, "name_zh_Ha": null, "operator": null, "operator_t": null, "short_name": null, "short_nam1": null, "short_nam2": null, "wikidata": null, "wikipedia": null, "garden_typ": null, "access": null, "note": null, "female": null, "toilets_di": null, "male": null, "wheelchair": null, "alt_name": null, "old_name": null, "PERIMETER": null, "ENCLOSED_A": null }, "geometry": { "type": "MultiPolygon", "coordinates": [ [ [ [ 114.3502263, 30.5334821 ], [ 114.3504016, 30.533698 ], [ 114.3505076, 30.5336341 ], [ 114.3503323, 30.5334182 ], [ 114.3502263, 30.5334821 ] ] ] ] } },
{ "type": "Feature", "properties": { "GM_LAYER": "building", "GM_TYPE": "Misc. Manmade Structure", "ELEVATION": 0, "visible": "true", "version": 1, "changeset": 7581442, "timestamp": "2011-03-17T02:26:47Z", "user": "GeoSUN", "uid": 414582, "covered": null, "leisure": null, "name": null, "sport": null, "id": 104452000.0, "building": "yes", "building_l": 0, "height": null, "shop": null, "landuse": null, "addr_city": null, "addr_house": null, "addr_postc": 0, "addr_stree": null, "name_en": null, "website": null, "amenity": null, "addr_distr": null, "addr_hous1": null, "addr_provi": null, "int_name": null, "natural": null, "descriptio": null, "cuisine": null, "fast_food": null, "level": 0, "opening_h9": null, "designatio": null, "layer": 0, "area": null, "location": null, "public_tra": null, "railway": null, "subway": null, "station": null, "surface": null, "name_zh": null, "admin_leve": 0, "boundary": null, "water": null, "place": null, "building_p": null, "min_height": 0, "min": 0, "name_zh_H1": null, "name_zh_Ha": null, "operator": null, "operator_t": null, "short_name": null, "short_nam1": null, "short_nam2": null, "wikidata": null, "wikipedia": null, "garden_typ": null, "access": null, "note": null, "female": null, "toilets_di": null, "male": null, "wheelchair": null, "alt_name": null, "old_name": null, "PERIMETER": null, "ENCLOSED_A": null }, "geometry": { "type": "MultiPolygon", "coordinates": [ [ [ [ 114.3502925, 30.5344258 ], [ 114.3503434, 30.5344836 ], [ 114.3503086, 30.534509 ], [ 114.3504212, 30.5346846 ], [ 114.3505902, 30.5345852 ], [ 114.3506385, 30.5346615 ], [ 114.3507511, 30.5345945 ], [ 114.3507243, 30.5345436 ], [ 114.350676, 30.5345598 ], [ 114.3506063, 30.5344628 ], [ 114.3505634, 30.5344859 ], [ 114.3504963, 30.5343981 ], [ 114.3504561, 30.5344281 ], [ 114.3504132, 30.5343634 ], [ 114.3502925, 30.5344258 ] ] ] ] } },
{ "type": "Feature", "properties": { "GM_LAYER": "building", "GM_TYPE": "Misc. Manmade Structure", "ELEVATION": 0, "visible": "true", "version": 1, "changeset": 7581442, "timestamp": "2011-03-17T02:26:48Z", "user": "GeoSUN", "uid": 414582, "covered": null, "leisure": null, "name": null, "sport": null, "id": 104452000.0, "building": "yes", "building_l": 0, "height": null, "shop": null, "landuse": null, "addr_city": null, "addr_house": null, "addr_postc": 0, "addr_stree": null, "name_en": null, "website": null, "amenity": null, "addr_distr": null, "addr_hous1": null, "addr_provi": null, "int_name": null, "natural": null, "descriptio": null, "cuisine": null, "fast_food": null, "level": 0, "opening_h9": null, "designatio": null, "layer": 0, "area": null, "location": null, "public_tra": null, "railway": null, "subway": null, "station": null, "surface": null, "name_zh": null, "admin_leve": 0, "boundary": null, "water": null, "place": null, "building_p": null, "min_height": 0, "min": 0, "name_zh_H1": null, "name_zh_Ha": null, "operator": null, "operator_t": null, "short_name": null, "short_nam1": null, "short_nam2": null, "wikidata": null, "wikipedia": null, "garden_typ": null, "access": null, "note": null, "female": null, "toilets_di": null, "male": null, "wheelchair": null, "alt_name": null, "old_name": null, "PERIMETER": null, "ENCLOSED_A": null }, "geometry": { "type": "MultiPolygon", "coordinates": [ [ [ [ 114.3503944, 30.5347499 ], [ 114.3504314, 30.5348865 ], [ 114.3509818, 30.5347846 ], [ 114.3509818, 30.5347407 ], [ 114.350853, 30.5346529 ], [ 114.3503944, 30.5347499 ] ] ] ] } },
{ "type": "Feature", "properties": { "GM_LAYER": "building", "GM_TYPE": "Misc. Manmade Structure", "ELEVATION": 0, "visible": "true", "version": 1, "changeset": 7581442, "timestamp": "2011-03-17T02:26:48Z", "user": "GeoSUN", "uid": 414582, "covered": null, "leisure": null, "name": null, "sport": null, "id": 104452000.0, "building": "yes", "building_l": 0, "height": null, "shop": null, "landuse": null, "addr_city": null, "addr_house": null, "addr_postc": 0, "addr_stree": null, "name_en": null, "website": null, "amenity": null, "addr_distr": null, "addr_hous1": null, "addr_provi": null, "int_name": null, "natural": null, "descriptio": null, "cuisine": null, "fast_food": null, "level": 0, "opening_h9": null, "designatio": null, "layer": 0, "area": null, "location": null, "public_tra": null, "railway": null, "subway": null, "station": null, "surface": null, "name_zh": null, "admin_leve": 0, "boundary": null, "water": null, "place": null, "building_p": null, "min_height": 0, "min": 0, "name_zh_H1": null, "name_zh_Ha": null, "operator": null, "operator_t": null, "short_name": null, "short_nam1": null, "short_nam2": null, "wikidata": null, "wikipedia": null, "garden_typ": null, "access": null, "note": null, "female": null, "toilets_di": null, "male": null, "wheelchair": null, "alt_name": null, "old_name": null, "PERIMETER": null, "ENCLOSED_A": null }, "geometry": { "type": "MultiPolygon", "coordinates": [ [ [ [ 114.3504908, 30.5349971 ], [ 114.3505284, 30.5351265 ], [ 114.3507725, 30.5350618 ], [ 114.3507886, 30.5350918 ], [ 114.3510514, 30.5350202 ], [ 114.3510729, 30.5350387 ], [ 114.3511077, 30.5350248 ], [ 114.3511399, 30.5350572 ], [ 114.3511936, 30.5349833 ], [ 114.3510729, 30.5349163 ], [ 114.3504908, 30.5349971 ] ] ] ] } },
{ "type": "Feature", "properties": { "GM_LAYER": "building", "GM_TYPE": "Misc. Manmade Structure", "ELEVATION": 0, "visible": "true", "version": 1, "changeset": 7581442, "timestamp": "2011-03-17T02:52:21Z", "user": "GeoSUN", "uid": 414582, "covered": null, "leisure": null, "name": null, "sport": null, "id": 104453000.0, "building": "yes", "building_l": 0, "height": null, "shop": null, "landuse": null, "addr_city": null, "addr_house": null, "addr_postc": 0, "addr_stree": null, "name_en": null, "website": null, "amenity": null, "addr_distr": null, "addr_hous1": null, "addr_provi": null, "int_name": null, "natural": null, "descriptio": null, "cuisine": null, "fast_food": null, "level": 0, "opening_h9": null, "designatio": null, "layer": 0, "area": null, "location": null, "public_tra": null, "railway": null, "subway": null, "station": null, "surface": null, "name_zh": null, "admin_leve": 0, "boundary": null, "water": null, "place": null, "building_p": null, "min_height": 0, "min": 0, "name_zh_H1": null, "name_zh_Ha": null, "operator": null, "operator_t": null, "short_name": null, "short_nam1": null, "short_nam2": null, "wikidata": null, "wikipedia": null, "garden_typ": null, "access": null, "note": null, "female": null, "toilets_di": null, "male": null, "wheelchair": null, "alt_name": null, "old_name": null, "PERIMETER": null, "ENCLOSED_A": null }, "geometry": { "type": "MultiPolygon", "coordinates": [ [ [ [ 114.3583016, 30.5326718 ], [ 114.3583273, 30.5327349 ], [ 114.3586335, 30.5326427 ], [ 114.3586078, 30.5325795 ], [ 114.3583016, 30.5326718 ] ] ] ] } },
{ "type": "Feature", "properties": { "GM_LAYER": "building", "GM_TYPE": "Misc. Manmade Structure", "ELEVATION": 0, "visible": "true", "version": 1, "changeset": 7581442, "timestamp": "2011-03-17T02:52:21Z", "user": "GeoSUN", "uid": 414582, "covered": null, "leisure": null, "name": null, "sport": null, "id": 104453000.0, "building": "yes", "building_l": 0, "height": null, "shop": null, "landuse": null, "addr_city": null, "addr_house": null, "addr_postc": 0, "addr_stree": null, "name_en": null, "website": null, "amenity": null, "addr_distr": null, "addr_hous1": null, "addr_provi": null, "int_name": null, "natural": null, "descriptio": null, "cuisine": null, "fast_food": null, "level": 0, "opening_h9": null, "designatio": null, "layer": 0, "area": null, "location": null, "public_tra": null, "railway": null, "subway": null, "station": null, "surface": null, "name_zh": null, "admin_leve": 0, "boundary": null, "water": null, "place": null, "building_p": null, "min_height": 0, "min": 0, "name_zh_H1": null, "name_zh_Ha": null, "operator": null, "operator_t": null, "short_name": null, "short_nam1": null, "short_nam2": null, "wikidata": null, "wikipedia": null, "garden_typ": null, "access": null, "note": null, "female": null, "toilets_di": null, "male": null, "wheelchair": null, "alt_name": null, "old_name": null, "PERIMETER": null, "ENCLOSED_A": null }, "geometry": { "type": "MultiPolygon", "coordinates": [ [ [ [ 114.3590246, 30.5321518 ], [ 114.359259, 30.5321558 ], [ 114.359261, 30.5320702 ], [ 114.3590266, 30.5320662 ], [ 114.3590246, 30.5321518 ] ] ] ] } },
{ "type": "Feature", "properties": { "GM_LAYER": "building", "GM_TYPE": "Misc. Manmade Structure", "ELEVATION": 0, "visible": "true", "version": 1, "changeset": 7581442, "timestamp": "2011-03-17T02:52:21Z", "user": "GeoSUN", "uid": 414582, "covered": null, "leisure": null, "name": null, "sport": null, "id": 104453000.0, "building": "yes", "building_l": 0, "height": null, "shop": null, "landuse": null, "addr_city": null, "addr_house": null, "addr_postc": 0, "addr_stree": null, "name_en": null, "website": null, "amenity": null, "addr_distr": null, "addr_hous1": null, "addr_provi": null, "int_name": null, "natural": null, "descriptio": null, "cuisine": null, "fast_food": null, "level": 0, "opening_h9": null, "designatio": null, "layer": 0, "area": null, "location": null, "public_tra": null, "railway": null, "subway": null, "station": null, "surface": null, "name_zh": null, "admin_leve": 0, "boundary": null, "water": null, "place": null, "building_p": null, "min_height": 0, "min": 0, "name_zh_H1": null, "name_zh_Ha": null, "operator": null, "operator_t": null, "short_name": null, "short_nam1": null, "short_nam2": null, "wikidata": null, "wikipedia": null, "garden_typ": null, "access": null, "note": null, "female": null, "toilets_di": null, "male": null, "wheelchair": null, "alt_name": null, "old_name": null, "PERIMETER": null, "ENCLOSED_A": null }, "geometry": { "type": "MultiPolygon", "coordinates": [ [ [ [ 114.3584303, 30.5307963 ], [ 114.3584165, 30.5308856 ], [ 114.3588668, 30.5309372 ], [ 114.3588806, 30.530848 ], [ 114.3584303, 30.5307963 ] ] ] ] } },
{ "type": "Feature", "properties": { "GM_LAYER": "building", "GM_TYPE": "Misc. Manmade Structure", "ELEVATION": 0, "visible": "true", "version": 1, "changeset": 7581442, "timestamp": "2011-03-17T02:52:22Z", "user": "GeoSUN", "uid": 414582, "covered": null, "leisure": null, "name": null, "sport": null, "id": 104453000.0, "building": "yes", "building_l": 0, "height": null, "shop": null, "landuse": null, "addr_city": null, "addr_house": null, "addr_postc": 0, "addr_stree": null, "name_en": null, "website": null, "amenity": null, "addr_distr": null, "addr_hous1": null, "addr_provi": null, "int_name": null, "natural": null, "descriptio": null, "cuisine": null, "fast_food": null, "level": 0, "opening_h9": null, "designatio": null, "layer": 0, "area": null, "location": null, "public_tra": null, "railway": null, "subway": null, "station": null, "surface": null, "name_zh": null, "admin_leve": 0, "boundary": null, "water": null, "place": null, "building_p": null, "min_height": 0, "min": 0, "name_zh_H1": null, "name_zh_Ha": null, "operator": null, "operator_t": null, "short_name": null, "short_nam1": null, "short_nam2": null, "wikidata": null, "wikipedia": null, "garden_typ": null, "access": null, "note": null, "female": null, "toilets_di": null, "male": null, "wheelchair": null, "alt_name": null, "old_name": null, "PERIMETER": null, "ENCLOSED_A": null }, "geometry": { "type": "MultiPolygon", "coordinates": [ [ [ [ 114.3591561, 30.5323409 ], [ 114.3593694, 30.5323358 ], [ 114.3593673, 30.5322701 ], [ 114.359154, 30.5322752 ], [ 114.3591561, 30.5323409 ] ] ] ] } },
{ "type": "Feature", "properties": { "GM_LAYER": "building", "GM_TYPE": "Misc. Manmade Structure", "ELEVATION": 0, "visible": "true", "version": 3, "changeset": 14857026, "timestamp": "2013-01-31T09:36:01Z", "user": "kun3721", "uid": 1195808, "covered": null, "leisure": null, "name": "丰颐大酒店", "sport": null, "id": 104453000.0, "building": "yes", "building_l": 0, "height": null, "shop": null, "landuse": null, "addr_city": null, "addr_house": null, "addr_postc": 0, "addr_stree": null, "name_en": null, "website": null, "amenity": null, "addr_distr": null, "addr_hous1": null, "addr_provi": null, "int_name": null, "natural": null, "descriptio": null, "cuisine": null, "fast_food": null, "level": 0, "opening_h9": null, "designatio": null, "layer": 0, "area": null, "location": null, "public_tra": null, "railway": null, "subway": null, "station": null, "surface": null, "name_zh": null, "admin_leve": 0, "boundary": null, "water": null, "place": null, "building_p": null, "min_height": 0, "min": 0, "name_zh_H1": null, "name_zh_Ha": null, "operator": null, "operator_t": null, "short_name": null, "short_nam1": null, "short_nam2": null, "wikidata": null, "wikipedia": null, "garden_typ": null, "access": null, "note": null, "female": null, "toilets_di": null, "male": null, "wheelchair": null, "alt_name": null, "old_name": null, "PERIMETER": null, "ENCLOSED_A": null }, "geometry": { "type": "MultiPolygon", "coordinates": [ [ [ [ 114.359799965424656, 30.531871848015939 ], [ 114.3597411, 30.5318838 ], [ 114.3598149, 30.5321529 ], [ 114.359931255854676, 30.532129569649644 ], [ 114.359799965424656, 30.531871848015939 ] ] ] ] } },
{ "type": "Feature", "properties": { "GM_LAYER": "building", "GM_TYPE": "Misc. Manmade Structure", "ELEVATION": 0, "visible": "true", "version": 1, "changeset": 7581442, "timestamp": "2011-03-17T02:52:22Z", "user": "GeoSUN", "uid": 414582, "covered": null, "leisure": null, "name": null, "sport": null, "id": 104453000.0, "building": "yes", "building_l": 0, "height": null, "shop": null, "landuse": null, "addr_city": null, "addr_house": null, "addr_postc": 0, "addr_stree": null, "name_en": null, "website": null, "amenity": null, "addr_distr": null, "addr_hous1": null, "addr_provi": null, "int_name": null, "natural": null, "descriptio": null, "cuisine": null, "fast_food": null, "level": 0, "opening_h9": null, "designatio": null, "layer": 0, "area": null, "location": null, "public_tra": null, "railway": null, "subway": null, "station": null, "surface": null, "name_zh": null, "admin_leve": 0, "boundary": null, "water": null, "place": null, "building_p": null, "min_height": 0, "min": 0, "name_zh_H1": null, "name_zh_Ha": null, "operator": null, "operator_t": null, "short_name": null, "short_nam1": null, "short_nam2": null, "wikidata": null, "wikipedia": null, "garden_typ": null, "access": null, "note": null, "female": null, "toilets_di": null, "male": null, "wheelchair": null, "alt_name": null, "old_name": null, "PERIMETER": null, "ENCLOSED_A": null }, "geometry": { "type": "MultiPolygon", "coordinates": [ [ [ [ 114.3587886, 30.532459 ], [ 114.3589368, 30.5324582 ], [ 114.3589364, 30.5323891 ], [ 114.3587881, 30.5323898 ], [ 114.3587886, 30.532459 ] ] ] ] } },
{ "type": "Feature", "properties": { "GM_LAYER": "building", "GM_TYPE": "Misc. Manmade Structure", "ELEVATION": 0, "visible": "true", "version": 1, "changeset": 7581442, "timestamp": "2011-03-17T02:52:22Z", "user": "GeoSUN", "uid": 414582, "covered": null, "leisure": null, "name": null, "sport": null, "id": 104453000.0, "building": "yes", "building_l": 0, "height": null, "shop": null, "landuse": null, "addr_city": null, "addr_house": null, "addr_postc": 0, "addr_stree": null, "name_en": null, "website": null, "amenity": null, "addr_distr": null, "addr_hous1": null, "addr_provi": null, "int_name": null, "natural": null, "descriptio": null, "cuisine": null, "fast_food": null, "level": 0, "opening_h9": null, "designatio": null, "layer": 0, "area": null, "location": null, "public_tra": null, "railway": null, "subway": null, "station": null, "surface": null, "name_zh": null, "admin_leve": 0, "boundary": null, "water": null, "place": null, "building_p": null, "min_height": 0, "min": 0, "name_zh_H1": null, "name_zh_Ha": null, "operator": null, "operator_t": null, "short_name": null, "short_nam1": null, "short_nam2": null, "wikidata": null, "wikipedia": null, "garden_typ": null, "access": null, "note": null, "female": null, "toilets_di": null, "male": null, "wheelchair": null, "alt_name": null, "old_name": null, "PERIMETER": null, "ENCLOSED_A": null }, "geometry": { "type": "MultiPolygon", "coordinates": [ [ [ [ 114.3585832, 30.5310686 ], [ 114.3585718, 30.5311597 ], [ 114.3589622, 30.531196 ], [ 114.3589737, 30.531105 ], [ 114.3585832, 30.5310686 ] ] ] ] } },
{ "type": "Feature", "properties": { "GM_LAYER": "building", "GM_TYPE": "Misc. Manmade Structure", "ELEVATION": 0, "visible": "true", "version": 1, "changeset": 7581442, "timestamp": "2011-03-17T02:52:22Z", "user": "GeoSUN", "uid": 414582, "covered": null, "leisure": null, "name": null, "sport": null, "id": 104453000.0, "building": "yes", "building_l": 0, "height": null, "shop": null, "landuse": null, "addr_city": null, "addr_house": null, "addr_postc": 0, "addr_stree": null, "name_en": null, "website": null, "amenity": null, "addr_distr": null, "addr_hous1": null, "addr_provi": null, "int_name": null, "natural": null, "descriptio": null, "cuisine": null, "fast_food": null, "level": 0, "opening_h9": null, "designatio": null, "layer": 0, "area": null, "location": null, "public_tra": null, "railway": null, "subway": null, "station": null, "surface": null, "name_zh": null, "admin_leve": 0, "boundary": null, "water": null, "place": null, "building_p": null, "min_height": 0, "min": 0, "name_zh_H1": null, "name_zh_Ha": null, "operator": null, "operator_t": null, "short_name": null, "short_nam1": null, "short_nam2": null, "wikidata": null, "wikipedia": null, "garden_typ": null, "access": null, "note": null, "female": null, "toilets_di": null, "male": null, "wheelchair": null, "alt_name": null, "old_name": null, "PERIMETER": null, "ENCLOSED_A": null }, "geometry": { "type": "MultiPolygon", "coordinates": [ [ [ [ 114.3583022, 30.5321098 ], [ 114.3583022, 30.5321826 ], [ 114.358561, 30.5321826 ], [ 114.358561, 30.5321098 ], [ 114.3583022, 30.5321098 ] ] ] ] } },
{ "type": "Feature", "properties": { "GM_LAYER": "building", "GM_TYPE": "Misc. Manmade Structure", "ELEVATION": 0, "visible": "true", "version": 1, "changeset": 7581442, "timestamp": "2011-03-17T02:52:22Z", "user": "GeoSUN", "uid": 414582, "covered": null, "leisure": null, "name": null, "sport": null, "id": 104453000.0, "building": "yes", "building_l": 0, "height": null, "shop": null, "landuse": null, "addr_city": null, "addr_house": null, "addr_postc": 0, "addr_stree": null, "name_en": null, "website": null, "amenity": null, "addr_distr": null, "addr_hous1": null, "addr_provi": null, "int_name": null, "natural": null, "descriptio": null, "cuisine": null, "fast_food": null, "level": 0, "opening_h9": null, "designatio": null, "layer": 0, "area": null, "location": null, "public_tra": null, "railway": null, "subway": null, "station": null, "surface": null, "name_zh": null, "admin_leve": 0, "boundary": null, "water": null, "place": null, "building_p": null, "min_height": 0, "min": 0, "name_zh_H1": null, "name_zh_Ha": null, "operator": null, "operator_t": null, "short_name": null, "short_nam1": null, "short_nam2": null, "wikidata": null, "wikipedia": null, "garden_typ": null, "access": null, "note": null, "female": null, "toilets_di": null, "male": null, "wheelchair": null, "alt_name": null, "old_name": null, "PERIMETER": null, "ENCLOSED_A": null }, "geometry": { "type": "MultiPolygon", "coordinates": [ [ [ [ 114.3586536, 30.5318869 ], [ 114.3591403, 30.5318823 ], [ 114.359139, 30.5317783 ], [ 114.3586523, 30.5317829 ], [ 114.3586536, 30.5318869 ] ] ] ] } },
{ "type": "Feature", "properties": { "GM_LAYER": "building", "GM_TYPE": "Misc. Manmade Structure", "ELEVATION": 0, "visible": "true", "version": 1, "changeset": 7581442, "timestamp": "2011-03-17T02:52:22Z", "user": "GeoSUN", "uid": 414582, "covered": null, "leisure": null, "name": null, "sport": null, "id": 104453000.0, "building": "yes", "building_l": 0, "height": null, "shop": null, "landuse": null, "addr_city": null, "addr_house": null, "addr_postc": 0, "addr_stree": null, "name_en": null, "website": null, "amenity": null, "addr_distr": null, "addr_hous1": null, "addr_provi": null, "int_name": null, "natural": null, "descriptio": null, "cuisine": null, "fast_food": null, "level": 0, "opening_h9": null, "designatio": null, "layer": 0, "area": null, "location": null, "public_tra": null, "railway": null, "subway": null, "station": null, "surface": null, "name_zh": null, "admin_leve": 0, "boundary": null, "water": null, "place": null, "building_p": null, "min_height": 0, "min": 0, "name_zh_H1": null, "name_zh_Ha": null, "operator": null, "operator_t": null, "short_name": null, "short_nam1": null, "short_nam2": null, "wikidata": null, "wikipedia": null, "garden_typ": null, "access": null, "note": null, "female": null, "toilets_di": null, "male": null, "wheelchair": null, "alt_name": null, "old_name": null, "PERIMETER": null, "ENCLOSED_A": null }, "geometry": { "type": "MultiPolygon", "coordinates": [ [ [ [ 114.3588443, 30.5316602 ], [ 114.3590321, 30.5316713 ], [ 114.3590433, 30.5315305 ], [ 114.3588556, 30.5315194 ], [ 114.3588443, 30.5316602 ] ] ] ] } },
{ "type": "Feature", "properties": { "GM_LAYER": "building", "GM_TYPE": "Misc. Manmade Structure", "ELEVATION": 0, "visible": "true", "version": 1, "changeset": 7581442, "timestamp": "2011-03-17T02:52:22Z", "user": "GeoSUN", "uid": 414582, "covered": null, "leisure": null, "name": null, "sport": null, "id": 104453000.0, "building": "yes", "building_l": 0, "height": null, "shop": null, "landuse": null, "addr_city": null, "addr_house": null, "addr_postc": 0, "addr_stree": null, "name_en": null, "website": null, "amenity": null, "addr_distr": null, "addr_hous1": null, "addr_provi": null, "int_name": null, "natural": null, "descriptio": null, "cuisine": null, "fast_food": null, "level": 0, "opening_h9": null, "designatio": null, "layer": 0, "area": null, "location": null, "public_tra": null, "railway": null, "subway": null, "station": null, "surface": null, "name_zh": null, "admin_leve": 0, "boundary": null, "water": null, "place": null, "building_p": null, "min_height": 0, "min": 0, "name_zh_H1": null, "name_zh_Ha": null, "operator": null, "operator_t": null, "short_name": null, "short_nam1": null, "short_nam2": null, "wikidata": null, "wikipedia": null, "garden_typ": null, "access": null, "note": null, "female": null, "toilets_di": null, "male": null, "wheelchair": null, "alt_name": null, "old_name": null, "PERIMETER": null, "ENCLOSED_A": null }, "geometry": { "type": "MultiPolygon", "coordinates": [ [ [ [ 114.3583149, 30.5319313 ], [ 114.3583161, 30.5319926 ], [ 114.3585695, 30.531989 ], [ 114.3585683, 30.5319277 ], [ 114.3583149, 30.5319313 ] ] ] ] } },
{ "type": "Feature", "properties": { "GM_LAYER": "building", "GM_TYPE": "Misc. Manmade Structure", "ELEVATION": 0, "visible": "true", "version": 1, "changeset": 7581442, "timestamp": "2011-03-17T02:52:23Z", "user": "GeoSUN", "uid": 414582, "covered": null, "leisure": null, "name": null, "sport": null, "id": 104453000.0, "building": "yes", "building_l": 0, "height": null, "shop": null, "landuse": null, "addr_city": null, "addr_house": null, "addr_postc": 0, "addr_stree": null, "name_en": null, "website": null, "amenity": null, "addr_distr": null, "addr_hous1": null, "addr_provi": null, "int_name": null, "natural": null, "descriptio": null, "cuisine": null, "fast_food": null, "level": 0, "opening_h9": null, "designatio": null, "layer": 0, "area": null, "location": null, "public_tra": null, "railway": null, "subway": null, "station": null, "surface": null, "name_zh": null, "admin_leve": 0, "boundary": null, "water": null, "place": null, "building_p": null, "min_height": 0, "min": 0, "name_zh_H1": null, "name_zh_Ha": null, "operator": null, "operator_t": null, "short_name": null, "short_nam1": null, "short_nam2": null, "wikidata": null, "wikipedia": null, "garden_typ": null, "access": null, "note": null, "female": null, "toilets_di": null, "male": null, "wheelchair": null, "alt_name": null, "old_name": null, "PERIMETER": null, "ENCLOSED_A": null }, "geometry": { "type": "MultiPolygon", "coordinates": [ [ [ [ 114.3586153, 30.5315072 ], [ 114.358626, 30.5314286 ], [ 114.3590347, 30.5314698 ], [ 114.3590526, 30.5313385 ], [ 114.3587571, 30.5313087 ], [ 114.3587485, 30.5313721 ], [ 114.3585864, 30.5313557 ], [ 114.3585665, 30.5315023 ], [ 114.3586153, 30.5315072 ] ] ] ] } },
{ "type": "Feature", "properties": { "GM_LAYER": "building", "GM_TYPE": "Misc. Manmade Structure", "ELEVATION": 0, "visible": "true", "version": 1, "changeset": 7581442, "timestamp": "2011-03-17T02:52:23Z", "user": "GeoSUN", "uid": 414582, "covered": null, "leisure": null, "name": null, "sport": null, "id": 104453000.0, "building": "yes", "building_l": 0, "height": null, "shop": null, "landuse": null, "addr_city": null, "addr_house": null, "addr_postc": 0, "addr_stree": null, "name_en": null, "website": null, "amenity": null, "addr_distr": null, "addr_hous1": null, "addr_provi": null, "int_name": null, "natural": null, "descriptio": null, "cuisine": null, "fast_food": null, "level": 0, "opening_h9": null, "designatio": null, "layer": 0, "area": null, "location": null, "public_tra": null, "railway": null, "subway": null, "station": null, "surface": null, "name_zh": null, "admin_leve": 0, "boundary": null, "water": null, "place": null, "building_p": null, "min_height": 0, "min": 0, "name_zh_H1": null, "name_zh_Ha": null, "operator": null, "operator_t": null, "short_name": null, "short_nam1": null, "short_nam2": null, "wikidata": null, "wikipedia": null, "garden_typ": null, "access": null, "note": null, "female": null, "toilets_di": null, "male": null, "wheelchair": null, "alt_name": null, "old_name": null, "PERIMETER": null, "ENCLOSED_A": null }, "geometry": { "type": "MultiPolygon", "coordinates": [ [ [ [ 114.3584198, 30.5325711 ], [ 114.358582, 30.5325748 ], [ 114.3585843, 30.5325009 ], [ 114.3584221, 30.5324972 ], [ 114.3584198, 30.5325711 ] ] ] ] } },
{ "type": "Feature", "properties": { "GM_LAYER": "building", "GM_TYPE": "Misc. Manmade Structure", "ELEVATION": 0, "visible": "true", "version": 1, "changeset": 7581442, "timestamp": "2011-03-17T02:52:23Z", "user": "GeoSUN", "uid": 414582, "covered": null, "leisure": null, "name": null, "sport": null, "id": 104453000.0, "building": "yes", "building_l": 0, "height": null, "shop": null, "landuse": null, "addr_city": null, "addr_house": null, "addr_postc": 0, "addr_stree": null, "name_en": null, "website": null, "amenity": null, "addr_distr": null, "addr_hous1": null, "addr_provi": null, "int_name": null, "natural": null, "descriptio": null, "cuisine": null, "fast_food": null, "level": 0, "opening_h9": null, "designatio": null, "layer": 0, "area": null, "location": null, "public_tra": null, "railway": null, "subway": null, "station": null, "surface": null, "name_zh": null, "admin_leve": 0, "boundary": null, "water": null, "place": null, "building_p": null, "min_height": 0, "min": 0, "name_zh_H1": null, "name_zh_Ha": null, "operator": null, "operator_t": null, "short_name": null, "short_nam1": null, "short_nam2": null, "wikidata": null, "wikipedia": null, "garden_typ": null, "access": null, "note": null, "female": null, "toilets_di": null, "male": null, "wheelchair": null, "alt_name": null, "old_name": null, "PERIMETER": null, "ENCLOSED_A": null }, "geometry": { "type": "MultiPolygon", "coordinates": [ [ [ [ 114.358362, 30.5309068 ], [ 114.3583788, 30.5308034 ], [ 114.3580873, 30.5307682 ], [ 114.3580705, 30.5308716 ], [ 114.358362, 30.5309068 ] ] ] ] } },
{ "type": "Feature", "properties": { "GM_LAYER": "building", "GM_TYPE": "Misc. Manmade Structure", "ELEVATION": 0, "visible": "true", "version": 1, "changeset": 7581442, "timestamp": "2011-03-17T02:52:23Z", "user": "GeoSUN", "uid": 414582, "covered": null, "leisure": null, "name": null, "sport": null, "id": 104453000.0, "building": "yes", "building_l": 0, "height": null, "shop": null, "landuse": null, "addr_city": null, "addr_house": null, "addr_postc": 0, "addr_stree": null, "name_en": null, "website": null, "amenity": null, "addr_distr": null, "addr_hous1": null, "addr_provi": null, "int_name": null, "natural": null, "descriptio": null, "cuisine": null, "fast_food": null, "level": 0, "opening_h9": null, "designatio": null, "layer": 0, "area": null, "location": null, "public_tra": null, "railway": null, "subway": null, "station": null, "surface": null, "name_zh": null, "admin_leve": 0, "boundary": null, "water": null, "place": null, "building_p": null, "min_height": 0, "min": 0, "name_zh_H1": null, "name_zh_Ha": null, "operator": null, "operator_t": null, "short_name": null, "short_nam1": null, "short_nam2": null, "wikidata": null, "wikipedia": null, "garden_typ": null, "access": null, "note": null, "female": null, "toilets_di": null, "male": null, "wheelchair": null, "alt_name": null, "old_name": null, "PERIMETER": null, "ENCLOSED_A": null }, "geometry": { "type": "MultiPolygon", "coordinates": [ [ [ [ 114.3581458, 30.5305288 ], [ 114.3581264, 30.5306554 ], [ 114.3585076, 30.5306988 ], [ 114.358527, 30.5305722 ], [ 114.3581458, 30.5305288 ] ] ] ] } },
{ "type": "Feature", "properties": { "GM_LAYER": "building", "GM_TYPE": "Misc. Manmade Structure", "ELEVATION": 0, "visible": "true", "version": 1, "changeset": 7581442, "timestamp": "2011-03-17T02:52:24Z", "user": "GeoSUN", "uid": 414582, "covered": null, "leisure": null, "name": null, "sport": null, "id": 104453000.0, "building": "yes", "building_l": 0, "height": null, "shop": null, "landuse": null, "addr_city": null, "addr_house": null, "addr_postc": 0, "addr_stree": null, "name_en": null, "website": null, "amenity": null, "addr_distr": null, "addr_hous1": null, "addr_provi": null, "int_name": null, "natural": null, "descriptio": null, "cuisine": null, "fast_food": null, "level": 0, "opening_h9": null, "designatio": null, "layer": 0, "area": null, "location": null, "public_tra": null, "railway": null, "subway": null, "station": null, "surface": null, "name_zh": null, "admin_leve": 0, "boundary": null, "water": null, "place": null, "building_p": null, "min_height": 0, "min": 0, "name_zh_H1": null, "name_zh_Ha": null, "operator": null, "operator_t": null, "short_name": null, "short_nam1": null, "short_nam2": null, "wikidata": null, "wikipedia": null, "garden_typ": null, "access": null, "note": null, "female": null, "toilets_di": null, "male": null, "wheelchair": null, "alt_name": null, "old_name": null, "PERIMETER": null, "ENCLOSED_A": null }, "geometry": { "type": "MultiPolygon", "coordinates": [ [ [ [ 114.358514, 30.5303086 ], [ 114.3585087, 30.5304171 ], [ 114.3586267, 30.5306436 ], [ 114.3586133, 30.5307152 ], [ 114.3587796, 30.530736 ], [ 114.3587903, 30.5306366 ], [ 114.3586508, 30.5303894 ], [ 114.3586589, 30.5303224 ], [ 114.358514, 30.5303086 ] ] ] ] } },
{ "type": "Feature", "properties": { "GM_LAYER": "building", "GM_TYPE": "Misc. Manmade Structure", "ELEVATION": 0, "visible": "true", "version": 1, "changeset": 7581442, "timestamp": "2011-03-17T02:52:24Z", "user": "GeoSUN", "uid": 414582, "covered": null, "leisure": null, "name": null, "sport": null, "id": 104453000.0, "building": "yes", "building_l": 0, "height": null, "shop": null, "landuse": null, "addr_city": null, "addr_house": null, "addr_postc": 0, "addr_stree": null, "name_en": null, "website": null, "amenity": null, "addr_distr": null, "addr_hous1": null, "addr_provi": null, "int_name": null, "natural": null, "descriptio": null, "cuisine": null, "fast_food": null, "level": 0, "opening_h9": null, "designatio": null, "layer": 0, "area": null, "location": null, "public_tra": null, "railway": null, "subway": null, "station": null, "surface": null, "name_zh": null, "admin_leve": 0, "boundary": null, "water": null, "place": null, "building_p": null, "min_height": 0, "min": 0, "name_zh_H1": null, "name_zh_Ha": null, "operator": null, "operator_t": null, "short_name": null, "short_nam1": null, "short_nam2": null, "wikidata": null, "wikipedia": null, "garden_typ": null, "access": null, "note": null, "female": null, "toilets_di": null, "male": null, "wheelchair": null, "alt_name": null, "old_name": null, "PERIMETER": null, "ENCLOSED_A": null }, "geometry": { "type": "MultiPolygon", "coordinates": [ [ [ [ 114.3583041, 30.5323033 ], [ 114.3583014, 30.532375 ], [ 114.3585426, 30.5323819 ], [ 114.3585454, 30.5323101 ], [ 114.3583041, 30.5323033 ] ] ] ] } },
{ "type": "Feature", "properties": { "GM_LAYER": "landuse - residential", "GM_TYPE": "Metro Area", "ELEVATION": 0, "visible": "true", "version": 2, "changeset": 16938780, "timestamp": "2013-07-13T16:26:55Z", "user": "GeoSUN", "uid": 414582, "covered": null, "leisure": null, "name": "银海雅苑", "sport": null, "id": 104639000.0, "building": null, "building_l": 0, "height": null, "shop": null, "landuse": "residential", "addr_city": null, "addr_house": null, "addr_postc": 0, "addr_stree": null, "name_en": null, "website": null, "amenity": null, "addr_distr": null, "addr_hous1": null, "addr_provi": null, "int_name": null, "natural": null, "descriptio": null, "cuisine": null, "fast_food": null, "level": 0, "opening_h9": null, "designatio": null, "layer": 0, "area": null, "location": null, "public_tra": null, "railway": null, "subway": null, "station": null, "surface": null, "name_zh": null, "admin_leve": 0, "boundary": null, "water": null, "place": null, "building_p": null, "min_height": 0, "min": 0, "name_zh_H1": null, "name_zh_Ha": null, "operator": null, "operator_t": null, "short_name": null, "short_nam1": null, "short_nam2": null, "wikidata": null, "wikipedia": null, "garden_typ": null, "access": null, "note": null, "female": null, "toilets_di": null, "male": null, "wheelchair": null, "alt_name": null, "old_name": null, "PERIMETER": null, "ENCLOSED_A": null }, "geometry": { "type": "MultiPolygon", "coordinates": [ [ [ [ 114.358572260671039, 30.529461877427991 ], [ 114.3585992, 30.5295425 ], [ 114.358613823879821, 30.529543465538143 ], [ 114.358572260671039, 30.529461877427991 ] ] ] ] } },
{ "type": "Feature", "properties": { "GM_LAYER": "building - college", "GM_TYPE": "Misc. Manmade Structure", "ELEVATION": 0, "visible": "true", "version": 2, "changeset": 122450169, "timestamp": "2022-06-16T08:57:54Z", "user": "h4ic8bn3kstr", "uid": 12863618, "covered": null, "leisure": null, "name": null, "sport": null, "id": 104949000.0, "building": "college", "building_l": 0, "height": null, "shop": null, "landuse": null, "addr_city": null, "addr_house": null, "addr_postc": 0, "addr_stree": null, "name_en": null, "website": null, "amenity": null, "addr_distr": null, "addr_hous1": null, "addr_provi": null, "int_name": null, "natural": null, "descriptio": null, "cuisine": null, "fast_food": null, "level": 0, "opening_h9": null, "designatio": null, "layer": 0, "area": null, "location": null, "public_tra": null, "railway": null, "subway": null, "station": null, "surface": null, "name_zh": null, "admin_leve": 0, "boundary": null, "water": null, "place": null, "building_p": null, "min_height": 0, "min": 0, "name_zh_H1": null, "name_zh_Ha": null, "operator": null, "operator_t": null, "short_name": null, "short_nam1": null, "short_nam2": null, "wikidata": null, "wikipedia": null, "garden_typ": null, "access": null, "note": null, "female": null, "toilets_di": null, "male": null, "wheelchair": null, "alt_name": null, "old_name": null, "PERIMETER": null, "ENCLOSED_A": null }, "geometry": { "type": "MultiPolygon", "coordinates": [ [ [ [ 114.357476569709462, 30.527311048425183 ], [ 114.3574732, 30.5273817 ], [ 114.357513282993409, 30.527383116187629 ], [ 114.357476569709462, 30.527311048425183 ] ] ] ] } },
{ "type": "Feature", "properties": { "GM_LAYER": "building", "GM_TYPE": "Misc. Manmade Structure", "ELEVATION": 0, "visible": "true", "version": 1, "changeset": 7612604, "timestamp": "2011-03-20T05:57:39Z", "user": "GeoSUN", "uid": 414582, "covered": null, "leisure": null, "name": null, "sport": null, "id": 104949000.0, "building": "yes", "building_l": 0, "height": null, "shop": null, "landuse": null, "addr_city": null, "addr_house": null, "addr_postc": 0, "addr_stree": null, "name_en": null, "website": null, "amenity": null, "addr_distr": null, "addr_hous1": null, "addr_provi": null, "int_name": null, "natural": null, "descriptio": null, "cuisine": null, "fast_food": null, "level": 0, "opening_h9": null, "designatio": null, "layer": 0, "area": null, "location": null, "public_tra": null, "railway": null, "subway": null, "station": null, "surface": null, "name_zh": null, "admin_leve": 0, "boundary": null, "water": null, "place": null, "building_p": null, "min_height": 0, "min": 0, "name_zh_H1": null, "name_zh_Ha": null, "operator": null, "operator_t": null, "short_name": null, "short_nam1": null, "short_nam2": null, "wikidata": null, "wikipedia": null, "garden_typ": null, "access": null, "note": null, "female": null, "toilets_di": null, "male": null, "wheelchair": null, "alt_name": null, "old_name": null, "PERIMETER": null, "ENCLOSED_A": null }, "geometry": { "type": "MultiPolygon", "coordinates": [ [ [ [ 114.3577516713911, 30.527851069924282 ], [ 114.3577275, 30.5278618 ], [ 114.357927489066682, 30.528196198039129 ], [ 114.3577516713911, 30.527851069924282 ] ] ] ] } },
{ "type": "Feature", "properties": { "GM_LAYER": "building", "GM_TYPE": "Misc. Manmade Structure", "ELEVATION": 0, "visible": "true", "version": 1, "changeset": 7612604, "timestamp": "2011-03-20T06:21:11Z", "user": "GeoSUN", "uid": 414582, "covered": null, "leisure": null, "name": null, "sport": null, "id": 104950000.0, "building": "yes", "building_l": 0, "height": null, "shop": null, "landuse": null, "addr_city": null, "addr_house": null, "addr_postc": 0, "addr_stree": null, "name_en": null, "website": null, "amenity": null, "addr_distr": null, "addr_hous1": null, "addr_provi": null, "int_name": null, "natural": null, "descriptio": null, "cuisine": null, "fast_food": null, "level": 0, "opening_h9": null, "designatio": null, "layer": 0, "area": null, "location": null, "public_tra": null, "railway": null, "subway": null, "station": null, "surface": null, "name_zh": null, "admin_leve": 0, "boundary": null, "water": null, "place": null, "building_p": null, "min_height": 0, "min": 0, "name_zh_H1": null, "name_zh_Ha": null, "operator": null, "operator_t": null, "short_name": null, "short_nam1": null, "short_nam2": null, "wikidata": null, "wikipedia": null, "garden_typ": null, "access": null, "note": null, "female": null, "toilets_di": null, "male": null, "wheelchair": null, "alt_name": null, "old_name": null, "PERIMETER": null, "ENCLOSED_A": null }, "geometry": { "type": "MultiPolygon", "coordinates": [ [ [ [ 114.3589974, 30.5303514 ], [ 114.3589314, 30.5303717 ], [ 114.3591318, 30.5308565 ], [ 114.3591978, 30.5308362 ], [ 114.3589974, 30.5303514 ] ] ] ] } },
{ "type": "Feature", "properties": { "GM_LAYER": "building", "GM_TYPE": "Misc. Manmade Structure", "ELEVATION": 0, "visible": "true", "version": 1, "changeset": 7612604, "timestamp": "2011-03-20T06:21:11Z", "user": "GeoSUN", "uid": 414582, "covered": null, "leisure": null, "name": null, "sport": null, "id": 104950000.0, "building": "yes", "building_l": 0, "height": null, "shop": null, "landuse": null, "addr_city": null, "addr_house": null, "addr_postc": 0, "addr_stree": null, "name_en": null, "website": null, "amenity": null, "addr_distr": null, "addr_hous1": null, "addr_provi": null, "int_name": null, "natural": null, "descriptio": null, "cuisine": null, "fast_food": null, "level": 0, "opening_h9": null, "designatio": null, "layer": 0, "area": null, "location": null, "public_tra": null, "railway": null, "subway": null, "station": null, "surface": null, "name_zh": null, "admin_leve": 0, "boundary": null, "water": null, "place": null, "building_p": null, "min_height": 0, "min": 0, "name_zh_H1": null, "name_zh_Ha": null, "operator": null, "operator_t": null, "short_name": null, "short_nam1": null, "short_nam2": null, "wikidata": null, "wikipedia": null, "garden_typ": null, "access": null, "note": null, "female": null, "toilets_di": null, "male": null, "wheelchair": null, "alt_name": null, "old_name": null, "PERIMETER": null, "ENCLOSED_A": null }, "geometry": { "type": "MultiPolygon", "coordinates": [ [ [ [ 114.3588998, 30.5302705 ], [ 114.3589059, 30.5303363 ], [ 114.359013976919869, 30.530328961443708 ], [ 114.358981352725607, 30.530264920518256 ], [ 114.3588998, 30.5302705 ] ] ] ] } },
{ "type": "Feature", "properties": { "GM_LAYER": "building", "GM_TYPE": "Misc. Manmade Structure", "ELEVATION": 0, "visible": "true", "version": 1, "changeset": 7612604, "timestamp": "2011-03-20T06:21:11Z", "user": "GeoSUN", "uid": 414582, "covered": null, "leisure": null, "name": null, "sport": null, "id": 104950000.0, "building": "yes", "building_l": 0, "height": null, "shop": null, "landuse": null, "addr_city": null, "addr_house": null, "addr_postc": 0, "addr_stree": null, "name_en": null, "website": null, "amenity": null, "addr_distr": null, "addr_hous1": null, "addr_provi": null, "int_name": null, "natural": null, "descriptio": null, "cuisine": null, "fast_food": null, "level": 0, "opening_h9": null, "designatio": null, "layer": 0, "area": null, "location": null, "public_tra": null, "railway": null, "subway": null, "station": null, "surface": null, "name_zh": null, "admin_leve": 0, "boundary": null, "water": null, "place": null, "building_p": null, "min_height": 0, "min": 0, "name_zh_H1": null, "name_zh_Ha": null, "operator": null, "operator_t": null, "short_name": null, "short_nam1": null, "short_nam2": null, "wikidata": null, "wikipedia": null, "garden_typ": null, "access": null, "note": null, "female": null, "toilets_di": null, "male": null, "wheelchair": null, "alt_name": null, "old_name": null, "PERIMETER": null, "ENCLOSED_A": null }, "geometry": { "type": "MultiPolygon", "coordinates": [ [ [ [ 114.3592051, 30.5309055 ], [ 114.3591408, 30.5309235 ], [ 114.3593774, 30.5315495 ], [ 114.3594417, 30.5315315 ], [ 114.3592051, 30.5309055 ] ] ] ] } },
{ "type": "Feature", "properties": { "GM_LAYER": "building", "GM_TYPE": "Misc. Manmade Structure", "ELEVATION": 0, "visible": "true", "version": 1, "changeset": 7612604, "timestamp": "2011-03-20T06:21:11Z", "user": "GeoSUN", "uid": 414582, "covered": null, "leisure": null, "name": null, "sport": null, "id": 104950000.0, "building": "yes", "building_l": 0, "height": null, "shop": null, "landuse": null, "addr_city": null, "addr_house": null, "addr_postc": 0, "addr_stree": null, "name_en": null, "website": null, "amenity": null, "addr_distr": null, "addr_hous1": null, "addr_provi": null, "int_name": null, "natural": null, "descriptio": null, "cuisine": null, "fast_food": null, "level": 0, "opening_h9": null, "designatio": null, "layer": 0, "area": null, "location": null, "public_tra": null, "railway": null, "subway": null, "station": null, "surface": null, "name_zh": null, "admin_leve": 0, "boundary": null, "water": null, "place": null, "building_p": null, "min_height": 0, "min": 0, "name_zh_H1": null, "name_zh_Ha": null, "operator": null, "operator_t": null, "short_name": null, "short_nam1": null, "short_nam2": null, "wikidata": null, "wikipedia": null, "garden_typ": null, "access": null, "note": null, "female": null, "toilets_di": null, "male": null, "wheelchair": null, "alt_name": null, "old_name": null, "PERIMETER": null, "ENCLOSED_A": null }, "geometry": { "type": "MultiPolygon", "coordinates": [ [ [ [ 114.3587749, 30.5299462 ], [ 114.3588949, 30.5302412 ], [ 114.358959363968196, 30.530221756835395 ], [ 114.358813111821092, 30.529934665519715 ], [ 114.3587749, 30.5299462 ] ] ] ] } },
{ "type": "Feature", "properties": { "GM_LAYER": "building", "GM_TYPE": "Misc. Manmade Structure", "ELEVATION": 0, "visible": "true", "version": 1, "changeset": 7612604, "timestamp": "2011-03-20T06:28:34Z", "user": "GeoSUN", "uid": 414582, "covered": null, "leisure": null, "name": null, "sport": null, "id": 104950000.0, "building": "yes", "building_l": 0, "height": null, "shop": null, "landuse": null, "addr_city": null, "addr_house": null, "addr_postc": 0, "addr_stree": null, "name_en": null, "website": null, "amenity": null, "addr_distr": null, "addr_hous1": null, "addr_provi": null, "int_name": null, "natural": null, "descriptio": null, "cuisine": null, "fast_food": null, "level": 0, "opening_h9": null, "designatio": null, "layer": 0, "area": null, "location": null, "public_tra": null, "railway": null, "subway": null, "station": null, "surface": null, "name_zh": null, "admin_leve": 0, "boundary": null, "water": null, "place": null, "building_p": null, "min_height": 0, "min": 0, "name_zh_H1": null, "name_zh_Ha": null, "operator": null, "operator_t": null, "short_name": null, "short_nam1": null, "short_nam2": null, "wikidata": null, "wikipedia": null, "garden_typ": null, "access": null, "note": null, "female": null, "toilets_di": null, "male": null, "wheelchair": null, "alt_name": null, "old_name": null, "PERIMETER": null, "ENCLOSED_A": null }, "geometry": { "type": "MultiPolygon", "coordinates": [ [ [ [ 114.359175831876328, 30.530646680898187 ], [ 114.3591682, 30.5307151 ], [ 114.359212558579856, 30.530718775003077 ], [ 114.359175831876328, 30.530646680898187 ] ] ] ] } },
{ "type": "Feature", "properties": { "GM_LAYER": "building", "GM_TYPE": "Misc. Manmade Structure", "ELEVATION": 0, "visible": "true", "version": 1, "changeset": 7612604, "timestamp": "2011-03-20T06:28:35Z", "user": "GeoSUN", "uid": 414582, "covered": null, "leisure": null, "name": null, "sport": null, "id": 104950000.0, "building": "yes", "building_l": 0, "height": null, "shop": null, "landuse": null, "addr_city": null, "addr_house": null, "addr_postc": 0, "addr_stree": null, "name_en": null, "website": null, "amenity": null, "addr_distr": null, "addr_hous1": null, "addr_provi": null, "int_name": null, "natural": null, "descriptio": null, "cuisine": null, "fast_food": null, "level": 0, "opening_h9": null, "designatio": null, "layer": 0, "area": null, "location": null, "public_tra": null, "railway": null, "subway": null, "station": null, "surface": null, "name_zh": null, "admin_leve": 0, "boundary": null, "water": null, "place": null, "building_p": null, "min_height": 0, "min": 0, "name_zh_H1": null, "name_zh_Ha": null, "operator": null, "operator_t": null, "short_name": null, "short_nam1": null, "short_nam2": null, "wikidata": null, "wikipedia": null, "garden_typ": null, "access": null, "note": null, "female": null, "toilets_di": null, "male": null, "wheelchair": null, "alt_name": null, "old_name": null, "PERIMETER": null, "ENCLOSED_A": null }, "geometry": { "type": "MultiPolygon", "coordinates": [ [ [ [ 114.3592699, 30.5309428 ], [ 114.3592643, 30.5310351 ], [ 114.359376295110266, 30.531040187965996 ], [ 114.359328036043109, 30.530945455961358 ], [ 114.3592699, 30.5309428 ] ] ] ] } },
{ "type": "Feature", "properties": { "GM_LAYER": "building", "GM_TYPE": "Misc. Manmade Structure", "ELEVATION": 0, "visible": "true", "version": 1, "changeset": 7612604, "timestamp": "2011-03-20T06:28:35Z", "user": "GeoSUN", "uid": 414582, "covered": null, "leisure": null, "name": null, "sport": null, "id": 104950000.0, "building": "yes", "building_l": 0, "height": null, "shop": null, "landuse": null, "addr_city": null, "addr_house": null, "addr_postc": 0, "addr_stree": null, "name_en": null, "website": null, "amenity": null, "addr_distr": null, "addr_hous1": null, "addr_provi": null, "int_name": null, "natural": null, "descriptio": null, "cuisine": null, "fast_food": null, "level": 0, "opening_h9": null, "designatio": null, "layer": 0, "area": null, "location": null, "public_tra": null, "railway": null, "subway": null, "station": null, "surface": null, "name_zh": null, "admin_leve": 0, "boundary": null, "water": null, "place": null, "building_p": null, "min_height": 0, "min": 0, "name_zh_H1": null, "name_zh_Ha": null, "operator": null, "operator_t": null, "short_name": null, "short_nam1": null, "short_nam2": null, "wikidata": null, "wikipedia": null, "garden_typ": null, "access": null, "note": null, "female": null, "toilets_di": null, "male": null, "wheelchair": null, "alt_name": null, "old_name": null, "PERIMETER": null, "ENCLOSED_A": null }, "geometry": { "type": "MultiPolygon", "coordinates": [ [ [ [ 114.3595014, 30.5314645 ], [ 114.359576319665365, 30.531432833912216 ], [ 114.359521126724729, 30.531324490792105 ], [ 114.3594409, 30.5313584 ], [ 114.3595014, 30.5314645 ] ] ] ] } },
{ "type": "Feature", "properties": { "GM_LAYER": "building", "GM_TYPE": "Misc. Manmade Structure", "ELEVATION": 0, "visible": "true", "version": 1, "changeset": 7612604, "timestamp": "2011-03-20T06:28:36Z", "user": "GeoSUN", "uid": 414582, "covered": null, "leisure": null, "name": null, "sport": null, "id": 104950000.0, "building": "yes", "building_l": 0, "height": null, "shop": null, "landuse": null, "addr_city": null, "addr_house": null, "addr_postc": 0, "addr_stree": null, "name_en": null, "website": null, "amenity": null, "addr_distr": null, "addr_hous1": null, "addr_provi": null, "int_name": null, "natural": null, "descriptio": null, "cuisine": null, "fast_food": null, "level": 0, "opening_h9": null, "designatio": null, "layer": 0, "area": null, "location": null, "public_tra": null, "railway": null, "subway": null, "station": null, "surface": null, "name_zh": null, "admin_leve": 0, "boundary": null, "water": null, "place": null, "building_p": null, "min_height": 0, "min": 0, "name_zh_H1": null, "name_zh_Ha": null, "operator": null, "operator_t": null, "short_name": null, "short_nam1": null, "short_nam2": null, "wikidata": null, "wikipedia": null, "garden_typ": null, "access": null, "note": null, "female": null, "toilets_di": null, "male": null, "wheelchair": null, "alt_name": null, "old_name": null, "PERIMETER": null, "ENCLOSED_A": null }, "geometry": { "type": "MultiPolygon", "coordinates": [ [ [ [ 114.3586535, 30.5297127 ], [ 114.358736, 30.5299113 ], [ 114.35879236015154, 30.529893930226379 ], [ 114.358693725210287, 30.529700310948879 ], [ 114.3586535, 30.5297127 ] ] ] ] } },
{ "type": "Feature", "properties": { "GM_LAYER": "building", "GM_TYPE": "Misc. Manmade Structure", "ELEVATION": 0, "visible": "true", "version": 1, "changeset": 7612604, "timestamp": "2011-03-20T06:28:36Z", "user": "GeoSUN", "uid": 414582, "covered": null, "leisure": null, "name": null, "sport": null, "id": 104950000.0, "building": "yes", "building_l": 0, "height": null, "shop": null, "landuse": null, "addr_city": null, "addr_house": null, "addr_postc": 0, "addr_stree": null, "name_en": null, "website": null, "amenity": null, "addr_distr": null, "addr_hous1": null, "addr_provi": null, "int_name": null, "natural": null, "descriptio": null, "cuisine": null, "fast_food": null, "level": 0, "opening_h9": null, "designatio": null, "layer": 0, "area": null, "location": null, "public_tra": null, "railway": null, "subway": null, "station": null, "surface": null, "name_zh": null, "admin_leve": 0, "boundary": null, "water": null, "place": null, "building_p": null, "min_height": 0, "min": 0, "name_zh_H1": null, "name_zh_Ha": null, "operator": null, "operator_t": null, "short_name": null, "short_nam1": null, "short_nam2": null, "wikidata": null, "wikipedia": null, "garden_typ": null, "access": null, "note": null, "female": null, "toilets_di": null, "male": null, "wheelchair": null, "alt_name": null, "old_name": null, "PERIMETER": null, "ENCLOSED_A": null }, "geometry": { "type": "MultiPolygon", "coordinates": [ [ [ [ 114.359090505418479, 30.530479186023548 ], [ 114.3590897, 30.5304897 ], [ 114.359096046852272, 30.530490063795629 ], [ 114.359090505418479, 30.530479186023548 ] ] ] ] } },
{ "type": "Feature", "properties": { "GM_LAYER": "building", "GM_TYPE": "Misc. Manmade Structure", "ELEVATION": 0, "visible": "true", "version": 4, "changeset": 112224052, "timestamp": "2021-10-07T16:05:26Z", "user": "Wei Yuanbiao", "uid": 12389142, "covered": null, "leisure": null, "name": "南极电脑城", "sport": null, "id": 111787000.0, "building": "yes", "building_l": 0, "height": null, "shop": null, "landuse": null, "addr_city": null, "addr_house": null, "addr_postc": 0, "addr_stree": null, "name_en": null, "website": null, "amenity": null, "addr_distr": null, "addr_hous1": null, "addr_provi": null, "int_name": null, "natural": null, "descriptio": null, "cuisine": null, "fast_food": null, "level": 0, "opening_h9": null, "designatio": null, "layer": 0, "area": null, "location": null, "public_tra": null, "railway": null, "subway": null, "station": null, "surface": null, "name_zh": null, "admin_leve": 0, "boundary": null, "water": null, "place": null, "building_p": null, "min_height": 0, "min": 0, "name_zh_H1": null, "name_zh_Ha": null, "operator": null, "operator_t": null, "short_name": null, "short_nam1": null, "short_nam2": null, "wikidata": null, "wikipedia": null, "garden_typ": null, "access": null, "note": null, "female": null, "toilets_di": null, "male": null, "wheelchair": null, "alt_name": null, "old_name": null, "PERIMETER": null, "ENCLOSED_A": null }, "geometry": { "type": "MultiPolygon", "coordinates": [ [ [ [ 114.3543715, 30.5274376 ], [ 114.3541478, 30.5275034 ], [ 114.3541861, 30.5275668 ], [ 114.3543984, 30.5275083 ], [ 114.3544229, 30.5275745 ], [ 114.3545903, 30.5275285 ], [ 114.3546175, 30.5276017 ], [ 114.3547211, 30.5275732 ], [ 114.3549549, 30.5275089 ], [ 114.354854, 30.5272367 ], [ 114.3548111, 30.5271951 ], [ 114.3543322, 30.527343 ], [ 114.3543715, 30.5274376 ] ] ] ] } },
{ "type": "Feature", "properties": { "GM_LAYER": "building", "GM_TYPE": "Misc. Manmade Structure", "ELEVATION": 0, "visible": "true", "version": 1, "changeset": 8181777, "timestamp": "2011-05-18T14:48:05Z", "user": "GeoSUN", "uid": 414582, "covered": null, "leisure": null, "name": null, "sport": null, "id": 113820000.0, "building": "yes", "building_l": 0, "height": null, "shop": null, "landuse": null, "addr_city": null, "addr_house": null, "addr_postc": 0, "addr_stree": null, "name_en": null, "website": null, "amenity": null, "addr_distr": null, "addr_hous1": null, "addr_provi": null, "int_name": null, "natural": null, "descriptio": null, "cuisine": null, "fast_food": null, "level": 0, "opening_h9": null, "designatio": null, "layer": 0, "area": null, "location": null, "public_tra": null, "railway": null, "subway": null, "station": null, "surface": null, "name_zh": null, "admin_leve": 0, "boundary": null, "water": null, "place": null, "building_p": null, "min_height": 0, "min": 0, "name_zh_H1": null, "name_zh_Ha": null, "operator": null, "operator_t": null, "short_name": null, "short_nam1": null, "short_nam2": null, "wikidata": null, "wikipedia": null, "garden_typ": null, "access": null, "note": null, "female": null, "toilets_di": null, "male": null, "wheelchair": null, "alt_name": null, "old_name": null, "PERIMETER": null, "ENCLOSED_A": null }, "geometry": { "type": "MultiPolygon", "coordinates": [ [ [ [ 114.353350421403491, 30.52695252742356 ], [ 114.3533648, 30.5269967 ], [ 114.3536016, 30.5269394 ], [ 114.353581638372845, 30.526878229710796 ], [ 114.353350421403491, 30.52695252742356 ] ] ] ] } },
{ "type": "Feature", "properties": { "GM_LAYER": "building", "GM_TYPE": "Misc. Manmade Structure", "ELEVATION": 0, "visible": "true", "version": 1, "changeset": 8181777, "timestamp": "2011-05-18T14:48:05Z", "user": "GeoSUN", "uid": 414582, "covered": null, "leisure": null, "name": null, "sport": null, "id": 113820000.0, "building": "yes", "building_l": 0, "height": null, "shop": null, "landuse": null, "addr_city": null, "addr_house": null, "addr_postc": 0, "addr_stree": null, "name_en": null, "website": null, "amenity": null, "addr_distr": null, "addr_hous1": null, "addr_provi": null, "int_name": null, "natural": null, "descriptio": null, "cuisine": null, "fast_food": null, "level": 0, "opening_h9": null, "designatio": null, "layer": 0, "area": null, "location": null, "public_tra": null, "railway": null, "subway": null, "station": null, "surface": null, "name_zh": null, "admin_leve": 0, "boundary": null, "water": null, "place": null, "building_p": null, "min_height": 0, "min": 0, "name_zh_H1": null, "name_zh_Ha": null, "operator": null, "operator_t": null, "short_name": null, "short_nam1": null, "short_nam2": null, "wikidata": null, "wikipedia": null, "garden_typ": null, "access": null, "note": null, "female": null, "toilets_di": null, "male": null, "wheelchair": null, "alt_name": null, "old_name": null, "PERIMETER": null, "ENCLOSED_A": null }, "geometry": { "type": "MultiPolygon", "coordinates": [ [ [ [ 114.352831025394295, 30.527119426659361 ], [ 114.3528435, 30.5271528 ], [ 114.3532578, 30.5270261 ], [ 114.353243142111438, 30.526986999832946 ], [ 114.352831025394295, 30.527119426659361 ] ] ] ] } },
{ "type": "Feature", "properties": { "GM_LAYER": "building", "GM_TYPE": "Misc. Manmade Structure", "ELEVATION": 0, "visible": "true", "version": 2, "changeset": 81427519, "timestamp": "2020-02-25T00:25:54Z", "user": "sun-jiao", "uid": 4871040, "covered": null, "leisure": null, "name": "广埠屯资讯广场", "sport": null, "id": 113820000.0, "building": "yes", "building_l": 0, "height": null, "shop": null, "landuse": null, "addr_city": null, "addr_house": null, "addr_postc": 0, "addr_stree": null, "name_en": null, "website": null, "amenity": null, "addr_distr": null, "addr_hous1": null, "addr_provi": null, "int_name": null, "natural": null, "descriptio": null, "cuisine": null, "fast_food": null, "level": 0, "opening_h9": null, "designatio": null, "layer": 1, "area": null, "location": null, "public_tra": null, "railway": null, "subway": null, "station": null, "surface": null, "name_zh": null, "admin_leve": 0, "boundary": null, "water": null, "place": null, "building_p": null, "min_height": 0, "min": 0, "name_zh_H1": null, "name_zh_Ha": null, "operator": null, "operator_t": null, "short_name": null, "short_nam1": null, "short_nam2": null, "wikidata": null, "wikipedia": null, "garden_typ": null, "access": null, "note": null, "female": null, "toilets_di": null, "male": null, "wheelchair": null, "alt_name": null, "old_name": null, "PERIMETER": null, "ENCLOSED_A": null }, "geometry": { "type": "MultiPolygon", "coordinates": [ [ [ [ 114.354440766322867, 30.526602163287919 ], [ 114.3544432, 30.5266088 ], [ 114.3545022, 30.5266513 ], [ 114.3545559, 30.526649 ], [ 114.3553873, 30.5263671 ], [ 114.3553954, 30.5263417 ], [ 114.3554034, 30.5263047 ], [ 114.355429093137417, 30.526284580966994 ], [ 114.354440766322867, 30.526602163287919 ] ] ], [ [ [ 114.355825933609822, 30.526157062906748 ], [ 114.3558487, 30.5261799 ], [ 114.35601845821995, 30.526095198337643 ], [ 114.355825933609822, 30.526157062906748 ] ] ] ] } },
{ "type": "Feature", "properties": { "GM_LAYER": "landuse - construction", "GM_TYPE": "Unknown Area Type", "ELEVATION": 0, "visible": "true", "version": 1, "changeset": 9080911, "timestamp": "2011-08-21T06:45:06Z", "user": "GeoSUN", "uid": 414582, "covered": null, "leisure": null, "name": null, "sport": null, "id": 127025000.0, "building": null, "building_l": 0, "height": null, "shop": null, "landuse": "construction", "addr_city": null, "addr_house": null, "addr_postc": 0, "addr_stree": null, "name_en": null, "website": null, "amenity": null, "addr_distr": null, "addr_hous1": null, "addr_provi": null, "int_name": null, "natural": null, "descriptio": null, "cuisine": null, "fast_food": null, "level": 0, "opening_h9": null, "designatio": null, "layer": 0, "area": null, "location": null, "public_tra": null, "railway": null, "subway": null, "station": null, "surface": null, "name_zh": null, "admin_leve": 0, "boundary": null, "water": null, "place": null, "building_p": null, "min_height": 0, "min": 0, "name_zh_H1": null, "name_zh_Ha": null, "operator": null, "operator_t": null, "short_name": null, "short_nam1": null, "short_nam2": null, "wikidata": null, "wikipedia": null, "garden_typ": null, "access": null, "note": null, "female": null, "toilets_di": null, "male": null, "wheelchair": null, "alt_name": null, "old_name": null, "PERIMETER": null, "ENCLOSED_A": null }, "geometry": { "type": "MultiPolygon", "coordinates": [ [ [ [ 114.3536652, 30.526936 ], [ 114.3543781, 30.5267113 ], [ 114.354344838399697, 30.526632988124426 ], [ 114.353633574764189, 30.526861540818572 ], [ 114.3536652, 30.526936 ] ] ] ] } },
{ "type": "Feature", "properties": { "GM_LAYER": "building", "GM_TYPE": "Misc. Manmade Structure", "ELEVATION": 0, "visible": "true", "version": 5, "changeset": 53332871, "timestamp": "2017-10-29T05:44:21Z", "user": "FlyingXiang", "uid": 1018672, "covered": null, "leisure": null, "name": "2号教学楼", "sport": null, "id": 127026000.0, "building": "yes", "building_l": 0, "height": null, "shop": null, "landuse": null, "addr_city": null, "addr_house": null, "addr_postc": 0, "addr_stree": null, "name_en": null, "website": null, "amenity": null, "addr_distr": null, "addr_hous1": null, "addr_provi": null, "int_name": null, "natural": null, "descriptio": null, "cuisine": null, "fast_food": null, "level": 0, "opening_h9": null, "designatio": null, "layer": 0, "area": null, "location": null, "public_tra": null, "railway": null, "subway": null, "station": null, "surface": null, "name_zh": null, "admin_leve": 0, "boundary": null, "water": null, "place": null, "building_p": null, "min_height": 0, "min": 0, "name_zh_H1": null, "name_zh_Ha": null, "operator": null, "operator_t": null, "short_name": null, "short_nam1": null, "short_nam2": null, "wikidata": null, "wikipedia": null, "garden_typ": null, "access": null, "note": null, "female": null, "toilets_di": null, "male": null, "wheelchair": null, "alt_name": null, "old_name": null, "PERIMETER": null, "ENCLOSED_A": null }, "geometry": { "type": "MultiPolygon", "coordinates": [ [ [ [ 114.3564314, 30.5289112 ], [ 114.3571097, 30.5289081 ], [ 114.3571098, 30.5289226 ], [ 114.35724, 30.5289218 ], [ 114.3572379, 30.5286811 ], [ 114.3571101, 30.5286819 ], [ 114.3571107, 30.5287483 ], [ 114.3569664, 30.5287492 ], [ 114.3567797, 30.5287512 ], [ 114.3565748, 30.5287526 ], [ 114.3565746, 30.5287265 ], [ 114.3564306, 30.5287263 ], [ 114.3564314, 30.5289112 ] ] ] ] } },
{ "type": "Feature", "properties": { "GM_LAYER": "building", "GM_TYPE": "Misc. Manmade Structure", "ELEVATION": 0, "visible": "true", "version": 4, "changeset": 53332871, "timestamp": "2017-10-29T05:44:21Z", "user": "FlyingXiang", "uid": 1018672, "covered": null, "leisure": null, "name": "1号教学楼东（原附2教学楼）", "sport": null, "id": 127026000.0, "building": "yes", "building_l": 0, "height": null, "shop": null, "landuse": null, "addr_city": null, "addr_house": null, "addr_postc": 0, "addr_stree": null, "name_en": null, "website": null, "amenity": null, "addr_distr": null, "addr_hous1": null, "addr_provi": null, "int_name": null, "natural": null, "descriptio": null, "cuisine": null, "fast_food": null, "level": 0, "opening_h9": null, "designatio": null, "layer": 0, "area": null, "location": null, "public_tra": null, "railway": null, "subway": null, "station": null, "surface": null, "name_zh": null, "admin_leve": 0, "boundary": null, "water": null, "place": null, "building_p": null, "min_height": 0, "min": 0, "name_zh_H1": null, "name_zh_Ha": null, "operator": null, "operator_t": null, "short_name": null, "short_nam1": null, "short_nam2": null, "wikidata": null, "wikipedia": null, "garden_typ": null, "access": null, "note": null, "female": null, "toilets_di": null, "male": null, "wheelchair": null, "alt_name": null, "old_name": null, "PERIMETER": null, "ENCLOSED_A": null }, "geometry": { "type": "MultiPolygon", "coordinates": [ [ [ [ 114.3564315, 30.5289192 ], [ 114.3564314, 30.5289112 ], [ 114.3564306, 30.5287263 ], [ 114.3564307, 30.5287051 ], [ 114.3563199, 30.5287046 ], [ 114.3562318, 30.5287046 ], [ 114.3562318, 30.5287233 ], [ 114.3562332, 30.52892 ], [ 114.3563179, 30.5289196 ], [ 114.3564315, 30.5289192 ] ] ] ] } },
{ "type": "Feature", "properties": { "GM_LAYER": "building", "GM_TYPE": "Misc. Manmade Structure", "ELEVATION": 0, "visible": "true", "version": 3, "changeset": 65574893, "timestamp": "2018-12-18T09:15:44Z", "user": "anita8023", "uid": 9253766, "covered": null, "leisure": null, "name": "1号教学楼", "sport": null, "id": 127026000.0, "building": "yes", "building_l": 7, "height": null, "shop": null, "landuse": null, "addr_city": null, "addr_house": null, "addr_postc": 0, "addr_stree": null, "name_en": null, "website": null, "amenity": null, "addr_distr": null, "addr_hous1": null, "addr_provi": null, "int_name": null, "natural": null, "descriptio": null, "cuisine": null, "fast_food": null, "level": 0, "opening_h9": null, "designatio": null, "layer": 0, "area": null, "location": null, "public_tra": null, "railway": null, "subway": null, "station": null, "surface": null, "name_zh": null, "admin_leve": 0, "boundary": null, "water": null, "place": null, "building_p": null, "min_height": 0, "min": 0, "name_zh_H1": null, "name_zh_Ha": null, "operator": null, "operator_t": null, "short_name": null, "short_nam1": null, "short_nam2": null, "wikidata": null, "wikipedia": null, "garden_typ": null, "access": null, "note": null, "female": null, "toilets_di": null, "male": null, "wheelchair": null, "alt_name": null, "old_name": null, "PERIMETER": null, "ENCLOSED_A": null }, "geometry": { "type": "MultiPolygon", "coordinates": [ [ [ [ 114.3551774, 30.5289264 ], [ 114.3562332, 30.52892 ], [ 114.3562318, 30.5287233 ], [ 114.3561009, 30.5287241 ], [ 114.3561011, 30.5287425 ], [ 114.3558172, 30.5287443 ], [ 114.3558168, 30.5286959 ], [ 114.3555905, 30.5286973 ], [ 114.3555909, 30.5287437 ], [ 114.3553086, 30.5287454 ], [ 114.3553084, 30.5287224 ], [ 114.3551757, 30.5287232 ], [ 114.3551774, 30.5289264 ] ] ] ] } },
{ "type": "Feature", "properties": { "GM_LAYER": "building", "GM_TYPE": "Misc. Manmade Structure", "ELEVATION": 0, "visible": "true", "version": 4, "changeset": 53332871, "timestamp": "2017-10-29T05:44:21Z", "user": "FlyingXiang", "uid": 1018672, "covered": null, "leisure": null, "name": "1号教学楼西（原附1教学楼）", "sport": null, "id": 127026000.0, "building": "yes", "building_l": 0, "height": null, "shop": null, "landuse": null, "addr_city": null, "addr_house": null, "addr_postc": 0, "addr_stree": null, "name_en": null, "website": null, "amenity": null, "addr_distr": null, "addr_hous1": null, "addr_provi": null, "int_name": null, "natural": null, "descriptio": null, "cuisine": null, "fast_food": null, "level": 0, "opening_h9": null, "designatio": null, "layer": 0, "area": null, "location": null, "public_tra": null, "railway": null, "subway": null, "station": null, "surface": null, "name_zh": null, "admin_leve": 0, "boundary": null, "water": null, "place": null, "building_p": null, "min_height": 0, "min": 0, "name_zh_H1": null, "name_zh_Ha": null, "operator": null, "operator_t": null, "short_name": null, "short_nam1": null, "short_nam2": null, "wikidata": null, "wikipedia": null, "garden_typ": null, "access": null, "note": null, "female": null, "toilets_di": null, "male": null, "wheelchair": null, "alt_name": null, "old_name": null, "PERIMETER": null, "ENCLOSED_A": null }, "geometry": { "type": "MultiPolygon", "coordinates": [ [ [ [ 114.3549742, 30.5289283 ], [ 114.3550656, 30.5289281 ], [ 114.3551774, 30.5289264 ], [ 114.3551757, 30.5287232 ], [ 114.3551772, 30.5287078 ], [ 114.3550639, 30.5287104 ], [ 114.3549714, 30.528709 ], [ 114.3549705, 30.5287358 ], [ 114.3549717, 30.528908 ], [ 114.3549742, 30.5289283 ] ] ] ] } },
{ "type": "Feature", "properties": { "GM_LAYER": "building", "GM_TYPE": "Misc. Manmade Structure", "ELEVATION": 0, "visible": "true", "version": 5, "changeset": 53332871, "timestamp": "2017-10-29T05:44:21Z", "user": "FlyingXiang", "uid": 1018672, "covered": null, "leisure": null, "name": "印刷包装系（3号教学楼）", "sport": null, "id": 127026000.0, "building": "yes", "building_l": 0, "height": null, "shop": null, "landuse": null, "addr_city": null, "addr_house": null, "addr_postc": 0, "addr_stree": null, "name_en": null, "website": null, "amenity": null, "addr_distr": null, "addr_hous1": "3号教学楼", "addr_provi": null, "int_name": null, "natural": null, "descriptio": null, "cuisine": null, "fast_food": null, "level": 0, "opening_h9": null, "designatio": null, "layer": 0, "area": null, "location": null, "public_tra": null, "railway": null, "subway": null, "station": null, "surface": null, "name_zh": null, "admin_leve": 0, "boundary": null, "water": null, "place": null, "building_p": null, "min_height": 0, "min": 0, "name_zh_H1": null, "name_zh_Ha": null, "operator": null, "operator_t": null, "short_name": null, "short_nam1": null, "short_nam2": null, "wikidata": null, "wikipedia": null, "garden_typ": null, "access": null, "note": null, "female": null, "toilets_di": null, "male": null, "wheelchair": null, "alt_name": null, "old_name": null, "PERIMETER": null, "ENCLOSED_A": null }, "geometry": { "type": "MultiPolygon", "coordinates": [ [ [ [ 114.3549717, 30.528908 ], [ 114.3549705, 30.5287358 ], [ 114.3548417, 30.5287364 ], [ 114.3548419, 30.5287579 ], [ 114.3544398, 30.52876 ], [ 114.3543042, 30.5287608 ], [ 114.3542658, 30.5287609 ], [ 114.3542657, 30.5286835 ], [ 114.3541752, 30.5286836 ], [ 114.3541756, 30.5289096 ], [ 114.3549717, 30.528908 ] ] ] ] } },
{ "type": "Feature", "properties": { "GM_LAYER": "leisure - pitch", "GM_TYPE": "Misc. Manmade Structure", "ELEVATION": 0, "visible": "true", "version": 3, "changeset": 118133253, "timestamp": "2022-03-05T16:48:25Z", "user": "whu131", "uid": 15239342, "covered": null, "leisure": "pitch", "name": "篮球场", "sport": "basketball", "id": 199756000.0, "building": null, "building_l": 0, "height": null, "shop": null, "landuse": null, "addr_city": null, "addr_house": null, "addr_postc": 0, "addr_stree": null, "name_en": null, "website": null, "amenity": null, "addr_distr": null, "addr_hous1": null, "addr_provi": null, "int_name": null, "natural": null, "descriptio": null, "cuisine": null, "fast_food": null, "level": 0, "opening_h9": null, "designatio": null, "layer": 0, "area": null, "location": null, "public_tra": null, "railway": null, "subway": null, "station": null, "surface": null, "name_zh": null, "admin_leve": 0, "boundary": null, "water": null, "place": null, "building_p": null, "min_height": 0, "min": 0, "name_zh_H1": null, "name_zh_Ha": null, "operator": null, "operator_t": null, "short_name": null, "short_nam1": null, "short_nam2": null, "wikidata": null, "wikipedia": null, "garden_typ": null, "access": null, "note": null, "female": null, "toilets_di": null, "male": null, "wheelchair": null, "alt_name": null, "old_name": null, "PERIMETER": null, "ENCLOSED_A": null }, "geometry": { "type": "MultiPolygon", "coordinates": [ [ [ [ 114.3566799, 30.5309064 ], [ 114.3571512, 30.5309121 ], [ 114.3571512, 30.5306533 ], [ 114.3566813, 30.5306521 ], [ 114.3566799, 30.5309064 ] ] ] ] } },
{ "type": "Feature", "properties": { "GM_LAYER": "building", "GM_TYPE": "Misc. Manmade Structure", "ELEVATION": 0, "visible": "true", "version": 2, "changeset": 14716252, "timestamp": "2013-01-20T06:17:38Z", "user": "kun3721", "uid": 1195808, "covered": null, "leisure": null, "name": "11栋", "sport": null, "id": 202059000.0, "building": "yes", "building_l": 0, "height": null, "shop": null, "landuse": null, "addr_city": null, "addr_house": null, "addr_postc": 0, "addr_stree": null, "name_en": null, "website": null, "amenity": null, "addr_distr": null, "addr_hous1": null, "addr_provi": null, "int_name": null, "natural": null, "descriptio": null, "cuisine": null, "fast_food": null, "level": 0, "opening_h9": null, "designatio": null, "layer": 0, "area": null, "location": null, "public_tra": null, "railway": null, "subway": null, "station": null, "surface": null, "name_zh": null, "admin_leve": 0, "boundary": null, "water": null, "place": null, "building_p": null, "min_height": 0, "min": 0, "name_zh_H1": null, "name_zh_Ha": null, "operator": null, "operator_t": null, "short_name": null, "short_nam1": null, "short_nam2": null, "wikidata": null, "wikipedia": null, "garden_typ": null, "access": null, "note": null, "female": null, "toilets_di": null, "male": null, "wheelchair": null, "alt_name": null, "old_name": null, "PERIMETER": null, "ENCLOSED_A": null }, "geometry": { "type": "MultiPolygon", "coordinates": [ [ [ [ 114.3534285, 30.5330579 ], [ 114.3534275, 30.5329041 ], [ 114.3532695, 30.5329048 ], [ 114.3532697, 30.5329484 ], [ 114.3532153, 30.5329487 ], [ 114.353215, 30.5329012 ], [ 114.3530714, 30.5329019 ], [ 114.3530717, 30.5329408 ], [ 114.353027, 30.532941 ], [ 114.3530268, 30.5329029 ], [ 114.3528324, 30.5329038 ], [ 114.3528334, 30.5330607 ], [ 114.3534285, 30.5330579 ] ] ] ] } },
{ "type": "Feature", "properties": { "GM_LAYER": "building", "GM_TYPE": "Misc. Manmade Structure", "ELEVATION": 0, "visible": "true", "version": 3, "changeset": 25879259, "timestamp": "2014-10-05T16:21:10Z", "user": "SimpleLuke", "uid": 2092629, "covered": null, "leisure": null, "name": "教学实验大楼", "sport": null, "id": 202280000.0, "building": "yes", "building_l": 0, "height": null, "shop": null, "landuse": null, "addr_city": null, "addr_house": null, "addr_postc": 0, "addr_stree": null, "name_en": null, "website": null, "amenity": null, "addr_distr": null, "addr_hous1": null, "addr_provi": null, "int_name": null, "natural": null, "descriptio": null, "cuisine": null, "fast_food": null, "level": 0, "opening_h9": null, "designatio": null, "layer": 0, "area": null, "location": null, "public_tra": null, "railway": null, "subway": null, "station": null, "surface": null, "name_zh": null, "admin_leve": 0, "boundary": null, "water": null, "place": null, "building_p": null, "min_height": 0, "min": 0, "name_zh_H1": null, "name_zh_Ha": null, "operator": null, "operator_t": null, "short_name": null, "short_nam1": null, "short_nam2": null, "wikidata": null, "wikipedia": null, "garden_typ": null, "access": null, "note": null, "female": null, "toilets_di": null, "male": null, "wheelchair": null, "alt_name": null, "old_name": null, "PERIMETER": null, "ENCLOSED_A": null }, "geometry": { "type": "MultiPolygon", "coordinates": [ [ [ [ 114.3570461, 30.5275624 ], [ 114.3570461, 30.5274238 ], [ 114.3565553, 30.5274192 ], [ 114.3565004, 30.5274448 ], [ 114.3564784, 30.5274929 ], [ 114.3564732, 30.5275405 ], [ 114.3564772, 30.527856 ], [ 114.3564936, 30.5279067 ], [ 114.3565392, 30.5279298 ], [ 114.3569841, 30.5279299 ], [ 114.357036, 30.5279088 ], [ 114.3570685, 30.5278662 ], [ 114.3570697, 30.5278265 ], [ 114.3570469, 30.527795 ], [ 114.3569816, 30.5277842 ], [ 114.3566491, 30.5277796 ], [ 114.3566545, 30.5275694 ], [ 114.3570461, 30.5275624 ] ] ] ] } },
{ "type": "Feature", "properties": { "GM_LAYER": "railway - platform", "GM_TYPE": "Misc. Manmade Structure", "ELEVATION": 0, "visible": "true", "version": 13, "changeset": 108163473, "timestamp": "2021-07-17T14:58:41Z", "user": "bolo_2020", "uid": 542604, "covered": null, "leisure": null, "name": "街道口地铁站", "sport": null, "id": 203425000.0, "building": null, "building_l": 0, "height": null, "shop": null, "landuse": null, "addr_city": null, "addr_house": null, "addr_postc": 0, "addr_stree": null, "name_en": null, "website": null, "amenity": null, "addr_distr": null, "addr_hous1": null, "addr_provi": null, "int_name": null, "natural": null, "descriptio": null, "cuisine": null, "fast_food": null, "level": 0, "opening_h9": null, "designatio": null, "layer": -2, "area": "yes", "location": "underground", "public_tra": "platform", "railway": "platform", "subway": "yes", "station": null, "surface": null, "name_zh": null, "admin_leve": 0, "boundary": null, "water": null, "place": null, "building_p": null, "min_height": 0, "min": 0, "name_zh_H1": null, "name_zh_Ha": null, "operator": null, "operator_t": null, "short_name": null, "short_nam1": null, "short_nam2": null, "wikidata": null, "wikipedia": null, "garden_typ": null, "access": null, "note": null, "female": null, "toilets_di": null, "male": null, "wheelchair": null, "alt_name": null, "old_name": null, "PERIMETER": null, "ENCLOSED_A": null }, "geometry": { "type": "MultiPolygon", "coordinates": [ [ [ [ 114.347592, 30.5288029 ], [ 114.347735159377407, 30.529159243224136 ], [ 114.3492148, 30.5287544 ], [ 114.3492708, 30.5289003 ], [ 114.3495527, 30.5288194 ], [ 114.3495212, 30.5287395 ], [ 114.349357, 30.5287906 ], [ 114.3491738, 30.5283152 ], [ 114.3493449, 30.5282653 ], [ 114.349337197308643, 30.528242109982365 ], [ 114.349063094506462, 30.528330188341478 ], [ 114.3490696, 30.5283454 ], [ 114.3490836, 30.5283782 ], [ 114.3484374, 30.5285609 ], [ 114.3481849, 30.5286323 ], [ 114.3480747, 30.5286631 ], [ 114.3478423, 30.5287304 ], [ 114.347592, 30.5288029 ] ] ] ] } },
{ "type": "Feature", "properties": { "GM_LAYER": "building", "GM_TYPE": "Misc. Manmade Structure", "ELEVATION": 0, "visible": "true", "version": 8, "changeset": 118770508, "timestamp": "2022-03-22T09:40:45Z", "user": "shutdown00", "uid": 13402096, "covered": null, "leisure": null, "name": "广埠屯地铁站", "sport": null, "id": 203425000.0, "building": "yes", "building_l": 0, "height": null, "shop": null, "landuse": null, "addr_city": null, "addr_house": null, "addr_postc": 0, "addr_stree": null, "name_en": null, "website": null, "amenity": null, "addr_distr": null, "addr_hous1": null, "addr_provi": null, "int_name": null, "natural": null, "descriptio": null, "cuisine": null, "fast_food": null, "level": 0, "opening_h9": null, "designatio": null, "layer": -2, "area": null, "location": "underground", "public_tra": "station", "railway": null, "subway": "yes", "station": "subway", "surface": null, "name_zh": null, "admin_leve": 0, "boundary": null, "water": null, "place": null, "building_p": null, "min_height": 0, "min": 0, "name_zh_H1": null, "name_zh_Ha": null, "operator": null, "operator_t": null, "short_name": null, "short_nam1": null, "short_nam2": null, "wikidata": null, "wikipedia": null, "garden_typ": null, "access": null, "note": null, "female": null, "toilets_di": null, "male": null, "wheelchair": null, "alt_name": null, "old_name": null, "PERIMETER": null, "ENCLOSED_A": null }, "geometry": { "type": "MultiPolygon", "coordinates": [ [ [ [ 114.3565926, 30.5263329 ], [ 114.3567006, 30.5262818 ], [ 114.3571582, 30.5269274 ], [ 114.3572296, 30.5268973 ], [ 114.3567561, 30.5262515 ], [ 114.356892197334474, 30.526163932042401 ], [ 114.356781670260517, 30.525946968642472 ], [ 114.3565988, 30.5260558 ], [ 114.356575, 30.5260185 ], [ 114.35676613763971, 30.525916478282991 ], [ 114.3567392, 30.5258636 ], [ 114.3563891, 30.5260456 ], [ 114.3565926, 30.5263329 ] ] ] ] } },
{ "type": "Feature", "properties": { "GM_LAYER": "leisure - pitch", "GM_TYPE": "Misc. Manmade Structure", "ELEVATION": 0, "visible": "true", "version": 2, "changeset": 68540363, "timestamp": "2019-03-26T10:23:40Z", "user": "Yienlilu", "uid": 9332744, "covered": null, "leisure": "pitch", "name": "国家网络安全学院露天篮球场", "sport": "basketball", "id": 220976000.0, "building": null, "building_l": 0, "height": null, "shop": null, "landuse": null, "addr_city": null, "addr_house": null, "addr_postc": 0, "addr_stree": null, "name_en": null, "website": null, "amenity": null, "addr_distr": null, "addr_hous1": null, "addr_provi": null, "int_name": null, "natural": null, "descriptio": null, "cuisine": null, "fast_food": null, "level": 0, "opening_h9": null, "designatio": null, "layer": 0, "area": null, "location": null, "public_tra": null, "railway": null, "subway": null, "station": null, "surface": "paved", "name_zh": null, "admin_leve": 0, "boundary": null, "water": null, "place": null, "building_p": null, "min_height": 0, "min": 0, "name_zh_H1": null, "name_zh_Ha": null, "operator": null, "operator_t": null, "short_name": null, "short_nam1": null, "short_nam2": null, "wikidata": null, "wikipedia": null, "garden_typ": null, "access": null, "note": null, "female": null, "toilets_di": null, "male": null, "wheelchair": null, "alt_name": null, "old_name": null, "PERIMETER": null, "ENCLOSED_A": null }, "geometry": { "type": "MultiPolygon", "coordinates": [ [ [ [ 114.3507628, 30.5306254 ], [ 114.351106, 30.5306225 ], [ 114.3511177, 30.5302634 ], [ 114.3507628, 30.5302606 ], [ 114.3507628, 30.5306254 ] ] ] ] } },
{ "type": "Feature", "properties": { "GM_LAYER": "amenity - school", "GM_TYPE": "Misc. Manmade Structure", "ELEVATION": 0, "visible": "true", "version": 3, "changeset": 118059411, "timestamp": "2022-03-03T15:07:05Z", "user": "Wei Yuanbiao", "uid": 12389142, "covered": null, "leisure": null, "name": "武漢大學附屬中學 (初中部)", "sport": null, "id": 229798000.0, "building": null, "building_l": 0, "height": null, "shop": null, "landuse": null, "addr_city": null, "addr_house": null, "addr_postc": 0, "addr_stree": null, "name_en": null, "website": null, "amenity": "school", "addr_distr": null, "addr_hous1": null, "addr_provi": null, "int_name": null, "natural": null, "descriptio": null, "cuisine": null, "fast_food": null, "level": 0, "opening_h9": null, "designatio": null, "layer": 0, "area": null, "location": null, "public_tra": null, "railway": null, "subway": null, "station": null, "surface": null, "name_zh": "武汉大学附属中学（初中部）", "admin_leve": 0, "boundary": null, "water": null, "place": null, "building_p": null, "min_height": 0, "min": 0, "name_zh_H1": null, "name_zh_Ha": null, "operator": null, "operator_t": null, "short_name": null, "short_nam1": null, "short_nam2": null, "wikidata": null, "wikipedia": null, "garden_typ": null, "access": null, "note": null, "female": null, "toilets_di": null, "male": null, "wheelchair": null, "alt_name": null, "old_name": null, "PERIMETER": null, "ENCLOSED_A": null }, "geometry": { "type": "MultiPolygon", "coordinates": [ [ [ [ 114.3597858, 30.5326577 ], [ 114.35978963984752, 30.532665942644869 ], [ 114.3599402, 30.5326083 ], [ 114.3597858, 30.5326577 ] ] ] ] } },
{ "type": "Feature", "properties": { "GM_LAYER": "boundary - administrative", "GM_TYPE": "Unknown Area Type", "ELEVATION": 0, "visible": "true", "version": 3, "changeset": 102283476, "timestamp": "2021-04-04T18:30:56Z", "user": "rza31", "uid": 2137840, "covered": null, "leisure": null, "name": null, "sport": null, "id": 234858000.0, "building": null, "building_l": 0, "height": null, "shop": null, "landuse": null, "addr_city": null, "addr_house": null, "addr_postc": 0, "addr_stree": null, "name_en": null, "website": null, "amenity": null, "addr_distr": null, "addr_hous1": null, "addr_provi": null, "int_name": null, "natural": null, "descriptio": null, "cuisine": null, "fast_food": null, "level": 0, "opening_h9": null, "designatio": null, "layer": 0, "area": null, "location": null, "public_tra": null, "railway": null, "subway": null, "station": null, "surface": null, "name_zh": null, "admin_leve": 6, "boundary": "administrative", "water": null, "place": null, "building_p": null, "min_height": 0, "min": 0, "name_zh_H1": null, "name_zh_Ha": null, "operator": null, "operator_t": null, "short_name": null, "short_nam1": null, "short_nam2": null, "wikidata": null, "wikipedia": null, "garden_typ": null, "access": null, "note": null, "female": null, "toilets_di": null, "male": null, "wheelchair": null, "alt_name": null, "old_name": null, "PERIMETER": null, "ENCLOSED_A": null }, "geometry": { "type": "MultiPolygon", "coordinates": [ [ [ [ 114.350580065548343, 30.536240602864648 ], [ 114.352528205717931, 30.535693135277526 ], [ 114.3543527, 30.5347475 ], [ 114.3599402, 30.5326083 ], [ 114.360020317024379, 30.532377164318333 ], [ 114.359653, 30.5324536 ], [ 114.3548022, 30.5341112 ], [ 114.3543572, 30.5342889 ], [ 114.3521612, 30.5353687 ], [ 114.3519768, 30.5355063 ], [ 114.3507241, 30.5361341 ], [ 114.350571576332669, 30.536219472048501 ], [ 114.350580065548343, 30.536240602864648 ] ] ] ] } },
{ "type": "Feature", "properties": { "GM_LAYER": "building - dormitory", "GM_TYPE": "Misc. Manmade Structure", "ELEVATION": 0, "visible": "true", "version": 4, "changeset": 25879259, "timestamp": "2014-10-05T16:21:09Z", "user": "SimpleLuke", "uid": 2092629, "covered": null, "leisure": null, "name": "学生宿舍新5栋", "sport": null, "id": 236801000.0, "building": "dormitory", "building_l": 0, "height": null, "shop": null, "landuse": null, "addr_city": null, "addr_house": null, "addr_postc": 0, "addr_stree": null, "name_en": null, "website": null, "amenity": null, "addr_distr": null, "addr_hous1": null, "addr_provi": null, "int_name": null, "natural": null, "descriptio": null, "cuisine": null, "fast_food": null, "level": 0, "opening_h9": null, "designatio": null, "layer": 0, "area": null, "location": null, "public_tra": null, "railway": null, "subway": null, "station": null, "surface": null, "name_zh": null, "admin_leve": 0, "boundary": null, "water": null, "place": null, "building_p": null, "min_height": 0, "min": 0, "name_zh_H1": null, "name_zh_Ha": null, "operator": null, "operator_t": null, "short_name": null, "short_nam1": null, "short_nam2": null, "wikidata": null, "wikipedia": null, "garden_typ": null, "access": null, "note": null, "female": null, "toilets_di": null, "male": null, "wheelchair": null, "alt_name": null, "old_name": null, "PERIMETER": null, "ENCLOSED_A": null }, "geometry": { "type": "MultiPolygon", "coordinates": [ [ [ [ 114.3541938, 30.5313038 ], [ 114.354193, 30.5314649 ], [ 114.3548831, 30.531465 ], [ 114.3548831, 30.5313058 ], [ 114.3541938, 30.5313038 ] ] ] ] } },
{ "type": "Feature", "properties": { "GM_LAYER": "building - dormitory", "GM_TYPE": "Misc. Manmade Structure", "ELEVATION": 0, "visible": "true", "version": 4, "changeset": 53690471, "timestamp": "2017-11-11T13:16:19Z", "user": "WHURSGIS-WCY", "uid": 6969616, "covered": null, "leisure": null, "name": "信息学部7栋", "sport": null, "id": 256668000.0, "building": "dormitory", "building_l": 7, "height": null, "shop": null, "landuse": null, "addr_city": null, "addr_house": null, "addr_postc": 0, "addr_stree": null, "name_en": null, "website": null, "amenity": null, "addr_distr": null, "addr_hous1": null, "addr_provi": null, "int_name": null, "natural": null, "descriptio": null, "cuisine": null, "fast_food": null, "level": 0, "opening_h9": null, "designatio": null, "layer": 0, "area": null, "location": null, "public_tra": null, "railway": null, "subway": null, "station": null, "surface": null, "name_zh": null, "admin_leve": 0, "boundary": null, "water": null, "place": null, "building_p": null, "min_height": 0, "min": 0, "name_zh_H1": null, "name_zh_Ha": null, "operator": null, "operator_t": null, "short_name": null, "short_nam1": null, "short_nam2": null, "wikidata": null, "wikipedia": null, "garden_typ": null, "access": null, "note": null, "female": null, "toilets_di": null, "male": null, "wheelchair": null, "alt_name": null, "old_name": null, "PERIMETER": null, "ENCLOSED_A": null }, "geometry": { "type": "MultiPolygon", "coordinates": [ [ [ [ 114.3530624, 30.5289627 ], [ 114.3539287, 30.5289581 ], [ 114.3539368, 30.5287963 ], [ 114.3537651, 30.528801 ], [ 114.353507, 30.5287984 ], [ 114.353065, 30.528794 ], [ 114.3530624, 30.5289627 ] ] ] ] } },
{ "type": "Feature", "properties": { "GM_LAYER": "building - dormitory", "GM_TYPE": "Misc. Manmade Structure", "ELEVATION": 0, "visible": "true", "version": 3, "changeset": 48587049, "timestamp": "2017-05-11T10:02:36Z", "user": "samsung galaxy s6", "uid": 3691120, "covered": null, "leisure": null, "name": "信息学部9栋", "sport": null, "id": 256668000.0, "building": "dormitory", "building_l": 7, "height": null, "shop": null, "landuse": null, "addr_city": null, "addr_house": null, "addr_postc": 0, "addr_stree": null, "name_en": null, "website": null, "amenity": null, "addr_distr": null, "addr_hous1": null, "addr_provi": null, "int_name": null, "natural": null, "descriptio": null, "cuisine": null, "fast_food": null, "level": 0, "opening_h9": null, "designatio": null, "layer": 0, "area": null, "location": null, "public_tra": null, "railway": null, "subway": null, "station": null, "surface": null, "name_zh": null, "admin_leve": 0, "boundary": null, "water": null, "place": null, "building_p": null, "min_height": 0, "min": 0, "name_zh_H1": null, "name_zh_Ha": null, "operator": null, "operator_t": null, "short_name": null, "short_nam1": null, "short_nam2": null, "wikidata": null, "wikipedia": null, "garden_typ": null, "access": null, "note": null, "female": null, "toilets_di": null, "male": null, "wheelchair": null, "alt_name": null, "old_name": null, "PERIMETER": null, "ENCLOSED_A": null }, "geometry": { "type": "MultiPolygon", "coordinates": [ [ [ [ 114.3520993, 30.5285583 ], [ 114.3528299, 30.5285526 ], [ 114.3528334, 30.5284947 ], [ 114.352844, 30.5284063 ], [ 114.3520993, 30.5284197 ], [ 114.3520993, 30.5285583 ] ] ] ] } },
{ "type": "Feature", "properties": { "GM_LAYER": "building - apartments", "GM_TYPE": "Misc. Manmade Structure", "ELEVATION": 0, "visible": "true", "version": 1, "changeset": 21112848, "timestamp": "2014-03-15T08:33:23Z", "user": "LESLIELZX", "uid": 1985689, "covered": null, "leisure": null, "name": "武大信息学部13栋", "sport": null, "id": 266285000.0, "building": "apartments", "building_l": 6, "height": null, "shop": null, "landuse": null, "addr_city": "武汉", "addr_house": null, "addr_postc": 430079, "addr_stree": null, "name_en": null, "website": null, "amenity": null, "addr_distr": null, "addr_hous1": null, "addr_provi": null, "int_name": null, "natural": null, "descriptio": null, "cuisine": null, "fast_food": null, "level": 0, "opening_h9": null, "designatio": null, "layer": 0, "area": null, "location": null, "public_tra": null, "railway": null, "subway": null, "station": null, "surface": null, "name_zh": null, "admin_leve": 0, "boundary": null, "water": null, "place": null, "building_p": null, "min_height": 0, "min": 0, "name_zh_H1": null, "name_zh_Ha": null, "operator": null, "operator_t": null, "short_name": null, "short_nam1": null, "short_nam2": null, "wikidata": null, "wikipedia": null, "garden_typ": null, "access": null, "note": null, "female": null, "toilets_di": null, "male": null, "wheelchair": null, "alt_name": null, "old_name": null, "PERIMETER": null, "ENCLOSED_A": null }, "geometry": { "type": "MultiPolygon", "coordinates": [ [ [ [ 114.3536076, 30.5327284 ], [ 114.3539348, 30.5327284 ], [ 114.3539348, 30.5326359 ], [ 114.3536076, 30.5326359 ], [ 114.3536076, 30.5327284 ] ] ] ] } },
{ "type": "Feature", "properties": { "GM_LAYER": "building - university", "GM_TYPE": "Misc. Manmade Structure", "ELEVATION": 0, "visible": "true", "version": 3, "changeset": 62232286, "timestamp": "2018-09-03T00:58:52Z", "user": "John Bek", "uid": 3800987, "covered": null, "leisure": null, "name": "遥感信息工程学院（5号教学楼）", "sport": null, "id": 273968000.0, "building": "university", "building_l": 4, "height": null, "shop": null, "landuse": null, "addr_city": null, "addr_house": null, "addr_postc": 0, "addr_stree": null, "name_en": null, "website": null, "amenity": null, "addr_distr": null, "addr_hous1": null, "addr_provi": null, "int_name": null, "natural": null, "descriptio": null, "cuisine": null, "fast_food": null, "level": 0, "opening_h9": null, "designatio": null, "layer": 0, "area": null, "location": null, "public_tra": null, "railway": null, "subway": null, "station": null, "surface": null, "name_zh": null, "admin_leve": 0, "boundary": null, "water": null, "place": null, "building_p": null, "min_height": 0, "min": 0, "name_zh_H1": null, "name_zh_Ha": null, "operator": null, "operator_t": null, "short_name": null, "short_nam1": null, "short_nam2": null, "wikidata": null, "wikipedia": null, "garden_typ": null, "access": null, "note": null, "female": null, "toilets_di": null, "male": null, "wheelchair": null, "alt_name": null, "old_name": null, "PERIMETER": null, "ENCLOSED_A": null }, "geometry": { "type": "MultiPolygon", "coordinates": [ [ [ [ 114.3541764, 30.5283784 ], [ 114.3543022, 30.5283794 ], [ 114.3544378, 30.528379 ], [ 114.3549821, 30.5283786 ], [ 114.3549818, 30.5281912 ], [ 114.3548637, 30.5281913 ], [ 114.3548637, 30.5282167 ], [ 114.3544841, 30.5282171 ], [ 114.3543366, 30.5282165 ], [ 114.3543066, 30.5282163 ], [ 114.3543068, 30.5281915 ], [ 114.3541778, 30.5281908 ], [ 114.3541764, 30.5283784 ] ] ] ] } },
{ "type": "Feature", "properties": { "GM_LAYER": "building - university", "GM_TYPE": "Misc. Manmade Structure", "ELEVATION": 0, "visible": "true", "version": 3, "changeset": 62232286, "timestamp": "2018-09-03T00:58:52Z", "user": "John Bek", "uid": 3800987, "covered": null, "leisure": null, "name": "附3教学楼", "sport": null, "id": 273968000.0, "building": "university", "building_l": 5, "height": null, "shop": null, "landuse": null, "addr_city": null, "addr_house": null, "addr_postc": 0, "addr_stree": null, "name_en": null, "website": null, "amenity": null, "addr_distr": null, "addr_hous1": null, "addr_provi": null, "int_name": null, "natural": null, "descriptio": null, "cuisine": null, "fast_food": null, "level": 0, "opening_h9": null, "designatio": null, "layer": 0, "area": null, "location": null, "public_tra": null, "railway": null, "subway": null, "station": null, "surface": null, "name_zh": null, "admin_leve": 0, "boundary": null, "water": null, "place": null, "building_p": null, "min_height": 0, "min": 0, "name_zh_H1": null, "name_zh_Ha": null, "operator": null, "operator_t": null, "short_name": null, "short_nam1": null, "short_nam2": null, "wikidata": null, "wikipedia": null, "garden_typ": null, "access": null, "note": null, "female": null, "toilets_di": null, "male": null, "wheelchair": null, "alt_name": null, "old_name": null, "PERIMETER": null, "ENCLOSED_A": null }, "geometry": { "type": "MultiPolygon", "coordinates": [ [ [ [ 114.3544398, 30.52876 ], [ 114.3544386, 30.5286355 ], [ 114.3544378, 30.528379 ], [ 114.3543022, 30.5283794 ], [ 114.3543031, 30.5286354 ], [ 114.3543042, 30.5287608 ], [ 114.3544398, 30.52876 ] ] ] ] } },
{ "type": "Feature", "properties": { "GM_LAYER": "building - commercial", "GM_TYPE": "Misc. Manmade Structure", "ELEVATION": 0, "visible": "true", "version": 2, "changeset": 25879259, "timestamp": "2014-10-05T16:21:10Z", "user": "SimpleLuke", "uid": 2092629, "covered": null, "leisure": null, "name": null, "sport": null, "id": 273980000.0, "building": "commercial", "building_l": 0, "height": null, "shop": "yes", "landuse": null, "addr_city": null, "addr_house": null, "addr_postc": 0, "addr_stree": null, "name_en": null, "website": null, "amenity": null, "addr_distr": null, "addr_hous1": null, "addr_provi": null, "int_name": null, "natural": null, "descriptio": null, "cuisine": null, "fast_food": null, "level": 0, "opening_h9": null, "designatio": null, "layer": 0, "area": null, "location": null, "public_tra": null, "railway": null, "subway": null, "station": null, "surface": null, "name_zh": null, "admin_leve": 0, "boundary": null, "water": null, "place": null, "building_p": null, "min_height": 0, "min": 0, "name_zh_H1": null, "name_zh_Ha": null, "operator": null, "operator_t": null, "short_name": null, "short_nam1": null, "short_nam2": null, "wikidata": null, "wikipedia": null, "garden_typ": null, "access": null, "note": null, "female": null, "toilets_di": null, "male": null, "wheelchair": null, "alt_name": null, "old_name": null, "PERIMETER": null, "ENCLOSED_A": null }, "geometry": { "type": "MultiPolygon", "coordinates": [ [ [ [ 114.352322, 30.5305926 ], [ 114.3523327, 30.5300589 ], [ 114.352255, 30.5300577 ], [ 114.3522402, 30.5305914 ], [ 114.352322, 30.5305926 ] ] ] ] } },
{ "type": "Feature", "properties": { "GM_LAYER": "amenity - restaurant", "GM_TYPE": "Misc. Manmade Structure", "ELEVATION": 0, "visible": "true", "version": 2, "changeset": 88208185, "timestamp": "2020-07-19T22:17:51Z", "user": "Metrohsrtheedit", "uid": 7030314, "covered": null, "leisure": null, "name": "信息学部一食堂", "sport": null, "id": 286544000.0, "building": "yes", "building_l": 0, "height": null, "shop": null, "landuse": null, "addr_city": null, "addr_house": null, "addr_postc": 0, "addr_stree": null, "name_en": null, "website": null, "amenity": "restaurant", "addr_distr": null, "addr_hous1": null, "addr_provi": null, "int_name": null, "natural": null, "descriptio": null, "cuisine": null, "fast_food": "cafeteria", "level": 0, "opening_h9": null, "designatio": null, "layer": 0, "area": null, "location": null, "public_tra": null, "railway": null, "subway": null, "station": null, "surface": null, "name_zh": null, "admin_leve": 0, "boundary": null, "water": null, "place": null, "building_p": null, "min_height": 0, "min": 0, "name_zh_H1": null, "name_zh_Ha": null, "operator": null, "operator_t": null, "short_name": null, "short_nam1": null, "short_nam2": null, "wikidata": null, "wikipedia": null, "garden_typ": null, "access": null, "note": null, "female": null, "toilets_di": null, "male": null, "wheelchair": null, "alt_name": null, "old_name": null, "PERIMETER": null, "ENCLOSED_A": null }, "geometry": { "type": "MultiPolygon", "coordinates": [ [ [ [ 114.3533893, 30.5309252 ], [ 114.3539962, 30.5309225 ], [ 114.3539963, 30.5304974 ], [ 114.3533901, 30.530502 ], [ 114.3533893, 30.5309252 ] ] ] ] } },
{ "type": "Feature", "properties": { "GM_LAYER": "natural - water", "GM_TYPE": "Lake, Unknown Area", "ELEVATION": 0, "visible": "true", "version": 3, "changeset": 53332871, "timestamp": "2017-10-29T05:44:22Z", "user": "FlyingXiang", "uid": 1018672, "covered": null, "leisure": null, "name": "星湖", "sport": null, "id": 295112000.0, "building": null, "building_l": 0, "height": null, "shop": null, "landuse": null, "addr_city": null, "addr_house": null, "addr_postc": 0, "addr_stree": null, "name_en": null, "website": null, "amenity": null, "addr_distr": null, "addr_hous1": null, "addr_provi": null, "int_name": null, "natural": "water", "descriptio": null, "cuisine": null, "fast_food": null, "level": 0, "opening_h9": null, "designatio": null, "layer": 0, "area": null, "location": null, "public_tra": null, "railway": null, "subway": null, "station": null, "surface": null, "name_zh": null, "admin_leve": 0, "boundary": null, "water": "lake", "place": null, "building_p": null, "min_height": 0, "min": 0, "name_zh_H1": null, "name_zh_Ha": null, "operator": null, "operator_t": null, "short_name": null, "short_nam1": null, "short_nam2": null, "wikidata": null, "wikipedia": null, "garden_typ": null, "access": null, "note": null, "female": null, "toilets_di": null, "male": null, "wheelchair": null, "alt_name": null, "old_name": null, "PERIMETER": null, "ENCLOSED_A": null }, "geometry": { "type": "MultiPolygon", "coordinates": [ [ [ [ 114.3538133, 30.5297961 ], [ 114.3539267, 30.529822 ], [ 114.3539415, 30.5298478 ], [ 114.3542658, 30.5298552 ], [ 114.3542897, 30.529814 ], [ 114.354346, 30.5297862 ], [ 114.3544613, 30.5297862 ], [ 114.3545981, 30.5297031 ], [ 114.3546062, 30.5296337 ], [ 114.354582, 30.5295806 ], [ 114.3545498, 30.5295506 ], [ 114.3545793, 30.5294928 ], [ 114.3545311, 30.5294466 ], [ 114.3543969, 30.529472 ], [ 114.3542576, 30.5293772 ], [ 114.3541641, 30.5293789 ], [ 114.3540718, 30.5294108 ], [ 114.3540129, 30.5294444 ], [ 114.3539425, 30.529442 ], [ 114.3538856, 30.5294403 ], [ 114.353847, 30.5294945 ], [ 114.3538262, 30.529537 ], [ 114.3537444, 30.5296354 ], [ 114.3537031, 30.5297064 ], [ 114.353676, 30.5297949 ], [ 114.3537368, 30.5298189 ], [ 114.3538133, 30.5297961 ] ] ] ] } },
{ "type": "Feature", "properties": { "GM_LAYER": "building - dormitory", "GM_TYPE": "Misc. Manmade Structure", "ELEVATION": 0, "visible": "true", "version": 9, "changeset": 133847890, "timestamp": "2023-03-19T08:11:06Z", "user": "Peripheries", "uid": 18699947, "covered": null, "leisure": null, "name": "学生宿舍新2栋", "sport": null, "id": 305554000.0, "building": "dormitory", "building_l": 0, "height": null, "shop": null, "landuse": null, "addr_city": null, "addr_house": null, "addr_postc": 0, "addr_stree": null, "name_en": null, "website": null, "amenity": null, "addr_distr": null, "addr_hous1": null, "addr_provi": null, "int_name": null, "natural": null, "descriptio": null, "cuisine": null, "fast_food": null, "level": 0, "opening_h9": null, "designatio": null, "layer": 0, "area": null, "location": null, "public_tra": null, "railway": null, "subway": null, "station": null, "surface": null, "name_zh": null, "admin_leve": 0, "boundary": null, "water": null, "place": null, "building_p": null, "min_height": 0, "min": 0, "name_zh_H1": null, "name_zh_Ha": null, "operator": null, "operator_t": null, "short_name": null, "short_nam1": null, "short_nam2": null, "wikidata": null, "wikipedia": null, "garden_typ": null, "access": null, "note": null, "female": null, "toilets_di": null, "male": null, "wheelchair": null, "alt_name": null, "old_name": null, "PERIMETER": null, "ENCLOSED_A": null }, "geometry": { "type": "MultiPolygon", "coordinates": [ [ [ [ 114.3548508, 30.5304852 ], [ 114.3548506, 30.5302595 ], [ 114.3548504, 30.5300795 ], [ 114.3547193, 30.5300796 ], [ 114.3547194, 30.5301918 ], [ 114.3546482, 30.5301921 ], [ 114.3546443, 30.5301919 ], [ 114.3541666, 30.5301928 ], [ 114.354167, 30.5303718 ], [ 114.3542407, 30.5303716 ], [ 114.3547051, 30.5303682 ], [ 114.3547056, 30.5304853 ], [ 114.3548508, 30.5304852 ] ] ] ] } },
{ "type": "Feature", "properties": { "GM_LAYER": "building - university", "GM_TYPE": "Misc. Manmade Structure", "ELEVATION": 0, "visible": "true", "version": 4, "changeset": 120659211, "timestamp": "2022-05-07T09:16:53Z", "user": "636663", "uid": 15396410, "covered": null, "leisure": null, "name": "测绘遥感国家重点实验室", "sport": null, "id": 306408000.0, "building": "university", "building_l": 4, "height": null, "shop": null, "landuse": null, "addr_city": null, "addr_house": null, "addr_postc": 0, "addr_stree": null, "name_en": "LIESMARS", "website": null, "amenity": null, "addr_distr": null, "addr_hous1": null, "addr_provi": null, "int_name": null, "natural": null, "descriptio": null, "cuisine": null, "fast_food": null, "level": 0, "opening_h9": null, "designatio": null, "layer": 0, "area": null, "location": null, "public_tra": null, "railway": null, "subway": null, "station": null, "surface": null, "name_zh": null, "admin_leve": 0, "boundary": null, "water": null, "place": null, "building_p": null, "min_height": 0, "min": 0, "name_zh_H1": null, "name_zh_Ha": null, "operator": null, "operator_t": null, "short_name": null, "short_nam1": null, "short_nam2": null, "wikidata": null, "wikipedia": null, "garden_typ": null, "access": null, "note": null, "female": null, "toilets_di": null, "male": null, "wheelchair": null, "alt_name": null, "old_name": null, "PERIMETER": null, "ENCLOSED_A": null }, "geometry": { "type": "MultiPolygon", "coordinates": [ [ [ [ 114.3548221, 30.5291721 ], [ 114.354822, 30.5291929 ], [ 114.3545607, 30.5291916 ], [ 114.3545598, 30.529315 ], [ 114.3546093, 30.5293152 ], [ 114.3546084, 30.5294444 ], [ 114.3546558, 30.5294447 ], [ 114.3546538, 30.5297108 ], [ 114.3548885, 30.5297121 ], [ 114.3548893, 30.5296133 ], [ 114.3549638, 30.5296137 ], [ 114.354966, 30.529301 ], [ 114.3549465, 30.5293009 ], [ 114.3549474, 30.5291727 ], [ 114.3548221, 30.5291721 ] ] ] ] } },
{ "type": "Feature", "properties": { "GM_LAYER": "landuse - grass", "GM_TYPE": "Unknown Area Type", "ELEVATION": 0, "visible": "true", "version": 2, "changeset": 26777508, "timestamp": "2014-11-14T13:55:42Z", "user": "SimpleLuke", "uid": 2092629, "covered": null, "leisure": null, "name": null, "sport": null, "id": 306408000.0, "building": null, "building_l": 0, "height": null, "shop": null, "landuse": "grass", "addr_city": null, "addr_house": null, "addr_postc": 0, "addr_stree": null, "name_en": null, "website": null, "amenity": null, "addr_distr": null, "addr_hous1": null, "addr_provi": null, "int_name": null, "natural": null, "descriptio": null, "cuisine": null, "fast_food": null, "level": 0, "opening_h9": null, "designatio": null, "layer": 0, "area": null, "location": null, "public_tra": null, "railway": null, "subway": null, "station": null, "surface": null, "name_zh": null, "admin_leve": 0, "boundary": null, "water": null, "place": null, "building_p": null, "min_height": 0, "min": 0, "name_zh_H1": null, "name_zh_Ha": null, "operator": null, "operator_t": null, "short_name": null, "short_nam1": null, "short_nam2": null, "wikidata": null, "wikipedia": null, "garden_typ": null, "access": null, "note": null, "female": null, "toilets_di": null, "male": null, "wheelchair": null, "alt_name": null, "old_name": null, "PERIMETER": null, "ENCLOSED_A": null }, "geometry": { "type": "MultiPolygon", "coordinates": [ [ [ [ 114.352476, 30.5348217 ], [ 114.3526071, 30.5348744 ], [ 114.3529444, 30.53472 ], [ 114.3531054, 30.5346495 ], [ 114.3529071, 30.5346556 ], [ 114.3522533, 30.5346757 ], [ 114.3524027, 30.5347763 ], [ 114.352476, 30.5348217 ] ] ] ] } },
{ "type": "Feature", "properties": { "GM_LAYER": "shop - mail", "GM_TYPE": "Misc. Manmade Structure", "ELEVATION": 15, "visible": "true", "version": 6, "changeset": 133822579, "timestamp": "2023-03-18T13:18:06Z", "user": "ranyan QIAN", "uid": 18759641, "covered": null, "leisure": null, "name": "銀泰創意城", "sport": null, "id": 306408000.0, "building": "commercial", "building_l": 22, "height": "15", "shop": "mail", "landuse": null, "addr_city": null, "addr_house": null, "addr_postc": 0, "addr_stree": null, "name_en": null, "website": null, "amenity": null, "addr_distr": null, "addr_hous1": null, "addr_provi": null, "int_name": null, "natural": null, "descriptio": null, "cuisine": null, "fast_food": null, "level": 0, "opening_h9": null, "designatio": null, "layer": 0, "area": null, "location": null, "public_tra": null, "railway": null, "subway": null, "station": null, "surface": null, "name_zh": "銀泰創意城", "admin_leve": 0, "boundary": null, "water": null, "place": null, "building_p": null, "min_height": 0, "min": 0, "name_zh_H1": null, "name_zh_Ha": null, "operator": null, "operator_t": null, "short_name": null, "short_nam1": null, "short_nam2": null, "wikidata": null, "wikipedia": null, "garden_typ": null, "access": null, "note": null, "female": null, "toilets_di": null, "male": null, "wheelchair": null, "alt_name": null, "old_name": null, "PERIMETER": null, "ENCLOSED_A": null }, "geometry": { "type": "MultiPolygon", "coordinates": [ [ [ [ 114.3498775, 30.529048 ], [ 114.3501397, 30.529048 ], [ 114.3501434, 30.5290587 ], [ 114.3518859, 30.5290143 ], [ 114.3518774, 30.5285703 ], [ 114.3518724, 30.5283084 ], [ 114.3514219, 30.5283976 ], [ 114.3504667, 30.5285761 ], [ 114.3501573, 30.5286676 ], [ 114.3501772, 30.5287205 ], [ 114.3497954, 30.5288263 ], [ 114.3498775, 30.529048 ] ] ] ] } },
{ "type": "Feature", "properties": { "GM_LAYER": "natural - wood", "GM_TYPE": "Wooded Area", "ELEVATION": 0, "visible": "true", "version": 4, "changeset": 118158165, "timestamp": "2022-03-06T13:10:16Z", "user": "日日安", "uid": 15245757, "covered": null, "leisure": null, "name": null, "sport": null, "id": 306408000.0, "building": null, "building_l": 0, "height": null, "shop": null, "landuse": null, "addr_city": null, "addr_house": null, "addr_postc": 0, "addr_stree": "星湖路", "name_en": null, "website": null, "amenity": null, "addr_distr": null, "addr_hous1": null, "addr_provi": null, "int_name": null, "natural": "wood", "descriptio": null, "cuisine": null, "fast_food": null, "level": 0, "opening_h9": null, "designatio": null, "layer": 0, "area": null, "location": null, "public_tra": null, "railway": null, "subway": null, "station": null, "surface": null, "name_zh": null, "admin_leve": 0, "boundary": null, "water": null, "place": null, "building_p": null, "min_height": 0, "min": 0, "name_zh_H1": null, "name_zh_Ha": null, "operator": null, "operator_t": null, "short_name": null, "short_nam1": null, "short_nam2": null, "wikidata": null, "wikipedia": null, "garden_typ": null, "access": null, "note": null, "female": null, "toilets_di": null, "male": null, "wheelchair": null, "alt_name": null, "old_name": null, "PERIMETER": null, "ENCLOSED_A": null }, "geometry": { "type": "MultiPolygon", "coordinates": [ [ [ [ 114.3542881, 30.5300377 ], [ 114.3547971, 30.5300257 ], [ 114.3548756, 30.529914 ], [ 114.3548682, 30.5297335 ], [ 114.3546669, 30.5297359 ], [ 114.354576, 30.5297346 ], [ 114.3544575, 30.529804 ], [ 114.354422, 30.5298052 ], [ 114.3543838, 30.5298064 ], [ 114.3543149, 30.5298457 ], [ 114.3542758, 30.5299076 ], [ 114.354232, 30.5299292 ], [ 114.3542227, 30.5299975 ], [ 114.3542881, 30.5300377 ] ] ] ] } },
{ "type": "Feature", "properties": { "GM_LAYER": "natural - wood", "GM_TYPE": "Wooded Area", "ELEVATION": 0, "visible": "true", "version": 3, "changeset": 67608646, "timestamp": "2019-02-27T08:09:00Z", "user": "UGxhdHlwdXM", "uid": 9480982, "covered": null, "leisure": null, "name": null, "sport": null, "id": 307266000.0, "building": null, "building_l": 0, "height": null, "shop": null, "landuse": null, "addr_city": null, "addr_house": null, "addr_postc": 0, "addr_stree": null, "name_en": null, "website": null, "amenity": null, "addr_distr": null, "addr_hous1": null, "addr_provi": null, "int_name": null, "natural": "wood", "descriptio": null, "cuisine": null, "fast_food": null, "level": 0, "opening_h9": null, "designatio": null, "layer": 0, "area": null, "location": null, "public_tra": null, "railway": null, "subway": null, "station": null, "surface": null, "name_zh": null, "admin_leve": 0, "boundary": null, "water": null, "place": null, "building_p": null, "min_height": 0, "min": 0, "name_zh_H1": null, "name_zh_Ha": null, "operator": null, "operator_t": null, "short_name": null, "short_nam1": null, "short_nam2": null, "wikidata": null, "wikipedia": null, "garden_typ": null, "access": null, "note": null, "female": null, "toilets_di": null, "male": null, "wheelchair": null, "alt_name": null, "old_name": null, "PERIMETER": null, "ENCLOSED_A": null }, "geometry": { "type": "MultiPolygon", "coordinates": [ [ [ [ 114.3533741, 30.5300105 ], [ 114.3538151, 30.5300092 ], [ 114.3538561, 30.5300338 ], [ 114.3540923, 30.5300304 ], [ 114.3541743, 30.5298906 ], [ 114.3541636, 30.5298736 ], [ 114.3541117, 30.5298675 ], [ 114.3540455, 30.5298667 ], [ 114.3539366, 30.5298695 ], [ 114.3539142, 30.5298347 ], [ 114.3538084, 30.5298175 ], [ 114.3537351, 30.5298425 ], [ 114.3536504, 30.5298002 ], [ 114.3536859, 30.5297002 ], [ 114.3537261, 30.5296082 ], [ 114.3538835, 30.5294165 ], [ 114.3539249, 30.5294228 ], [ 114.3540097, 30.5294208 ], [ 114.3540754, 30.5293889 ], [ 114.354157, 30.5293649 ], [ 114.3542775, 30.5293639 ], [ 114.3543895, 30.529439 ], [ 114.3544234, 30.5294512 ], [ 114.3545208, 30.5294365 ], [ 114.35456, 30.5294213 ], [ 114.3545937, 30.5293598 ], [ 114.354545, 30.5293429 ], [ 114.3545351, 30.5293109 ], [ 114.3545389, 30.5291718 ], [ 114.3545052, 30.5291228 ], [ 114.3533805, 30.5291298 ], [ 114.3533741, 30.5300105 ] ] ] ] } },
{ "type": "Feature", "properties": { "GM_LAYER": "building", "GM_TYPE": "Misc. Manmade Structure", "ELEVATION": 0, "visible": "true", "version": 2, "changeset": 118152033, "timestamp": "2022-03-06T09:58:51Z", "user": "乾一兑2", "uid": 15244057, "covered": null, "leisure": null, "name": null, "sport": null, "id": 307266000.0, "building": "yes", "building_l": 0, "height": null, "shop": null, "landuse": null, "addr_city": null, "addr_house": null, "addr_postc": 0, "addr_stree": null, "name_en": null, "website": null, "amenity": null, "addr_distr": null, "addr_hous1": null, "addr_provi": null, "int_name": null, "natural": null, "descriptio": null, "cuisine": null, "fast_food": null, "level": 0, "opening_h9": null, "designatio": null, "layer": 0, "area": null, "location": null, "public_tra": null, "railway": null, "subway": null, "station": null, "surface": null, "name_zh": null, "admin_leve": 0, "boundary": null, "water": null, "place": null, "building_p": null, "min_height": 0, "min": 0, "name_zh_H1": null, "name_zh_Ha": null, "operator": null, "operator_t": null, "short_name": null, "short_nam1": null, "short_nam2": null, "wikidata": null, "wikipedia": null, "garden_typ": null, "access": null, "note": null, "female": null, "toilets_di": null, "male": null, "wheelchair": null, "alt_name": null, "old_name": null, "PERIMETER": null, "ENCLOSED_A": null }, "geometry": { "type": "MultiPolygon", "coordinates": [ [ [ [ 114.3532707, 30.5305555 ], [ 114.3531438, 30.5305565 ], [ 114.3531433, 30.5306829 ], [ 114.3531464, 30.5308201 ], [ 114.3532734, 30.5308191 ], [ 114.3532707, 30.5305555 ] ] ] ] } },
{ "type": "Feature", "properties": { "GM_LAYER": "building - dormitory", "GM_TYPE": "Misc. Manmade Structure", "ELEVATION": 0, "visible": "true", "version": 3, "changeset": 48587049, "timestamp": "2017-05-11T10:02:36Z", "user": "samsung galaxy s6", "uid": 3691120, "covered": null, "leisure": null, "name": "信息学部8栋", "sport": null, "id": 311928000.0, "building": "dormitory", "building_l": 7, "height": null, "shop": null, "landuse": null, "addr_city": null, "addr_house": null, "addr_postc": 0, "addr_stree": null, "name_en": null, "website": null, "amenity": null, "addr_distr": null, "addr_hous1": null, "addr_provi": null, "int_name": null, "natural": null, "descriptio": null, "cuisine": null, "fast_food": null, "level": 0, "opening_h9": null, "designatio": null, "layer": 0, "area": null, "location": null, "public_tra": null, "railway": null, "subway": null, "station": null, "surface": null, "name_zh": null, "admin_leve": 0, "boundary": null, "water": null, "place": null, "building_p": null, "min_height": 0, "min": 0, "name_zh_H1": null, "name_zh_Ha": null, "operator": null, "operator_t": null, "short_name": null, "short_nam1": null, "short_nam2": null, "wikidata": null, "wikipedia": null, "garden_typ": null, "access": null, "note": null, "female": null, "toilets_di": null, "male": null, "wheelchair": null, "alt_name": null, "old_name": null, "PERIMETER": null, "ENCLOSED_A": null }, "geometry": { "type": "MultiPolygon", "coordinates": [ [ [ [ 114.352844, 30.5284063 ], [ 114.3528299, 30.5285526 ], [ 114.3537727, 30.5285394 ], [ 114.3537651, 30.528801 ], [ 114.3539368, 30.5287963 ], [ 114.353939, 30.5284053 ], [ 114.352844, 30.5284063 ] ] ] ] } },
{ "type": "Feature", "properties": { "GM_LAYER": "building - dormitory", "GM_TYPE": "Misc. Manmade Structure", "ELEVATION": 0, "visible": "true", "version": 4, "changeset": 48587049, "timestamp": "2017-05-11T10:02:36Z", "user": "samsung galaxy s6", "uid": 3691120, "covered": null, "leisure": null, "name": "信息学部10栋", "sport": null, "id": 311929000.0, "building": "dormitory", "building_l": 0, "height": null, "shop": null, "landuse": null, "addr_city": null, "addr_house": null, "addr_postc": 0, "addr_stree": null, "name_en": null, "website": null, "amenity": null, "addr_distr": null, "addr_hous1": null, "addr_provi": null, "int_name": null, "natural": null, "descriptio": null, "cuisine": null, "fast_food": null, "level": 0, "opening_h9": null, "designatio": null, "layer": 0, "area": null, "location": null, "public_tra": null, "railway": null, "subway": null, "station": null, "surface": null, "name_zh": null, "admin_leve": 0, "boundary": null, "water": null, "place": null, "building_p": null, "min_height": 0, "min": 0, "name_zh_H1": null, "name_zh_Ha": null, "operator": null, "operator_t": null, "short_name": null, "short_nam1": null, "short_nam2": null, "wikidata": null, "wikipedia": null, "garden_typ": null, "access": null, "note": null, "female": null, "toilets_di": null, "male": null, "wheelchair": null, "alt_name": null, "old_name": null, "PERIMETER": null, "ENCLOSED_A": null }, "geometry": { "type": "MultiPolygon", "coordinates": [ [ [ [ 114.3521734, 30.5289512 ], [ 114.3528922, 30.5289466 ], [ 114.3528869, 30.5288079 ], [ 114.352168, 30.5288079 ], [ 114.3521734, 30.5289512 ] ] ] ] } },
{ "type": "Feature", "properties": { "GM_LAYER": "landuse - grass", "GM_TYPE": "Unknown Area Type", "ELEVATION": 0, "visible": "true", "version": 3, "changeset": 120670726, "timestamp": "2022-05-07T14:32:38Z", "user": "636663", "uid": 15396410, "covered": null, "leisure": null, "name": null, "sport": null, "id": 312772000.0, "building": null, "building_l": 0, "height": null, "shop": null, "landuse": "grass", "addr_city": null, "addr_house": null, "addr_postc": 0, "addr_stree": null, "name_en": null, "website": null, "amenity": null, "addr_distr": null, "addr_hous1": null, "addr_provi": null, "int_name": null, "natural": null, "descriptio": null, "cuisine": null, "fast_food": null, "level": 0, "opening_h9": null, "designatio": null, "layer": 0, "area": null, "location": null, "public_tra": null, "railway": null, "subway": null, "station": null, "surface": null, "name_zh": null, "admin_leve": 0, "boundary": null, "water": null, "place": null, "building_p": null, "min_height": 0, "min": 0, "name_zh_H1": null, "name_zh_Ha": null, "operator": null, "operator_t": null, "short_name": null, "short_nam1": null, "short_nam2": null, "wikidata": null, "wikipedia": null, "garden_typ": null, "access": null, "note": null, "female": null, "toilets_di": null, "male": null, "wheelchair": null, "alt_name": null, "old_name": null, "PERIMETER": null, "ENCLOSED_A": null }, "geometry": { "type": "MultiPolygon", "coordinates": [ [ [ [ 114.3528392, 30.5349635 ], [ 114.3531299, 30.5352477 ], [ 114.3537789, 30.5348206 ], [ 114.354469, 30.5344766 ], [ 114.3550362, 30.5342674 ], [ 114.3575116, 30.5333934 ], [ 114.3574015, 30.5331198 ], [ 114.35613, 30.5335793 ], [ 114.3555418, 30.5337946 ], [ 114.3549909, 30.5339805 ], [ 114.3540555, 30.5343513 ], [ 114.353385, 30.534669 ], [ 114.3528392, 30.5349635 ] ] ] ] } },
{ "type": "Feature", "properties": { "GM_LAYER": "landuse - grass", "GM_TYPE": "Unknown Area Type", "ELEVATION": 0, "visible": "true", "version": 1, "changeset": 32356045, "timestamp": "2015-07-02T14:57:27Z", "user": "SimpleLuke", "uid": 2092629, "covered": null, "leisure": null, "name": null, "sport": null, "id": 358206000.0, "building": null, "building_l": 0, "height": null, "shop": null, "landuse": "grass", "addr_city": null, "addr_house": null, "addr_postc": 0, "addr_stree": null, "name_en": null, "website": null, "amenity": null, "addr_distr": null, "addr_hous1": null, "addr_provi": null, "int_name": null, "natural": null, "descriptio": null, "cuisine": null, "fast_food": null, "level": 0, "opening_h9": null, "designatio": null, "layer": 0, "area": null, "location": null, "public_tra": null, "railway": null, "subway": null, "station": null, "surface": null, "name_zh": null, "admin_leve": 0, "boundary": null, "water": null, "place": null, "building_p": null, "min_height": 0, "min": 0, "name_zh_H1": null, "name_zh_Ha": null, "operator": null, "operator_t": null, "short_name": null, "short_nam1": null, "short_nam2": null, "wikidata": null, "wikipedia": null, "garden_typ": null, "access": null, "note": null, "female": null, "toilets_di": null, "male": null, "wheelchair": null, "alt_name": null, "old_name": null, "PERIMETER": null, "ENCLOSED_A": null }, "geometry": { "type": "MultiPolygon", "coordinates": [ [ [ [ 114.3535576, 30.5330305 ], [ 114.353557, 30.5333815 ], [ 114.3538558, 30.5333819 ], [ 114.3538565, 30.533031 ], [ 114.3535576, 30.5330305 ] ] ] ] } },
{ "type": "Feature", "properties": { "GM_LAYER": "landuse - grass", "GM_TYPE": "Unknown Area Type", "ELEVATION": 0, "visible": "true", "version": 1, "changeset": 33503783, "timestamp": "2015-08-22T12:12:45Z", "user": "SimpleLuke", "uid": 2092629, "covered": null, "leisure": null, "name": null, "sport": null, "id": 366940000.0, "building": null, "building_l": 0, "height": null, "shop": null, "landuse": "grass", "addr_city": null, "addr_house": null, "addr_postc": 0, "addr_stree": null, "name_en": null, "website": null, "amenity": null, "addr_distr": null, "addr_hous1": null, "addr_provi": null, "int_name": null, "natural": null, "descriptio": null, "cuisine": null, "fast_food": null, "level": 0, "opening_h9": null, "designatio": null, "layer": 0, "area": null, "location": null, "public_tra": null, "railway": null, "subway": null, "station": null, "surface": null, "name_zh": null, "admin_leve": 0, "boundary": null, "water": null, "place": null, "building_p": null, "min_height": 0, "min": 0, "name_zh_H1": null, "name_zh_Ha": null, "operator": null, "operator_t": null, "short_name": null, "short_nam1": null, "short_nam2": null, "wikidata": null, "wikipedia": null, "garden_typ": null, "access": null, "note": null, "female": null, "toilets_di": null, "male": null, "wheelchair": null, "alt_name": null, "old_name": null, "PERIMETER": null, "ENCLOSED_A": null }, "geometry": { "type": "MultiPolygon", "coordinates": [ [ [ [ 114.3522658, 30.5350107 ], [ 114.352127, 30.5351789 ], [ 114.3524176, 30.5353677 ], [ 114.3526539, 30.5351601 ], [ 114.3523587, 30.5349965 ], [ 114.3522658, 30.5350107 ] ] ] ] } },
{ "type": "Feature", "properties": { "GM_LAYER": "landuse - grass", "GM_TYPE": "Unknown Area Type", "ELEVATION": 0, "visible": "true", "version": 1, "changeset": 33503783, "timestamp": "2015-08-22T12:12:45Z", "user": "SimpleLuke", "uid": 2092629, "covered": null, "leisure": null, "name": null, "sport": null, "id": 366940000.0, "building": null, "building_l": 0, "height": null, "shop": null, "landuse": "grass", "addr_city": null, "addr_house": null, "addr_postc": 0, "addr_stree": null, "name_en": null, "website": null, "amenity": null, "addr_distr": null, "addr_hous1": null, "addr_provi": null, "int_name": null, "natural": null, "descriptio": null, "cuisine": null, "fast_food": null, "level": 0, "opening_h9": null, "designatio": null, "layer": 0, "area": null, "location": null, "public_tra": null, "railway": null, "subway": null, "station": null, "surface": null, "name_zh": null, "admin_leve": 0, "boundary": null, "water": null, "place": null, "building_p": null, "min_height": 0, "min": 0, "name_zh_H1": null, "name_zh_Ha": null, "operator": null, "operator_t": null, "short_name": null, "short_nam1": null, "short_nam2": null, "wikidata": null, "wikipedia": null, "garden_typ": null, "access": null, "note": null, "female": null, "toilets_di": null, "male": null, "wheelchair": null, "alt_name": null, "old_name": null, "PERIMETER": null, "ENCLOSED_A": null }, "geometry": { "type": "MultiPolygon", "coordinates": [ [ [ [ 114.352751670405439, 30.535577313543328 ], [ 114.353016283363104, 30.53544016466315 ], [ 114.3529114, 30.5353054 ], [ 114.3527565, 30.5352183 ], [ 114.3524718, 30.5354254 ], [ 114.352751670405439, 30.535577313543328 ] ] ] ] } },
{ "type": "Feature", "properties": { "GM_LAYER": "amenity - marketplace", "GM_TYPE": "Misc. Manmade Structure", "ELEVATION": 0, "visible": "true", "version": 3, "changeset": 120670726, "timestamp": "2022-05-07T14:32:38Z", "user": "636663", "uid": 15396410, "covered": null, "leisure": null, "name": "八一路生鮮市場", "sport": null, "id": 410145000.0, "building": "yes", "building_l": 0, "height": null, "shop": null, "landuse": null, "addr_city": null, "addr_house": null, "addr_postc": 0, "addr_stree": null, "name_en": null, "website": null, "amenity": "marketplace", "addr_distr": null, "addr_hous1": null, "addr_provi": null, "int_name": null, "natural": null, "descriptio": null, "cuisine": null, "fast_food": null, "level": 0, "opening_h9": null, "designatio": null, "layer": 0, "area": null, "location": null, "public_tra": null, "railway": null, "subway": null, "station": null, "surface": null, "name_zh": null, "admin_leve": 0, "boundary": null, "water": null, "place": null, "building_p": null, "min_height": 0, "min": 0, "name_zh_H1": null, "name_zh_Ha": null, "operator": null, "operator_t": null, "short_name": null, "short_nam1": null, "short_nam2": null, "wikidata": null, "wikipedia": null, "garden_typ": null, "access": null, "note": null, "female": null, "toilets_di": null, "male": null, "wheelchair": null, "alt_name": null, "old_name": null, "PERIMETER": null, "ENCLOSED_A": null }, "geometry": { "type": "MultiPolygon", "coordinates": [ [ [ [ 114.357710560361767, 30.533461927760911 ], [ 114.357984897083725, 30.533356896688769 ], [ 114.3578946, 30.5333823 ], [ 114.3577075, 30.5334568 ], [ 114.357710560361767, 30.533461927760911 ] ] ] ] } },
{ "type": "Feature", "properties": { "GM_LAYER": "place - square", "GM_TYPE": "Unknown Area Type", "ELEVATION": 0, "visible": "true", "version": 5, "changeset": 118059411, "timestamp": "2022-03-03T15:07:05Z", "user": "Wei Yuanbiao", "uid": 12389142, "covered": null, "leisure": null, "name": "友谊广场", "sport": null, "id": 412281000.0, "building": null, "building_l": 0, "height": null, "shop": null, "landuse": null, "addr_city": null, "addr_house": null, "addr_postc": 0, "addr_stree": null, "name_en": null, "website": null, "amenity": null, "addr_distr": null, "addr_hous1": null, "addr_provi": null, "int_name": null, "natural": null, "descriptio": null, "cuisine": null, "fast_food": null, "level": 0, "opening_h9": null, "designatio": null, "layer": 0, "area": null, "location": null, "public_tra": null, "railway": null, "subway": null, "station": null, "surface": null, "name_zh": null, "admin_leve": 0, "boundary": null, "water": null, "place": "square", "building_p": null, "min_height": 0, "min": 0, "name_zh_H1": null, "name_zh_Ha": null, "operator": null, "operator_t": null, "short_name": null, "short_nam1": null, "short_nam2": null, "wikidata": null, "wikipedia": null, "garden_typ": null, "access": null, "note": null, "female": null, "toilets_di": null, "male": null, "wheelchair": null, "alt_name": null, "old_name": null, "PERIMETER": null, "ENCLOSED_A": null }, "geometry": { "type": "MultiPolygon", "coordinates": [ [ [ [ 114.3556153, 30.528012 ], [ 114.3556146, 30.5281046 ], [ 114.3556929, 30.5281027 ], [ 114.3557955, 30.5281001 ], [ 114.3557897, 30.5280134 ], [ 114.355854, 30.5280127 ], [ 114.3559305, 30.527998 ], [ 114.3559083, 30.5278356 ], [ 114.3560325, 30.5278103 ], [ 114.3561649, 30.5277529 ], [ 114.3562279, 30.5277023 ], [ 114.3562559, 30.5276296 ], [ 114.3558478, 30.5274063 ], [ 114.355778, 30.5274304 ], [ 114.3557082, 30.5274385 ], [ 114.3556324, 30.5274332 ], [ 114.3555613, 30.5274139 ], [ 114.355139, 30.5276367 ], [ 114.3551674, 30.5276961 ], [ 114.3552356, 30.5277414 ], [ 114.355317, 30.5277794 ], [ 114.355421, 30.527806 ], [ 114.3555215, 30.5278292 ], [ 114.3554849, 30.5279935 ], [ 114.3555471, 30.5280048 ], [ 114.3556153, 30.528012 ] ] ] ] } },
{ "type": "Feature", "properties": { "GM_LAYER": "building", "GM_TYPE": "Misc. Manmade Structure", "ELEVATION": 0, "visible": "true", "version": 4, "changeset": 119419819, "timestamp": "2022-04-07T09:01:50Z", "user": "Excessman", "uid": 15207439, "covered": null, "leisure": null, "name": "星湖综合实验大楼", "sport": null, "id": 505747000.0, "building": "yes", "building_l": 0, "height": null, "shop": null, "landuse": null, "addr_city": "武汉", "addr_house": "37", "addr_postc": 0, "addr_stree": "珞喻路", "name_en": null, "website": null, "amenity": null, "addr_distr": "洪山区", "addr_hous1": null, "addr_provi": "湖北省", "int_name": null, "natural": null, "descriptio": null, "cuisine": null, "fast_food": null, "level": 0, "opening_h9": null, "designatio": null, "layer": 0, "area": null, "location": null, "public_tra": null, "railway": null, "subway": null, "station": null, "surface": null, "name_zh": null, "admin_leve": 0, "boundary": null, "water": null, "place": null, "building_p": null, "min_height": 0, "min": 0, "name_zh_H1": null, "name_zh_Ha": null, "operator": null, "operator_t": null, "short_name": null, "short_nam1": null, "short_nam2": null, "wikidata": null, "wikipedia": null, "garden_typ": null, "access": null, "note": null, "female": null, "toilets_di": null, "male": null, "wheelchair": null, "alt_name": null, "old_name": null, "PERIMETER": null, "ENCLOSED_A": null }, "geometry": { "type": "MultiPolygon", "coordinates": [ [ [ [ 114.3499517, 30.5292837 ], [ 114.3499985, 30.5299009 ], [ 114.3500832, 30.5299237 ], [ 114.3501744, 30.5299398 ], [ 114.3503326, 30.5299907 ], [ 114.3503997, 30.5300392 ], [ 114.3504694, 30.5300808 ], [ 114.3505365, 30.5300831 ], [ 114.3505928, 30.5300646 ], [ 114.3505974, 30.5299202 ], [ 114.3506169, 30.529316 ], [ 114.3505982, 30.5292791 ], [ 114.3505767, 30.5292698 ], [ 114.3499893, 30.5292467 ], [ 114.3499571, 30.5292583 ], [ 114.3499517, 30.5292837 ] ] ] ] } },
{ "type": "Feature", "properties": { "GM_LAYER": "amenity - kindergarten", "GM_TYPE": "Misc. Manmade Structure", "ELEVATION": 0, "visible": "true", "version": 3, "changeset": 75973162, "timestamp": "2019-10-21T04:56:15Z", "user": "samsung galaxy s6", "uid": 3691120, "covered": null, "leisure": null, "name": "武汉大学第三附属幼儿园", "sport": null, "id": 536354000.0, "building": null, "building_l": 0, "height": null, "shop": null, "landuse": null, "addr_city": null, "addr_house": null, "addr_postc": 0, "addr_stree": null, "name_en": null, "website": null, "amenity": "kindergarten", "addr_distr": null, "addr_hous1": null, "addr_provi": null, "int_name": null, "natural": null, "descriptio": null, "cuisine": null, "fast_food": null, "level": 0, "opening_h9": null, "designatio": null, "layer": 0, "area": null, "location": null, "public_tra": null, "railway": null, "subway": null, "station": null, "surface": null, "name_zh": "武汉大学第三附属幼儿园", "admin_leve": 0, "boundary": null, "water": null, "place": null, "building_p": null, "min_height": 0, "min": 0, "name_zh_H1": null, "name_zh_Ha": null, "operator": null, "operator_t": null, "short_name": null, "short_nam1": null, "short_nam2": null, "wikidata": null, "wikipedia": null, "garden_typ": null, "access": null, "note": null, "female": null, "toilets_di": null, "male": null, "wheelchair": null, "alt_name": null, "old_name": null, "PERIMETER": null, "ENCLOSED_A": null }, "geometry": { "type": "MultiPolygon", "coordinates": [ [ [ [ 114.3568013, 30.5329608 ], [ 114.3567969, 30.5330297 ], [ 114.3569287, 30.53305 ], [ 114.3569957, 30.5330418 ], [ 114.3570472, 30.5330195 ], [ 114.3571215, 30.5329927 ], [ 114.3573205, 30.5329241 ], [ 114.3573909, 30.5328901 ], [ 114.3573337, 30.5328285 ], [ 114.3573062, 30.5327788 ], [ 114.3572973, 30.5324242 ], [ 114.3572954, 30.5321026 ], [ 114.356826, 30.5322191 ], [ 114.3568144, 30.5326176 ], [ 114.3568013, 30.5329608 ] ] ] ] } },
{ "type": "Feature", "properties": { "GM_LAYER": "natural - wood", "GM_TYPE": "Wooded Area", "ELEVATION": 0, "visible": "true", "version": 1, "changeset": 53690471, "timestamp": "2017-11-11T13:16:19Z", "user": "WHURSGIS-WCY", "uid": 6969616, "covered": null, "leisure": null, "name": null, "sport": null, "id": 539832000.0, "building": null, "building_l": 0, "height": null, "shop": null, "landuse": null, "addr_city": null, "addr_house": null, "addr_postc": 0, "addr_stree": null, "name_en": null, "website": null, "amenity": null, "addr_distr": null, "addr_hous1": null, "addr_provi": null, "int_name": null, "natural": "wood", "descriptio": null, "cuisine": null, "fast_food": null, "level": 0, "opening_h9": null, "designatio": null, "layer": 0, "area": null, "location": null, "public_tra": null, "railway": null, "subway": null, "station": null, "surface": null, "name_zh": null, "admin_leve": 0, "boundary": null, "water": null, "place": null, "building_p": null, "min_height": 0, "min": 0, "name_zh_H1": null, "name_zh_Ha": null, "operator": null, "operator_t": null, "short_name": null, "short_nam1": null, "short_nam2": null, "wikidata": null, "wikipedia": null, "garden_typ": null, "access": null, "note": null, "female": null, "toilets_di": null, "male": null, "wheelchair": null, "alt_name": null, "old_name": null, "PERIMETER": null, "ENCLOSED_A": null }, "geometry": { "type": "MultiPolygon", "coordinates": [ [ [ [ 114.3558184, 30.5312272 ], [ 114.3562777, 30.5312238 ], [ 114.3562831, 30.5309639 ], [ 114.3557614, 30.5309662 ], [ 114.3557587, 30.5310621 ], [ 114.3558184, 30.5310632 ], [ 114.3558184, 30.5312272 ] ] ] ] } },
{ "type": "Feature", "properties": { "GM_LAYER": "natural - wood", "GM_TYPE": "Wooded Area", "ELEVATION": 0, "visible": "true", "version": 1, "changeset": 53690471, "timestamp": "2017-11-11T13:16:19Z", "user": "WHURSGIS-WCY", "uid": 6969616, "covered": null, "leisure": null, "name": null, "sport": null, "id": 539832000.0, "building": null, "building_l": 0, "height": null, "shop": null, "landuse": null, "addr_city": null, "addr_house": null, "addr_postc": 0, "addr_stree": null, "name_en": null, "website": null, "amenity": null, "addr_distr": null, "addr_hous1": null, "addr_provi": null, "int_name": null, "natural": "wood", "descriptio": null, "cuisine": null, "fast_food": null, "level": 0, "opening_h9": null, "designatio": null, "layer": 0, "area": null, "location": null, "public_tra": null, "railway": null, "subway": null, "station": null, "surface": null, "name_zh": null, "admin_leve": 0, "boundary": null, "water": null, "place": null, "building_p": null, "min_height": 0, "min": 0, "name_zh_H1": null, "name_zh_Ha": null, "operator": null, "operator_t": null, "short_name": null, "short_nam1": null, "short_nam2": null, "wikidata": null, "wikipedia": null, "garden_typ": null, "access": null, "note": null, "female": null, "toilets_di": null, "male": null, "wheelchair": null, "alt_name": null, "old_name": null, "PERIMETER": null, "ENCLOSED_A": null }, "geometry": { "type": "MultiPolygon", "coordinates": [ [ [ [ 114.3551069, 30.5312371 ], [ 114.3555844, 30.5312382 ], [ 114.3555857, 30.5310615 ], [ 114.3556608, 30.5310592 ], [ 114.3556635, 30.5309699 ], [ 114.3551069, 30.5309703 ], [ 114.3551069, 30.5312371 ] ] ] ] } },
{ "type": "Feature", "properties": { "GM_LAYER": "building", "GM_TYPE": "Misc. Manmade Structure", "ELEVATION": 0, "visible": "true", "version": 1, "changeset": 54228499, "timestamp": "2017-12-01T08:57:07Z", "user": "applefl", "uid": 3392201, "covered": null, "leisure": null, "name": "遥感院小亭子", "sport": null, "id": 543850000.0, "building": "yes", "building_l": 0, "height": null, "shop": null, "landuse": null, "addr_city": null, "addr_house": null, "addr_postc": 0, "addr_stree": null, "name_en": null, "website": null, "amenity": null, "addr_distr": null, "addr_hous1": null, "addr_provi": null, "int_name": null, "natural": null, "descriptio": null, "cuisine": null, "fast_food": null, "level": 0, "opening_h9": null, "designatio": null, "layer": 0, "area": null, "location": null, "public_tra": null, "railway": null, "subway": null, "station": null, "surface": null, "name_zh": null, "admin_leve": 0, "boundary": null, "water": null, "place": null, "building_p": null, "min_height": 0, "min": 0, "name_zh_H1": null, "name_zh_Ha": null, "operator": null, "operator_t": null, "short_name": null, "short_nam1": null, "short_nam2": null, "wikidata": null, "wikipedia": null, "garden_typ": null, "access": null, "note": null, "female": null, "toilets_di": null, "male": null, "wheelchair": null, "alt_name": null, "old_name": null, "PERIMETER": null, "ENCLOSED_A": null }, "geometry": { "type": "MultiPolygon", "coordinates": [ [ [ [ 114.3546154, 30.5285859 ], [ 114.3546583, 30.5285767 ], [ 114.3546395, 30.5285443 ], [ 114.3546154, 30.5285859 ] ] ] ] } },
{ "type": "Feature", "properties": { "GM_LAYER": "Unknown Area Type", "GM_TYPE": "Unknown Area Type", "ELEVATION": 75, "visible": "true", "version": 1, "changeset": 62208604, "timestamp": "2018-09-01T23:27:14Z", "user": "John Bek", "uid": 3800987, "covered": null, "leisure": null, "name": null, "sport": null, "id": 621842000.0, "building": null, "building_l": 0, "height": "75", "shop": null, "landuse": null, "addr_city": null, "addr_house": null, "addr_postc": 0, "addr_stree": null, "name_en": null, "website": null, "amenity": null, "addr_distr": null, "addr_hous1": null, "addr_provi": null, "int_name": null, "natural": null, "descriptio": null, "cuisine": null, "fast_food": null, "level": 0, "opening_h9": null, "designatio": null, "layer": 0, "area": "yes", "location": null, "public_tra": null, "railway": null, "subway": null, "station": null, "surface": null, "name_zh": null, "admin_leve": 0, "boundary": null, "water": null, "place": null, "building_p": "yes", "min_height": 15, "min": 0, "name_zh_H1": null, "name_zh_Ha": null, "operator": null, "operator_t": null, "short_name": null, "short_nam1": null, "short_nam2": null, "wikidata": null, "wikipedia": null, "garden_typ": null, "access": null, "note": null, "female": null, "toilets_di": null, "male": null, "wheelchair": null, "alt_name": null, "old_name": null, "PERIMETER": null, "ENCLOSED_A": null }, "geometry": { "type": "MultiPolygon", "coordinates": [ [ [ [ 114.3485976, 30.5300179 ], [ 114.3488681, 30.5299396 ], [ 114.3487705, 30.5296893 ], [ 114.3485, 30.5297675 ], [ 114.3485976, 30.5300179 ] ] ] ] } },
{ "type": "Feature", "properties": { "GM_LAYER": "Unknown Area Type", "GM_TYPE": "Unknown Area Type", "ELEVATION": 75, "visible": "true", "version": 1, "changeset": 62208604, "timestamp": "2018-09-01T23:27:14Z", "user": "John Bek", "uid": 3800987, "covered": null, "leisure": null, "name": null, "sport": null, "id": 621842000.0, "building": null, "building_l": 0, "height": "75", "shop": null, "landuse": null, "addr_city": null, "addr_house": null, "addr_postc": 0, "addr_stree": null, "name_en": null, "website": null, "amenity": null, "addr_distr": null, "addr_hous1": null, "addr_provi": null, "int_name": null, "natural": null, "descriptio": null, "cuisine": null, "fast_food": null, "level": 0, "opening_h9": null, "designatio": null, "layer": 0, "area": "yes", "location": null, "public_tra": null, "railway": null, "subway": null, "station": null, "surface": null, "name_zh": null, "admin_leve": 0, "boundary": null, "water": null, "place": null, "building_p": "yes", "min_height": 15, "min": 0, "name_zh_H1": null, "name_zh_Ha": null, "operator": null, "operator_t": null, "short_name": null, "short_nam1": null, "short_nam2": null, "wikidata": null, "wikipedia": null, "garden_typ": null, "access": null, "note": null, "female": null, "toilets_di": null, "male": null, "wheelchair": null, "alt_name": null, "old_name": null, "PERIMETER": null, "ENCLOSED_A": null }, "geometry": { "type": "MultiPolygon", "coordinates": [ [ [ [ 114.3485822, 30.5294574 ], [ 114.3490009, 30.5293389 ], [ 114.3488745, 30.5290076 ], [ 114.3484558, 30.5291261 ], [ 114.3485822, 30.5294574 ] ] ] ] } },
{ "type": "Feature", "properties": { "GM_LAYER": "Unknown Area Type", "GM_TYPE": "Unknown Area Type", "ELEVATION": 51, "visible": "true", "version": 1, "changeset": 62208604, "timestamp": "2018-09-01T23:27:14Z", "user": "John Bek", "uid": 3800987, "covered": null, "leisure": null, "name": null, "sport": null, "id": 621842000.0, "building": null, "building_l": 0, "height": "51", "shop": null, "landuse": null, "addr_city": null, "addr_house": null, "addr_postc": 0, "addr_stree": null, "name_en": null, "website": null, "amenity": null, "addr_distr": null, "addr_hous1": null, "addr_provi": null, "int_name": null, "natural": null, "descriptio": null, "cuisine": null, "fast_food": null, "level": 0, "opening_h9": null, "designatio": null, "layer": 0, "area": "yes", "location": null, "public_tra": null, "railway": null, "subway": null, "station": null, "surface": null, "name_zh": null, "admin_leve": 0, "boundary": null, "water": null, "place": null, "building_p": "yes", "min_height": 15, "min": 0, "name_zh_H1": null, "name_zh_Ha": null, "operator": null, "operator_t": null, "short_name": null, "short_nam1": null, "short_nam2": null, "wikidata": null, "wikipedia": null, "garden_typ": null, "access": null, "note": null, "female": null, "toilets_di": null, "male": null, "wheelchair": null, "alt_name": null, "old_name": null, "PERIMETER": null, "ENCLOSED_A": null }, "geometry": { "type": "MultiPolygon", "coordinates": [ [ [ [ 114.3489533, 30.5296655 ], [ 114.3488562, 30.5294062 ], [ 114.3487324, 30.5294406 ], [ 114.3487389, 30.5294579 ], [ 114.3486953, 30.52947 ], [ 114.3488015, 30.5297538 ], [ 114.348937, 30.5297162 ], [ 114.3489213, 30.5296744 ], [ 114.3489533, 30.5296655 ] ] ] ] } },
{ "type": "Feature", "properties": { "GM_LAYER": "shop - mail", "GM_TYPE": "Misc. Manmade Structure", "ELEVATION": 0, "visible": "true", "version": 2, "changeset": 112606079, "timestamp": "2021-10-17T10:41:49Z", "user": "白白白白白白", "uid": 9388151, "covered": null, "leisure": null, "name": null, "sport": null, "id": 621842000.0, "building": "yes", "building_l": 6, "height": null, "shop": "mail", "landuse": null, "addr_city": null, "addr_house": null, "addr_postc": 0, "addr_stree": null, "name_en": null, "website": null, "amenity": null, "addr_distr": null, "addr_hous1": null, "addr_provi": null, "int_name": null, "natural": null, "descriptio": null, "cuisine": null, "fast_food": null, "level": 0, "opening_h9": null, "designatio": null, "layer": 0, "area": null, "location": null, "public_tra": null, "railway": null, "subway": null, "station": null, "surface": null, "name_zh": null, "admin_leve": 0, "boundary": null, "water": null, "place": null, "building_p": null, "min_height": 0, "min": 0, "name_zh_H1": null, "name_zh_Ha": null, "operator": null, "operator_t": null, "short_name": null, "short_nam1": null, "short_nam2": null, "wikidata": null, "wikipedia": null, "garden_typ": null, "access": null, "note": null, "female": null, "toilets_di": null, "male": null, "wheelchair": null, "alt_name": null, "old_name": null, "PERIMETER": null, "ENCLOSED_A": null }, "geometry": { "type": "MultiPolygon", "coordinates": [ [ [ [ 114.3490246, 30.5290095 ], [ 114.3491006, 30.5292053 ], [ 114.3492226, 30.5291702 ], [ 114.3491997, 30.5291112 ], [ 114.3492594, 30.529094 ], [ 114.3492763, 30.5291374 ], [ 114.3494131, 30.529098 ], [ 114.3495595, 30.5289473 ], [ 114.3495275, 30.5288647 ], [ 114.3490246, 30.5290095 ] ] ] ] } },
{ "type": "Feature", "properties": { "GM_LAYER": "Unknown Area Type", "GM_TYPE": "Unknown Area Type", "ELEVATION": 66, "visible": "true", "version": 2, "changeset": 91484430, "timestamp": "2020-09-25T06:07:41Z", "user": "samsung galaxy s6", "uid": 3691120, "covered": null, "leisure": null, "name": "中部创意大厦", "sport": null, "id": 621842000.0, "building": null, "building_l": 0, "height": "66", "shop": null, "landuse": null, "addr_city": null, "addr_house": null, "addr_postc": 0, "addr_stree": null, "name_en": null, "website": null, "amenity": null, "addr_distr": null, "addr_hous1": null, "addr_provi": null, "int_name": null, "natural": null, "descriptio": null, "cuisine": null, "fast_food": null, "level": 0, "opening_h9": null, "designatio": null, "layer": 0, "area": "yes", "location": null, "public_tra": null, "railway": null, "subway": null, "station": null, "surface": null, "name_zh": null, "admin_leve": 0, "boundary": null, "water": null, "place": null, "building_p": "yes", "min_height": 15, "min": 0, "name_zh_H1": null, "name_zh_Ha": null, "operator": null, "operator_t": null, "short_name": null, "short_nam1": null, "short_nam2": null, "wikidata": null, "wikipedia": null, "garden_typ": null, "access": null, "note": null, "female": null, "toilets_di": null, "male": null, "wheelchair": null, "alt_name": null, "old_name": null, "PERIMETER": null, "ENCLOSED_A": null }, "geometry": { "type": "MultiPolygon", "coordinates": [ [ [ [ 114.3502424, 30.5287025 ], [ 114.3501772, 30.5287205 ], [ 114.3497954, 30.5288263 ], [ 114.3498775, 30.529048 ], [ 114.3501397, 30.529048 ], [ 114.3503371, 30.5289433 ], [ 114.3502801, 30.5287984 ], [ 114.3502424, 30.5287025 ] ] ] ] } },
{ "type": "Feature", "properties": { "GM_LAYER": "Unknown Area Type", "GM_TYPE": "Unknown Area Type", "ELEVATION": 30, "visible": "true", "version": 2, "changeset": 133822579, "timestamp": "2023-03-18T13:18:06Z", "user": "ranyan QIAN", "uid": 18759641, "covered": null, "leisure": null, "name": null, "sport": null, "id": 621842000.0, "building": null, "building_l": 0, "height": "30", "shop": null, "landuse": null, "addr_city": null, "addr_house": null, "addr_postc": 0, "addr_stree": null, "name_en": null, "website": null, "amenity": null, "addr_distr": null, "addr_hous1": null, "addr_provi": null, "int_name": null, "natural": null, "descriptio": null, "cuisine": null, "fast_food": null, "level": 0, "opening_h9": null, "designatio": null, "layer": 0, "area": "yes", "location": null, "public_tra": null, "railway": null, "subway": null, "station": null, "surface": null, "name_zh": null, "admin_leve": 0, "boundary": null, "water": null, "place": null, "building_p": "yes", "min_height": 15, "min": 0, "name_zh_H1": null, "name_zh_Ha": null, "operator": null, "operator_t": null, "short_name": null, "short_nam1": null, "short_nam2": null, "wikidata": null, "wikipedia": null, "garden_typ": null, "access": null, "note": null, "female": null, "toilets_di": null, "male": null, "wheelchair": null, "alt_name": null, "old_name": null, "PERIMETER": null, "ENCLOSED_A": null }, "geometry": { "type": "MultiPolygon", "coordinates": [ [ [ [ 114.3501434, 30.5290587 ], [ 114.3518859, 30.5290143 ], [ 114.3518774, 30.5285703 ], [ 114.3518724, 30.5283084 ], [ 114.3514219, 30.5283976 ], [ 114.3504667, 30.5285761 ], [ 114.3504646, 30.5286046 ], [ 114.3504555, 30.528635 ], [ 114.3504414, 30.5286664 ], [ 114.3504201, 30.5286986 ], [ 114.3503969, 30.5287282 ], [ 114.3503646, 30.5287587 ], [ 114.3503241, 30.5287822 ], [ 114.3502801, 30.5287984 ], [ 114.3503371, 30.5289433 ], [ 114.3501397, 30.529048 ], [ 114.3501434, 30.5290587 ] ] ] ] } },
{ "type": "Feature", "properties": { "GM_LAYER": "Unknown Area Type", "GM_TYPE": "Unknown Area Type", "ELEVATION": 33, "visible": "true", "version": 1, "changeset": 62208604, "timestamp": "2018-09-01T23:27:14Z", "user": "John Bek", "uid": 3800987, "covered": null, "leisure": null, "name": null, "sport": null, "id": 621842000.0, "building": null, "building_l": 0, "height": "33", "shop": null, "landuse": null, "addr_city": null, "addr_house": null, "addr_postc": 0, "addr_stree": null, "name_en": null, "website": null, "amenity": null, "addr_distr": null, "addr_hous1": null, "addr_provi": null, "int_name": null, "natural": null, "descriptio": null, "cuisine": null, "fast_food": null, "level": 0, "opening_h9": null, "designatio": null, "layer": 0, "area": "yes", "location": null, "public_tra": null, "railway": null, "subway": null, "station": null, "surface": null, "name_zh": null, "admin_leve": 0, "boundary": null, "water": null, "place": null, "building_p": "yes", "min_height": 30, "min": 0, "name_zh_H1": null, "name_zh_Ha": null, "operator": null, "operator_t": null, "short_name": null, "short_nam1": null, "short_nam2": null, "wikidata": null, "wikipedia": null, "garden_typ": null, "access": null, "note": null, "female": null, "toilets_di": null, "male": null, "wheelchair": null, "alt_name": null, "old_name": null, "PERIMETER": null, "ENCLOSED_A": null }, "geometry": { "type": "MultiPolygon", "coordinates": [ [ [ [ 114.3509109, 30.5289801 ], [ 114.3514399, 30.5289827 ], [ 114.3514399, 30.5284975 ], [ 114.3511739, 30.5284988 ], [ 114.3509124, 30.5285769 ], [ 114.3508693, 30.5287113 ], [ 114.3509109, 30.5287983 ], [ 114.3509109, 30.5289801 ] ] ] ] } },
{ "type": "Feature", "properties": { "GM_LAYER": "Unknown Area Type", "GM_TYPE": "Unknown Area Type", "ELEVATION": 24, "visible": "true", "version": 1, "changeset": 62232286, "timestamp": "2018-09-03T00:58:49Z", "user": "John Bek", "uid": 3800987, "covered": null, "leisure": null, "name": null, "sport": null, "id": 622152000.0, "building": null, "building_l": 0, "height": "24", "shop": null, "landuse": null, "addr_city": null, "addr_house": null, "addr_postc": 0, "addr_stree": null, "name_en": null, "website": null, "amenity": null, "addr_distr": null, "addr_hous1": null, "addr_provi": null, "int_name": null, "natural": null, "descriptio": null, "cuisine": null, "fast_food": null, "level": 0, "opening_h9": null, "designatio": null, "layer": 0, "area": "yes", "location": null, "public_tra": null, "railway": null, "subway": null, "station": null, "surface": null, "name_zh": null, "admin_leve": 0, "boundary": null, "water": null, "place": null, "building_p": "yes", "min_height": 12, "min": 0, "name_zh_H1": null, "name_zh_Ha": null, "operator": null, "operator_t": null, "short_name": null, "short_nam1": null, "short_nam2": null, "wikidata": null, "wikipedia": null, "garden_typ": null, "access": null, "note": null, "female": null, "toilets_di": null, "male": null, "wheelchair": null, "alt_name": null, "old_name": null, "PERIMETER": null, "ENCLOSED_A": null }, "geometry": { "type": "MultiPolygon", "coordinates": [ [ [ [ 114.3510103, 30.5299853 ], [ 114.3510073, 30.5301059 ], [ 114.3512985, 30.5301101 ], [ 114.3513145, 30.5301301 ], [ 114.3516115, 30.5301328 ], [ 114.3516385, 30.5301267 ], [ 114.3516613, 30.5301121 ], [ 114.3516738, 30.5300949 ], [ 114.351683, 30.5300729 ], [ 114.351682, 30.5300482 ], [ 114.3516748, 30.5300283 ], [ 114.3516593, 30.5300137 ], [ 114.3516822, 30.5299986 ], [ 114.3516845, 30.5299261 ], [ 114.351561, 30.5299266 ], [ 114.35156, 30.5299611 ], [ 114.3514211, 30.5299613 ], [ 114.3514202, 30.5299889 ], [ 114.3510103, 30.5299853 ] ] ] ] } },
{ "type": "Feature", "properties": { "GM_LAYER": "Unknown Area Type", "GM_TYPE": "Unknown Area Type", "ELEVATION": 54, "visible": "true", "version": 1, "changeset": 62232286, "timestamp": "2018-09-03T00:58:49Z", "user": "John Bek", "uid": 3800987, "covered": null, "leisure": null, "name": null, "sport": null, "id": 622152000.0, "building": null, "building_l": 0, "height": "54", "shop": null, "landuse": null, "addr_city": null, "addr_house": null, "addr_postc": 0, "addr_stree": null, "name_en": null, "website": null, "amenity": null, "addr_distr": null, "addr_hous1": null, "addr_provi": null, "int_name": null, "natural": null, "descriptio": null, "cuisine": null, "fast_food": null, "level": 0, "opening_h9": null, "designatio": null, "layer": 0, "area": "yes", "location": null, "public_tra": null, "railway": null, "subway": null, "station": null, "surface": null, "name_zh": null, "admin_leve": 0, "boundary": null, "water": null, "place": null, "building_p": "yes", "min_height": 15, "min": 0, "name_zh_H1": null, "name_zh_Ha": null, "operator": null, "operator_t": null, "short_name": null, "short_nam1": null, "short_nam2": null, "wikidata": null, "wikipedia": null, "garden_typ": null, "access": null, "note": null, "female": null, "toilets_di": null, "male": null, "wheelchair": null, "alt_name": null, "old_name": null, "PERIMETER": null, "ENCLOSED_A": null }, "geometry": { "type": "MultiPolygon", "coordinates": [ [ [ [ 114.3535651, 30.5279116 ], [ 114.3535559, 30.5282569 ], [ 114.3537884, 30.5282583 ], [ 114.3537993, 30.5277393 ], [ 114.3537636, 30.5276515 ], [ 114.3535706, 30.5277066 ], [ 114.3535651, 30.5279116 ] ] ] ] } },
{ "type": "Feature", "properties": { "GM_LAYER": "Unknown Area Type", "GM_TYPE": "Unknown Area Type", "ELEVATION": 39, "visible": "true", "version": 1, "changeset": 62232286, "timestamp": "2018-09-03T00:58:49Z", "user": "John Bek", "uid": 3800987, "covered": null, "leisure": null, "name": null, "sport": null, "id": 622152000.0, "building": null, "building_l": 0, "height": "39", "shop": null, "landuse": null, "addr_city": null, "addr_house": null, "addr_postc": 0, "addr_stree": null, "name_en": null, "website": null, "amenity": null, "addr_distr": null, "addr_hous1": null, "addr_provi": null, "int_name": null, "natural": null, "descriptio": null, "cuisine": null, "fast_food": null, "level": 0, "opening_h9": null, "designatio": null, "layer": 0, "area": "yes", "location": null, "public_tra": null, "railway": null, "subway": null, "station": null, "surface": null, "name_zh": null, "admin_leve": 0, "boundary": null, "water": null, "place": null, "building_p": "yes", "min_height": 15, "min": 0, "name_zh_H1": null, "name_zh_Ha": null, "operator": null, "operator_t": null, "short_name": null, "short_nam1": null, "short_nam2": null, "wikidata": null, "wikipedia": null, "garden_typ": null, "access": null, "note": null, "female": null, "toilets_di": null, "male": null, "wheelchair": null, "alt_name": null, "old_name": null, "PERIMETER": null, "ENCLOSED_A": null }, "geometry": { "type": "MultiPolygon", "coordinates": [ [ [ [ 114.3532601, 30.5277953 ], [ 114.3533253, 30.5279762 ], [ 114.3535651, 30.5279116 ], [ 114.3535706, 30.5277066 ], [ 114.3532601, 30.5277953 ] ] ] ] } },
{ "type": "Feature", "properties": { "GM_LAYER": "Unknown Area Type", "GM_TYPE": "Unknown Area Type", "ELEVATION": 36, "visible": "true", "version": 1, "changeset": 62232286, "timestamp": "2018-09-03T00:58:49Z", "user": "John Bek", "uid": 3800987, "covered": null, "leisure": null, "name": null, "sport": null, "id": 622152000.0, "building": null, "building_l": 0, "height": "36", "shop": null, "landuse": null, "addr_city": null, "addr_house": null, "addr_postc": 0, "addr_stree": null, "name_en": null, "website": null, "amenity": null, "addr_distr": null, "addr_hous1": null, "addr_provi": null, "int_name": null, "natural": null, "descriptio": null, "cuisine": null, "fast_food": null, "level": 0, "opening_h9": null, "designatio": null, "layer": 0, "area": "yes", "location": null, "public_tra": null, "railway": null, "subway": null, "station": null, "surface": null, "name_zh": null, "admin_leve": 0, "boundary": null, "water": null, "place": null, "building_p": "yes", "min_height": 0, "min": 15, "name_zh_H1": null, "name_zh_Ha": null, "operator": null, "operator_t": null, "short_name": null, "short_nam1": null, "short_nam2": null, "wikidata": null, "wikipedia": null, "garden_typ": null, "access": null, "note": null, "female": null, "toilets_di": null, "male": null, "wheelchair": null, "alt_name": null, "old_name": null, "PERIMETER": null, "ENCLOSED_A": null }, "geometry": { "type": "MultiPolygon", "coordinates": [ [ [ [ 114.3533253, 30.5279762 ], [ 114.3532601, 30.5277953 ], [ 114.3530371, 30.527859 ], [ 114.3530803, 30.5279819 ], [ 114.3530997, 30.5280371 ], [ 114.3533253, 30.5279762 ] ] ] ] } },
{ "type": "Feature", "properties": { "GM_LAYER": "Unknown Area Type", "GM_TYPE": "Unknown Area Type", "ELEVATION": 33, "visible": "true", "version": 1, "changeset": 62232286, "timestamp": "2018-09-03T00:58:49Z", "user": "John Bek", "uid": 3800987, "covered": null, "leisure": null, "name": null, "sport": null, "id": 622152000.0, "building": null, "building_l": 0, "height": "33", "shop": null, "landuse": null, "addr_city": null, "addr_house": null, "addr_postc": 0, "addr_stree": null, "name_en": null, "website": null, "amenity": null, "addr_distr": null, "addr_hous1": null, "addr_provi": null, "int_name": null, "natural": null, "descriptio": null, "cuisine": null, "fast_food": null, "level": 0, "opening_h9": null, "designatio": null, "layer": 0, "area": "yes", "location": null, "public_tra": null, "railway": null, "subway": null, "station": null, "surface": null, "name_zh": null, "admin_leve": 0, "boundary": null, "water": null, "place": null, "building_p": "yes", "min_height": 15, "min": 0, "name_zh_H1": null, "name_zh_Ha": null, "operator": null, "operator_t": null, "short_name": null, "short_nam1": null, "short_nam2": null, "wikidata": null, "wikipedia": null, "garden_typ": null, "access": null, "note": null, "female": null, "toilets_di": null, "male": null, "wheelchair": null, "alt_name": null, "old_name": null, "PERIMETER": null, "ENCLOSED_A": null }, "geometry": { "type": "MultiPolygon", "coordinates": [ [ [ [ 114.3529311, 30.5280226 ], [ 114.3530803, 30.5279819 ], [ 114.3530371, 30.527859 ], [ 114.3528861, 30.5279022 ], [ 114.3529311, 30.5280226 ] ] ] ] } },
{ "type": "Feature", "properties": { "GM_LAYER": "Unknown Area Type", "GM_TYPE": "Unknown Area Type", "ELEVATION": 30, "visible": "true", "version": 1, "changeset": 62232286, "timestamp": "2018-09-03T00:58:49Z", "user": "John Bek", "uid": 3800987, "covered": null, "leisure": null, "name": null, "sport": null, "id": 622152000.0, "building": null, "building_l": 0, "height": "30", "shop": null, "landuse": null, "addr_city": null, "addr_house": null, "addr_postc": 0, "addr_stree": null, "name_en": null, "website": null, "amenity": null, "addr_distr": null, "addr_hous1": null, "addr_provi": null, "int_name": null, "natural": null, "descriptio": null, "cuisine": null, "fast_food": null, "level": 0, "opening_h9": null, "designatio": null, "layer": 0, "area": "yes", "location": null, "public_tra": null, "railway": null, "subway": null, "station": null, "surface": null, "name_zh": null, "admin_leve": 0, "boundary": null, "water": null, "place": null, "building_p": "yes", "min_height": 15, "min": 0, "name_zh_H1": null, "name_zh_Ha": null, "operator": null, "operator_t": null, "short_name": null, "short_nam1": null, "short_nam2": null, "wikidata": null, "wikipedia": null, "garden_typ": null, "access": null, "note": null, "female": null, "toilets_di": null, "male": null, "wheelchair": null, "alt_name": null, "old_name": null, "PERIMETER": null, "ENCLOSED_A": null }, "geometry": { "type": "MultiPolygon", "coordinates": [ [ [ [ 114.3528861, 30.5279022 ], [ 114.3527456, 30.5279423 ], [ 114.3527928, 30.5280604 ], [ 114.3529311, 30.5280226 ], [ 114.3528861, 30.5279022 ] ] ] ] } },
{ "type": "Feature", "properties": { "GM_LAYER": "Unknown Area Type", "GM_TYPE": "Unknown Area Type", "ELEVATION": 24, "visible": "true", "version": 1, "changeset": 62232286, "timestamp": "2018-09-03T00:58:49Z", "user": "John Bek", "uid": 3800987, "covered": null, "leisure": null, "name": null, "sport": null, "id": 622152000.0, "building": null, "building_l": 0, "height": "24", "shop": null, "landuse": null, "addr_city": null, "addr_house": null, "addr_postc": 0, "addr_stree": null, "name_en": null, "website": null, "amenity": null, "addr_distr": null, "addr_hous1": null, "addr_provi": null, "int_name": null, "natural": null, "descriptio": null, "cuisine": null, "fast_food": null, "level": 0, "opening_h9": null, "designatio": null, "layer": 0, "area": "yes", "location": null, "public_tra": null, "railway": null, "subway": null, "station": null, "surface": null, "name_zh": null, "admin_leve": 0, "boundary": null, "water": null, "place": null, "building_p": "yes", "min_height": 15, "min": 0, "name_zh_H1": null, "name_zh_Ha": null, "operator": null, "operator_t": null, "short_name": null, "short_nam1": null, "short_nam2": null, "wikidata": null, "wikipedia": null, "garden_typ": null, "access": null, "note": null, "female": null, "toilets_di": null, "male": null, "wheelchair": null, "alt_name": null, "old_name": null, "PERIMETER": null, "ENCLOSED_A": null }, "geometry": { "type": "MultiPolygon", "coordinates": [ [ [ [ 114.3526483, 30.5280998 ], [ 114.3527928, 30.5280604 ], [ 114.3527456, 30.5279423 ], [ 114.3526073, 30.5279818 ], [ 114.3526483, 30.5280998 ] ] ] ] } },
{ "type": "Feature", "properties": { "GM_LAYER": "building - residential", "GM_TYPE": "Misc. Manmade Structure", "ELEVATION": 0, "visible": "true", "version": 1, "changeset": 63717818, "timestamp": "2018-10-21T02:27:19Z", "user": "bolo_2020", "uid": 542604, "covered": null, "leisure": null, "name": null, "sport": null, "id": 636440000.0, "building": "residential", "building_l": 0, "height": null, "shop": null, "landuse": null, "addr_city": null, "addr_house": null, "addr_postc": 0, "addr_stree": null, "name_en": null, "website": null, "amenity": null, "addr_distr": null, "addr_hous1": null, "addr_provi": null, "int_name": null, "natural": null, "descriptio": null, "cuisine": null, "fast_food": null, "level": 0, "opening_h9": null, "designatio": null, "layer": 0, "area": null, "location": null, "public_tra": null, "railway": null, "subway": null, "station": null, "surface": null, "name_zh": null, "admin_leve": 0, "boundary": null, "water": null, "place": null, "building_p": null, "min_height": 0, "min": 0, "name_zh_H1": null, "name_zh_Ha": null, "operator": null, "operator_t": null, "short_name": null, "short_nam1": null, "short_nam2": null, "wikidata": null, "wikipedia": null, "garden_typ": null, "access": null, "note": null, "female": null, "toilets_di": null, "male": null, "wheelchair": null, "alt_name": null, "old_name": null, "PERIMETER": null, "ENCLOSED_A": null }, "geometry": { "type": "MultiPolygon", "coordinates": [ [ [ [ 114.3497592, 30.5329773 ], [ 114.3502334, 30.5328279 ], [ 114.3501804, 30.5327029 ], [ 114.3498689, 30.5328004 ], [ 114.3498335, 30.5326907 ], [ 114.3496601, 30.5327395 ], [ 114.3497592, 30.5329773 ] ] ] ] } },
{ "type": "Feature", "properties": { "GM_LAYER": "building - residential", "GM_TYPE": "Misc. Manmade Structure", "ELEVATION": 0, "visible": "true", "version": 1, "changeset": 63717818, "timestamp": "2018-10-21T02:27:19Z", "user": "bolo_2020", "uid": 542604, "covered": null, "leisure": null, "name": "学府鑫苑", "sport": null, "id": 636440000.0, "building": "residential", "building_l": 0, "height": null, "shop": null, "landuse": null, "addr_city": null, "addr_house": null, "addr_postc": 0, "addr_stree": null, "name_en": null, "website": null, "amenity": null, "addr_distr": null, "addr_hous1": null, "addr_provi": null, "int_name": null, "natural": null, "descriptio": null, "cuisine": null, "fast_food": null, "level": 0, "opening_h9": null, "designatio": null, "layer": 0, "area": null, "location": null, "public_tra": null, "railway": null, "subway": null, "station": null, "surface": null, "name_zh": null, "admin_leve": 0, "boundary": null, "water": null, "place": null, "building_p": null, "min_height": 0, "min": 0, "name_zh_H1": null, "name_zh_Ha": null, "operator": null, "operator_t": null, "short_name": null, "short_nam1": null, "short_nam2": null, "wikidata": null, "wikipedia": null, "garden_typ": null, "access": null, "note": null, "female": null, "toilets_di": null, "male": null, "wheelchair": null, "alt_name": null, "old_name": null, "PERIMETER": null, "ENCLOSED_A": null }, "geometry": { "type": "MultiPolygon", "coordinates": [ [ [ [ 114.3494619, 30.5322243 ], [ 114.3495999, 30.5325962 ], [ 114.3498371, 30.5325322 ], [ 114.3497026, 30.5321572 ], [ 114.3494619, 30.5322243 ] ] ] ] } },
{ "type": "Feature", "properties": { "GM_LAYER": "landuse - residential", "GM_TYPE": "Metro Area", "ELEVATION": 0, "visible": "true", "version": 1, "changeset": 63717818, "timestamp": "2018-10-21T02:27:19Z", "user": "bolo_2020", "uid": 542604, "covered": null, "leisure": null, "name": null, "sport": null, "id": 636440000.0, "building": null, "building_l": 0, "height": null, "shop": null, "landuse": "residential", "addr_city": null, "addr_house": null, "addr_postc": 0, "addr_stree": null, "name_en": null, "website": null, "amenity": null, "addr_distr": null, "addr_hous1": null, "addr_provi": null, "int_name": null, "natural": null, "descriptio": null, "cuisine": null, "fast_food": null, "level": 0, "opening_h9": null, "designatio": null, "layer": 0, "area": null, "location": null, "public_tra": null, "railway": null, "subway": null, "station": null, "surface": null, "name_zh": null, "admin_leve": 0, "boundary": null, "water": null, "place": null, "building_p": null, "min_height": 0, "min": 0, "name_zh_H1": null, "name_zh_Ha": null, "operator": null, "operator_t": null, "short_name": null, "short_nam1": null, "short_nam2": null, "wikidata": null, "wikipedia": null, "garden_typ": null, "access": null, "note": null, "female": null, "toilets_di": null, "male": null, "wheelchair": null, "alt_name": null, "old_name": null, "PERIMETER": null, "ENCLOSED_A": null }, "geometry": { "type": "MultiPolygon", "coordinates": [ [ [ [ 114.3492142, 30.5318402 ], [ 114.3497238, 30.5332912 ], [ 114.3502936, 30.5328584 ], [ 114.350283, 30.5327608 ], [ 114.3496495, 30.5320231 ], [ 114.349515, 30.5318432 ], [ 114.3494335, 30.5318058 ], [ 114.3493185, 30.5318108 ], [ 114.3492142, 30.5318402 ] ] ] ] } },
{ "type": "Feature", "properties": { "GM_LAYER": "leisure - pitch", "GM_TYPE": "Misc. Manmade Structure", "ELEVATION": 0, "visible": "true", "version": 2, "changeset": 120659211, "timestamp": "2022-05-07T09:16:53Z", "user": "636663", "uid": 15396410, "covered": null, "leisure": "pitch", "name": null, "sport": "soccer", "id": 664757000.0, "building": null, "building_l": 0, "height": null, "shop": null, "landuse": null, "addr_city": null, "addr_house": null, "addr_postc": 0, "addr_stree": null, "name_en": null, "website": null, "amenity": null, "addr_distr": null, "addr_hous1": null, "addr_provi": null, "int_name": null, "natural": null, "descriptio": null, "cuisine": null, "fast_food": null, "level": 0, "opening_h9": null, "designatio": null, "layer": 0, "area": null, "location": null, "public_tra": null, "railway": null, "subway": null, "station": null, "surface": null, "name_zh": null, "admin_leve": 0, "boundary": null, "water": null, "place": null, "building_p": null, "min_height": 0, "min": 0, "name_zh_H1": "武汉大学信息部运动场", "name_zh_Ha": "武漢大學信息學部運動場", "operator": null, "operator_t": null, "short_name": null, "short_nam1": null, "short_nam2": null, "wikidata": null, "wikipedia": null, "garden_typ": null, "access": null, "note": null, "female": null, "toilets_di": null, "male": null, "wheelchair": null, "alt_name": null, "old_name": null, "PERIMETER": null, "ENCLOSED_A": null }, "geometry": { "type": "MultiPolygon", "coordinates": [ [ [ [ 114.3554465, 30.5305543 ], [ 114.356109, 30.5305577 ], [ 114.3561158, 30.5295758 ], [ 114.3554533, 30.5295724 ], [ 114.3554465, 30.5305543 ] ] ] ] } },
{ "type": "Feature", "properties": { "GM_LAYER": "building", "GM_TYPE": "Misc. Manmade Structure", "ELEVATION": 0, "visible": "true", "version": 3, "changeset": 133845985, "timestamp": "2023-03-19T06:23:58Z", "user": "养猪大户小王", "uid": 18762368, "covered": null, "leisure": null, "name": "主席台", "sport": null, "id": 664757000.0, "building": "yes", "building_l": 0, "height": null, "shop": null, "landuse": null, "addr_city": null, "addr_house": null, "addr_postc": 0, "addr_stree": null, "name_en": null, "website": null, "amenity": null, "addr_distr": null, "addr_hous1": null, "addr_provi": null, "int_name": null, "natural": null, "descriptio": null, "cuisine": null, "fast_food": null, "level": 0, "opening_h9": null, "designatio": null, "layer": 1, "area": null, "location": null, "public_tra": null, "railway": null, "subway": null, "station": null, "surface": null, "name_zh": null, "admin_leve": 0, "boundary": null, "water": null, "place": null, "building_p": null, "min_height": 0, "min": 0, "name_zh_H1": null, "name_zh_Ha": null, "operator": null, "operator_t": null, "short_name": null, "short_nam1": null, "short_nam2": null, "wikidata": null, "wikipedia": null, "garden_typ": null, "access": null, "note": null, "female": null, "toilets_di": null, "male": null, "wheelchair": null, "alt_name": null, "old_name": null, "PERIMETER": null, "ENCLOSED_A": null }, "geometry": { "type": "MultiPolygon", "coordinates": [ [ [ [ 114.3562008, 30.5301958 ], [ 114.3562906, 30.5301966 ], [ 114.356295, 30.5298421 ], [ 114.3562052, 30.5298413 ], [ 114.3562008, 30.5301958 ] ] ] ] } },
{ "type": "Feature", "properties": { "GM_LAYER": "landuse - grass", "GM_TYPE": "Unknown Area Type", "ELEVATION": 0, "visible": "true", "version": 1, "changeset": 66467926, "timestamp": "2019-01-20T04:54:28Z", "user": "samsung galaxy s6", "uid": 3691120, "covered": null, "leisure": null, "name": null, "sport": null, "id": 664757000.0, "building": null, "building_l": 0, "height": null, "shop": null, "landuse": "grass", "addr_city": null, "addr_house": null, "addr_postc": 0, "addr_stree": null, "name_en": null, "website": null, "amenity": null, "addr_distr": null, "addr_hous1": null, "addr_provi": null, "int_name": null, "natural": null, "descriptio": null, "cuisine": null, "fast_food": null, "level": 0, "opening_h9": null, "designatio": null, "layer": 0, "area": null, "location": null, "public_tra": null, "railway": null, "subway": null, "station": null, "surface": null, "name_zh": null, "admin_leve": 0, "boundary": null, "water": null, "place": null, "building_p": null, "min_height": 0, "min": 0, "name_zh_H1": null, "name_zh_Ha": null, "operator": null, "operator_t": null, "short_name": null, "short_nam1": null, "short_nam2": null, "wikidata": null, "wikipedia": null, "garden_typ": null, "access": null, "note": null, "female": null, "toilets_di": null, "male": null, "wheelchair": null, "alt_name": null, "old_name": null, "PERIMETER": null, "ENCLOSED_A": null }, "geometry": { "type": "MultiPolygon", "coordinates": [ [ [ [ 114.3524042, 30.5325002 ], [ 114.3526483, 30.5319711 ], [ 114.3523854, 30.5319711 ], [ 114.3524042, 30.5325002 ] ] ] ] } },
{ "type": "Feature", "properties": { "GM_LAYER": "amenity - university", "GM_TYPE": "Misc. Manmade Structure", "ELEVATION": 0, "visible": "true", "version": 1, "changeset": 75972544, "timestamp": "2019-10-21T04:29:07Z", "user": "samsung galaxy s6", "uid": 3691120, "covered": null, "leisure": null, "name": "武汉电力职业技术学院", "sport": null, "id": 737189000.0, "building": null, "building_l": 0, "height": null, "shop": null, "landuse": null, "addr_city": null, "addr_house": null, "addr_postc": 0, "addr_stree": null, "name_en": null, "website": null, "amenity": "university", "addr_distr": null, "addr_hous1": null, "addr_provi": null, "int_name": null, "natural": null, "descriptio": null, "cuisine": null, "fast_food": null, "level": 0, "opening_h9": null, "designatio": null, "layer": 0, "area": null, "location": null, "public_tra": null, "railway": null, "subway": null, "station": null, "surface": null, "name_zh": "武汉电力职业技术学院", "admin_leve": 0, "boundary": null, "water": null, "place": null, "building_p": null, "min_height": 0, "min": 0, "name_zh_H1": null, "name_zh_Ha": null, "operator": null, "operator_t": null, "short_name": null, "short_nam1": null, "short_nam2": null, "wikidata": null, "wikipedia": null, "garden_typ": null, "access": null, "note": null, "female": null, "toilets_di": null, "male": null, "wheelchair": null, "alt_name": null, "old_name": null, "PERIMETER": null, "ENCLOSED_A": null }, "geometry": { "type": "MultiPolygon", "coordinates": [ [ [ [ 114.3572681, 30.5271751 ], [ 114.357999092438178, 30.528336754649914 ], [ 114.357358104095326, 30.527078501760478 ], [ 114.3573378, 30.5271057 ], [ 114.3572681, 30.5271751 ] ] ] ] } },
{ "type": "Feature", "properties": { "GM_LAYER": "amenity - school", "GM_TYPE": "Misc. Manmade Structure", "ELEVATION": 0, "visible": "true", "version": 1, "changeset": 75973162, "timestamp": "2019-10-21T04:56:15Z", "user": "samsung galaxy s6", "uid": 3691120, "covered": null, "leisure": null, "name": "武汉大学第一附属小学", "sport": null, "id": 737192000.0, "building": null, "building_l": 0, "height": null, "shop": null, "landuse": null, "addr_city": null, "addr_house": null, "addr_postc": 0, "addr_stree": null, "name_en": null, "website": null, "amenity": "school", "addr_distr": null, "addr_hous1": null, "addr_provi": null, "int_name": null, "natural": null, "descriptio": null, "cuisine": null, "fast_food": null, "level": 0, "opening_h9": null, "designatio": null, "layer": 0, "area": null, "location": null, "public_tra": null, "railway": null, "subway": null, "station": null, "surface": null, "name_zh": "武汉大学第一附属小学", "admin_leve": 0, "boundary": null, "water": null, "place": null, "building_p": null, "min_height": 0, "min": 0, "name_zh_H1": null, "name_zh_Ha": null, "operator": null, "operator_t": null, "short_name": null, "short_nam1": null, "short_nam2": null, "wikidata": null, "wikipedia": null, "garden_typ": null, "access": null, "note": null, "female": null, "toilets_di": null, "male": null, "wheelchair": null, "alt_name": null, "old_name": null, "PERIMETER": null, "ENCLOSED_A": null }, "geometry": { "type": "MultiPolygon", "coordinates": [ [ [ [ 114.35513116064007, 30.534449462773843 ], [ 114.356849868394804, 30.533791447627713 ], [ 114.3568368, 30.5337584 ], [ 114.3563513, 30.5339547 ], [ 114.3562092, 30.5340171 ], [ 114.3559544, 30.5341188 ], [ 114.3551122, 30.5344029 ], [ 114.35513116064007, 30.534449462773843 ] ] ] ] } },
{ "type": "Feature", "properties": { "GM_LAYER": "amenity - university", "GM_TYPE": "Misc. Manmade Structure", "ELEVATION": 0, "visible": "true", "version": 4, "changeset": 120569219, "timestamp": "2022-05-05T05:24:36Z", "user": "samsung galaxy s6", "uid": 3691120, "covered": null, "leisure": null, "name": "华中师范大学", "sport": null, "id": 779844000.0, "building": null, "building_l": 0, "height": null, "shop": null, "landuse": null, "addr_city": "武汉市", "addr_house": "152", "addr_postc": 430079, "addr_stree": "珞喻路", "name_en": "Central China Normal University", "website": "http://www.ccnu.edu.cn/", "amenity": "university", "addr_distr": "洪山区", "addr_hous1": null, "addr_provi": "湖北省", "int_name": null, "natural": null, "descriptio": null, "cuisine": null, "fast_food": null, "level": 0, "opening_h9": null, "designatio": null, "layer": 0, "area": null, "location": null, "public_tra": null, "railway": null, "subway": null, "station": null, "surface": null, "name_zh": "华中师范大学", "admin_leve": 0, "boundary": null, "water": null, "place": "neighbourhood", "building_p": null, "min_height": 0, "min": 0, "name_zh_H1": null, "name_zh_Ha": null, "operator": "华中师范大学", "operator_t": "public", "short_name": "华中师大", "short_nam1": "CCNU", "short_nam2": "华中师大", "wikidata": "Q1397589", "wikipedia": "zh:华中师范大学", "garden_typ": null, "access": null, "note": null, "female": null, "toilets_di": null, "male": null, "wheelchair": null, "alt_name": null, "old_name": null, "PERIMETER": null, "ENCLOSED_A": null }, "geometry": { "type": "MultiPolygon", "coordinates": [ [ [ [ 114.351801720831105, 30.527450176495655 ], [ 114.3518247, 30.5275597 ], [ 114.3526043, 30.5273318 ], [ 114.352575911069749, 30.527201403388212 ], [ 114.351801720831105, 30.527450176495655 ] ] ], [ [ [ 114.354361230465912, 30.526627720807632 ], [ 114.354421, 30.5267781 ], [ 114.3556429, 30.5263647 ], [ 114.356345, 30.5260782 ], [ 114.356301983506597, 30.526004092220468 ], [ 114.354361230465912, 30.526627720807632 ] ] ] ] } },
{ "type": "Feature", "properties": { "GM_LAYER": "landuse - construction", "GM_TYPE": "Unknown Area Type", "ELEVATION": 0, "visible": "true", "version": 1, "changeset": 91557565, "timestamp": "2020-09-26T16:28:49Z", "user": "samsung galaxy s6", "uid": 3691120, "covered": null, "leisure": null, "name": null, "sport": null, "id": 851861000.0, "building": null, "building_l": 0, "height": null, "shop": null, "landuse": "construction", "addr_city": null, "addr_house": null, "addr_postc": 0, "addr_stree": null, "name_en": null, "website": null, "amenity": null, "addr_distr": null, "addr_hous1": null, "addr_provi": null, "int_name": null, "natural": null, "descriptio": null, "cuisine": null, "fast_food": null, "level": 0, "opening_h9": null, "designatio": null, "layer": 0, "area": null, "location": null, "public_tra": null, "railway": null, "subway": null, "station": null, "surface": null, "name_zh": null, "admin_leve": 0, "boundary": null, "water": null, "place": null, "building_p": null, "min_height": 0, "min": 0, "name_zh_H1": null, "name_zh_Ha": null, "operator": null, "operator_t": null, "short_name": null, "short_nam1": null, "short_nam2": null, "wikidata": null, "wikipedia": null, "garden_typ": null, "access": null, "note": null, "female": null, "toilets_di": null, "male": null, "wheelchair": null, "alt_name": null, "old_name": null, "PERIMETER": null, "ENCLOSED_A": null }, "geometry": { "type": "MultiPolygon", "coordinates": [ [ [ [ 114.3518678, 30.5275042 ], [ 114.3526376, 30.5272663 ], [ 114.352624739255333, 30.527185713266011 ], [ 114.351854976081214, 30.527433063810172 ], [ 114.3518678, 30.5275042 ] ] ] ] } },
{ "type": "Feature", "properties": { "GM_LAYER": "building - dormitory", "GM_TYPE": "Misc. Manmade Structure", "ELEVATION": 0, "visible": "true", "version": 2, "changeset": 112223922, "timestamp": "2021-10-07T16:02:27Z", "user": "Wei Yuanbiao", "uid": 12389142, "covered": null, "leisure": null, "name": "学生宿舍18栋", "sport": null, "id": 953298000.0, "building": "dormitory", "building_l": 0, "height": null, "shop": null, "landuse": null, "addr_city": null, "addr_house": null, "addr_postc": 0, "addr_stree": null, "name_en": null, "website": null, "amenity": null, "addr_distr": null, "addr_hous1": null, "addr_provi": null, "int_name": null, "natural": null, "descriptio": null, "cuisine": null, "fast_food": null, "level": 0, "opening_h9": null, "designatio": null, "layer": 0, "area": null, "location": null, "public_tra": null, "railway": null, "subway": null, "station": null, "surface": null, "name_zh": null, "admin_leve": 0, "boundary": null, "water": null, "place": null, "building_p": null, "min_height": 0, "min": 0, "name_zh_H1": null, "name_zh_Ha": null, "operator": null, "operator_t": null, "short_name": null, "short_nam1": null, "short_nam2": null, "wikidata": null, "wikipedia": null, "garden_typ": null, "access": null, "note": null, "female": null, "toilets_di": null, "male": null, "wheelchair": null, "alt_name": null, "old_name": null, "PERIMETER": null, "ENCLOSED_A": null }, "geometry": { "type": "MultiPolygon", "coordinates": [ [ [ [ 114.3541945, 30.5318717 ], [ 114.3549144, 30.5318658 ], [ 114.3549122, 30.5316646 ], [ 114.3541923, 30.5316706 ], [ 114.3541945, 30.5318717 ] ] ] ] } },
{ "type": "Feature", "properties": { "GM_LAYER": "amenity - parking", "GM_TYPE": "Misc. Manmade Structure", "ELEVATION": 0, "visible": "true", "version": 1, "changeset": 109619436, "timestamp": "2021-08-13T10:02:16Z", "user": "EarlOMeath", "uid": 11187534, "covered": null, "leisure": null, "name": null, "sport": null, "id": 972813000.0, "building": null, "building_l": 0, "height": null, "shop": null, "landuse": null, "addr_city": null, "addr_house": null, "addr_postc": 0, "addr_stree": null, "name_en": null, "website": null, "amenity": "parking", "addr_distr": null, "addr_hous1": null, "addr_provi": null, "int_name": null, "natural": null, "descriptio": null, "cuisine": null, "fast_food": null, "level": 0, "opening_h9": null, "designatio": null, "layer": 0, "area": null, "location": null, "public_tra": null, "railway": null, "subway": null, "station": null, "surface": null, "name_zh": null, "admin_leve": 0, "boundary": null, "water": null, "place": null, "building_p": null, "min_height": 0, "min": 0, "name_zh_H1": null, "name_zh_Ha": null, "operator": null, "operator_t": null, "short_name": null, "short_nam1": null, "short_nam2": null, "wikidata": null, "wikipedia": null, "garden_typ": null, "access": null, "note": null, "female": null, "toilets_di": null, "male": null, "wheelchair": null, "alt_name": null, "old_name": null, "PERIMETER": null, "ENCLOSED_A": null }, "geometry": { "type": "MultiPolygon", "coordinates": [ [ [ [ 114.354487100353765, 30.534696044208189 ], [ 114.354795884729384, 30.534577824693844 ], [ 114.3547745, 30.5345472 ], [ 114.354487100353765, 30.534696044208189 ] ] ] ] } },
{ "type": "Feature", "properties": { "GM_LAYER": "leisure - garden", "GM_TYPE": "City Park", "ELEVATION": 0, "visible": "true", "version": 1, "changeset": 112223922, "timestamp": "2021-10-07T16:02:27Z", "user": "Wei Yuanbiao", "uid": 12389142, "covered": null, "leisure": "garden", "name": null, "sport": null, "id": 990914000.0, "building": null, "building_l": 0, "height": null, "shop": null, "landuse": null, "addr_city": null, "addr_house": null, "addr_postc": 0, "addr_stree": null, "name_en": null, "website": null, "amenity": null, "addr_distr": null, "addr_hous1": null, "addr_provi": null, "int_name": null, "natural": null, "descriptio": null, "cuisine": null, "fast_food": null, "level": 0, "opening_h9": null, "designatio": null, "layer": 0, "area": null, "location": null, "public_tra": null, "railway": null, "subway": null, "station": null, "surface": null, "name_zh": null, "admin_leve": 0, "boundary": null, "water": null, "place": null, "building_p": null, "min_height": 0, "min": 0, "name_zh_H1": null, "name_zh_Ha": null, "operator": null, "operator_t": null, "short_name": null, "short_nam1": null, "short_nam2": null, "wikidata": null, "wikipedia": null, "garden_typ": "community", "access": null, "note": null, "female": null, "toilets_di": null, "male": null, "wheelchair": null, "alt_name": null, "old_name": null, "PERIMETER": null, "ENCLOSED_A": null }, "geometry": { "type": "MultiPolygon", "coordinates": [ [ [ [ 114.3541951, 30.5321593 ], [ 114.3549447, 30.5321568 ], [ 114.3549433, 30.5319483 ], [ 114.3541995, 30.5319533 ], [ 114.3541951, 30.5321593 ] ] ] ] } },
{ "type": "Feature", "properties": { "GM_LAYER": "building - dormitory", "GM_TYPE": "Misc. Manmade Structure", "ELEVATION": 0, "visible": "true", "version": 1, "changeset": 112223922, "timestamp": "2021-10-07T16:02:27Z", "user": "Wei Yuanbiao", "uid": 12389142, "covered": null, "leisure": null, "name": "学生宿舍17栋", "sport": null, "id": 990914000.0, "building": "dormitory", "building_l": 0, "height": null, "shop": null, "landuse": null, "addr_city": null, "addr_house": null, "addr_postc": 0, "addr_stree": null, "name_en": null, "website": null, "amenity": null, "addr_distr": null, "addr_hous1": null, "addr_provi": null, "int_name": null, "natural": null, "descriptio": null, "cuisine": null, "fast_food": null, "level": 0, "opening_h9": null, "designatio": null, "layer": 0, "area": null, "location": null, "public_tra": null, "railway": null, "subway": null, "station": null, "surface": null, "name_zh": null, "admin_leve": 0, "boundary": null, "water": null, "place": null, "building_p": null, "min_height": 0, "min": 0, "name_zh_H1": null, "name_zh_Ha": null, "operator": null, "operator_t": null, "short_name": null, "short_nam1": null, "short_nam2": null, "wikidata": null, "wikipedia": null, "garden_typ": null, "access": null, "note": null, "female": null, "toilets_di": null, "male": null, "wheelchair": null, "alt_name": null, "old_name": null, "PERIMETER": null, "ENCLOSED_A": null }, "geometry": { "type": "MultiPolygon", "coordinates": [ [ [ [ 114.3533442, 30.5311689 ], [ 114.3540726, 30.5311685 ], [ 114.3540741, 30.5309829 ], [ 114.3533489, 30.5309786 ], [ 114.3533442, 30.5311689 ] ] ] ] } },
{ "type": "Feature", "properties": { "GM_LAYER": "building - dormitory", "GM_TYPE": "Misc. Manmade Structure", "ELEVATION": 0, "visible": "true", "version": 1, "changeset": 118023811, "timestamp": "2022-03-02T15:23:46Z", "user": "WHY_in_WHU", "uid": 15192601, "covered": null, "leisure": null, "name": "C7舍", "sport": null, "id": 1036560000.0, "building": "dormitory", "building_l": 0, "height": null, "shop": null, "landuse": null, "addr_city": null, "addr_house": null, "addr_postc": 0, "addr_stree": null, "name_en": null, "website": null, "amenity": null, "addr_distr": null, "addr_hous1": null, "addr_provi": null, "int_name": null, "natural": null, "descriptio": null, "cuisine": null, "fast_food": null, "level": 0, "opening_h9": null, "designatio": null, "layer": 0, "area": null, "location": null, "public_tra": null, "railway": null, "subway": null, "station": null, "surface": null, "name_zh": null, "admin_leve": 0, "boundary": null, "water": null, "place": null, "building_p": null, "min_height": 0, "min": 0, "name_zh_H1": null, "name_zh_Ha": null, "operator": null, "operator_t": null, "short_name": null, "short_nam1": null, "short_nam2": null, "wikidata": null, "wikipedia": null, "garden_typ": null, "access": null, "note": null, "female": null, "toilets_di": null, "male": null, "wheelchair": null, "alt_name": null, "old_name": null, "PERIMETER": null, "ENCLOSED_A": null }, "geometry": { "type": "MultiPolygon", "coordinates": [ [ [ [ 114.3518608, 30.5298145 ], [ 114.3521578, 30.5298211 ], [ 114.3521618, 30.5296875 ], [ 114.3518649, 30.5296808 ], [ 114.3518608, 30.5298145 ] ] ] ] } },
{ "type": "Feature", "properties": { "GM_LAYER": "landuse - grass", "GM_TYPE": "Unknown Area Type", "ELEVATION": 0, "visible": "true", "version": 1, "changeset": 118059411, "timestamp": "2022-03-03T15:07:05Z", "user": "Wei Yuanbiao", "uid": 12389142, "covered": null, "leisure": null, "name": null, "sport": null, "id": 1036850000.0, "building": null, "building_l": 0, "height": null, "shop": null, "landuse": "grass", "addr_city": null, "addr_house": null, "addr_postc": 0, "addr_stree": null, "name_en": null, "website": null, "amenity": null, "addr_distr": null, "addr_hous1": null, "addr_provi": null, "int_name": null, "natural": null, "descriptio": null, "cuisine": null, "fast_food": null, "level": 0, "opening_h9": null, "designatio": null, "layer": 0, "area": null, "location": null, "public_tra": null, "railway": null, "subway": null, "station": null, "surface": null, "name_zh": null, "admin_leve": 0, "boundary": null, "water": null, "place": null, "building_p": null, "min_height": 0, "min": 0, "name_zh_H1": null, "name_zh_Ha": null, "operator": null, "operator_t": null, "short_name": null, "short_nam1": null, "short_nam2": null, "wikidata": null, "wikipedia": null, "garden_typ": null, "access": null, "note": null, "female": null, "toilets_di": null, "male": null, "wheelchair": null, "alt_name": null, "old_name": null, "PERIMETER": null, "ENCLOSED_A": null }, "geometry": { "type": "MultiPolygon", "coordinates": [ [ [ [ 114.353043, 30.5319777 ], [ 114.3530996, 30.5319989 ], [ 114.3533954, 30.5320876 ], [ 114.3535838, 30.5321425 ], [ 114.353623, 30.532145 ], [ 114.3537129, 30.5320863 ], [ 114.3537709, 30.5320464 ], [ 114.3536868, 30.5319677 ], [ 114.3536578, 30.5319689 ], [ 114.3535722, 30.5319689 ], [ 114.3534563, 30.5319589 ], [ 114.3533519, 30.5319215 ], [ 114.353246, 30.5318615 ], [ 114.3531431, 30.5318166 ], [ 114.3530851, 30.5317966 ], [ 114.3530561, 30.5317941 ], [ 114.3530343, 30.5318103 ], [ 114.353043, 30.5319777 ] ] ] ] } },
{ "type": "Feature", "properties": { "GM_LAYER": "landuse - grass", "GM_TYPE": "Unknown Area Type", "ELEVATION": 0, "visible": "true", "version": 1, "changeset": 118059411, "timestamp": "2022-03-03T15:07:05Z", "user": "Wei Yuanbiao", "uid": 12389142, "covered": null, "leisure": null, "name": null, "sport": null, "id": 1036850000.0, "building": null, "building_l": 0, "height": null, "shop": null, "landuse": "grass", "addr_city": null, "addr_house": null, "addr_postc": 0, "addr_stree": null, "name_en": null, "website": null, "amenity": null, "addr_distr": null, "addr_hous1": null, "addr_provi": null, "int_name": null, "natural": null, "descriptio": null, "cuisine": null, "fast_food": null, "level": 0, "opening_h9": null, "designatio": null, "layer": 0, "area": null, "location": null, "public_tra": null, "railway": null, "subway": null, "station": null, "surface": null, "name_zh": null, "admin_leve": 0, "boundary": null, "water": null, "place": null, "building_p": null, "min_height": 0, "min": 0, "name_zh_H1": null, "name_zh_Ha": null, "operator": null, "operator_t": null, "short_name": null, "short_nam1": null, "short_nam2": null, "wikidata": null, "wikipedia": null, "garden_typ": null, "access": null, "note": null, "female": null, "toilets_di": null, "male": null, "wheelchair": null, "alt_name": null, "old_name": null, "PERIMETER": null, "ENCLOSED_A": null }, "geometry": { "type": "MultiPolygon", "coordinates": [ [ [ [ 114.3537739, 30.5318817 ], [ 114.3539646, 30.531879 ], [ 114.3539758, 30.5318623 ], [ 114.3539728, 30.5317192 ], [ 114.3539451, 30.5317157 ], [ 114.3537472, 30.5317201 ], [ 114.3537308, 30.5317289 ], [ 114.3537298, 30.5317475 ], [ 114.3537298, 30.5317837 ], [ 114.3537564, 30.5318384 ], [ 114.3537739, 30.5318817 ] ] ] ] } },
{ "type": "Feature", "properties": { "GM_LAYER": "landuse - grass", "GM_TYPE": "Unknown Area Type", "ELEVATION": 0, "visible": "true", "version": 1, "changeset": 118059411, "timestamp": "2022-03-03T15:07:05Z", "user": "Wei Yuanbiao", "uid": 12389142, "covered": null, "leisure": null, "name": null, "sport": null, "id": 1036850000.0, "building": null, "building_l": 0, "height": null, "shop": null, "landuse": "grass", "addr_city": null, "addr_house": null, "addr_postc": 0, "addr_stree": null, "name_en": null, "website": null, "amenity": null, "addr_distr": null, "addr_hous1": null, "addr_provi": null, "int_name": null, "natural": null, "descriptio": null, "cuisine": null, "fast_food": null, "level": 0, "opening_h9": null, "designatio": null, "layer": 0, "area": null, "location": null, "public_tra": null, "railway": null, "subway": null, "station": null, "surface": null, "name_zh": null, "admin_leve": 0, "boundary": null, "water": null, "place": null, "building_p": null, "min_height": 0, "min": 0, "name_zh_H1": null, "name_zh_Ha": null, "operator": null, "operator_t": null, "short_name": null, "short_nam1": null, "short_nam2": null, "wikidata": null, "wikipedia": null, "garden_typ": null, "access": null, "note": null, "female": null, "toilets_di": null, "male": null, "wheelchair": null, "alt_name": null, "old_name": null, "PERIMETER": null, "ENCLOSED_A": null }, "geometry": { "type": "MultiPolygon", "coordinates": [ [ [ [ 114.3538368, 30.5320362 ], [ 114.3539938, 30.5320349 ], [ 114.3539925, 30.5319127 ], [ 114.3537942, 30.5319143 ], [ 114.3537734, 30.5319322 ], [ 114.3537722, 30.53197 ], [ 114.3538368, 30.5320362 ] ] ] ] } },
{ "type": "Feature", "properties": { "GM_LAYER": "building - school", "GM_TYPE": "Misc. Manmade Structure", "ELEVATION": 0, "visible": "true", "version": 2, "changeset": 119023582, "timestamp": "2022-03-28T13:52:57Z", "user": "DDAkun", "uid": 14235877, "covered": null, "leisure": null, "name": "武汉大学宇航研究院", "sport": null, "id": 1037020000.0, "building": "school", "building_l": 0, "height": null, "shop": null, "landuse": null, "addr_city": null, "addr_house": null, "addr_postc": 0, "addr_stree": null, "name_en": null, "website": null, "amenity": null, "addr_distr": null, "addr_hous1": null, "addr_provi": null, "int_name": null, "natural": null, "descriptio": null, "cuisine": null, "fast_food": null, "level": 0, "opening_h9": null, "designatio": null, "layer": 0, "area": null, "location": null, "public_tra": null, "railway": null, "subway": null, "station": null, "surface": null, "name_zh": null, "admin_leve": 0, "boundary": null, "water": null, "place": null, "building_p": null, "min_height": 0, "min": 0, "name_zh_H1": null, "name_zh_Ha": null, "operator": null, "operator_t": null, "short_name": null, "short_nam1": null, "short_nam2": null, "wikidata": null, "wikipedia": null, "garden_typ": null, "access": null, "note": null, "female": null, "toilets_di": null, "male": null, "wheelchair": null, "alt_name": null, "old_name": null, "PERIMETER": null, "ENCLOSED_A": null }, "geometry": { "type": "MultiPolygon", "coordinates": [ [ [ [ 114.3519035, 30.529602 ], [ 114.3522015, 30.529598 ], [ 114.3521859, 30.529504 ], [ 114.3520873, 30.5295014 ], [ 114.3520605, 30.5293698 ], [ 114.3518916, 30.5293684 ], [ 114.3519035, 30.529602 ] ] ] ] } },
{ "type": "Feature", "properties": { "GM_LAYER": "amenity - charging_station", "GM_TYPE": "Misc. Manmade Structure", "ELEVATION": 0, "visible": "true", "version": 1, "changeset": 118097360, "timestamp": "2022-03-04T15:24:30Z", "user": "Lee-whisper", "uid": 15220503, "covered": null, "leisure": null, "name": null, "sport": null, "id": 1037160000.0, "building": null, "building_l": 0, "height": null, "shop": null, "landuse": null, "addr_city": null, "addr_house": null, "addr_postc": 0, "addr_stree": null, "name_en": null, "website": null, "amenity": "charging_station", "addr_distr": null, "addr_hous1": null, "addr_provi": null, "int_name": null, "natural": null, "descriptio": null, "cuisine": null, "fast_food": null, "level": 0, "opening_h9": null, "designatio": null, "layer": 0, "area": null, "location": null, "public_tra": null, "railway": null, "subway": null, "station": null, "surface": null, "name_zh": null, "admin_leve": 0, "boundary": null, "water": null, "place": null, "building_p": null, "min_height": 0, "min": 0, "name_zh_H1": null, "name_zh_Ha": null, "operator": null, "operator_t": null, "short_name": null, "short_nam1": null, "short_nam2": null, "wikidata": null, "wikipedia": null, "garden_typ": null, "access": null, "note": null, "female": null, "toilets_di": null, "male": null, "wheelchair": null, "alt_name": null, "old_name": null, "PERIMETER": null, "ENCLOSED_A": null }, "geometry": { "type": "MultiPolygon", "coordinates": [ [ [ [ 114.3531597, 30.5287734 ], [ 114.3534816, 30.5287793 ], [ 114.3534833, 30.5287132 ], [ 114.3531631, 30.5287118 ], [ 114.3531597, 30.5287734 ] ] ] ] } },
{ "type": "Feature", "properties": { "GM_LAYER": "landuse - grass", "GM_TYPE": "Unknown Area Type", "ELEVATION": 0, "visible": "true", "version": 1, "changeset": 118115821, "timestamp": "2022-03-05T07:06:15Z", "user": "宋你一个小丸子", "uid": 15234607, "covered": null, "leisure": null, "name": null, "sport": null, "id": 1037280000.0, "building": null, "building_l": 0, "height": null, "shop": null, "landuse": "grass", "addr_city": null, "addr_house": null, "addr_postc": 0, "addr_stree": null, "name_en": null, "website": null, "amenity": null, "addr_distr": null, "addr_hous1": null, "addr_provi": null, "int_name": null, "natural": null, "descriptio": null, "cuisine": null, "fast_food": null, "level": 0, "opening_h9": null, "designatio": null, "layer": 0, "area": null, "location": null, "public_tra": null, "railway": null, "subway": null, "station": null, "surface": null, "name_zh": null, "admin_leve": 0, "boundary": null, "water": null, "place": null, "building_p": null, "min_height": 0, "min": 0, "name_zh_H1": null, "name_zh_Ha": null, "operator": null, "operator_t": null, "short_name": null, "short_nam1": null, "short_nam2": null, "wikidata": null, "wikipedia": null, "garden_typ": null, "access": null, "note": null, "female": null, "toilets_di": null, "male": null, "wheelchair": null, "alt_name": null, "old_name": null, "PERIMETER": null, "ENCLOSED_A": null }, "geometry": { "type": "MultiPolygon", "coordinates": [ [ [ [ 114.3550142, 30.5281695 ], [ 114.3550142, 30.5279783 ], [ 114.3548254, 30.5279739 ], [ 114.3548024, 30.5279629 ], [ 114.3547973, 30.5278893 ], [ 114.3547833, 30.5278673 ], [ 114.3545855, 30.5278695 ], [ 114.3545472, 30.5279134 ], [ 114.35456, 30.5281794 ], [ 114.3547029, 30.5281794 ], [ 114.3550142, 30.5281695 ] ] ] ] } },
{ "type": "Feature", "properties": { "GM_LAYER": "building - retail", "GM_TYPE": "Misc. Manmade Structure", "ELEVATION": 0, "visible": "true", "version": 1, "changeset": 118123123, "timestamp": "2022-03-05T11:41:00Z", "user": "红心柚柚子", "uid": 15194206, "covered": null, "leisure": null, "name": "快递存放处（星湖园玻璃房）", "sport": null, "id": 1037320000.0, "building": "retail", "building_l": 1, "height": null, "shop": null, "landuse": null, "addr_city": null, "addr_house": null, "addr_postc": 0, "addr_stree": null, "name_en": null, "website": null, "amenity": null, "addr_distr": null, "addr_hous1": null, "addr_provi": null, "int_name": null, "natural": null, "descriptio": null, "cuisine": null, "fast_food": null, "level": 0, "opening_h9": null, "designatio": null, "layer": 0, "area": null, "location": null, "public_tra": null, "railway": null, "subway": null, "station": null, "surface": null, "name_zh": null, "admin_leve": 0, "boundary": null, "water": null, "place": null, "building_p": null, "min_height": 0, "min": 0, "name_zh_H1": null, "name_zh_Ha": null, "operator": null, "operator_t": null, "short_name": null, "short_nam1": null, "short_nam2": null, "wikidata": null, "wikipedia": null, "garden_typ": null, "access": null, "note": null, "female": null, "toilets_di": null, "male": null, "wheelchair": null, "alt_name": null, "old_name": null, "PERIMETER": null, "ENCLOSED_A": null }, "geometry": { "type": "MultiPolygon", "coordinates": [ [ [ [ 114.3547464, 30.5332086 ], [ 114.3548181, 30.533205 ], [ 114.3548123, 30.5331209 ], [ 114.3547405, 30.5331245 ], [ 114.3547464, 30.5332086 ] ] ] ] } },
{ "type": "Feature", "properties": { "GM_LAYER": "building", "GM_TYPE": "Misc. Manmade Structure", "ELEVATION": 0, "visible": "true", "version": 1, "changeset": 118123123, "timestamp": "2022-03-05T11:41:00Z", "user": "红心柚柚子", "uid": 15194206, "covered": null, "leisure": null, "name": null, "sport": null, "id": 1037320000.0, "building": "yes", "building_l": 0, "height": null, "shop": null, "landuse": null, "addr_city": null, "addr_house": null, "addr_postc": 0, "addr_stree": null, "name_en": null, "website": null, "amenity": null, "addr_distr": null, "addr_hous1": null, "addr_provi": null, "int_name": null, "natural": null, "descriptio": null, "cuisine": null, "fast_food": null, "level": 0, "opening_h9": null, "designatio": null, "layer": 0, "area": null, "location": null, "public_tra": null, "railway": null, "subway": null, "station": null, "surface": null, "name_zh": null, "admin_leve": 0, "boundary": null, "water": null, "place": null, "building_p": null, "min_height": 0, "min": 0, "name_zh_H1": null, "name_zh_Ha": null, "operator": null, "operator_t": null, "short_name": null, "short_nam1": null, "short_nam2": null, "wikidata": null, "wikipedia": null, "garden_typ": null, "access": null, "note": null, "female": null, "toilets_di": null, "male": null, "wheelchair": null, "alt_name": null, "old_name": null, "PERIMETER": null, "ENCLOSED_A": null }, "geometry": { "type": "MultiPolygon", "coordinates": [ [ [ [ 114.3526112, 30.5328181 ], [ 114.352686, 30.5328484 ], [ 114.3528644, 30.5325147 ], [ 114.3527653, 30.5324806 ], [ 114.3526112, 30.5328181 ] ] ] ] } },
{ "type": "Feature", "properties": { "GM_LAYER": "building", "GM_TYPE": "Misc. Manmade Structure", "ELEVATION": 0, "visible": "true", "version": 1, "changeset": 118123123, "timestamp": "2022-03-05T11:41:00Z", "user": "红心柚柚子", "uid": 15194206, "covered": null, "leisure": null, "name": "英国伦敦工商会考试局湖北省考试中心", "sport": null, "id": 1037320000.0, "building": "yes", "building_l": 0, "height": null, "shop": null, "landuse": null, "addr_city": null, "addr_house": null, "addr_postc": 0, "addr_stree": null, "name_en": null, "website": null, "amenity": null, "addr_distr": null, "addr_hous1": null, "addr_provi": null, "int_name": null, "natural": null, "descriptio": null, "cuisine": null, "fast_food": null, "level": 0, "opening_h9": null, "designatio": null, "layer": 0, "area": null, "location": null, "public_tra": null, "railway": null, "subway": null, "station": null, "surface": null, "name_zh": null, "admin_leve": 0, "boundary": null, "water": null, "place": null, "building_p": null, "min_height": 0, "min": 0, "name_zh_H1": null, "name_zh_Ha": null, "operator": null, "operator_t": null, "short_name": null, "short_nam1": null, "short_nam2": null, "wikidata": null, "wikipedia": null, "garden_typ": null, "access": null, "note": null, "female": null, "toilets_di": null, "male": null, "wheelchair": null, "alt_name": null, "old_name": null, "PERIMETER": null, "ENCLOSED_A": null }, "geometry": { "type": "MultiPolygon", "coordinates": [ [ [ [ 114.3526772, 30.5323611 ], [ 114.3528468, 30.5324104 ], [ 114.352915, 30.5323061 ], [ 114.3527279, 30.5322378 ], [ 114.3526772, 30.5323611 ] ] ] ] } },
{ "type": "Feature", "properties": { "GM_LAYER": "natural - grassland", "GM_TYPE": "Scrub Area", "ELEVATION": 0, "visible": "true", "version": 1, "changeset": 118123123, "timestamp": "2022-03-05T11:41:00Z", "user": "红心柚柚子", "uid": 15194206, "covered": null, "leisure": null, "name": null, "sport": null, "id": 1037320000.0, "building": null, "building_l": 0, "height": null, "shop": null, "landuse": null, "addr_city": null, "addr_house": null, "addr_postc": 0, "addr_stree": null, "name_en": null, "website": null, "amenity": null, "addr_distr": null, "addr_hous1": null, "addr_provi": null, "int_name": null, "natural": "grassland", "descriptio": null, "cuisine": null, "fast_food": null, "level": 0, "opening_h9": null, "designatio": null, "layer": 0, "area": null, "location": null, "public_tra": null, "railway": null, "subway": null, "station": null, "surface": null, "name_zh": null, "admin_leve": 0, "boundary": null, "water": null, "place": null, "building_p": null, "min_height": 0, "min": 0, "name_zh_H1": null, "name_zh_Ha": null, "operator": null, "operator_t": null, "short_name": null, "short_nam1": null, "short_nam2": null, "wikidata": null, "wikipedia": null, "garden_typ": null, "access": null, "note": null, "female": null, "toilets_di": null, "male": null, "wheelchair": null, "alt_name": null, "old_name": null, "PERIMETER": null, "ENCLOSED_A": null }, "geometry": { "type": "MultiPolygon", "coordinates": [ [ [ [ 114.3528501, 30.5327858 ], [ 114.3534202, 30.53282 ], [ 114.3535215, 30.5326285 ], [ 114.3529998, 30.5324616 ], [ 114.3528501, 30.5327858 ] ] ] ] } },
{ "type": "Feature", "properties": { "GM_LAYER": "leisure - pitch", "GM_TYPE": "Misc. Manmade Structure", "ELEVATION": 0, "visible": "true", "version": 1, "changeset": 118124653, "timestamp": "2022-03-05T12:33:48Z", "user": "Wenifred", "uid": 15235882, "covered": null, "leisure": "pitch", "name": "篮球场", "sport": null, "id": 1037330000.0, "building": null, "building_l": 0, "height": null, "shop": null, "landuse": null, "addr_city": null, "addr_house": null, "addr_postc": 0, "addr_stree": null, "name_en": null, "website": null, "amenity": null, "addr_distr": null, "addr_hous1": null, "addr_provi": null, "int_name": null, "natural": null, "descriptio": null, "cuisine": null, "fast_food": null, "level": 0, "opening_h9": null, "designatio": null, "layer": 0, "area": null, "location": null, "public_tra": null, "railway": null, "subway": null, "station": null, "surface": null, "name_zh": null, "admin_leve": 0, "boundary": null, "water": null, "place": null, "building_p": null, "min_height": 0, "min": 0, "name_zh_H1": null, "name_zh_Ha": null, "operator": null, "operator_t": null, "short_name": null, "short_nam1": null, "short_nam2": null, "wikidata": null, "wikipedia": null, "garden_typ": null, "access": "yes", "note": null, "female": null, "toilets_di": null, "male": null, "wheelchair": null, "alt_name": null, "old_name": null, "PERIMETER": null, "ENCLOSED_A": null }, "geometry": { "type": "MultiPolygon", "coordinates": [ [ [ [ 114.3555801, 30.5306857 ], [ 114.3559083, 30.5306882 ], [ 114.3559083, 30.5305656 ], [ 114.3555772, 30.5305669 ], [ 114.3555801, 30.5306857 ] ] ] ] } },
{ "type": "Feature", "properties": { "GM_LAYER": "leisure - pitch", "GM_TYPE": "Misc. Manmade Structure", "ELEVATION": 0, "visible": "true", "version": 1, "changeset": 118124653, "timestamp": "2022-03-05T12:33:48Z", "user": "Wenifred", "uid": 15235882, "covered": null, "leisure": "pitch", "name": "篮球场", "sport": null, "id": 1037330000.0, "building": null, "building_l": 0, "height": null, "shop": null, "landuse": null, "addr_city": null, "addr_house": null, "addr_postc": 0, "addr_stree": null, "name_en": null, "website": null, "amenity": null, "addr_distr": null, "addr_hous1": null, "addr_provi": null, "int_name": null, "natural": null, "descriptio": null, "cuisine": null, "fast_food": null, "level": 0, "opening_h9": null, "designatio": null, "layer": 0, "area": null, "location": null, "public_tra": null, "railway": null, "subway": null, "station": null, "surface": null, "name_zh": null, "admin_leve": 0, "boundary": null, "water": null, "place": null, "building_p": null, "min_height": 0, "min": 0, "name_zh_H1": null, "name_zh_Ha": null, "operator": null, "operator_t": null, "short_name": null, "short_nam1": null, "short_nam2": null, "wikidata": null, "wikipedia": null, "garden_typ": null, "access": "yes", "note": null, "female": null, "toilets_di": null, "male": null, "wheelchair": null, "alt_name": null, "old_name": null, "PERIMETER": null, "ENCLOSED_A": null }, "geometry": { "type": "MultiPolygon", "coordinates": [ [ [ [ 114.3559353, 30.5295466 ], [ 114.3559389, 30.5294033 ], [ 114.3555932, 30.5293982 ], [ 114.3555897, 30.5295446 ], [ 114.3559353, 30.5295466 ] ] ] ] } },
{ "type": "Feature", "properties": { "GM_LAYER": "natural - wood", "GM_TYPE": "Wooded Area", "ELEVATION": 0, "visible": "true", "version": 1, "changeset": 118124653, "timestamp": "2022-03-05T12:33:48Z", "user": "Wenifred", "uid": 15235882, "covered": null, "leisure": null, "name": null, "sport": null, "id": 1037330000.0, "building": null, "building_l": 0, "height": null, "shop": null, "landuse": null, "addr_city": null, "addr_house": null, "addr_postc": 0, "addr_stree": null, "name_en": null, "website": null, "amenity": null, "addr_distr": null, "addr_hous1": null, "addr_provi": null, "int_name": null, "natural": "wood", "descriptio": null, "cuisine": null, "fast_food": null, "level": 0, "opening_h9": null, "designatio": null, "layer": 0, "area": null, "location": null, "public_tra": null, "railway": null, "subway": null, "station": null, "surface": null, "name_zh": null, "admin_leve": 0, "boundary": null, "water": null, "place": null, "building_p": null, "min_height": 0, "min": 0, "name_zh_H1": null, "name_zh_Ha": null, "operator": null, "operator_t": null, "short_name": null, "short_nam1": null, "short_nam2": null, "wikidata": null, "wikipedia": null, "garden_typ": null, "access": null, "note": null, "female": null, "toilets_di": null, "male": null, "wheelchair": null, "alt_name": null, "old_name": null, "PERIMETER": null, "ENCLOSED_A": null }, "geometry": { "type": "MultiPolygon", "coordinates": [ [ [ [ 114.3554232, 30.5330463 ], [ 114.356055, 30.5330575 ], [ 114.3560608, 30.5327523 ], [ 114.355535, 30.5327485 ], [ 114.35549, 30.5328311 ], [ 114.3554217, 30.5328323 ], [ 114.3554232, 30.5330463 ] ] ] ] } },
{ "type": "Feature", "properties": { "GM_LAYER": "leisure - track", "GM_TYPE": "Misc. Manmade Structure", "ELEVATION": 0, "visible": "true", "version": 1, "changeset": 118127010, "timestamp": "2022-03-05T13:46:26Z", "user": "GWL_der", "uid": 15194881, "covered": null, "leisure": "track", "name": null, "sport": "running", "id": 1037340000.0, "building": null, "building_l": 0, "height": null, "shop": null, "landuse": null, "addr_city": null, "addr_house": null, "addr_postc": 0, "addr_stree": null, "name_en": null, "website": null, "amenity": null, "addr_distr": null, "addr_hous1": null, "addr_provi": null, "int_name": null, "natural": null, "descriptio": null, "cuisine": null, "fast_food": null, "level": 0, "opening_h9": null, "designatio": null, "layer": 0, "area": "yes", "location": null, "public_tra": null, "railway": null, "subway": null, "station": null, "surface": null, "name_zh": null, "admin_leve": 0, "boundary": null, "water": null, "place": null, "building_p": null, "min_height": 0, "min": 0, "name_zh_H1": null, "name_zh_Ha": null, "operator": null, "operator_t": null, "short_name": null, "short_nam1": null, "short_nam2": null, "wikidata": null, "wikipedia": null, "garden_typ": null, "access": null, "note": null, "female": null, "toilets_di": null, "male": null, "wheelchair": null, "alt_name": null, "old_name": null, "PERIMETER": null, "ENCLOSED_A": null }, "geometry": { "type": "MultiPolygon", "coordinates": [ [ [ [ 114.3574271, 30.5327924 ], [ 114.357498, 30.5328389 ], [ 114.3575734, 30.5328654 ], [ 114.3576767, 30.5328508 ], [ 114.3577737, 30.5327752 ], [ 114.3577891, 30.5321648 ], [ 114.3577244, 30.5320945 ], [ 114.3576535, 30.5320626 ], [ 114.3575519, 30.5320586 ], [ 114.3574487, 30.5320984 ], [ 114.3574117, 30.5321595 ], [ 114.3574148, 30.5327712 ], [ 114.3574271, 30.5327924 ] ] ] ] } },
{ "type": "Feature", "properties": { "GM_LAYER": "leisure - pitch", "GM_TYPE": "Misc. Manmade Structure", "ELEVATION": 0, "visible": "true", "version": 1, "changeset": 118127010, "timestamp": "2022-03-05T13:46:26Z", "user": "GWL_der", "uid": 15194881, "covered": null, "leisure": "pitch", "name": null, "sport": "soccer", "id": 1037340000.0, "building": null, "building_l": 0, "height": null, "shop": null, "landuse": null, "addr_city": null, "addr_house": null, "addr_postc": 0, "addr_stree": null, "name_en": null, "website": null, "amenity": null, "addr_distr": null, "addr_hous1": null, "addr_provi": null, "int_name": null, "natural": null, "descriptio": null, "cuisine": null, "fast_food": null, "level": 0, "opening_h9": null, "designatio": null, "layer": 0, "area": null, "location": null, "public_tra": null, "railway": null, "subway": null, "station": null, "surface": null, "name_zh": null, "admin_leve": 0, "boundary": null, "water": null, "place": null, "building_p": null, "min_height": 0, "min": 0, "name_zh_H1": null, "name_zh_Ha": null, "operator": null, "operator_t": null, "short_name": null, "short_nam1": null, "short_nam2": null, "wikidata": null, "wikipedia": null, "garden_typ": null, "access": null, "note": null, "female": null, "toilets_di": null, "male": null, "wheelchair": null, "alt_name": null, "old_name": null, "PERIMETER": null, "ENCLOSED_A": null }, "geometry": { "type": "MultiPolygon", "coordinates": [ [ [ [ 114.3574548, 30.5327062 ], [ 114.357689, 30.5327128 ], [ 114.3577044, 30.5322033 ], [ 114.3574579, 30.532198 ], [ 114.3574548, 30.5327062 ] ] ] ] } },
{ "type": "Feature", "properties": { "GM_LAYER": "leisure - pitch", "GM_TYPE": "Misc. Manmade Structure", "ELEVATION": 0, "visible": "true", "version": 1, "changeset": 118133253, "timestamp": "2022-03-05T16:48:25Z", "user": "whu131", "uid": 15239342, "covered": null, "leisure": "pitch", "name": "排球场", "sport": "volleyball", "id": 1037370000.0, "building": null, "building_l": 0, "height": null, "shop": null, "landuse": null, "addr_city": null, "addr_house": null, "addr_postc": 0, "addr_stree": null, "name_en": null, "website": null, "amenity": null, "addr_distr": null, "addr_hous1": null, "addr_provi": null, "int_name": null, "natural": null, "descriptio": null, "cuisine": null, "fast_food": null, "level": 0, "opening_h9": null, "designatio": null, "layer": 0, "area": null, "location": null, "public_tra": null, "railway": null, "subway": null, "station": null, "surface": null, "name_zh": null, "admin_leve": 0, "boundary": null, "water": null, "place": null, "building_p": null, "min_height": 0, "min": 0, "name_zh_H1": null, "name_zh_Ha": null, "operator": null, "operator_t": null, "short_name": null, "short_nam1": null, "short_nam2": null, "wikidata": null, "wikipedia": null, "garden_typ": null, "access": null, "note": null, "female": null, "toilets_di": null, "male": null, "wheelchair": null, "alt_name": null, "old_name": null, "PERIMETER": null, "ENCLOSED_A": null }, "geometry": { "type": "MultiPolygon", "coordinates": [ [ [ [ 114.3553121, 30.5293619 ], [ 114.3553926, 30.5293633 ], [ 114.3554859, 30.5292968 ], [ 114.3553148, 30.5292949 ], [ 114.3553121, 30.5293619 ] ] ] ] } },
{ "type": "Feature", "properties": { "GM_LAYER": "leisure - pitch", "GM_TYPE": "Misc. Manmade Structure", "ELEVATION": 0, "visible": "true", "version": 1, "changeset": 118133253, "timestamp": "2022-03-05T16:48:25Z", "user": "whu131", "uid": 15239342, "covered": null, "leisure": "pitch", "name": "排球场", "sport": "volleyball", "id": 1037370000.0, "building": null, "building_l": 0, "height": null, "shop": null, "landuse": null, "addr_city": null, "addr_house": null, "addr_postc": 0, "addr_stree": null, "name_en": null, "website": null, "amenity": null, "addr_distr": null, "addr_hous1": null, "addr_provi": null, "int_name": null, "natural": null, "descriptio": null, "cuisine": null, "fast_food": null, "level": 0, "opening_h9": null, "designatio": null, "layer": 0, "area": null, "location": null, "public_tra": null, "railway": null, "subway": null, "station": null, "surface": null, "name_zh": null, "admin_leve": 0, "boundary": null, "water": null, "place": null, "building_p": null, "min_height": 0, "min": 0, "name_zh_H1": null, "name_zh_Ha": null, "operator": null, "operator_t": null, "short_name": null, "short_nam1": null, "short_nam2": null, "wikidata": null, "wikipedia": null, "garden_typ": null, "access": null, "note": null, "female": null, "toilets_di": null, "male": null, "wheelchair": null, "alt_name": null, "old_name": null, "PERIMETER": null, "ENCLOSED_A": null }, "geometry": { "type": "MultiPolygon", "coordinates": [ [ [ [ 114.356188, 30.5294028 ], [ 114.356225, 30.5294028 ], [ 114.3562314, 30.5292808 ], [ 114.3560515, 30.5292808 ], [ 114.356188, 30.5294028 ] ] ] ] } },
{ "type": "Feature", "properties": { "GM_LAYER": "landuse - retail", "GM_TYPE": "Metro Area", "ELEVATION": 0, "visible": "true", "version": 3, "changeset": 133847890, "timestamp": "2023-03-19T08:11:06Z", "user": "Peripheries", "uid": 18699947, "covered": null, "leisure": null, "name": "信部CBD", "sport": null, "id": 1037700000.0, "building": null, "building_l": 0, "height": null, "shop": null, "landuse": "retail", "addr_city": null, "addr_house": null, "addr_postc": 0, "addr_stree": null, "name_en": null, "website": null, "amenity": null, "addr_distr": null, "addr_hous1": null, "addr_provi": null, "int_name": null, "natural": null, "descriptio": null, "cuisine": null, "fast_food": null, "level": 0, "opening_h9": null, "designatio": null, "layer": 0, "area": null, "location": null, "public_tra": null, "railway": null, "subway": null, "station": null, "surface": null, "name_zh": null, "admin_leve": 0, "boundary": null, "water": null, "place": null, "building_p": null, "min_height": 0, "min": 0, "name_zh_H1": null, "name_zh_Ha": null, "operator": null, "operator_t": null, "short_name": null, "short_nam1": null, "short_nam2": null, "wikidata": null, "wikipedia": null, "garden_typ": null, "access": null, "note": null, "female": null, "toilets_di": null, "male": null, "wheelchair": null, "alt_name": null, "old_name": null, "PERIMETER": null, "ENCLOSED_A": null }, "geometry": { "type": "MultiPolygon", "coordinates": [ [ [ [ 114.354167, 30.5303718 ], [ 114.3542407, 30.5303716 ], [ 114.3542404, 30.5302566 ], [ 114.3546483, 30.5302559 ], [ 114.3546482, 30.5301921 ], [ 114.3541666, 30.5301928 ], [ 114.354167, 30.5303718 ] ] ] ] } },
{ "type": "Feature", "properties": { "GM_LAYER": "amenity - restaurant", "GM_TYPE": "Misc. Manmade Structure", "ELEVATION": 0, "visible": "true", "version": 1, "changeset": 118158165, "timestamp": "2022-03-06T13:10:16Z", "user": "日日安", "uid": 15245757, "covered": null, "leisure": null, "name": "珞珈糕点", "sport": null, "id": 1037700000.0, "building": "yes", "building_l": 0, "height": null, "shop": null, "landuse": null, "addr_city": null, "addr_house": null, "addr_postc": 0, "addr_stree": null, "name_en": null, "website": null, "amenity": "restaurant", "addr_distr": null, "addr_hous1": null, "addr_provi": null, "int_name": null, "natural": null, "descriptio": null, "cuisine": null, "fast_food": null, "level": 0, "opening_h9": null, "designatio": null, "layer": 0, "area": null, "location": null, "public_tra": null, "railway": null, "subway": null, "station": null, "surface": null, "name_zh": null, "admin_leve": 0, "boundary": null, "water": null, "place": null, "building_p": null, "min_height": 0, "min": 0, "name_zh_H1": null, "name_zh_Ha": null, "operator": null, "operator_t": null, "short_name": null, "short_nam1": null, "short_nam2": null, "wikidata": null, "wikipedia": null, "garden_typ": null, "access": null, "note": null, "female": null, "toilets_di": null, "male": null, "wheelchair": null, "alt_name": null, "old_name": null, "PERIMETER": null, "ENCLOSED_A": null }, "geometry": { "type": "MultiPolygon", "coordinates": [ [ [ [ 114.3528278, 30.5299412 ], [ 114.3529169, 30.5299653 ], [ 114.3530279, 30.5299877 ], [ 114.3531706, 30.5299592 ], [ 114.3531897, 30.5299294 ], [ 114.3531912, 30.5298585 ], [ 114.3530072, 30.5298594 ], [ 114.3528242, 30.5298594 ], [ 114.3528278, 30.5299412 ] ] ] ] } },
{ "type": "Feature", "properties": { "GM_LAYER": "shop - greengrocer", "GM_TYPE": "Misc. Manmade Structure", "ELEVATION": 0, "visible": "true", "version": 1, "changeset": 118158165, "timestamp": "2022-03-06T13:10:16Z", "user": "日日安", "uid": 15245757, "covered": null, "leisure": null, "name": "水果店（花店）", "sport": null, "id": 1037700000.0, "building": null, "building_l": 0, "height": null, "shop": "greengrocer", "landuse": null, "addr_city": null, "addr_house": null, "addr_postc": 0, "addr_stree": null, "name_en": null, "website": null, "amenity": null, "addr_distr": null, "addr_hous1": null, "addr_provi": null, "int_name": null, "natural": null, "descriptio": null, "cuisine": null, "fast_food": null, "level": 0, "opening_h9": null, "designatio": null, "layer": 0, "area": null, "location": null, "public_tra": null, "railway": null, "subway": null, "station": null, "surface": null, "name_zh": null, "admin_leve": 0, "boundary": null, "water": null, "place": null, "building_p": null, "min_height": 0, "min": 0, "name_zh_H1": null, "name_zh_Ha": null, "operator": null, "operator_t": null, "short_name": null, "short_nam1": null, "short_nam2": null, "wikidata": null, "wikipedia": null, "garden_typ": null, "access": null, "note": null, "female": null, "toilets_di": null, "male": null, "wheelchair": null, "alt_name": null, "old_name": null, "PERIMETER": null, "ENCLOSED_A": null }, "geometry": { "type": "MultiPolygon", "coordinates": [ [ [ [ 114.3544777, 30.5336003 ], [ 114.354478, 30.5335408 ], [ 114.354423, 30.5335386 ], [ 114.3544186, 30.5336001 ], [ 114.3544777, 30.5336003 ] ] ] ] } },
{ "type": "Feature", "properties": { "GM_LAYER": "landuse - retail", "GM_TYPE": "Metro Area", "ELEVATION": 0, "visible": "true", "version": 1, "changeset": 118181679, "timestamp": "2022-03-07T04:57:06Z", "user": "风紧扯呼", "uid": 15220823, "covered": null, "leisure": null, "name": "蜂巢快递柜", "sport": null, "id": 1037880000.0, "building": null, "building_l": 0, "height": null, "shop": null, "landuse": "retail", "addr_city": null, "addr_house": null, "addr_postc": 0, "addr_stree": null, "name_en": null, "website": null, "amenity": null, "addr_distr": null, "addr_hous1": null, "addr_provi": null, "int_name": null, "natural": null, "descriptio": null, "cuisine": null, "fast_food": null, "level": 0, "opening_h9": null, "designatio": null, "layer": 0, "area": null, "location": null, "public_tra": null, "railway": null, "subway": null, "station": null, "surface": null, "name_zh": null, "admin_leve": 0, "boundary": null, "water": null, "place": null, "building_p": null, "min_height": 0, "min": 0, "name_zh_H1": null, "name_zh_Ha": null, "operator": null, "operator_t": null, "short_name": null, "short_nam1": null, "short_nam2": null, "wikidata": null, "wikipedia": null, "garden_typ": null, "access": null, "note": null, "female": null, "toilets_di": null, "male": null, "wheelchair": null, "alt_name": null, "old_name": null, "PERIMETER": null, "ENCLOSED_A": null }, "geometry": { "type": "MultiPolygon", "coordinates": [ [ [ [ 114.3516987, 30.5318638 ], [ 114.3518228, 30.5318663 ], [ 114.3518277, 30.5318322 ], [ 114.3516961, 30.5318337 ], [ 114.3516987, 30.5318638 ] ] ] ] } },
{ "type": "Feature", "properties": { "GM_LAYER": "building - retail", "GM_TYPE": "Misc. Manmade Structure", "ELEVATION": 0, "visible": "true", "version": 1, "changeset": 119293439, "timestamp": "2022-04-04T08:57:52Z", "user": "红心柚柚子", "uid": 15194206, "covered": null, "leisure": null, "name": "艺舟书画工作室", "sport": null, "id": 1047820000.0, "building": "retail", "building_l": 0, "height": null, "shop": null, "landuse": null, "addr_city": null, "addr_house": null, "addr_postc": 0, "addr_stree": null, "name_en": null, "website": null, "amenity": null, "addr_distr": null, "addr_hous1": null, "addr_provi": null, "int_name": null, "natural": null, "descriptio": null, "cuisine": null, "fast_food": null, "level": 0, "opening_h9": null, "designatio": null, "layer": 0, "area": null, "location": null, "public_tra": null, "railway": null, "subway": null, "station": null, "surface": null, "name_zh": null, "admin_leve": 0, "boundary": null, "water": null, "place": null, "building_p": null, "min_height": 0, "min": 0, "name_zh_H1": null, "name_zh_Ha": null, "operator": null, "operator_t": null, "short_name": null, "short_nam1": null, "short_nam2": null, "wikidata": null, "wikipedia": null, "garden_typ": null, "access": null, "note": "具体坐标(30.531665977633974,114.36905117988529)", "female": null, "toilets_di": null, "male": null, "wheelchair": null, "alt_name": null, "old_name": null, "PERIMETER": null, "ENCLOSED_A": null }, "geometry": { "type": "MultiPolygon", "coordinates": [ [ [ [ 114.3493333, 30.5300437 ], [ 114.3493785, 30.5300446 ], [ 114.3493744, 30.5299349 ], [ 114.3491341, 30.5299391 ], [ 114.3491372, 30.5299895 ], [ 114.3493344, 30.5299904 ], [ 114.3493333, 30.5300437 ] ] ] ] } },
{ "type": "Feature", "properties": { "GM_LAYER": "building", "GM_TYPE": "Misc. Manmade Structure", "ELEVATION": 0, "visible": "true", "version": 1, "changeset": 119524466, "timestamp": "2022-04-10T06:53:51Z", "user": "whu131", "uid": 15239342, "covered": null, "leisure": null, "name": null, "sport": null, "id": 1050700000.0, "building": "yes", "building_l": 0, "height": null, "shop": null, "landuse": null, "addr_city": null, "addr_house": null, "addr_postc": 0, "addr_stree": null, "name_en": null, "website": null, "amenity": "toilets", "addr_distr": null, "addr_hous1": null, "addr_provi": null, "int_name": null, "natural": null, "descriptio": null, "cuisine": null, "fast_food": null, "level": 0, "opening_h9": null, "designatio": null, "layer": 0, "area": null, "location": null, "public_tra": null, "railway": null, "subway": null, "station": null, "surface": null, "name_zh": null, "admin_leve": 0, "boundary": null, "water": null, "place": null, "building_p": null, "min_height": 0, "min": 0, "name_zh_H1": null, "name_zh_Ha": null, "operator": null, "operator_t": null, "short_name": null, "short_nam1": null, "short_nam2": null, "wikidata": null, "wikipedia": null, "garden_typ": null, "access": "yes", "note": null, "female": "yes", "toilets_di": "flush", "male": null, "wheelchair": null, "alt_name": null, "old_name": null, "PERIMETER": null, "ENCLOSED_A": null }, "geometry": { "type": "MultiPolygon", "coordinates": [ [ [ [ 114.35709, 30.529835 ], [ 114.3571168, 30.5298347 ], [ 114.3571165, 30.5298119 ], [ 114.35709, 30.5298119 ], [ 114.35709, 30.529835 ] ] ] ] } },
{ "type": "Feature", "properties": { "GM_LAYER": "building", "GM_TYPE": "Misc. Manmade Structure", "ELEVATION": 0, "visible": "true", "version": 1, "changeset": 119524466, "timestamp": "2022-04-10T06:53:51Z", "user": "whu131", "uid": 15239342, "covered": null, "leisure": null, "name": null, "sport": null, "id": 1050700000.0, "building": "yes", "building_l": 0, "height": null, "shop": null, "landuse": null, "addr_city": null, "addr_house": null, "addr_postc": 0, "addr_stree": null, "name_en": null, "website": null, "amenity": "toilets", "addr_distr": null, "addr_hous1": null, "addr_provi": null, "int_name": null, "natural": null, "descriptio": null, "cuisine": null, "fast_food": null, "level": 0, "opening_h9": null, "designatio": null, "layer": 0, "area": null, "location": null, "public_tra": null, "railway": null, "subway": null, "station": null, "surface": null, "name_zh": null, "admin_leve": 0, "boundary": null, "water": null, "place": null, "building_p": null, "min_height": 0, "min": 0, "name_zh_H1": null, "name_zh_Ha": null, "operator": null, "operator_t": null, "short_name": null, "short_nam1": null, "short_nam2": null, "wikidata": null, "wikipedia": null, "garden_typ": null, "access": "yes", "note": null, "female": null, "toilets_di": "flush", "male": "yes", "wheelchair": "no", "alt_name": null, "old_name": null, "PERIMETER": null, "ENCLOSED_A": null }, "geometry": { "type": "MultiPolygon", "coordinates": [ [ [ [ 114.3571168, 30.5298347 ], [ 114.3571388, 30.5298347 ], [ 114.3571391, 30.5298125 ], [ 114.3571165, 30.5298119 ], [ 114.3571168, 30.5298347 ] ] ] ] } },
{ "type": "Feature", "properties": { "GM_LAYER": "building - dormitory", "GM_TYPE": "Misc. Manmade Structure", "ELEVATION": 0, "visible": "true", "version": 2, "changeset": 133829447, "timestamp": "2023-03-18T16:18:49Z", "user": "hhh@@", "uid": 18759919, "covered": null, "leisure": null, "name": "学生宿舍6栋", "sport": null, "id": 1154980000.0, "building": "dormitory", "building_l": 6, "height": null, "shop": null, "landuse": null, "addr_city": null, "addr_house": null, "addr_postc": 0, "addr_stree": null, "name_en": null, "website": null, "amenity": null, "addr_distr": null, "addr_hous1": null, "addr_provi": null, "int_name": null, "natural": null, "descriptio": null, "cuisine": null, "fast_food": null, "level": 0, "opening_h9": null, "designatio": null, "layer": 0, "area": null, "location": null, "public_tra": null, "railway": null, "subway": null, "station": null, "surface": null, "name_zh": null, "admin_leve": 0, "boundary": null, "water": null, "place": null, "building_p": null, "min_height": 0, "min": 0, "name_zh_H1": null, "name_zh_Ha": null, "operator": null, "operator_t": null, "short_name": null, "short_nam1": null, "short_nam2": null, "wikidata": null, "wikipedia": null, "garden_typ": null, "access": null, "note": null, "female": null, "toilets_di": null, "male": null, "wheelchair": null, "alt_name": null, "old_name": null, "PERIMETER": null, "ENCLOSED_A": null }, "geometry": { "type": "MultiPolygon", "coordinates": [ [ [ [ 114.3534204, 30.5303385 ], [ 114.3540394, 30.5303382 ], [ 114.3540429, 30.5301863 ], [ 114.3538394, 30.5301903 ], [ 114.3537061, 30.5301887 ], [ 114.3535561, 30.5301884 ], [ 114.3535566, 30.5301348 ], [ 114.3535543, 30.5300988 ], [ 114.3534165, 30.530101 ], [ 114.3534204, 30.5303385 ] ] ] ] } },
{ "type": "Feature", "properties": { "GM_LAYER": "leisure - park", "GM_TYPE": "State Park", "ELEVATION": 0, "visible": "true", "version": 1, "changeset": 133851659, "timestamp": "2023-03-19T10:19:00Z", "user": "Zijian Zhao", "uid": 18763193, "covered": null, "leisure": "park", "name": "武汉大学测绘社区草坪", "sport": null, "id": 1155390000.0, "building": null, "building_l": 0, "height": null, "shop": null, "landuse": null, "addr_city": null, "addr_house": null, "addr_postc": 0, "addr_stree": null, "name_en": null, "website": null, "amenity": null, "addr_distr": null, "addr_hous1": null, "addr_provi": null, "int_name": null, "natural": null, "descriptio": null, "cuisine": null, "fast_food": null, "level": 0, "opening_h9": null, "designatio": null, "layer": 0, "area": null, "location": null, "public_tra": null, "railway": null, "subway": null, "station": null, "surface": null, "name_zh": null, "admin_leve": 0, "boundary": null, "water": null, "place": null, "building_p": null, "min_height": 0, "min": 0, "name_zh_H1": null, "name_zh_Ha": null, "operator": null, "operator_t": null, "short_name": null, "short_nam1": null, "short_nam2": null, "wikidata": null, "wikipedia": null, "garden_typ": null, "access": null, "note": null, "female": null, "toilets_di": null, "male": null, "wheelchair": null, "alt_name": null, "old_name": null, "PERIMETER": null, "ENCLOSED_A": null }, "geometry": { "type": "MultiPolygon", "coordinates": [ [ [ [ 114.3530277, 30.5319807 ], [ 114.3537209, 30.5321793 ], [ 114.354105, 30.5321808 ], [ 114.3541032, 30.5320654 ], [ 114.3540157, 30.5320654 ], [ 114.3540032, 30.5315344 ], [ 114.3539764, 30.5315344 ], [ 114.3530348, 30.5315437 ], [ 114.3530277, 30.5319807 ] ] ] ] } },
{ "type": "Feature", "properties": { "GM_LAYER": "amenity - school", "GM_TYPE": "Misc. Manmade Structure", "ELEVATION": 0, "visible": null, "version": 1, "changeset": 53718157, "timestamp": "2017-11-12T16:58:11Z", "user": "Supaplex", "uid": 274857, "covered": null, "leisure": null, "name": "街道口小學", "sport": null, "id": 7728020.0, "building": null, "building_l": 0, "height": null, "shop": null, "landuse": null, "addr_city": null, "addr_house": null, "addr_postc": 0, "addr_stree": null, "name_en": null, "website": null, "amenity": "school", "addr_distr": null, "addr_hous1": null, "addr_provi": null, "int_name": null, "natural": null, "descriptio": null, "cuisine": null, "fast_food": null, "level": 0, "opening_h9": null, "designatio": null, "layer": 0, "area": null, "location": null, "public_tra": null, "railway": null, "subway": null, "station": null, "surface": null, "name_zh": null, "admin_leve": 0, "boundary": null, "water": null, "place": null, "building_p": null, "min_height": 0, "min": 0, "name_zh_H1": null, "name_zh_Ha": null, "operator": null, "operator_t": null, "short_name": null, "short_nam1": null, "short_nam2": null, "wikidata": null, "wikipedia": null, "garden_typ": null, "access": null, "note": null, "female": null, "toilets_di": null, "male": null, "wheelchair": null, "alt_name": null, "old_name": null, "PERIMETER": null, "ENCLOSED_A": null }, "geometry": { "type": "MultiPolygon", "coordinates": [ [ [ [ 114.3510113, 30.5340892 ], [ 114.3516389, 30.5334954 ], [ 114.3510917, 30.5330519 ], [ 114.3510273, 30.5329987 ], [ 114.3505755, 30.5334483 ], [ 114.3508701, 30.5336822 ], [ 114.3504775, 30.5340476 ], [ 114.3505294, 30.5340942 ], [ 114.350771, 30.5342314 ], [ 114.350829, 30.534161 ], [ 114.350946, 30.5340555 ], [ 114.3510113, 30.5340892 ] ] ] ] } },
{ "type": "Feature", "properties": { "GM_LAYER": "amenity - university", "GM_TYPE": "Misc. Manmade Structure", "ELEVATION": 0, "visible": null, "version": 0, "changeset": 82499298, "timestamp": "2020-03-23T02:41:47Z", "user": "sun-jiao", "uid": 4871040, "covered": null, "leisure": null, "name": "武汉大学信息学部", "sport": null, "id": 7728030.0, "building": null, "building_l": 0, "height": null, "shop": null, "landuse": null, "addr_city": null, "addr_house": null, "addr_postc": 0, "addr_stree": null, "name_en": "Faculty of Information Sciences, Wuhan University", "website": null, "amenity": "university", "addr_distr": null, "addr_hous1": null, "addr_provi": null, "int_name": null, "natural": null, "descriptio": null, "cuisine": null, "fast_food": null, "level": 0, "opening_h9": null, "designatio": null, "layer": 0, "area": null, "location": null, "public_tra": null, "railway": null, "subway": null, "station": null, "surface": null, "name_zh": "武汉大学信息学部", "admin_leve": 0, "boundary": null, "water": null, "place": "neighbourhood", "building_p": null, "min_height": 0, "min": 0, "name_zh_H1": null, "name_zh_Ha": null, "operator": null, "operator_t": null, "short_name": null, "short_nam1": null, "short_nam2": null, "wikidata": "Q11124550", "wikipedia": "zh:武汉大学信息科学学部", "garden_typ": null, "access": null, "note": null, "female": null, "toilets_di": null, "male": null, "wheelchair": null, "alt_name": "竹园", "old_name": "武汉测绘科技大学", "PERIMETER": null, "ENCLOSED_A": null }, "geometry": { "type": "MultiPolygon", "coordinates": [ [ [ [ 114.3490559, 30.5307068 ], [ 114.3489835, 30.5307299 ], [ 114.3492544, 30.5314323 ], [ 114.3493953, 30.5314552 ], [ 114.3505258, 30.5316518 ], [ 114.3505419, 30.5314878 ], [ 114.3505982, 30.531333 ], [ 114.3506143, 30.5306838 ], [ 114.3506458, 30.5306854 ], [ 114.3510781, 30.5306932 ], [ 114.3514226, 30.5307032 ], [ 114.3517054, 30.5307322 ], [ 114.3517005, 30.5311368 ], [ 114.3517407, 30.5311371 ], [ 114.3517408, 30.5313353 ], [ 114.3514994, 30.5313399 ], [ 114.351258, 30.5316449 ], [ 114.3512312, 30.5320423 ], [ 114.3515879, 30.5322895 ], [ 114.3515906, 30.5324535 ], [ 114.3518213, 30.5324489 ], [ 114.3518106, 30.5326776 ], [ 114.3514431, 30.5327007 ], [ 114.3510917, 30.5330519 ], [ 114.3516389, 30.5334954 ], [ 114.3510113, 30.5340892 ], [ 114.3518669, 30.534625 ], [ 114.3516572, 30.5348655 ], [ 114.3518491, 30.5350037 ], [ 114.3519178, 30.5350051 ], [ 114.3521904, 30.5346502 ], [ 114.3522339, 30.5346629 ], [ 114.3533605, 30.5346073 ], [ 114.3538698, 30.5343409 ], [ 114.3539889, 30.5342796 ], [ 114.3546187, 30.5339674 ], [ 114.3549631, 30.5338484 ], [ 114.3551807, 30.5337851 ], [ 114.3556834, 30.5336677 ], [ 114.3571399, 30.5331615 ], [ 114.3573747, 30.5330795 ], [ 114.3574663, 30.5330347 ], [ 114.3574955, 30.533014 ], [ 114.3573896, 30.5327821 ], [ 114.3573806, 30.5327187 ], [ 114.3573838, 30.5321706 ], [ 114.3574868, 30.5318086 ], [ 114.3575075, 30.5317928 ], [ 114.3575253, 30.5301834 ], [ 114.35806, 30.5301987 ], [ 114.3579929, 30.5294593 ], [ 114.3577712, 30.5288907 ], [ 114.3577336, 30.5288181 ], [ 114.3576094, 30.5285397 ], [ 114.3576765, 30.5285097 ], [ 114.3575236, 30.5281816 ], [ 114.3570368, 30.5272805 ], [ 114.3569148, 30.527113 ], [ 114.3568075, 30.5270842 ], [ 114.3566894, 30.5271581 ], [ 114.3564802, 30.5269455 ], [ 114.3563515, 30.5269871 ], [ 114.3559331, 30.5270564 ], [ 114.3558794, 30.5269894 ], [ 114.355786, 30.5270167 ], [ 114.3556134, 30.5270397 ], [ 114.3555523, 30.5272875 ], [ 114.3550614, 30.5275301 ], [ 114.3546175, 30.5276017 ], [ 114.3539883, 30.5275921 ], [ 114.3539873, 30.5276683 ], [ 114.3538516, 30.5277265 ], [ 114.3538492, 30.5283216 ], [ 114.3520739, 30.5283331 ], [ 114.3519916, 30.5282796 ], [ 114.3519407, 30.5283481 ], [ 114.3519392, 30.5283988 ], [ 114.3519123, 30.529256 ], [ 114.3496322, 30.5291504 ], [ 114.3496354, 30.5289017 ], [ 114.3495449, 30.5289007 ], [ 114.3491189, 30.5290529 ], [ 114.3492249, 30.5294015 ], [ 114.3490237, 30.5294685 ], [ 114.3491578, 30.529822 ], [ 114.3490371, 30.5298543 ], [ 114.3491149, 30.5300276 ], [ 114.3488896, 30.5300923 ], [ 114.3490934, 30.5305382 ], [ 114.3490103, 30.5305821 ], [ 114.3490559, 30.5307068 ] ] ] ] } },
{ "type": "Feature", "properties": { "GM_LAYER": "amenity - college", "GM_TYPE": "Misc. Manmade Structure", "ELEVATION": 0, "visible": null, "version": 1, "changeset": 53718157, "timestamp": "2017-11-12T16:58:11Z", "user": "Supaplex", "uid": 274857, "covered": null, "leisure": null, "name": "湖北经济学院洪山校区", "sport": null, "id": 7728030.0, "building": null, "building_l": 0, "height": null, "shop": null, "landuse": null, "addr_city": null, "addr_house": null, "addr_postc": 0, "addr_stree": null, "name_en": null, "website": null, "amenity": "college", "addr_distr": null, "addr_hous1": null, "addr_provi": null, "int_name": null, "natural": null, "descriptio": null, "cuisine": null, "fast_food": null, "level": 0, "opening_h9": null, "designatio": null, "layer": 0, "area": null, "location": null, "public_tra": null, "railway": null, "subway": null, "station": null, "surface": null, "name_zh": null, "admin_leve": 0, "boundary": null, "water": null, "place": null, "building_p": null, "min_height": 0, "min": 0, "name_zh_H1": null, "name_zh_Ha": null, "operator": null, "operator_t": null, "short_name": null, "short_nam1": null, "short_nam2": null, "wikidata": null, "wikipedia": null, "garden_typ": null, "access": null, "note": null, "female": null, "toilets_di": null, "male": null, "wheelchair": null, "alt_name": null, "old_name": null, "PERIMETER": null, "ENCLOSED_A": null }, "geometry": { "type": "MultiPolygon", "coordinates": [ [ [ [ 114.3493953, 30.5314552 ], [ 114.3495119, 30.5317425 ], [ 114.3496636, 30.531987 ], [ 114.3504239, 30.532883 ], [ 114.3512312, 30.5320423 ], [ 114.351258, 30.5316449 ], [ 114.3514994, 30.5313399 ], [ 114.3517408, 30.5313353 ], [ 114.3517407, 30.5312185 ], [ 114.3517407, 30.5311371 ], [ 114.3517005, 30.5311368 ], [ 114.3517054, 30.5307322 ], [ 114.3514226, 30.5307032 ], [ 114.3510781, 30.5306932 ], [ 114.3506458, 30.5306854 ], [ 114.3506143, 30.5306838 ], [ 114.3505982, 30.531333 ], [ 114.3505419, 30.5314878 ], [ 114.3505258, 30.5316518 ], [ 114.3493953, 30.5314552 ] ] ] ] } },
{ "type": "Feature", "properties": { "GM_LAYER": "amenity - school", "GM_TYPE": "Misc. Manmade Structure", "ELEVATION": 0, "visible": null, "version": 0, "changeset": 75973162, "timestamp": "2019-10-21T04:56:15Z", "user": "samsung galaxy s6", "uid": 3691120, "covered": null, "leisure": null, "name": "武汉大学附属中学", "sport": null, "id": 7728030.0, "building": null, "building_l": 0, "height": null, "shop": null, "landuse": null, "addr_city": null, "addr_house": null, "addr_postc": 0, "addr_stree": null, "name_en": null, "website": null, "amenity": "school", "addr_distr": null, "addr_hous1": null, "addr_provi": null, "int_name": null, "natural": null, "descriptio": null, "cuisine": null, "fast_food": null, "level": 0, "opening_h9": null, "designatio": null, "layer": 0, "area": null, "location": null, "public_tra": null, "railway": null, "subway": null, "station": null, "surface": null, "name_zh": "武汉大学附属中学", "admin_leve": 0, "boundary": null, "water": null, "place": null, "building_p": null, "min_height": 0, "min": 0, "name_zh_H1": null, "name_zh_Ha": null, "operator": null, "operator_t": null, "short_name": null, "short_nam1": null, "short_nam2": null, "wikidata": null, "wikipedia": null, "garden_typ": null, "access": null, "note": null, "female": null, "toilets_di": null, "male": null, "wheelchair": null, "alt_name": null, "old_name": null, "PERIMETER": null, "ENCLOSED_A": null }, "geometry": { "type": "MultiPolygon", "coordinates": [ [ [ [ 114.3573838, 30.5321706 ], [ 114.3573806, 30.5327187 ], [ 114.3573896, 30.5327821 ], [ 114.3574955, 30.533014 ], [ 114.3578898, 30.5328784 ], [ 114.3583121, 30.5327377 ], [ 114.3582746, 30.532643 ], [ 114.3582907, 30.531936 ], [ 114.3585482, 30.5317212 ], [ 114.3585509, 30.5309426 ], [ 114.3580546, 30.5309357 ], [ 114.35806, 30.5301987 ], [ 114.3575253, 30.5301834 ], [ 114.3575075, 30.5317928 ], [ 114.3574868, 30.5318086 ], [ 114.3573838, 30.5321706 ] ] ] ] } },
{ "type": "Feature", "properties": { "GM_LAYER": "leisure - track", "GM_TYPE": "Misc. Manmade Structure", "ELEVATION": 0, "visible": null, "version": 0, "changeset": 66467926, "timestamp": "2019-01-20T04:54:28Z", "user": "samsung galaxy s6", "uid": 3691120, "covered": null, "leisure": "track", "name": null, "sport": "running", "id": 9236690.0, "building": null, "building_l": 0, "height": null, "shop": null, "landuse": null, "addr_city": null, "addr_house": null, "addr_postc": 0, "addr_stree": null, "name_en": null, "website": null, "amenity": null, "addr_distr": null, "addr_hous1": null, "addr_provi": null, "int_name": null, "natural": null, "descriptio": null, "cuisine": null, "fast_food": null, "level": 0, "opening_h9": null, "designatio": null, "layer": 0, "area": "yes", "location": null, "public_tra": null, "railway": null, "subway": null, "station": null, "surface": null, "name_zh": null, "admin_leve": 0, "boundary": null, "water": null, "place": null, "building_p": null, "min_height": 0, "min": 0, "name_zh_H1": null, "name_zh_Ha": null, "operator": null, "operator_t": null, "short_name": null, "short_nam1": null, "short_nam2": null, "wikidata": null, "wikipedia": null, "garden_typ": null, "access": null, "note": null, "female": null, "toilets_di": null, "male": null, "wheelchair": null, "alt_name": null, "old_name": null, "PERIMETER": null, "ENCLOSED_A": null }, "geometry": { "type": "MultiPolygon", "coordinates": [ [ [ [ 114.3557536, 30.5308385 ], [ 114.3558367, 30.5308328 ], [ 114.3559406, 30.5308085 ], [ 114.3560334, 30.5307635 ], [ 114.3561219, 30.5307024 ], [ 114.3561626, 30.5306536 ], [ 114.3561926, 30.5305994 ], [ 114.3562046, 30.5305485 ], [ 114.3562122, 30.5302752 ], [ 114.3562237, 30.5298618 ], [ 114.3562311, 30.5295967 ], [ 114.356223, 30.5295135 ], [ 114.3561989, 30.5294465 ], [ 114.3561412, 30.5293691 ], [ 114.3560567, 30.5293136 ], [ 114.3559762, 30.5292744 ], [ 114.355877, 30.5292466 ], [ 114.3557589, 30.5292397 ], [ 114.3556678, 30.5292489 ], [ 114.3556127, 30.5292617 ], [ 114.3555531, 30.5292877 ], [ 114.3554955, 30.5293153 ], [ 114.3554354, 30.5293554 ], [ 114.3554016, 30.5293789 ], [ 114.3553035, 30.529379 ], [ 114.3552931, 30.5301137 ], [ 114.355285, 30.5306877 ], [ 114.355368, 30.5306873 ], [ 114.3554035, 30.5307206 ], [ 114.3554384, 30.5307541 ], [ 114.3554813, 30.530783 ], [ 114.3555346, 30.530808 ], [ 114.3556004, 30.5308262 ], [ 114.3556807, 30.5308359 ], [ 114.3557536, 30.5308385 ] ], [ [ 114.355419, 30.5306069 ], [ 114.3553922, 30.5305411 ], [ 114.3553828, 30.5304856 ], [ 114.3553936, 30.5297001 ], [ 114.3553989, 30.5296343 ], [ 114.3554231, 30.529573 ], [ 114.3554552, 30.5295141 ], [ 114.3555156, 30.5294517 ], [ 114.3555746, 30.5294148 ], [ 114.3556631, 30.5293743 ], [ 114.355757, 30.5293593 ], [ 114.3558428, 30.5293639 ], [ 114.3559273, 30.5293882 ], [ 114.3560145, 30.5294321 ], [ 114.3560829, 30.5294945 ], [ 114.3561204, 30.5295615 ], [ 114.3561365, 30.5296204 ], [ 114.3561432, 30.5296909 ], [ 114.3561285, 30.5304798 ], [ 114.3561191, 30.5305445 ], [ 114.356095, 30.5306011 ], [ 114.3560574, 30.5306531 ], [ 114.3560078, 30.530697 ], [ 114.3559407, 30.5307374 ], [ 114.355867, 30.5307675 ], [ 114.3557811, 30.5307813 ], [ 114.3556765, 30.5307767 ], [ 114.3555894, 30.5307559 ], [ 114.355529, 30.5307178 ], [ 114.355466, 30.5306624 ], [ 114.355419, 30.5306069 ] ] ] ] } },
{ "type": "Feature", "properties": { "GM_LAYER": "leisure - track", "GM_TYPE": "Misc. Manmade Structure", "ELEVATION": 0, "visible": null, "version": 0, "changeset": 75973162, "timestamp": "2019-10-21T04:56:15Z", "user": "samsung galaxy s6", "uid": 3691120, "covered": null, "leisure": "track", "name": null, "sport": "running", "id": 10182100.0, "building": null, "building_l": 0, "height": null, "shop": null, "landuse": null, "addr_city": null, "addr_house": null, "addr_postc": 0, "addr_stree": null, "name_en": null, "website": null, "amenity": null, "addr_distr": null, "addr_hous1": null, "addr_provi": null, "int_name": null, "natural": null, "descriptio": null, "cuisine": null, "fast_food": null, "level": 0, "opening_h9": null, "designatio": null, "layer": 0, "area": "yes", "location": null, "public_tra": null, "railway": null, "subway": null, "station": null, "surface": null, "name_zh": null, "admin_leve": 0, "boundary": null, "water": null, "place": null, "building_p": null, "min_height": 0, "min": 0, "name_zh_H1": null, "name_zh_Ha": null, "operator": null, "operator_t": null, "short_name": null, "short_nam1": null, "short_nam2": null, "wikidata": null, "wikipedia": null, "garden_typ": null, "access": null, "note": null, "female": null, "toilets_di": null, "male": null, "wheelchair": null, "alt_name": null, "old_name": null, "PERIMETER": null, "ENCLOSED_A": null }, "geometry": { "type": "MultiPolygon", "coordinates": [ [ [ [ 114.3553229, 30.5343757 ], [ 114.355321654659249, 30.53437653126495 ], [ 114.355327999027651, 30.534374102294443 ], [ 114.3553229, 30.5343757 ] ] ] ] } },
{ "type": "Feature", "properties": { "GM_LAYER": "landuse - residential", "GM_TYPE": "Metro Area", "ELEVATION": 0, "visible": null, "version": 0, "changeset": 124106879, "timestamp": "2022-07-26T17:40:29Z", "user": "blkatbyhh", "uid": 14128740, "covered": null, "leisure": null, "name": "东中区", "sport": null, "id": 10717500.0, "building": null, "building_l": 0, "height": null, "shop": null, "landuse": "residential", "addr_city": null, "addr_house": null, "addr_postc": 0, "addr_stree": null, "name_en": null, "website": null, "amenity": null, "addr_distr": null, "addr_hous1": null, "addr_provi": null, "int_name": null, "natural": null, "descriptio": null, "cuisine": null, "fast_food": null, "level": 0, "opening_h9": null, "designatio": null, "layer": 0, "area": null, "location": null, "public_tra": null, "railway": null, "subway": null, "station": null, "surface": null, "name_zh": null, "admin_leve": 0, "boundary": null, "water": null, "place": null, "building_p": null, "min_height": 0, "min": 0, "name_zh_H1": null, "name_zh_Ha": null, "operator": null, "operator_t": null, "short_name": null, "short_nam1": null, "short_nam2": null, "wikidata": null, "wikipedia": null, "garden_typ": null, "access": null, "note": null, "female": null, "toilets_di": null, "male": null, "wheelchair": null, "alt_name": null, "old_name": null, "PERIMETER": null, "ENCLOSED_A": null }, "geometry": { "type": "MultiPolygon", "coordinates": [ [ [ [ 114.3568461, 30.5337314 ], [ 114.356867235785955, 30.533784798442358 ], [ 114.359751223074483, 30.532680650682607 ], [ 114.3597467, 30.5326702 ], [ 114.3595844, 30.5327225 ], [ 114.3589919, 30.5329151 ], [ 114.3583484, 30.5331296 ], [ 114.357603, 30.5333938 ], [ 114.3576162, 30.5334548 ], [ 114.3575988, 30.5334879 ], [ 114.357501, 30.5335212 ], [ 114.3569475, 30.5336946 ], [ 114.3568461, 30.5337314 ] ] ] ] } },
{ "type": "Feature", "properties": { "GM_LAYER": "landuse - grass", "GM_TYPE": "Unknown Area Type", "ELEVATION": 0, "visible": null, "version": 1, "changeset": 118059411, "timestamp": "2022-03-03T15:07:05Z", "user": "Wei Yuanbiao", "uid": 12389142, "covered": null, "leisure": null, "name": null, "sport": null, "id": 13885900.0, "building": null, "building_l": 0, "height": null, "shop": null, "landuse": "grass", "addr_city": null, "addr_house": null, "addr_postc": 0, "addr_stree": null, "name_en": null, "website": null, "amenity": null, "addr_distr": null, "addr_hous1": null, "addr_provi": null, "int_name": null, "natural": null, "descriptio": null, "cuisine": null, "fast_food": null, "level": 0, "opening_h9": null, "designatio": null, "layer": 0, "area": null, "location": null, "public_tra": null, "railway": null, "subway": null, "station": null, "surface": null, "name_zh": null, "admin_leve": 0, "boundary": null, "water": null, "place": null, "building_p": null, "min_height": 0, "min": 0, "name_zh_H1": null, "name_zh_Ha": null, "operator": null, "operator_t": null, "short_name": null, "short_nam1": null, "short_nam2": null, "wikidata": null, "wikipedia": null, "garden_typ": null, "access": null, "note": null, "female": null, "toilets_di": null, "male": null, "wheelchair": null, "alt_name": null, "old_name": null, "PERIMETER": null, "ENCLOSED_A": null }, "geometry": { "type": "MultiPolygon", "coordinates": [ [ [ [ 114.3536363, 30.5317386 ], [ 114.353612, 30.5317183 ], [ 114.3535641, 30.5316817 ], [ 114.3534946, 30.5316509 ], [ 114.3534287, 30.5316374 ], [ 114.3533658, 30.5316446 ], [ 114.3533275, 30.5316709 ], [ 114.3533128, 30.5317188 ], [ 114.353336, 30.5317858 ], [ 114.353393, 30.5318438 ], [ 114.3534415, 30.5318787 ], [ 114.3535269, 30.5318888 ], [ 114.3536124, 30.5318855 ], [ 114.3536439, 30.5318364 ], [ 114.353644, 30.5317836 ], [ 114.3536363, 30.5317386 ] ] ] ] } },
{ "type": "Feature", "properties": { "GM_LAYER": "Unknown Area Type", "GM_TYPE": "Unknown Area Type", "ELEVATION": 0, "visible": null, "version": 0, "changeset": 0, "timestamp": null, "user": null, "uid": 0, "covered": null, "leisure": null, "name": "WhuInfo", "sport": null, "id": 0.0, "building": null, "building_l": 0, "height": null, "shop": null, "landuse": null, "addr_city": null, "addr_house": null, "addr_postc": 0, "addr_stree": null, "name_en": null, "website": null, "amenity": null, "addr_distr": null, "addr_hous1": null, "addr_provi": null, "int_name": null, "natural": null, "descriptio": null, "cuisine": null, "fast_food": null, "level": 0, "opening_h9": null, "designatio": null, "layer": 0, "area": null, "location": null, "public_tra": null, "railway": null, "subway": null, "station": null, "surface": null, "name_zh": null, "admin_leve": 0, "boundary": null, "water": null, "place": null, "building_p": null, "min_height": 0, "min": 0, "name_zh_H1": null, "name_zh_Ha": null, "operator": null, "operator_t": null, "short_name": null, "short_nam1": null, "short_nam2": null, "wikidata": null, "wikipedia": null, "garden_typ": null, "access": null, "note": null, "female": null, "toilets_di": null, "male": null, "wheelchair": null, "alt_name": null, "old_name": null, "PERIMETER": "3.635 km", "ENCLOSED_A": "0.822 sq km" }, "geometry": { "type": "MultiPolygon", "coordinates": [ [ [ [ 114.347592, 30.5288029 ], [ 114.350657155473741, 30.536432490207719 ], [ 114.352528205717917, 30.535693135277526 ], [ 114.3543527, 30.5347475 ], [ 114.3599402, 30.5326083 ], [ 114.360035327158101, 30.53233386044478 ], [ 114.3567392, 30.5258636 ], [ 114.347592, 30.5288029 ] ] ] ] } }
]
}
