{
"type": "FeatureCollection",
"name": "WHUInfo_Buildings",
"crs": { "type": "name", "properties": { "name": "urn:ogc:def:crs:OGC:1.3:CRS84" } },
"features": [
{ "type": "Feature", "properties": { "osm_id": "98965430", "code": 1500, "fclass": "building", "name": "珞珈胡同", "type": null }, "geometry": { "type": "MultiPolygon", "coordinates": [ [ [ [ 114.3523608, 30.5280444 ], [ 114.3524172, 30.5281895 ], [ 114.3524324, 30.5282323 ], [ 114.3524968, 30.5282138 ], [ 114.3536351, 30.5282198 ], [ 114.3538384, 30.5282208 ], [ 114.3538413, 30.527807 ], [ 114.3538912, 30.5278073 ], [ 114.3538914, 30.5277733 ], [ 114.3538917, 30.5277375 ], [ 114.3538413, 30.5277373 ], [ 114.3537995, 30.527629 ], [ 114.3536352, 30.5276765 ], [ 114.3533206, 30.5277673 ], [ 114.3530175, 30.5278548 ], [ 114.3528459, 30.5279043 ], [ 114.3526866, 30.5279503 ], [ 114.3525935, 30.5279772 ], [ 114.3523608, 30.5280444 ] ] ] ] } },
{ "type": "Feature", "properties": { "osm_id": "98965687", "code": 1500, "fclass": "building", "name": "鹏程国际", "type": null }, "geometry": { "type": "MultiPolygon", "coordinates": [ [ [ [ 114.3482796, 30.5293394 ], [ 114.348291, 30.5293917 ], [ 114.3483552, 30.5295662 ], [ 114.3483551, 30.5296233 ], [ 114.3483621, 30.5296663 ], [ 114.3483807, 30.5297181 ], [ 114.3484063, 30.5297714 ], [ 114.3484318, 30.5297996 ], [ 114.3485249, 30.5300345 ], [ 114.3488097, 30.5299557 ], [ 114.3489781, 30.5299127 ], [ 114.3489031, 30.5293953 ], [ 114.3489536, 30.5293505 ], [ 114.3488259, 30.5290301 ], [ 114.3488004, 30.5289782 ], [ 114.3485441, 30.529051 ], [ 114.3484638, 30.529086 ], [ 114.3483874, 30.529137 ], [ 114.3483464, 30.5291773 ], [ 114.348306, 30.5292366 ], [ 114.3482847, 30.5292937 ], [ 114.3482796, 30.5293394 ] ] ] ] } },
{ "type": "Feature", "properties": { "osm_id": "104450742", "code": 1500, "fclass": "building", "name": null, "type": null }, "geometry": { "type": "MultiPolygon", "coordinates": [ [ [ [ 114.348538, 30.5300447 ], [ 114.3487626, 30.5306111 ], [ 114.3490579, 30.5305242 ], [ 114.348974, 30.5303126 ], [ 114.3488592, 30.5303464 ], [ 114.3487185, 30.5299916 ], [ 114.348538, 30.5300447 ] ] ] ] } },
{ "type": "Feature", "properties": { "osm_id": "621841801", "code": 1500, "fclass": "building", "name": null, "type": "office" }, "geometry": { "type": "MultiPolygon", "coordinates": [ [ [ [ 114.3489468, 30.5289666 ], [ 114.3489815, 30.5290566 ], [ 114.3489967, 30.5290523 ], [ 114.3490471, 30.5291825 ], [ 114.3491554, 30.5291514 ], [ 114.3491235, 30.5290688 ], [ 114.3491914, 30.5290493 ], [ 114.3492102, 30.5290977 ], [ 114.3493307, 30.529063 ], [ 114.349488, 30.5289145 ], [ 114.3494524, 30.5288221 ], [ 114.3494143, 30.528833 ], [ 114.3489468, 30.5289666 ] ] ] ] } },
{ "type": "Feature", "properties": { "osm_id": "1480944408", "code": 1500, "fclass": "building", "name": null, "type": null }, "geometry": { "type": "MultiPolygon", "coordinates": [ [ [ [ 114.3489432, 30.5294096 ], [ 114.3490115, 30.5294752 ], [ 114.3494163, 30.5291629 ], [ 114.3494173, 30.529108 ], [ 114.3493802, 30.5290723 ], [ 114.3489432, 30.5294096 ] ] ] ] } },
{ "type": "Feature", "properties": { "osm_id": "1481608818", "code": 1500, "fclass": "building", "name": null, "type": "commercial" }, "geometry": { "type": "MultiPolygon", "coordinates": [ [ [ [ 114.356984375615511, 30.526344876968675 ], [ 114.3569734, 30.526351 ], [ 114.3569901, 30.5263732 ], [ 114.3569736, 30.5264527 ], [ 114.3570479, 30.526555 ], [ 114.3570661, 30.5265452 ], [ 114.3571103, 30.526606 ], [ 114.357115870956861, 30.526603000841035 ], [ 114.356984375615511, 30.526344876968675 ] ] ] ] } },
{ "type": "Feature", "properties": { "osm_id": "103747032", "code": 1500, "fclass": "building", "name": null, "type": "apartments" }, "geometry": { "type": "MultiPolygon", "coordinates": [ [ [ [ 114.357538691649737, 30.533527728485524 ], [ 114.3575235, 30.5334898 ], [ 114.356962, 30.5336563 ], [ 114.356992, 30.5337313 ], [ 114.357058534361556, 30.53371155890537 ], [ 114.357538691649737, 30.533527728485524 ] ] ] ] } },
{ "type": "Feature", "properties": { "osm_id": "104107998", "code": 1500, "fclass": "building", "name": "信息学部4号教学楼", "type": "university" }, "geometry": { "type": "MultiPolygon", "coordinates": [ [ [ [ 114.3564248, 30.5281898 ], [ 114.3564251, 30.5283848 ], [ 114.3565686, 30.5283846 ], [ 114.3565686, 30.5283562 ], [ 114.3569665, 30.5283557 ], [ 114.3569666, 30.5284538 ], [ 114.3569668, 30.528615 ], [ 114.3569669, 30.5286325 ], [ 114.3569669, 30.5286504 ], [ 114.3569672, 30.5287503 ], [ 114.3571108, 30.5287501 ], [ 114.3571107, 30.5286816 ], [ 114.3571106, 30.5286324 ], [ 114.3571103, 30.5284245 ], [ 114.3572328, 30.5284244 ], [ 114.3572325, 30.5281829 ], [ 114.3571046, 30.528183 ], [ 114.3571046, 30.5282102 ], [ 114.3565496, 30.5282108 ], [ 114.3565496, 30.5281896 ], [ 114.3564248, 30.5281898 ] ] ] ] } },
{ "type": "Feature", "properties": { "osm_id": "127025727", "code": 1500, "fclass": "building", "name": "信息学部2号教学楼", "type": "university" }, "geometry": { "type": "MultiPolygon", "coordinates": [ [ [ [ 114.3564294, 30.5287265 ], [ 114.3564297, 30.5288193 ], [ 114.3564299, 30.52891 ], [ 114.3565674, 30.5289099 ], [ 114.3571097, 30.5289093 ], [ 114.3571098, 30.5289223 ], [ 114.3572391, 30.5289221 ], [ 114.3572388, 30.5286814 ], [ 114.3571107, 30.5286816 ], [ 114.3571108, 30.5287501 ], [ 114.3569672, 30.5287503 ], [ 114.3567958, 30.5287507 ], [ 114.3567792, 30.5287504 ], [ 114.3567651, 30.5287504 ], [ 114.3565747, 30.5287506 ], [ 114.3565747, 30.5287263 ], [ 114.3564294, 30.5287265 ] ] ] ] } },
{ "type": "Feature", "properties": { "osm_id": "127025729", "code": 1500, "fclass": "building", "name": "信息学部1号教学楼", "type": "university" }, "geometry": { "type": "MultiPolygon", "coordinates": [ [ [ [ 114.3549707, 30.5287081 ], [ 114.354971, 30.5287359 ], [ 114.3549716, 30.5289085 ], [ 114.3549714, 30.52893 ], [ 114.3550737, 30.5289298 ], [ 114.3551788, 30.5289296 ], [ 114.3551787, 30.5289078 ], [ 114.3553342, 30.5289075 ], [ 114.3557162, 30.5289067 ], [ 114.3560221, 30.5289061 ], [ 114.3561983, 30.5289057 ], [ 114.3561984, 30.5289329 ], [ 114.3563224, 30.5289326 ], [ 114.35643, 30.5289324 ], [ 114.3564299, 30.52891 ], [ 114.3564297, 30.5288193 ], [ 114.3564294, 30.5287265 ], [ 114.3564293, 30.5287048 ], [ 114.3563583, 30.528705 ], [ 114.3563222, 30.528705 ], [ 114.3562504, 30.5287052 ], [ 114.3562238, 30.5287052 ], [ 114.3562239, 30.5287319 ], [ 114.3561466, 30.5287321 ], [ 114.3561466, 30.5287455 ], [ 114.3558031, 30.5287463 ], [ 114.3558029, 30.5286754 ], [ 114.3557158, 30.5286756 ], [ 114.3555991, 30.5286759 ], [ 114.3555993, 30.5287465 ], [ 114.3553541, 30.5287471 ], [ 114.355354, 30.5287259 ], [ 114.355171, 30.5287263 ], [ 114.355171, 30.5287077 ], [ 114.3551166, 30.5287078 ], [ 114.3550737, 30.5287079 ], [ 114.3550373, 30.528708 ], [ 114.3549707, 30.5287081 ] ] ] ] } },
{ "type": "Feature", "properties": { "osm_id": "104108001", "code": 1500, "fclass": "building", "name": "信息学部图书馆", "type": "library" }, "geometry": { "type": "MultiPolygon", "coordinates": [ [ [ [ 114.3552276, 30.5312727 ], [ 114.3552276, 30.5313328 ], [ 114.3552277, 30.5315314 ], [ 114.355394, 30.5315307 ], [ 114.3553944, 30.5316027 ], [ 114.3560262, 30.5316002 ], [ 114.3560258, 30.5315222 ], [ 114.356176, 30.5315216 ], [ 114.3561746, 30.5312707 ], [ 114.3557033, 30.5312726 ], [ 114.3552276, 30.5312727 ] ] ] ] } },
{ "type": "Feature", "properties": { "osm_id": "104108003", "code": 1500, "fclass": "building", "name": "双泽楼", "type": null }, "geometry": { "type": "MultiPolygon", "coordinates": [ [ [ [ 114.3558822, 30.5268705 ], [ 114.3558823, 30.5270148 ], [ 114.3558829, 30.5270779 ], [ 114.3559065, 30.5270778 ], [ 114.3559068, 30.5271042 ], [ 114.3559086, 30.5272203 ], [ 114.3559165, 30.5272354 ], [ 114.3559288, 30.5272452 ], [ 114.3559441, 30.5272526 ], [ 114.3559609, 30.5272559 ], [ 114.3560804, 30.5272547 ], [ 114.3560812, 30.5273105 ], [ 114.3562601, 30.5273086 ], [ 114.3562593, 30.5272525 ], [ 114.356396, 30.5272511 ], [ 114.3564834, 30.5272502 ], [ 114.3564811, 30.5270824 ], [ 114.3560707, 30.5270867 ], [ 114.3560693, 30.5269804 ], [ 114.3559769, 30.5268274 ], [ 114.3558822, 30.5268705 ] ] ] ] } },
{ "type": "Feature", "properties": { "osm_id": "104108004", "code": 1500, "fclass": "building", "name": null, "type": "school" }, "geometry": { "type": "MultiPolygon", "coordinates": [ [ [ [ 114.3577096, 30.5310227 ], [ 114.3577098, 30.5311475 ], [ 114.357728, 30.5311475 ], [ 114.3577281, 30.5312165 ], [ 114.3577767, 30.5312165 ], [ 114.3577766, 30.5311502 ], [ 114.3582014, 30.5311496 ], [ 114.3582015, 30.5312209 ], [ 114.3582017, 30.5312971 ], [ 114.3582019, 30.5314046 ], [ 114.3579985, 30.5314049 ], [ 114.3579989, 30.5315776 ], [ 114.3580529, 30.5315775 ], [ 114.3580532, 30.531736 ], [ 114.3580534, 30.5317747 ], [ 114.3577429, 30.5317755 ], [ 114.3577435, 30.5319274 ], [ 114.3582121, 30.531926 ], [ 114.3582115, 30.5317738 ], [ 114.3581295, 30.5317741 ], [ 114.3581291, 30.531577 ], [ 114.358474, 30.5315766 ], [ 114.3584737, 30.5314053 ], [ 114.3584734, 30.5312208 ], [ 114.358473, 30.5310217 ], [ 114.3577096, 30.5310227 ] ] ] ] } },
{ "type": "Feature", "properties": { "osm_id": "1479978225", "code": 1500, "fclass": "building", "name": null, "type": null }, "geometry": { "type": "MultiPolygon", "coordinates": [ [ [ [ 114.358352, 30.5319518 ], [ 114.358353, 30.5319956 ], [ 114.3584005, 30.5319947 ], [ 114.358402, 30.5320571 ], [ 114.3585767, 30.532054 ], [ 114.3585752, 30.5319918 ], [ 114.3586221, 30.531991 ], [ 114.3586211, 30.5319471 ], [ 114.3585741, 30.531948 ], [ 114.3585736, 30.5319289 ], [ 114.3583989, 30.531932 ], [ 114.3583994, 30.5319509 ], [ 114.358352, 30.5319518 ] ] ] ] } },
{ "type": "Feature", "properties": { "osm_id": "1480400122", "code": 1500, "fclass": "building", "name": null, "type": null }, "geometry": { "type": "MultiPolygon", "coordinates": [ [ [ [ 114.3574864, 30.5319079 ], [ 114.3575004, 30.5319536 ], [ 114.3576301, 30.5319236 ], [ 114.3576138, 30.5318788 ], [ 114.3574864, 30.5319079 ] ] ] ] } },
{ "type": "Feature", "properties": { "osm_id": "104108006", "code": 1500, "fclass": "building", "name": "电脑大世界", "type": "commercial" }, "geometry": { "type": "MultiPolygon", "coordinates": [ [ [ [ 114.3559769, 30.5268274 ], [ 114.3560693, 30.5269804 ], [ 114.3561224, 30.5269552 ], [ 114.3561875, 30.5269243 ], [ 114.3562263, 30.5269821 ], [ 114.3563879, 30.5268988 ], [ 114.3564244, 30.5269557 ], [ 114.3564865, 30.5269267 ], [ 114.3565368, 30.5269414 ], [ 114.3565675, 30.5269954 ], [ 114.3566618, 30.5269531 ], [ 114.3567122, 30.527034 ], [ 114.3567787, 30.5270033 ], [ 114.3567961, 30.5270325 ], [ 114.3568575, 30.5270054 ], [ 114.3568666, 30.5270206 ], [ 114.3568718, 30.5270294 ], [ 114.3568988, 30.5270161 ], [ 114.3569701, 30.5269809 ], [ 114.3569639, 30.5269716 ], [ 114.3567425, 30.5266386 ], [ 114.3567259, 30.5266167 ], [ 114.3567093, 30.5265979 ], [ 114.3566895, 30.5265828 ], [ 114.3566831, 30.5265764 ], [ 114.3566932, 30.5265301 ], [ 114.3566597, 30.5265246 ], [ 114.3566219, 30.5265195 ], [ 114.3566126, 30.5265606 ], [ 114.3565887, 30.5265634 ], [ 114.3565591, 30.5265714 ], [ 114.356522, 30.5265865 ], [ 114.3563588, 30.526659 ], [ 114.3561375, 30.5267573 ], [ 114.3560261, 30.5268068 ], [ 114.3559769, 30.5268274 ] ] ] ] } },
{ "type": "Feature", "properties": { "osm_id": "104108008", "code": 1500, "fclass": "building", "name": "大学生活动中心", "type": null }, "geometry": { "type": "MultiPolygon", "coordinates": [ [ [ [ 114.356567, 30.5292075 ], [ 114.3565679, 30.529333 ], [ 114.3565685, 30.5294099 ], [ 114.3565691, 30.5294909 ], [ 114.3565701, 30.529629 ], [ 114.3572327, 30.5296255 ], [ 114.3572301, 30.5292631 ], [ 114.3571838, 30.5292633 ], [ 114.3571217, 30.5292637 ], [ 114.3571212, 30.5292045 ], [ 114.3568339, 30.529206 ], [ 114.356567, 30.5292075 ] ] ] ] } },
{ "type": "Feature", "properties": { "osm_id": "1471868926", "code": 1500, "fclass": "building", "name": null, "type": null }, "geometry": { "type": "MultiPolygon", "coordinates": [ [ [ [ 114.356435, 30.5294901 ], [ 114.3565691, 30.5294909 ], [ 114.3565685, 30.5294099 ], [ 114.3565679, 30.529333 ], [ 114.3564364, 30.5293322 ], [ 114.3564357, 30.5294097 ], [ 114.356435, 30.5294901 ] ] ] ] } },
{ "type": "Feature", "properties": { "osm_id": "104108011", "code": 1500, "fclass": "building", "name": "信息学部7号教学楼", "type": "university" }, "geometry": { "type": "MultiPolygon", "coordinates": [ [ [ [ 114.3541773, 30.5276552 ], [ 114.3541776, 30.5278286 ], [ 114.3543409, 30.5278285 ], [ 114.3543413, 30.5280763 ], [ 114.354342, 30.5280977 ], [ 114.3543418, 30.5282169 ], [ 114.3544824, 30.5282167 ], [ 114.3544823, 30.5280975 ], [ 114.3544822, 30.5280762 ], [ 114.3544823, 30.5280421 ], [ 114.3544819, 30.5277995 ], [ 114.3548603, 30.527799 ], [ 114.3548604, 30.5278725 ], [ 114.3548318, 30.5278725 ], [ 114.354832, 30.527959 ], [ 114.3549882, 30.5279588 ], [ 114.3549882, 30.5279332 ], [ 114.3549874, 30.5277739 ], [ 114.354963, 30.5277745 ], [ 114.3549629, 30.527686 ], [ 114.3549628, 30.5276319 ], [ 114.3547852, 30.527632 ], [ 114.3547852, 30.5276546 ], [ 114.3541773, 30.5276552 ] ] ] ] } },
{ "type": "Feature", "properties": { "osm_id": "273968039", "code": 1500, "fclass": "building", "name": "信息学部5号教学楼", "type": "university" }, "geometry": { "type": "MultiPolygon", "coordinates": [ [ [ [ 114.354177, 30.5281912 ], [ 114.3541772, 30.5283792 ], [ 114.3543018, 30.5283791 ], [ 114.3544375, 30.5283789 ], [ 114.3549822, 30.5283784 ], [ 114.3549821, 30.5282999 ], [ 114.354982, 30.5282386 ], [ 114.3549819, 30.5281911 ], [ 114.3548636, 30.5281912 ], [ 114.3548636, 30.5282162 ], [ 114.354814, 30.5282163 ], [ 114.354777, 30.5282163 ], [ 114.3547461, 30.5282164 ], [ 114.3544824, 30.5282167 ], [ 114.3543418, 30.5282169 ], [ 114.3543068, 30.5282169 ], [ 114.3543068, 30.528191 ], [ 114.354177, 30.5281912 ] ] ] ] } },
{ "type": "Feature", "properties": { "osm_id": "104949219", "code": 1500, "fclass": "building", "name": null, "type": "college" }, "geometry": { "type": "MultiPolygon", "coordinates": [ [ [ [ 114.357524312669327, 30.527404767317151 ], [ 114.3575242, 30.5274078 ], [ 114.357525880181782, 30.527407844326401 ], [ 114.357524312669327, 30.527404767317151 ] ] ], [ [ [ 114.357492546614026, 30.527342410908755 ], [ 114.3574914, 30.5273746 ], [ 114.357509184435372, 30.527375070764467 ], [ 114.357492546614026, 30.527342410908755 ] ] ] ] } },
{ "type": "Feature", "properties": { "osm_id": "202279989", "code": 1500, "fclass": "building", "name": "教学实验大楼", "type": "university" }, "geometry": { "type": "MultiPolygon", "coordinates": [ [ [ [ 114.3565339, 30.5278335 ], [ 114.3565355, 30.5278441 ], [ 114.3565397, 30.5278544 ], [ 114.3565462, 30.5278638 ], [ 114.3565557, 30.5278726 ], [ 114.3565672, 30.5278794 ], [ 114.3565787, 30.5278835 ], [ 114.3565874, 30.5278843 ], [ 114.3565875, 30.5278992 ], [ 114.3565875, 30.5279105 ], [ 114.3568581, 30.5279096 ], [ 114.356858, 30.5278865 ], [ 114.3568743, 30.5278824 ], [ 114.3568888, 30.5278759 ], [ 114.3568977, 30.5278694 ], [ 114.3569052, 30.5278617 ], [ 114.356911, 30.5278524 ], [ 114.3569148, 30.5278424 ], [ 114.3569162, 30.5278317 ], [ 114.3569144, 30.5278179 ], [ 114.3569108, 30.5278087 ], [ 114.3569054, 30.5278001 ], [ 114.3568973, 30.5277918 ], [ 114.3568875, 30.5277849 ], [ 114.3568717, 30.5277784 ], [ 114.3568576, 30.527777 ], [ 114.3568573, 30.5277152 ], [ 114.3566882, 30.5277158 ], [ 114.3565867, 30.5277161 ], [ 114.356587, 30.5277767 ], [ 114.3565726, 30.5277812 ], [ 114.3565622, 30.527786 ], [ 114.3565515, 30.5277937 ], [ 114.356543, 30.5278032 ], [ 114.3565377, 30.5278126 ], [ 114.3565346, 30.5278228 ], [ 114.3565339, 30.5278335 ] ] ] ] } },
{ "type": "Feature", "properties": { "osm_id": "1396795298", "code": 1500, "fclass": "building", "name": null, "type": null }, "geometry": { "type": "MultiPolygon", "coordinates": [ [ [ [ 114.3570946, 30.5276609 ], [ 114.35716, 30.5276615 ], [ 114.357161, 30.5275743 ], [ 114.3570956, 30.5275737 ], [ 114.3570946, 30.5276609 ] ] ] ] } },
{ "type": "Feature", "properties": { "osm_id": "1443162573", "code": 1500, "fclass": "building", "name": null, "type": "university" }, "geometry": { "type": "MultiPolygon", "coordinates": [ [ [ [ 114.3564307, 30.5274197 ], [ 114.3564313, 30.5275264 ], [ 114.3565284, 30.5275267 ], [ 114.35669, 30.5275253 ], [ 114.3569853, 30.5275231 ], [ 114.3569844, 30.5273597 ], [ 114.3565106, 30.5273615 ], [ 114.3564879, 30.5273685 ], [ 114.3564639, 30.5273793 ], [ 114.3564505, 30.5273898 ], [ 114.3564383, 30.5274051 ], [ 114.3564307, 30.5274197 ] ] ] ] } },
{ "type": "Feature", "properties": { "osm_id": "1481608795", "code": 1500, "fclass": "building", "name": null, "type": "retail" }, "geometry": { "type": "MultiPolygon", "coordinates": [ [ [ [ 114.357358104095326, 30.527078501760478 ], [ 114.357292179399636, 30.526949092326191 ], [ 114.3572231, 30.5269777 ], [ 114.3573093, 30.5271319 ], [ 114.3572751, 30.5271461 ], [ 114.3573021, 30.5271946 ], [ 114.3573387, 30.5271794 ], [ 114.357383, 30.5272585 ], [ 114.357403, 30.5272491 ], [ 114.357429732824798, 30.527219108148778 ], [ 114.357358104095326, 30.527078501760478 ] ] ] ] } },
{ "type": "Feature", "properties": { "osm_id": "1481608822", "code": 1500, "fclass": "building", "name": null, "type": "retail" }, "geometry": { "type": "MultiPolygon", "coordinates": [ [ [ [ 114.3577516713911, 30.527851069924282 ], [ 114.357622457631166, 30.527597424770541 ], [ 114.3575808, 30.527617 ], [ 114.3577566, 30.5278874 ], [ 114.357767493665904, 30.527882128871337 ], [ 114.3577516713911, 30.527851069924282 ] ] ] ] } },
{ "type": "Feature", "properties": { "osm_id": "1481617621", "code": 1500, "fclass": "building", "name": null, "type": "retail" }, "geometry": { "type": "MultiPolygon", "coordinates": [ [ [ [ 114.357361, 30.5272688 ], [ 114.3574068, 30.5273416 ], [ 114.3574488, 30.527322 ], [ 114.357403, 30.5272491 ], [ 114.357383, 30.5272585 ], [ 114.357361, 30.5272688 ] ] ] ] } },
{ "type": "Feature", "properties": { "osm_id": "1481617622", "code": 1500, "fclass": "building", "name": null, "type": "retail" }, "geometry": { "type": "MultiPolygon", "coordinates": [ [ [ [ 114.3574068, 30.5273416 ], [ 114.3575101, 30.5275058 ], [ 114.3575533, 30.5274854 ], [ 114.3574488, 30.527322 ], [ 114.3574068, 30.5273416 ] ] ] ] } },
{ "type": "Feature", "properties": { "osm_id": "1481617623", "code": 1500, "fclass": "building", "name": null, "type": "retail" }, "geometry": { "type": "MultiPolygon", "coordinates": [ [ [ [ 114.357614347000109, 30.527581503693238 ], [ 114.3575533, 30.5274854 ], [ 114.3575101, 30.5275058 ], [ 114.3575808, 30.527617 ], [ 114.357622457631166, 30.527597424770541 ], [ 114.357614347000109, 30.527581503693238 ] ] ] ] } },
{ "type": "Feature", "properties": { "osm_id": "104108013", "code": 1500, "fclass": "building", "name": null, "type": "school" }, "geometry": { "type": "MultiPolygon", "coordinates": [ [ [ [ 114.3576037, 30.5303995 ], [ 114.3577829, 30.5304005 ], [ 114.3577815, 30.5305669 ], [ 114.3576861, 30.5305663 ], [ 114.3576849, 30.5307151 ], [ 114.3579998, 30.530717 ], [ 114.3580036, 30.5302497 ], [ 114.3576049, 30.5302473 ], [ 114.3576037, 30.5303995 ] ] ] ] } },
{ "type": "Feature", "properties": { "osm_id": "104218563", "code": 1500, "fclass": "building", "name": null, "type": null }, "geometry": { "type": "MultiPolygon", "coordinates": [ [ [ [ 114.3578494, 30.5288984 ], [ 114.3579175, 30.5291712 ], [ 114.3580244, 30.5291514 ], [ 114.3579562, 30.5288786 ], [ 114.3578494, 30.5288984 ] ] ] ] } },
{ "type": "Feature", "properties": { "osm_id": "1337114125", "code": 1500, "fclass": "building", "name": "国家网络安全学院大楼", "type": "university" }, "geometry": { "type": "MultiPolygon", "coordinates": [ [ [ [ 114.3508412, 30.5299116 ], [ 114.3508724, 30.5298896 ], [ 114.3509048, 30.5298717 ], [ 114.3509433, 30.5298562 ], [ 114.350991, 30.5298449 ], [ 114.3509958, 30.5295003 ], [ 114.3510982, 30.5295017 ], [ 114.3512825, 30.5295041 ], [ 114.3512876, 30.5293492 ], [ 114.3508496, 30.5293436 ], [ 114.3508469, 30.5294984 ], [ 114.3508457, 30.5295981 ], [ 114.3508412, 30.5299116 ] ] ] ] } },
{ "type": "Feature", "properties": { "osm_id": "104218566", "code": 1500, "fclass": "building", "name": "信息学部西区A2教学楼", "type": "university" }, "geometry": { "type": "MultiPolygon", "coordinates": [ [ [ [ 114.3512825, 30.5295041 ], [ 114.3518009, 30.5295108 ], [ 114.3518024, 30.5294269 ], [ 114.3518036, 30.5293558 ], [ 114.3512876, 30.5293492 ], [ 114.3512825, 30.5295041 ] ] ] ] } },
{ "type": "Feature", "properties": { "osm_id": "104218567", "code": 1500, "fclass": "building", "name": "信息学部15、16舍", "type": "dormitory" }, "geometry": { "type": "MultiPolygon", "coordinates": [ [ [ [ 114.3517712, 30.5311216 ], [ 114.3519118, 30.5311224 ], [ 114.3522068, 30.5311241 ], [ 114.3522093, 30.5309662 ], [ 114.351865, 30.5309647 ], [ 114.3518652, 30.5309048 ], [ 114.3518835, 30.5309011 ], [ 114.3518969, 30.5308937 ], [ 114.3519045, 30.5308845 ], [ 114.351908, 30.5308708 ], [ 114.3519041, 30.5308583 ], [ 114.3518976, 30.5308481 ], [ 114.3518839, 30.5308408 ], [ 114.3518656, 30.5308369 ], [ 114.3518658, 30.5307874 ], [ 114.3522097, 30.5307875 ], [ 114.3522081, 30.5306288 ], [ 114.3518247, 30.5306276 ], [ 114.3518243, 30.5307228 ], [ 114.3517743, 30.5307227 ], [ 114.3517771, 30.5307445 ], [ 114.3517712, 30.5311216 ] ] ] ] } },
{ "type": "Feature", "properties": { "osm_id": "104218586", "code": 1500, "fclass": "building", "name": "信息学部23舍", "type": null }, "geometry": { "type": "MultiPolygon", "coordinates": [ [ [ [ 114.35155, 30.5306927 ], [ 114.3516447, 30.5307136 ], [ 114.3517304, 30.5307326 ], [ 114.351896, 30.530177 ], [ 114.3517752, 30.5301503 ], [ 114.3517203, 30.5303345 ], [ 114.3517448, 30.5303399 ], [ 114.3517018, 30.530484 ], [ 114.3516178, 30.5304654 ], [ 114.35155, 30.5306927 ] ] ] ] } },
{ "type": "Feature", "properties": { "osm_id": "104218569", "code": 1500, "fclass": "building", "name": null, "type": null }, "geometry": { "type": "MultiPolygon", "coordinates": [ [ [ [ 114.3577966, 30.5285514 ], [ 114.3578897, 30.5287843 ], [ 114.3578254, 30.5288034 ], [ 114.3578543, 30.5288758 ], [ 114.3580435, 30.5288197 ], [ 114.3579215, 30.5285144 ], [ 114.3577966, 30.5285514 ] ] ] ] } },
{ "type": "Feature", "properties": { "osm_id": "104218574", "code": 1500, "fclass": "building", "name": null, "type": null }, "geometry": { "type": "MultiPolygon", "coordinates": [ [ [ [ 114.3490745, 30.5295135 ], [ 114.3491683, 30.5295137 ], [ 114.3492058, 30.5295138 ], [ 114.3492059, 30.5294749 ], [ 114.3492963, 30.5294751 ], [ 114.3492968, 30.5294501 ], [ 114.349298, 30.5294006 ], [ 114.3491485, 30.5294003 ], [ 114.3491484, 30.5294381 ], [ 114.3490748, 30.5294379 ], [ 114.3490745, 30.5295135 ] ] ] ] } },
{ "type": "Feature", "properties": { "osm_id": "104218575", "code": 1500, "fclass": "building", "name": "星湖体育馆", "type": null }, "geometry": { "type": "MultiPolygon", "coordinates": [ [ [ [ 114.351099, 30.5306718 ], [ 114.3514837, 30.5306764 ], [ 114.3514926, 30.530228 ], [ 114.3511081, 30.5302221 ], [ 114.3511003, 30.5306066 ], [ 114.351099, 30.5306718 ] ] ] ] } },
{ "type": "Feature", "properties": { "osm_id": "104218579", "code": 1500, "fclass": "building", "name": null, "type": null }, "geometry": { "type": "MultiPolygon", "coordinates": [ [ [ [ 114.3581163, 30.5294613 ], [ 114.3583056, 30.5294801 ], [ 114.3583213, 30.529362 ], [ 114.3582035, 30.5293504 ], [ 114.3582079, 30.5293174 ], [ 114.3581364, 30.5293103 ], [ 114.3581163, 30.5294613 ] ] ] ] } },
{ "type": "Feature", "properties": { "osm_id": "104218611", "code": 1500, "fclass": "building", "name": null, "type": "university" }, "geometry": { "type": "MultiPolygon", "coordinates": [ [ [ [ 114.3512639, 30.5298605 ], [ 114.3517932, 30.5298687 ], [ 114.3517995, 30.5295682 ], [ 114.3512701, 30.5295601 ], [ 114.3512639, 30.5298605 ] ] ] ] } },
{ "type": "Feature", "properties": { "osm_id": "1337114126", "code": 1500, "fclass": "building", "name": "信息学部西区B4教学楼", "type": "university" }, "geometry": { "type": "MultiPolygon", "coordinates": [ [ [ [ 114.351089, 30.5300989 ], [ 114.3511453, 30.5300984 ], [ 114.3514411, 30.5300959 ], [ 114.3514411, 30.5301095 ], [ 114.3517238, 30.5301093 ], [ 114.3517508, 30.5301032 ], [ 114.3517736, 30.5300886 ], [ 114.3517875, 30.5300717 ], [ 114.3517953, 30.5300494 ], [ 114.3517943, 30.5300247 ], [ 114.3517871, 30.5300048 ], [ 114.3517731, 30.5299904 ], [ 114.3517938, 30.5299751 ], [ 114.3517925, 30.5299036 ], [ 114.3516162, 30.5299014 ], [ 114.3515509, 30.5299459 ], [ 114.3511493, 30.5299465 ], [ 114.3510908, 30.5299466 ], [ 114.351089, 30.5300989 ] ] ] ] } },
{ "type": "Feature", "properties": { "osm_id": "1441555690", "code": 1500, "fclass": "building", "name": null, "type": "university" }, "geometry": { "type": "MultiPolygon", "coordinates": [ [ [ [ 114.3507628, 30.5300996 ], [ 114.351089, 30.5300989 ], [ 114.3510908, 30.5299466 ], [ 114.3510932, 30.5298402 ], [ 114.3510718, 30.5298397 ], [ 114.3510504, 30.5298392 ], [ 114.3510194, 30.5298409 ], [ 114.350991, 30.5298449 ], [ 114.3509433, 30.5298562 ], [ 114.3509048, 30.5298717 ], [ 114.3508724, 30.5298896 ], [ 114.3508412, 30.5299116 ], [ 114.3508183, 30.5299331 ], [ 114.3508006, 30.5299571 ], [ 114.3507855, 30.5299833 ], [ 114.3507711, 30.5300167 ], [ 114.3507651, 30.5300634 ], [ 114.3507628, 30.5300996 ] ] ] ] } },
{ "type": "Feature", "properties": { "osm_id": "104218588", "code": 1500, "fclass": "building", "name": null, "type": "apartments" }, "geometry": { "type": "MultiPolygon", "coordinates": [ [ [ [ 114.3581358, 30.529939 ], [ 114.3584061, 30.5300066 ], [ 114.3584363, 30.5299171 ], [ 114.358166, 30.5298495 ], [ 114.3581358, 30.529939 ] ] ] ] } },
{ "type": "Feature", "properties": { "osm_id": "104218592", "code": 1500, "fclass": "building", "name": null, "type": null }, "geometry": { "type": "MultiPolygon", "coordinates": [ [ [ [ 114.3582005, 30.5296355 ], [ 114.3583823, 30.5296526 ], [ 114.358396, 30.5295441 ], [ 114.3582142, 30.529527 ], [ 114.3582005, 30.5296355 ] ] ] ] } },
{ "type": "Feature", "properties": { "osm_id": "1480437164", "code": 1500, "fclass": "building", "name": null, "type": "grandstand" }, "geometry": { "type": "MultiPolygon", "coordinates": [ [ [ [ 114.349473, 30.5308995 ], [ 114.3495866, 30.5309 ], [ 114.3495881, 30.5306607 ], [ 114.3494745, 30.5306602 ], [ 114.349473, 30.5308995 ] ] ] ] } },
{ "type": "Feature", "properties": { "osm_id": "104218598", "code": 1500, "fclass": "building", "name": null, "type": null }, "geometry": { "type": "MultiPolygon", "coordinates": [ [ [ [ 114.3518375, 30.5305472 ], [ 114.3519514, 30.5305677 ], [ 114.3520183, 30.5302917 ], [ 114.3519045, 30.5302712 ], [ 114.3518375, 30.5305472 ] ] ] ] } },
{ "type": "Feature", "properties": { "osm_id": "273979988", "code": 1500, "fclass": "building", "name": null, "type": "apartments" }, "geometry": { "type": "MultiPolygon", "coordinates": [ [ [ [ 114.3519432, 30.5302736 ], [ 114.3521358, 30.5302741 ], [ 114.3521351, 30.5304915 ], [ 114.3522062, 30.5304917 ], [ 114.3522326, 30.5304918 ], [ 114.3522336, 30.5301786 ], [ 114.3519436, 30.5301778 ], [ 114.3519432, 30.5302736 ] ] ] ] } },
{ "type": "Feature", "properties": { "osm_id": "104218601", "code": 1500, "fclass": "building", "name": "信息学部20舍", "type": "dormitory" }, "geometry": { "type": "MultiPolygon", "coordinates": [ [ [ [ 114.3492888, 30.5298028 ], [ 114.3499012, 30.5298132 ], [ 114.3499051, 30.5296405 ], [ 114.3497181, 30.5296369 ], [ 114.3494097, 30.5296309 ], [ 114.3492928, 30.5296286 ], [ 114.3492921, 30.5296557 ], [ 114.3492888, 30.5298028 ] ] ] ] } },
{ "type": "Feature", "properties": { "osm_id": "104453200", "code": 1500, "fclass": "building", "name": null, "type": null }, "geometry": { "type": "MultiPolygon", "coordinates": [ [ [ [ 114.3585718, 30.5311597 ], [ 114.3589622, 30.531196 ], [ 114.3589737, 30.531105 ], [ 114.3585832, 30.5310686 ], [ 114.3585718, 30.5311597 ] ] ] ] } },
{ "type": "Feature", "properties": { "osm_id": "104453202", "code": 1500, "fclass": "building", "name": null, "type": null }, "geometry": { "type": "MultiPolygon", "coordinates": [ [ [ [ 114.3587213, 30.5317765 ], [ 114.3587226, 30.5318805 ], [ 114.3592093, 30.5318759 ], [ 114.359208, 30.5317719 ], [ 114.3587213, 30.5317765 ] ] ] ] } },
{ "type": "Feature", "properties": { "osm_id": "104453203", "code": 1500, "fclass": "building", "name": null, "type": null }, "geometry": { "type": "MultiPolygon", "coordinates": [ [ [ [ 114.3589198, 30.5316572 ], [ 114.3590961, 30.5316636 ], [ 114.3591022, 30.5315396 ], [ 114.3589258, 30.5315333 ], [ 114.3589232, 30.5315865 ], [ 114.3589198, 30.5316572 ] ] ] ] } },
{ "type": "Feature", "properties": { "osm_id": "104453205", "code": 1500, "fclass": "building", "name": null, "type": null }, "geometry": { "type": "MultiPolygon", "coordinates": [ [ [ [ 114.3588283, 30.5314402 ], [ 114.359071, 30.5314632 ], [ 114.3590871, 30.5313377 ], [ 114.3588444, 30.5313146 ], [ 114.3588283, 30.5314402 ] ] ] ] } },
{ "type": "Feature", "properties": { "osm_id": "104950058", "code": 1500, "fclass": "building", "name": null, "type": null }, "geometry": { "type": "MultiPolygon", "coordinates": [ [ [ [ 114.3591408, 30.5309235 ], [ 114.3593774, 30.5315495 ], [ 114.3594417, 30.5315315 ], [ 114.3592051, 30.5309055 ], [ 114.3591408, 30.5309235 ] ] ] ] } },
{ "type": "Feature", "properties": { "osm_id": "104950287", "code": 1500, "fclass": "building", "name": null, "type": null }, "geometry": { "type": "MultiPolygon", "coordinates": [ [ [ [ 114.359351483379385, 30.530991482818052 ], [ 114.359328036043109, 30.530945455961358 ], [ 114.3592699, 30.5309428 ], [ 114.3592643, 30.5310351 ], [ 114.359376295110266, 30.531040187965992 ], [ 114.359351483379385, 30.530991482818052 ] ] ] ] } },
{ "type": "Feature", "properties": { "osm_id": "104950292", "code": 1500, "fclass": "building", "name": null, "type": null }, "geometry": { "type": "MultiPolygon", "coordinates": [ [ [ [ 114.359521126724729, 30.531324490792105 ], [ 114.359521126724729, 30.531324490792102 ], [ 114.3594409, 30.5313584 ], [ 114.3595014, 30.5314645 ], [ 114.359576319665365, 30.531432833912213 ], [ 114.359521126724729, 30.531324490792105 ] ] ] ] } },
{ "type": "Feature", "properties": { "osm_id": "1479978226", "code": 1500, "fclass": "building", "name": null, "type": null }, "geometry": { "type": "MultiPolygon", "coordinates": [ [ [ [ 114.3587664, 30.5324075 ], [ 114.3587674, 30.5324513 ], [ 114.358815, 30.5324504 ], [ 114.3588165, 30.5325128 ], [ 114.3589911, 30.5325097 ], [ 114.3589896, 30.5324475 ], [ 114.3590365, 30.5324467 ], [ 114.3590355, 30.5324028 ], [ 114.3589885, 30.5324037 ], [ 114.358988, 30.5323846 ], [ 114.3588134, 30.5323878 ], [ 114.3588138, 30.5324066 ], [ 114.3587664, 30.5324075 ] ] ] ] } },
{ "type": "Feature", "properties": { "osm_id": "1479978228", "code": 1500, "fclass": "building", "name": null, "type": null }, "geometry": { "type": "MultiPolygon", "coordinates": [ [ [ [ 114.3591333, 30.5322875 ], [ 114.3591343, 30.5323312 ], [ 114.3591818, 30.5323304 ], [ 114.3591833, 30.5323928 ], [ 114.359358, 30.5323897 ], [ 114.3593565, 30.5323275 ], [ 114.3594034, 30.5323266 ], [ 114.3594024, 30.5322828 ], [ 114.3593554, 30.5322836 ], [ 114.3593549, 30.5322646 ], [ 114.3591802, 30.5322677 ], [ 114.3591807, 30.5322866 ], [ 114.3591333, 30.5322875 ] ] ] ] } },
{ "type": "Feature", "properties": { "osm_id": "1479978229", "code": 1500, "fclass": "building", "name": null, "type": null }, "geometry": { "type": "MultiPolygon", "coordinates": [ [ [ [ 114.3590438, 30.5320914 ], [ 114.3590449, 30.5321351 ], [ 114.3590924, 30.5321343 ], [ 114.3590939, 30.5321967 ], [ 114.3592686, 30.5321936 ], [ 114.3592671, 30.5321314 ], [ 114.359314, 30.5321305 ], [ 114.3593129, 30.5320867 ], [ 114.3592659, 30.5320875 ], [ 114.3592655, 30.5320685 ], [ 114.3590908, 30.5320716 ], [ 114.3590913, 30.5320905 ], [ 114.3590438, 30.5320914 ] ] ] ] } },
{ "type": "Feature", "properties": { "osm_id": "1479978234", "code": 1500, "fclass": "building", "name": null, "type": null }, "geometry": { "type": "MultiPolygon", "coordinates": [ [ [ [ 114.3590951, 30.5317013 ], [ 114.3591957, 30.5317045 ], [ 114.3592027, 30.531543 ], [ 114.3591022, 30.5315396 ], [ 114.3590961, 30.5316636 ], [ 114.3590951, 30.5317013 ] ] ] ] } },
{ "type": "Feature", "properties": { "osm_id": "1479978235", "code": 1500, "fclass": "building", "name": null, "type": null }, "geometry": { "type": "MultiPolygon", "coordinates": [ [ [ [ 114.3587678, 30.5316098 ], [ 114.3589198, 30.5316572 ], [ 114.3589232, 30.5315865 ], [ 114.3588868, 30.5315844 ], [ 114.3589077, 30.5315316 ], [ 114.3588116, 30.5315034 ], [ 114.3587678, 30.5316098 ] ] ] ] } },
{ "type": "Feature", "properties": { "osm_id": "104218604", "code": 1500, "fclass": "building", "name": null, "type": "apartments" }, "geometry": { "type": "MultiPolygon", "coordinates": [ [ [ [ 114.358388, 30.5302472 ], [ 114.3586387, 30.53027 ], [ 114.3586486, 30.5301891 ], [ 114.3586176, 30.5301863 ], [ 114.3586284, 30.5300981 ], [ 114.358442, 30.5300812 ], [ 114.358431, 30.530171 ], [ 114.3583976, 30.530168 ], [ 114.358388, 30.5302472 ] ] ] ] } },
{ "type": "Feature", "properties": { "osm_id": "104218609", "code": 1500, "fclass": "building", "name": null, "type": null }, "geometry": { "type": "MultiPolygon", "coordinates": [ [ [ [ 114.3580101, 30.5288858 ], [ 114.3582038, 30.5292684 ], [ 114.3582639, 30.5292459 ], [ 114.3580701, 30.5288633 ], [ 114.3580101, 30.5288858 ] ] ] ] } },
{ "type": "Feature", "properties": { "osm_id": "104218610", "code": 1500, "fclass": "building", "name": "信息学部22舍", "type": null }, "geometry": { "type": "MultiPolygon", "coordinates": [ [ [ [ 114.3518081, 30.5300903 ], [ 114.3518709, 30.5301348 ], [ 114.3520171, 30.5299816 ], [ 114.3520751, 30.5299826 ], [ 114.3520786, 30.5298271 ], [ 114.3519368, 30.5298247 ], [ 114.3519338, 30.5299587 ], [ 114.3518081, 30.5300903 ] ] ] ] } },
{ "type": "Feature", "properties": { "osm_id": "1480944412", "code": 1500, "fclass": "building", "name": null, "type": "bungalow" }, "geometry": { "type": "MultiPolygon", "coordinates": [ [ [ [ 114.3519792, 30.5301522 ], [ 114.3522382, 30.5301531 ], [ 114.3522397, 30.52983 ], [ 114.3521018, 30.5298295 ], [ 114.3521007, 30.5300576 ], [ 114.3519797, 30.5300572 ], [ 114.3519792, 30.5301522 ] ] ] ] } },
{ "type": "Feature", "properties": { "osm_id": "104218615", "code": 1500, "fclass": "building", "name": "信息学部19舍", "type": "dormitory" }, "geometry": { "type": "MultiPolygon", "coordinates": [ [ [ [ 114.3492968, 30.5294501 ], [ 114.3494149, 30.5294519 ], [ 114.3497219, 30.5294567 ], [ 114.3499092, 30.5294596 ], [ 114.349913, 30.5292942 ], [ 114.3493006, 30.5292838 ], [ 114.349298, 30.5294006 ], [ 114.3492968, 30.5294501 ] ] ] ] } },
{ "type": "Feature", "properties": { "osm_id": "104219264", "code": 1500, "fclass": "building", "name": "地球空间环境与大地测量研究室", "type": "university" }, "geometry": { "type": "MultiPolygon", "coordinates": [ [ [ [ 114.3567568, 30.53162 ], [ 114.3567583, 30.5317374 ], [ 114.3567746, 30.5317373 ], [ 114.3568198, 30.5317369 ], [ 114.3568194, 30.5316977 ], [ 114.3571457, 30.5316947 ], [ 114.3572881, 30.5316934 ], [ 114.3572867, 30.5315748 ], [ 114.3571378, 30.5315762 ], [ 114.3571383, 30.5316164 ], [ 114.3570802, 30.5316169 ], [ 114.3567568, 30.53162 ] ] ] ] } },
{ "type": "Feature", "properties": { "osm_id": "104219268", "code": 1500, "fclass": "building", "name": "测量仪器陈列馆", "type": "university" }, "geometry": { "type": "MultiPolygon", "coordinates": [ [ [ [ 114.3568134, 30.531041 ], [ 114.3568144, 30.5311088 ], [ 114.3572404, 30.5311047 ], [ 114.3572394, 30.5310369 ], [ 114.3568134, 30.531041 ] ] ] ] } },
{ "type": "Feature", "properties": { "osm_id": "104373479", "code": 1500, "fclass": "building", "name": null, "type": "kindergarten" }, "geometry": { "type": "MultiPolygon", "coordinates": [ [ [ [ 114.3568142, 30.5322443 ], [ 114.3568142, 30.532361 ], [ 114.3568664, 30.5323605 ], [ 114.3568991, 30.5323607 ], [ 114.3569965, 30.5323609 ], [ 114.3569964, 30.5322986 ], [ 114.3571661, 30.5322985 ], [ 114.3571661, 30.5323403 ], [ 114.3572508, 30.5323403 ], [ 114.3572508, 30.5321716 ], [ 114.3569702, 30.5321716 ], [ 114.3569703, 30.5322443 ], [ 114.3568142, 30.5322443 ] ] ] ] } },
{ "type": "Feature", "properties": { "osm_id": "104219274", "code": 1500, "fclass": "building", "name": "竹园体育馆", "type": "sports_hall" }, "geometry": { "type": "MultiPolygon", "coordinates": [ [ [ [ 114.356711, 30.5303374 ], [ 114.3569568, 30.5303375 ], [ 114.3569557, 30.5301166 ], [ 114.3569554, 30.5300778 ], [ 114.3569906, 30.5300778 ], [ 114.3569907, 30.5299474 ], [ 114.3569526, 30.5299473 ], [ 114.3569528, 30.5297193 ], [ 114.356861, 30.5297193 ], [ 114.3567116, 30.5297191 ], [ 114.3567113, 30.5300105 ], [ 114.356711, 30.5303374 ] ] ] ] } },
{ "type": "Feature", "properties": { "osm_id": "104219273", "code": 1500, "fclass": "building", "name": null, "type": null }, "geometry": { "type": "MultiPolygon", "coordinates": [ [ [ [ 114.3574833, 30.5299896 ], [ 114.3574838, 30.5300957 ], [ 114.3580478, 30.5300936 ], [ 114.3580472, 30.5299874 ], [ 114.3574833, 30.5299896 ] ] ] ] } },
{ "type": "Feature", "properties": { "osm_id": "1407258918", "code": 1500, "fclass": "building", "name": null, "type": "roof" }, "geometry": { "type": "MultiPolygon", "coordinates": [ [ [ [ 114.3567115, 30.5296797 ], [ 114.3567115, 30.5296941 ], [ 114.3567116, 30.5297191 ], [ 114.356861, 30.5297193 ], [ 114.3569528, 30.5297193 ], [ 114.3569533, 30.5296956 ], [ 114.3569533, 30.5296795 ], [ 114.3567115, 30.5296797 ] ] ] ] } },
{ "type": "Feature", "properties": { "osm_id": "1407258919", "code": 1500, "fclass": "building", "name": null, "type": null }, "geometry": { "type": "MultiPolygon", "coordinates": [ [ [ [ 114.356658, 30.5296398 ], [ 114.356658, 30.5296799 ], [ 114.3566763, 30.5296799 ], [ 114.3567115, 30.5296797 ], [ 114.3569533, 30.5296795 ], [ 114.3569758, 30.5296799 ], [ 114.3569758, 30.5296398 ], [ 114.356658, 30.5296398 ] ] ] ] } },
{ "type": "Feature", "properties": { "osm_id": "104372384", "code": 1500, "fclass": "building", "name": "信息学部11舍", "type": "dormitory" }, "geometry": { "type": "MultiPolygon", "coordinates": [ [ [ [ 114.3523806, 30.5301487 ], [ 114.352381, 30.5302207 ], [ 114.3529058, 30.530218 ], [ 114.3529055, 30.5301468 ], [ 114.3528805, 30.5301468 ], [ 114.3528802, 30.5301023 ], [ 114.3526601, 30.5301033 ], [ 114.3523969, 30.5301046 ], [ 114.3523972, 30.5301486 ], [ 114.3523806, 30.5301487 ] ] ] ] } },
{ "type": "Feature", "properties": { "osm_id": "104372385", "code": 1500, "fclass": "building", "name": "信息学部12舍", "type": "dormitory" }, "geometry": { "type": "MultiPolygon", "coordinates": [ [ [ [ 114.3523821, 30.5304313 ], [ 114.3523827, 30.5305007 ], [ 114.3529073, 30.5304976 ], [ 114.3529068, 30.5304269 ], [ 114.3528821, 30.530427 ], [ 114.3528815, 30.5303569 ], [ 114.3526553, 30.5303583 ], [ 114.3523985, 30.5303599 ], [ 114.3523991, 30.5304312 ], [ 114.3523821, 30.5304313 ] ] ] ] } },
{ "type": "Feature", "properties": { "osm_id": "104372387", "code": 1500, "fclass": "building", "name": "信息学部14舍", "type": "dormitory" }, "geometry": { "type": "MultiPolygon", "coordinates": [ [ [ [ 114.3523849, 30.5310143 ], [ 114.3523852, 30.5310802 ], [ 114.3529102, 30.5310783 ], [ 114.3529098, 30.5310119 ], [ 114.3528859, 30.531012 ], [ 114.3528854, 30.5309419 ], [ 114.3526676, 30.5309428 ], [ 114.3524022, 30.530944 ], [ 114.3524026, 30.5310143 ], [ 114.3523849, 30.5310143 ] ] ] ] } },
{ "type": "Feature", "properties": { "osm_id": "104372393", "code": 1500, "fclass": "building", "name": "信息学部三食堂、四食堂", "type": null }, "geometry": { "type": "MultiPolygon", "coordinates": [ [ [ [ 114.3524003, 30.5294638 ], [ 114.3524013, 30.5299806 ], [ 114.3527879, 30.52998 ], [ 114.352788, 30.5299098 ], [ 114.3529159, 30.5299264 ], [ 114.3529665, 30.529929 ], [ 114.3530316, 30.5299252 ], [ 114.3531469, 30.5299047 ], [ 114.3531472, 30.5298714 ], [ 114.3531819, 30.5298704 ], [ 114.3532111, 30.5298657 ], [ 114.3532311, 30.5298541 ], [ 114.3532465, 30.5298398 ], [ 114.3532448, 30.529722 ], [ 114.3531047, 30.5297235 ], [ 114.3531043, 30.5296805 ], [ 114.3530399, 30.5296811 ], [ 114.3530389, 30.5296073 ], [ 114.3531034, 30.5296066 ], [ 114.3531043, 30.5295791 ], [ 114.3531027, 30.5295501 ], [ 114.3530382, 30.5295511 ], [ 114.3530375, 30.5294935 ], [ 114.353102, 30.5294929 ], [ 114.3531016, 30.5294493 ], [ 114.3532454, 30.5294465 ], [ 114.3532447, 30.5294114 ], [ 114.3532432, 30.5293383 ], [ 114.353234, 30.5293147 ], [ 114.3532097, 30.5292982 ], [ 114.3531796, 30.5292865 ], [ 114.3531802, 30.5292581 ], [ 114.3531143, 30.5292578 ], [ 114.3530526, 30.5292329 ], [ 114.3529798, 30.5292205 ], [ 114.3529096, 30.5292306 ], [ 114.3528397, 30.5292596 ], [ 114.3528402, 30.5292091 ], [ 114.3526997, 30.5292096 ], [ 114.3526999, 30.5294628 ], [ 114.3524003, 30.5294638 ] ] ] ] } },
{ "type": "Feature", "properties": { "osm_id": "1472842317", "code": 1500, "fclass": "building", "name": null, "type": null }, "geometry": { "type": "MultiPolygon", "coordinates": [ [ [ [ 114.35235, 30.5292599 ], [ 114.3523508, 30.5293948 ], [ 114.3526129, 30.5293938 ], [ 114.3526121, 30.5292588 ], [ 114.35235, 30.5292599 ] ] ] ] } },
{ "type": "Feature", "properties": { "osm_id": "104372398", "code": 1500, "fclass": "building", "name": null, "type": "office" }, "geometry": { "type": "MultiPolygon", "coordinates": [ [ [ [ 114.3531296, 30.5303314 ], [ 114.3531312, 30.5305093 ], [ 114.3532563, 30.5305085 ], [ 114.3532555, 30.5304189 ], [ 114.3532547, 30.5303306 ], [ 114.3531611, 30.5303312 ], [ 114.3531296, 30.5303314 ] ] ] ] } },
{ "type": "Feature", "properties": { "osm_id": "307265577", "code": 1500, "fclass": "building", "name": null, "type": null }, "geometry": { "type": "MultiPolygon", "coordinates": [ [ [ [ 114.3531007, 30.5306964 ], [ 114.3531437, 30.5306969 ], [ 114.3531426, 30.5308114 ], [ 114.3532506, 30.5308122 ], [ 114.3532514, 30.5306982 ], [ 114.3532525, 30.5306293 ], [ 114.3532533, 30.5305177 ], [ 114.3531442, 30.5305169 ], [ 114.3531432, 30.530628 ], [ 114.3531019, 30.5306275 ], [ 114.3531007, 30.5306964 ] ] ] ] } },
{ "type": "Feature", "properties": { "osm_id": "104372401", "code": 1500, "fclass": "building", "name": "信息学部4舍", "type": "dormitory" }, "geometry": { "type": "MultiPolygon", "coordinates": [ [ [ [ 114.3542058, 30.5309614 ], [ 114.3542064, 30.5311146 ], [ 114.3545396, 30.5311136 ], [ 114.3548893, 30.5311118 ], [ 114.3548888, 30.5309597 ], [ 114.3542058, 30.5309614 ] ] ] ] } },
{ "type": "Feature", "properties": { "osm_id": "104372405", "code": 1500, "fclass": "building", "name": "信息学部3舍", "type": "dormitory" }, "geometry": { "type": "MultiPolygon", "coordinates": [ [ [ [ 114.3542041, 30.5306451 ], [ 114.3542044, 30.5307965 ], [ 114.3545497, 30.5307967 ], [ 114.3548897, 30.5307961 ], [ 114.3548894, 30.5306444 ], [ 114.3542041, 30.5306451 ] ] ] ] } },
{ "type": "Feature", "properties": { "osm_id": "104372406", "code": 1500, "fclass": "building", "name": "信息学部13舍", "type": "dormitory" }, "geometry": { "type": "MultiPolygon", "coordinates": [ [ [ [ 114.3523834, 30.5307096 ], [ 114.3523838, 30.5307897 ], [ 114.3529087, 30.530788 ], [ 114.3529083, 30.5307072 ], [ 114.352884, 30.5307072 ], [ 114.3528836, 30.530643 ], [ 114.35265, 30.5306438 ], [ 114.3524003, 30.5306446 ], [ 114.3524007, 30.5307095 ], [ 114.3523834, 30.5307096 ] ] ] ] } },
{ "type": "Feature", "properties": { "osm_id": "104373462", "code": 1500, "fclass": "building", "name": null, "type": "apartments" }, "geometry": { "type": "MultiPolygon", "coordinates": [ [ [ [ 114.3556732, 30.5334803 ], [ 114.3561089, 30.533489 ], [ 114.3561108, 30.5334149 ], [ 114.3556752, 30.5334063 ], [ 114.3556732, 30.5334803 ] ] ] ] } },
{ "type": "Feature", "properties": { "osm_id": "104373464", "code": 1500, "fclass": "building", "name": null, "type": "apartments" }, "geometry": { "type": "MultiPolygon", "coordinates": [ [ [ [ 114.3553675, 30.5323772 ], [ 114.3553681, 30.5324871 ], [ 114.3560421, 30.5324843 ], [ 114.3560414, 30.5323744 ], [ 114.3553675, 30.5323772 ] ] ] ] } },
{ "type": "Feature", "properties": { "osm_id": "104373466", "code": 1500, "fclass": "building", "name": null, "type": "apartments" }, "geometry": { "type": "MultiPolygon", "coordinates": [ [ [ [ 114.3561663, 30.5326986 ], [ 114.3561665, 30.5327698 ], [ 114.3566956, 30.5327691 ], [ 114.3566955, 30.5326958 ], [ 114.3566759, 30.5326958 ], [ 114.3566758, 30.532652 ], [ 114.3565933, 30.5326521 ], [ 114.3561849, 30.5326526 ], [ 114.356185, 30.5326985 ], [ 114.3561663, 30.5326986 ] ] ] ] } },
{ "type": "Feature", "properties": { "osm_id": "104373469", "code": 1500, "fclass": "building", "name": null, "type": "apartments" }, "geometry": { "type": "MultiPolygon", "coordinates": [ [ [ [ 114.3552393, 30.5333265 ], [ 114.3556922, 30.5333307 ], [ 114.3556933, 30.533246 ], [ 114.3552403, 30.5332418 ], [ 114.3552393, 30.5333265 ] ] ] ] } },
{ "type": "Feature", "properties": { "osm_id": "104373471", "code": 1500, "fclass": "building", "name": null, "type": "apartments" }, "geometry": { "type": "MultiPolygon", "coordinates": [ [ [ [ 114.3565174, 30.5332775 ], [ 114.356741, 30.5332782 ], [ 114.3567413, 30.5332024 ], [ 114.3565177, 30.5332032 ], [ 114.3565174, 30.5332775 ] ] ] ] } },
{ "type": "Feature", "properties": { "osm_id": "104373475", "code": 1500, "fclass": "building", "name": "青年楼", "type": "apartments" }, "geometry": { "type": "MultiPolygon", "coordinates": [ [ [ [ 114.3561195, 30.5322476 ], [ 114.3561203, 30.5323825 ], [ 114.3565056, 30.5323809 ], [ 114.3565062, 30.5324913 ], [ 114.3566832, 30.5324905 ], [ 114.3566818, 30.5322453 ], [ 114.3561195, 30.5322476 ] ] ] ] } },
{ "type": "Feature", "properties": { "osm_id": "104373476", "code": 1500, "fclass": "building", "name": "星湖园招待所", "type": "commercial" }, "geometry": { "type": "MultiPolygon", "coordinates": [ [ [ [ 114.3547299, 30.5322315 ], [ 114.3547319, 30.5325001 ], [ 114.3549093, 30.5324991 ], [ 114.3549083, 30.5323734 ], [ 114.3550578, 30.5323726 ], [ 114.355059, 30.5325413 ], [ 114.3553066, 30.5325399 ], [ 114.3553057, 30.5324167 ], [ 114.355093, 30.5324179 ], [ 114.3550927, 30.5323719 ], [ 114.3553053, 30.5323707 ], [ 114.3553043, 30.5322283 ], [ 114.3550118, 30.5322299 ], [ 114.3547299, 30.5322315 ] ] ] ] } },
{ "type": "Feature", "properties": { "osm_id": "1485821110", "code": 1500, "fclass": "building", "name": null, "type": null }, "geometry": { "type": "MultiPolygon", "coordinates": [ [ [ [ 114.3568656, 30.532491 ], [ 114.3568984, 30.5324911 ], [ 114.3568991, 30.5323607 ], [ 114.3568664, 30.5323605 ], [ 114.3568656, 30.532491 ] ] ] ] } },
{ "type": "Feature", "properties": { "osm_id": "104373483", "code": 1500, "fclass": "building", "name": "星园食堂", "type": null }, "geometry": { "type": "MultiPolygon", "coordinates": [ [ [ [ 114.3547737, 30.5329855 ], [ 114.355313, 30.5329874 ], [ 114.3553156, 30.5327366 ], [ 114.3553146, 30.5326675 ], [ 114.3550494, 30.5326666 ], [ 114.3547753, 30.5326656 ], [ 114.3547763, 30.5327261 ], [ 114.3547741, 30.532916 ], [ 114.3547737, 30.5329855 ] ] ] ] } },
{ "type": "Feature", "properties": { "osm_id": "104373484", "code": 1500, "fclass": "building", "name": null, "type": "apartments" }, "geometry": { "type": "MultiPolygon", "coordinates": [ [ [ [ 114.3547313, 30.5334325 ], [ 114.3547636, 30.5334328 ], [ 114.3547633, 30.5334645 ], [ 114.35491, 30.5334655 ], [ 114.3549098, 30.5334943 ], [ 114.3550016, 30.533495 ], [ 114.3550019, 30.5334661 ], [ 114.3551632, 30.5334672 ], [ 114.3551635, 30.5334357 ], [ 114.3551869, 30.5334358 ], [ 114.3551879, 30.533328 ], [ 114.3547324, 30.5333248 ], [ 114.3547313, 30.5334325 ] ] ] ] } },
{ "type": "Feature", "properties": { "osm_id": "104373485", "code": 1500, "fclass": "building", "name": null, "type": "apartments" }, "geometry": { "type": "MultiPolygon", "coordinates": [ [ [ [ 114.3568324, 30.5330991 ], [ 114.3568337, 30.5331655 ], [ 114.3570655, 30.5331622 ], [ 114.3570642, 30.5330958 ], [ 114.3568324, 30.5330991 ] ] ] ] } },
{ "type": "Feature", "properties": { "osm_id": "104373486", "code": 1500, "fclass": "building", "name": null, "type": "apartments" }, "geometry": { "type": "MultiPolygon", "coordinates": [ [ [ [ 114.3545935, 30.5337748 ], [ 114.3552234, 30.533777 ], [ 114.3552238, 30.533698 ], [ 114.3545939, 30.5336958 ], [ 114.3545935, 30.5337748 ] ] ] ] } },
{ "type": "Feature", "properties": { "osm_id": "104373488", "code": 1500, "fclass": "building", "name": null, "type": "kindergarten" }, "geometry": { "type": "MultiPolygon", "coordinates": [ [ [ [ 114.3568197, 30.5324915 ], [ 114.3568198, 30.5326202 ], [ 114.3568202, 30.5329126 ], [ 114.3569044, 30.5329125 ], [ 114.3569044, 30.5329713 ], [ 114.3571182, 30.5329711 ], [ 114.3571182, 30.5329169 ], [ 114.3572506, 30.5329168 ], [ 114.3572508, 30.5326765 ], [ 114.3571176, 30.5326767 ], [ 114.3571178, 30.532771 ], [ 114.357074, 30.5327711 ], [ 114.3570741, 30.5328148 ], [ 114.3569439, 30.532815 ], [ 114.3569437, 30.5326863 ], [ 114.3569719, 30.5326862 ], [ 114.3569717, 30.5326061 ], [ 114.356919, 30.5326062 ], [ 114.3569187, 30.5324914 ], [ 114.3568984, 30.5324911 ], [ 114.3568656, 30.532491 ], [ 114.3568197, 30.5324915 ] ] ] ] } },
{ "type": "Feature", "properties": { "osm_id": "104373493", "code": 1500, "fclass": "building", "name": null, "type": "apartments" }, "geometry": { "type": "MultiPolygon", "coordinates": [ [ [ [ 114.3571218, 30.5330317 ], [ 114.357175, 30.5331443 ], [ 114.3574097, 30.533062 ], [ 114.3573565, 30.5329494 ], [ 114.3571218, 30.5330317 ] ] ] ] } },
{ "type": "Feature", "properties": { "osm_id": "104373490", "code": 1500, "fclass": "building", "name": null, "type": "apartments" }, "geometry": { "type": "MultiPolygon", "coordinates": [ [ [ [ 114.3562039, 30.5333664 ], [ 114.3564296, 30.5333667 ], [ 114.3564297, 30.5333006 ], [ 114.3562041, 30.5333003 ], [ 114.3562039, 30.5333664 ] ] ] ] } },
{ "type": "Feature", "properties": { "osm_id": "1481024653", "code": 1500, "fclass": "building", "name": null, "type": "apartments" }, "geometry": { "type": "MultiPolygon", "coordinates": [ [ [ [ 114.3561674, 30.5329443 ], [ 114.3561675, 30.5330156 ], [ 114.3566966, 30.5330149 ], [ 114.3566965, 30.5329416 ], [ 114.3566769, 30.5329416 ], [ 114.3566768, 30.5328978 ], [ 114.3565943, 30.5328979 ], [ 114.356186, 30.5328983 ], [ 114.356186, 30.5329443 ], [ 114.3561674, 30.5329443 ] ] ] ] } },
{ "type": "Feature", "properties": { "osm_id": "104373494", "code": 1500, "fclass": "building", "name": null, "type": "apartments" }, "geometry": { "type": "MultiPolygon", "coordinates": [ [ [ [ 114.3552572, 30.5335597 ], [ 114.3552574, 30.5336321 ], [ 114.3556974, 30.5336313 ], [ 114.3556972, 30.5335589 ], [ 114.3552572, 30.5335597 ] ] ] ] } },
{ "type": "Feature", "properties": { "osm_id": "104373495", "code": 1500, "fclass": "building", "name": null, "type": "apartments" }, "geometry": { "type": "MultiPolygon", "coordinates": [ [ [ [ 114.3556896, 30.5331685 ], [ 114.356117, 30.5331708 ], [ 114.3561176, 30.533092 ], [ 114.3556902, 30.5330896 ], [ 114.3556896, 30.5331685 ] ] ] ] } },
{ "type": "Feature", "properties": { "osm_id": "104375160", "code": 1500, "fclass": "building", "name": "E11", "type": "dormitory" }, "geometry": { "type": "MultiPolygon", "coordinates": [ [ [ [ 114.3506684, 30.5316625 ], [ 114.3507327, 30.5316665 ], [ 114.3507378, 30.5316067 ], [ 114.3507856, 30.5316097 ], [ 114.3507795, 30.5316816 ], [ 114.3508747, 30.5316875 ], [ 114.3508807, 30.5316157 ], [ 114.3509332, 30.5316191 ], [ 114.3509271, 30.5316907 ], [ 114.3510141, 30.5316962 ], [ 114.3510201, 30.5316246 ], [ 114.3510812, 30.5316284 ], [ 114.3510752, 30.5317001 ], [ 114.351163, 30.5317055 ], [ 114.351169, 30.531634 ], [ 114.3512139, 30.5316368 ], [ 114.3512088, 30.5316968 ], [ 114.3512876, 30.5317018 ], [ 114.3512927, 30.5316418 ], [ 114.3513017, 30.5315354 ], [ 114.3506825, 30.5314966 ], [ 114.3506735, 30.5316026 ], [ 114.3506684, 30.5316625 ] ] ] ] } },
{ "type": "Feature", "properties": { "osm_id": "104375161", "code": 1500, "fclass": "building", "name": "E1", "type": "dormitory" }, "geometry": { "type": "MultiPolygon", "coordinates": [ [ [ [ 114.3507441, 30.5311044 ], [ 114.3511547, 30.5311291 ], [ 114.3511621, 30.5310373 ], [ 114.3507515, 30.5310127 ], [ 114.3507441, 30.5311044 ] ] ] ] } },
{ "type": "Feature", "properties": { "osm_id": "104375162", "code": 1500, "fclass": "building", "name": "E3", "type": "dormitory" }, "geometry": { "type": "MultiPolygon", "coordinates": [ [ [ [ 114.350579, 30.5322418 ], [ 114.3509845, 30.5322844 ], [ 114.3509985, 30.5321854 ], [ 114.350593, 30.5321427 ], [ 114.350579, 30.5322418 ] ] ] ] } },
{ "type": "Feature", "properties": { "osm_id": "104375163", "code": 1500, "fclass": "building", "name": "E7", "type": "dormitory" }, "geometry": { "type": "MultiPolygon", "coordinates": [ [ [ [ 114.3505968, 30.5319937 ], [ 114.3511358, 30.5320499 ], [ 114.3511498, 30.5319505 ], [ 114.3506107, 30.5318944 ], [ 114.3505968, 30.5319937 ] ] ] ] } },
{ "type": "Feature", "properties": { "osm_id": "104375164", "code": 1500, "fclass": "building", "name": "E12", "type": "dormitory" }, "geometry": { "type": "MultiPolygon", "coordinates": [ [ [ [ 114.3497722, 30.5318345 ], [ 114.3504878, 30.5319172 ], [ 114.350503, 30.5318196 ], [ 114.3497874, 30.5317368 ], [ 114.3497722, 30.5318345 ] ] ] ] } },
{ "type": "Feature", "properties": { "osm_id": "104375165", "code": 1500, "fclass": "building", "name": "E5", "type": "dormitory" }, "geometry": { "type": "MultiPolygon", "coordinates": [ [ [ [ 114.3512317, 30.5309097 ], [ 114.3515939, 30.5309281 ], [ 114.3515999, 30.53084 ], [ 114.3512377, 30.5308215 ], [ 114.3512317, 30.5309097 ] ] ] ] } },
{ "type": "Feature", "properties": { "osm_id": "104375166", "code": 1500, "fclass": "building", "name": "E4", "type": "dormitory" }, "geometry": { "type": "MultiPolygon", "coordinates": [ [ [ [ 114.3505315, 30.5324764 ], [ 114.3508455, 30.5325162 ], [ 114.3508632, 30.5324132 ], [ 114.3505491, 30.5323734 ], [ 114.3505315, 30.5324764 ] ] ] ] } },
{ "type": "Feature", "properties": { "osm_id": "104375167", "code": 1500, "fclass": "building", "name": "E8", "type": "dormitory" }, "geometry": { "type": "MultiPolygon", "coordinates": [ [ [ [ 114.3512049, 30.5313713 ], [ 114.3514565, 30.531389 ], [ 114.3514647, 30.5313018 ], [ 114.3512132, 30.5312841 ], [ 114.3512049, 30.5313713 ] ] ] ] } },
{ "type": "Feature", "properties": { "osm_id": "104375171", "code": 1500, "fclass": "building", "name": "E2", "type": "dormitory" }, "geometry": { "type": "MultiPolygon", "coordinates": [ [ [ [ 114.3507257, 30.5313256 ], [ 114.3511448, 30.5313567 ], [ 114.3511539, 30.5312661 ], [ 114.3507348, 30.5312349 ], [ 114.3507257, 30.5313256 ] ] ] ] } },
{ "type": "Feature", "properties": { "osm_id": "104375168", "code": 1500, "fclass": "building", "name": null, "type": null }, "geometry": { "type": "MultiPolygon", "coordinates": [ [ [ [ 114.349098, 30.5315336 ], [ 114.3491947, 30.5317847 ], [ 114.349339, 30.5317435 ], [ 114.3493563, 30.5317883 ], [ 114.3494447, 30.5317631 ], [ 114.3495234, 30.5317406 ], [ 114.3494095, 30.5314447 ], [ 114.349208, 30.5315022 ], [ 114.349098, 30.5315336 ] ] ] ] } },
{ "type": "Feature", "properties": { "osm_id": "104450745", "code": 1500, "fclass": "building", "name": null, "type": null }, "geometry": { "type": "MultiPolygon", "coordinates": [ [ [ [ 114.3489214, 30.5310748 ], [ 114.349098, 30.5315336 ], [ 114.349208, 30.5315022 ], [ 114.3490295, 30.5310436 ], [ 114.3489214, 30.5310748 ] ] ] ] } },
{ "type": "Feature", "properties": { "osm_id": "104375169", "code": 1500, "fclass": "building", "name": "E13", "type": "dormitory" }, "geometry": { "type": "MultiPolygon", "coordinates": [ [ [ [ 114.349874, 30.532139 ], [ 114.3504262, 30.5322041 ], [ 114.3504416, 30.5321066 ], [ 114.3498895, 30.5320416 ], [ 114.349874, 30.532139 ] ] ] ] } },
{ "type": "Feature", "properties": { "osm_id": "1483109330", "code": 1500, "fclass": "building", "name": null, "type": "apartments" }, "geometry": { "type": "MultiPolygon", "coordinates": [ [ [ [ 114.3495447, 30.5322058 ], [ 114.3496618, 30.5325106 ], [ 114.349731, 30.5326909 ], [ 114.3498271, 30.5329409 ], [ 114.3502913, 30.5328086 ], [ 114.3502243, 30.5326341 ], [ 114.350194, 30.5325553 ], [ 114.3501414, 30.5325702 ], [ 114.3500209, 30.5326047 ], [ 114.3499472, 30.5326256 ], [ 114.3498787, 30.5324472 ], [ 114.3499202, 30.5324354 ], [ 114.3498472, 30.5322455 ], [ 114.349797, 30.5322598 ], [ 114.3497534, 30.5321463 ], [ 114.3495447, 30.5322058 ] ] ] ] } },
{ "type": "Feature", "properties": { "osm_id": "104375173", "code": 1500, "fclass": "building", "name": null, "type": null }, "geometry": { "type": "MultiPolygon", "coordinates": [ [ [ [ 114.3502032, 30.5324739 ], [ 114.3503337, 30.5324942 ], [ 114.3503462, 30.5324345 ], [ 114.3502157, 30.5324142 ], [ 114.3502032, 30.5324739 ] ] ] ] } },
{ "type": "Feature", "properties": { "osm_id": "104375174", "code": 1500, "fclass": "building", "name": "E6", "type": "dormitory" }, "geometry": { "type": "MultiPolygon", "coordinates": [ [ [ [ 114.351213, 30.531104 ], [ 114.3515699, 30.5311248 ], [ 114.3515769, 30.5310358 ], [ 114.35122, 30.5310149 ], [ 114.351213, 30.531104 ] ] ] ] } },
{ "type": "Feature", "properties": { "osm_id": "104376125", "code": 1500, "fclass": "building", "name": "青1栋", "type": "apartments" }, "geometry": { "type": "MultiPolygon", "coordinates": [ [ [ [ 114.3515727, 30.5315122 ], [ 114.3516545, 30.5315129 ], [ 114.3516546, 30.5315039 ], [ 114.3516882, 30.5315042 ], [ 114.3516881, 30.5315132 ], [ 114.3517667, 30.5315138 ], [ 114.3517673, 30.5314618 ], [ 114.351731, 30.5314615 ], [ 114.3517317, 30.5313959 ], [ 114.351615, 30.5313949 ], [ 114.3516142, 30.5314637 ], [ 114.3515732, 30.5314634 ], [ 114.3515727, 30.5315122 ] ] ] ] } },
{ "type": "Feature", "properties": { "osm_id": "104376126", "code": 1500, "fclass": "building", "name": "青2栋", "type": "apartments" }, "geometry": { "type": "MultiPolygon", "coordinates": [ [ [ [ 114.3513635, 30.5316375 ], [ 114.3513647, 30.5317384 ], [ 114.35173, 30.5317351 ], [ 114.3517288, 30.5316342 ], [ 114.3513635, 30.5316375 ] ] ] ] } },
{ "type": "Feature", "properties": { "osm_id": "104376127", "code": 1500, "fclass": "building", "name": "青3栋", "type": "apartments" }, "geometry": { "type": "MultiPolygon", "coordinates": [ [ [ [ 114.3513974, 30.5318772 ], [ 114.3513977, 30.5319608 ], [ 114.3514207, 30.5319608 ], [ 114.3514208, 30.5319835 ], [ 114.3514783, 30.5319833 ], [ 114.3514782, 30.5319606 ], [ 114.351513, 30.5319605 ], [ 114.351513, 30.5319832 ], [ 114.3515697, 30.531983 ], [ 114.3515696, 30.5319603 ], [ 114.3516144, 30.5319601 ], [ 114.3516145, 30.5319829 ], [ 114.3516606, 30.5319827 ], [ 114.3516605, 30.5319599 ], [ 114.3517056, 30.5319598 ], [ 114.3517057, 30.5319826 ], [ 114.3517549, 30.5319824 ], [ 114.3517548, 30.5319596 ], [ 114.3517778, 30.5319596 ], [ 114.3517774, 30.531876 ], [ 114.3517402, 30.5318761 ], [ 114.3517403, 30.5318894 ], [ 114.3517195, 30.5318894 ], [ 114.3517195, 30.5318767 ], [ 114.3516433, 30.5318769 ], [ 114.3516434, 30.5318901 ], [ 114.3516214, 30.5318902 ], [ 114.3516214, 30.531877 ], [ 114.3515525, 30.5318772 ], [ 114.3515526, 30.5318905 ], [ 114.3515312, 30.5318905 ], [ 114.3515311, 30.5318768 ], [ 114.3514595, 30.531877 ], [ 114.3514596, 30.5318903 ], [ 114.3514394, 30.5318904 ], [ 114.3514393, 30.5318771 ], [ 114.3513974, 30.5318772 ] ] ] ] } },
{ "type": "Feature", "properties": { "osm_id": "104376128", "code": 1500, "fclass": "building", "name": null, "type": "apartments" }, "geometry": { "type": "MultiPolygon", "coordinates": [ [ [ [ 114.351851, 30.5319251 ], [ 114.3518515, 30.5319878 ], [ 114.3518804, 30.5319876 ], [ 114.3518807, 30.5320282 ], [ 114.3520217, 30.5320274 ], [ 114.3520214, 30.5319864 ], [ 114.3520665, 30.5319861 ], [ 114.3520668, 30.532027 ], [ 114.3522112, 30.5320262 ], [ 114.3522108, 30.5319846 ], [ 114.3522389, 30.5319844 ], [ 114.3522384, 30.5319218 ], [ 114.3522112, 30.531922 ], [ 114.3522109, 30.5318773 ], [ 114.3520648, 30.5318782 ], [ 114.3520652, 30.5319234 ], [ 114.3520219, 30.5319237 ], [ 114.3520215, 30.5318785 ], [ 114.3518806, 30.5318794 ], [ 114.351881, 30.531925 ], [ 114.351851, 30.5319251 ] ] ] ] } },
{ "type": "Feature", "properties": { "osm_id": "104376129", "code": 1500, "fclass": "building", "name": null, "type": null }, "geometry": { "type": "MultiPolygon", "coordinates": [ [ [ [ 114.3517942, 30.5317993 ], [ 114.3519862, 30.5317995 ], [ 114.3521335, 30.5317995 ], [ 114.3522049, 30.5317999 ], [ 114.3522054, 30.531509 ], [ 114.3522059, 30.5311992 ], [ 114.352134, 30.5311993 ], [ 114.3521336, 30.5317475 ], [ 114.3517943, 30.5317471 ], [ 114.3517942, 30.5317993 ] ] ] ] } },
{ "type": "Feature", "properties": { "osm_id": "104376425", "code": 1500, "fclass": "building", "name": null, "type": "apartments" }, "geometry": { "type": "MultiPolygon", "coordinates": [ [ [ [ 114.3517025, 30.5327937 ], [ 114.3517033, 30.5329028 ], [ 114.3520393, 30.5329007 ], [ 114.3520384, 30.5327917 ], [ 114.3517025, 30.5327937 ] ] ] ] } },
{ "type": "Feature", "properties": { "osm_id": "104376428", "code": 1500, "fclass": "building", "name": null, "type": "apartments" }, "geometry": { "type": "MultiPolygon", "coordinates": [ [ [ [ 114.3514212, 30.5328175 ], [ 114.3514226, 30.5328964 ], [ 114.3516476, 30.5328936 ], [ 114.3516463, 30.5328148 ], [ 114.3514212, 30.5328175 ] ] ] ] } },
{ "type": "Feature", "properties": { "osm_id": "104376426", "code": 1500, "fclass": "building", "name": null, "type": "apartments" }, "geometry": { "type": "MultiPolygon", "coordinates": [ [ [ [ 114.3518877, 30.5325013 ], [ 114.3518896, 30.5326141 ], [ 114.3521762, 30.5326105 ], [ 114.3521744, 30.5324978 ], [ 114.3518877, 30.5325013 ] ] ] ] } },
{ "type": "Feature", "properties": { "osm_id": "104376427", "code": 1500, "fclass": "building", "name": null, "type": "apartments" }, "geometry": { "type": "MultiPolygon", "coordinates": [ [ [ [ 114.3515936, 30.5333137 ], [ 114.3515944, 30.5333993 ], [ 114.3518101, 30.5333979 ], [ 114.3518094, 30.5333123 ], [ 114.3515936, 30.5333137 ] ] ] ] } },
{ "type": "Feature", "properties": { "osm_id": "104376429", "code": 1500, "fclass": "building", "name": "青5栋", "type": "apartments" }, "geometry": { "type": "MultiPolygon", "coordinates": [ [ [ [ 114.3519326, 30.5322161 ], [ 114.3519335, 30.5322905 ], [ 114.3519559, 30.5322903 ], [ 114.3519562, 30.5323236 ], [ 114.3520332, 30.532323 ], [ 114.3520328, 30.5322894 ], [ 114.3520571, 30.5322892 ], [ 114.3520575, 30.5323228 ], [ 114.3521382, 30.5323223 ], [ 114.3521378, 30.5322885 ], [ 114.3521621, 30.5322883 ], [ 114.3521625, 30.5323221 ], [ 114.3522419, 30.5323216 ], [ 114.3522416, 30.5322871 ], [ 114.3522627, 30.5322869 ], [ 114.3522619, 30.5322125 ], [ 114.3522409, 30.5322127 ], [ 114.3522405, 30.5321724 ], [ 114.3521614, 30.532173 ], [ 114.3521619, 30.5322139 ], [ 114.3521366, 30.5322141 ], [ 114.3521361, 30.5321731 ], [ 114.3520561, 30.5321737 ], [ 114.3520565, 30.5322148 ], [ 114.3520319, 30.5322151 ], [ 114.3520314, 30.5321739 ], [ 114.3519548, 30.5321744 ], [ 114.3519552, 30.5322159 ], [ 114.3519326, 30.5322161 ] ] ] ] } },
{ "type": "Feature", "properties": { "osm_id": "104376430", "code": 1500, "fclass": "building", "name": "青4栋", "type": "apartments" }, "geometry": { "type": "MultiPolygon", "coordinates": [ [ [ [ 114.351576, 30.5321019 ], [ 114.3515761, 30.532195 ], [ 114.3516043, 30.532195 ], [ 114.3516043, 30.5322086 ], [ 114.3516533, 30.5322085 ], [ 114.3516533, 30.532195 ], [ 114.3516901, 30.532195 ], [ 114.3516901, 30.5322085 ], [ 114.3517373, 30.5322085 ], [ 114.3517373, 30.532195 ], [ 114.3517707, 30.532195 ], [ 114.3517707, 30.5321014 ], [ 114.3517368, 30.5321014 ], [ 114.3517368, 30.5321178 ], [ 114.351707, 30.5321178 ], [ 114.351707, 30.5321018 ], [ 114.3516359, 30.5321019 ], [ 114.3516359, 30.5321181 ], [ 114.3516039, 30.5321181 ], [ 114.3516039, 30.5321019 ], [ 114.351576, 30.5321019 ] ] ] ] } },
{ "type": "Feature", "properties": { "osm_id": "104376431", "code": 1500, "fclass": "building", "name": null, "type": "apartments" }, "geometry": { "type": "MultiPolygon", "coordinates": [ [ [ [ 114.351258, 30.5330604 ], [ 114.3512593, 30.5331448 ], [ 114.3513347, 30.533144 ], [ 114.3519028, 30.5331378 ], [ 114.3519015, 30.5330535 ], [ 114.3516546, 30.5330562 ], [ 114.3513332, 30.5330596 ], [ 114.351258, 30.5330604 ] ] ] ] } },
{ "type": "Feature", "properties": { "osm_id": "104378153", "code": 1500, "fclass": "building", "name": null, "type": "school" }, "geometry": { "type": "MultiPolygon", "coordinates": [ [ [ [ 114.3505044, 30.5340679 ], [ 114.3507724, 30.5342299 ], [ 114.350829, 30.534161 ], [ 114.350729, 30.5341002 ], [ 114.3508255, 30.5339823 ], [ 114.350946, 30.5340555 ], [ 114.3510065, 30.5339816 ], [ 114.3507999, 30.5338561 ], [ 114.3507408, 30.5339284 ], [ 114.3506932, 30.5338994 ], [ 114.350642, 30.5339619 ], [ 114.3506763, 30.5339828 ], [ 114.3506404, 30.5340267 ], [ 114.3505721, 30.5339852 ], [ 114.3505044, 30.5340679 ] ] ] ] } },
{ "type": "Feature", "properties": { "osm_id": "104449518", "code": 1500, "fclass": "building", "name": null, "type": null }, "geometry": { "type": "MultiPolygon", "coordinates": [ [ [ [ 114.3508992, 30.534323 ], [ 114.3517106, 30.5348884 ], [ 114.3518544, 30.5347352 ], [ 114.3510429, 30.53417 ], [ 114.3508992, 30.534323 ] ] ] ] } },
{ "type": "Feature", "properties": { "osm_id": "104451057", "code": 1500, "fclass": "building", "name": null, "type": null }, "geometry": { "type": "MultiPolygon", "coordinates": [ [ [ [ 114.3505076, 30.5337186 ], [ 114.3506766, 30.5338641 ], [ 114.3507758, 30.5337787 ], [ 114.3506954, 30.5337094 ], [ 114.3506686, 30.5337325 ], [ 114.35058, 30.5336562 ], [ 114.3505076, 30.5337186 ] ] ] ] } },
{ "type": "Feature", "properties": { "osm_id": "104378158", "code": 1500, "fclass": "building", "name": null, "type": "school" }, "geometry": { "type": "MultiPolygon", "coordinates": [ [ [ [ 114.3506295, 30.5334818 ], [ 114.3508565, 30.5336494 ], [ 114.3512068, 30.5332975 ], [ 114.3511189, 30.5332326 ], [ 114.3508451, 30.5335077 ], [ 114.350706, 30.533405 ], [ 114.3506295, 30.5334818 ] ] ] ] } },
{ "type": "Feature", "properties": { "osm_id": "104378159", "code": 1500, "fclass": "building", "name": null, "type": "apartments" }, "geometry": { "type": "MultiPolygon", "coordinates": [ [ [ [ 114.3514882, 30.5338404 ], [ 114.3514883, 30.5339319 ], [ 114.351507, 30.5339319 ], [ 114.351507, 30.5339698 ], [ 114.3515974, 30.5339698 ], [ 114.3515974, 30.5339319 ], [ 114.3516103, 30.5339319 ], [ 114.3516103, 30.5339697 ], [ 114.3517074, 30.5339697 ], [ 114.3517074, 30.5339321 ], [ 114.3517198, 30.5339321 ], [ 114.3517197, 30.5339697 ], [ 114.3518095, 30.5339696 ], [ 114.3518095, 30.5339321 ], [ 114.3518244, 30.5339321 ], [ 114.3518243, 30.5338402 ], [ 114.3517732, 30.5338402 ], [ 114.3517732, 30.5338688 ], [ 114.3517485, 30.5338688 ], [ 114.3517485, 30.5338402 ], [ 114.3516724, 30.5338403 ], [ 114.3516724, 30.5338697 ], [ 114.3516482, 30.5338697 ], [ 114.3516481, 30.5338403 ], [ 114.3515635, 30.5338403 ], [ 114.3515635, 30.5338696 ], [ 114.3515378, 30.5338697 ], [ 114.3515378, 30.5338403 ], [ 114.3514882, 30.5338404 ] ] ] ] } },
{ "type": "Feature", "properties": { "osm_id": "104378155", "code": 1500, "fclass": "building", "name": null, "type": "apartments" }, "geometry": { "type": "MultiPolygon", "coordinates": [ [ [ [ 114.3514878, 30.534267 ], [ 114.351489, 30.5343332 ], [ 114.35193, 30.5343274 ], [ 114.3519288, 30.5342598 ], [ 114.3519105, 30.53426 ], [ 114.3519094, 30.5341919 ], [ 114.3517188, 30.5341944 ], [ 114.3515007, 30.5341972 ], [ 114.3515019, 30.5342668 ], [ 114.3514878, 30.534267 ] ] ] ] } },
{ "type": "Feature", "properties": { "osm_id": "104451058", "code": 1500, "fclass": "building", "name": null, "type": null }, "geometry": { "type": "MultiPolygon", "coordinates": [ [ [ [ 114.3507055, 30.5336964 ], [ 114.3507778, 30.5337586 ], [ 114.3508394, 30.5337055 ], [ 114.3507672, 30.5336433 ], [ 114.3507055, 30.5336964 ] ] ] ] } },
{ "type": "Feature", "properties": { "osm_id": "104451065", "code": 1500, "fclass": "building", "name": null, "type": null }, "geometry": { "type": "MultiPolygon", "coordinates": [ [ [ [ 114.3505201, 30.5334979 ], [ 114.3506423, 30.5335969 ], [ 114.3505985, 30.533637 ], [ 114.3506702, 30.5336951 ], [ 114.3507401, 30.533631 ], [ 114.3507658, 30.5336074 ], [ 114.3505719, 30.5334504 ], [ 114.3505201, 30.5334979 ] ] ] ] } },
{ "type": "Feature", "properties": { "osm_id": "104451073", "code": 1500, "fclass": "building", "name": null, "type": null }, "geometry": { "type": "MultiPolygon", "coordinates": [ [ [ [ 114.3505179, 30.5333512 ], [ 114.350596, 30.533415 ], [ 114.3508298, 30.533203 ], [ 114.3507517, 30.5331391 ], [ 114.3505179, 30.5333512 ] ] ] ] } },
{ "type": "Feature", "properties": { "osm_id": "104378160", "code": 1500, "fclass": "building", "name": null, "type": "apartments" }, "geometry": { "type": "MultiPolygon", "coordinates": [ [ [ [ 114.3512237, 30.5340854 ], [ 114.351225, 30.5341605 ], [ 114.35144, 30.5341579 ], [ 114.3514395, 30.5341281 ], [ 114.3515158, 30.5341272 ], [ 114.3515139, 30.5340126 ], [ 114.3512436, 30.534016 ], [ 114.3512448, 30.5340852 ], [ 114.3512237, 30.5340854 ] ] ] ] } },
{ "type": "Feature", "properties": { "osm_id": "104452322", "code": 1500, "fclass": "building", "name": null, "type": null }, "geometry": { "type": "MultiPolygon", "coordinates": [ [ [ [ 114.3503515, 30.5346586 ], [ 114.3503744, 30.5347995 ], [ 114.350924, 30.5347329 ], [ 114.3509181, 30.5346965 ], [ 114.3507893, 30.5346056 ], [ 114.3503515, 30.5346586 ] ] ] ] } },
{ "type": "Feature", "properties": { "osm_id": "1481002327", "code": 1500, "fclass": "building", "name": null, "type": "retail" }, "geometry": { "type": "MultiPolygon", "coordinates": [ [ [ [ 114.3504227, 30.5348618 ], [ 114.3504404, 30.5349516 ], [ 114.351006, 30.5348718 ], [ 114.3510086, 30.5348854 ], [ 114.3510454, 30.5348802 ], [ 114.3510487, 30.5348973 ], [ 114.3510847, 30.5348922 ], [ 114.3511626, 30.5349334 ], [ 114.3511449, 30.5349582 ], [ 114.3511734, 30.5349761 ], [ 114.3512367, 30.5348996 ], [ 114.3510308, 30.5347732 ], [ 114.3504227, 30.5348618 ] ] ] ] } },
{ "type": "Feature", "properties": { "osm_id": "104449519", "code": 1500, "fclass": "building", "name": null, "type": "apartments" }, "geometry": { "type": "MultiPolygon", "coordinates": [ [ [ [ 114.3534211, 30.5343654 ], [ 114.3534669, 30.534437 ], [ 114.353442, 30.5344489 ], [ 114.3534924, 30.5345277 ], [ 114.3539214, 30.5343242 ], [ 114.3538792, 30.5342583 ], [ 114.3538522, 30.5342159 ], [ 114.3536285, 30.534322 ], [ 114.3536488, 30.5343537 ], [ 114.3536271, 30.534364 ], [ 114.3535798, 30.5342901 ], [ 114.3534211, 30.5343654 ] ] ] ] } },
{ "type": "Feature", "properties": { "osm_id": "1481028905", "code": 1500, "fclass": "building", "name": null, "type": null }, "geometry": { "type": "MultiPolygon", "coordinates": [ [ [ [ 114.3536141, 30.5345673 ], [ 114.3536656, 30.5346421 ], [ 114.353853, 30.5345465 ], [ 114.3538015, 30.5344716 ], [ 114.3536141, 30.5345673 ] ] ] ] } },
{ "type": "Feature", "properties": { "osm_id": "104449520", "code": 1500, "fclass": "building", "name": null, "type": "apartments" }, "geometry": { "type": "MultiPolygon", "coordinates": [ [ [ [ 114.352176, 30.5344899 ], [ 114.3521768, 30.5345778 ], [ 114.3528109, 30.5345739 ], [ 114.3528117, 30.534486 ], [ 114.352176, 30.5344899 ] ] ] ] } },
{ "type": "Feature", "properties": { "osm_id": "1481008775", "code": 1500, "fclass": "building", "name": null, "type": "apartments" }, "geometry": { "type": "MultiPolygon", "coordinates": [ [ [ [ 114.3528848, 30.534569 ], [ 114.353361, 30.5345664 ], [ 114.3533604, 30.5344786 ], [ 114.3528855, 30.5344812 ], [ 114.3528848, 30.534569 ] ] ] ] } },
{ "type": "Feature", "properties": { "osm_id": "1481008776", "code": 1500, "fclass": "building", "name": null, "type": "roof" }, "geometry": { "type": "MultiPolygon", "coordinates": [ [ [ [ 114.3528108, 30.5345872 ], [ 114.3528846, 30.5345877 ], [ 114.3528848, 30.534569 ], [ 114.3528855, 30.5344812 ], [ 114.3528858, 30.5344474 ], [ 114.352812, 30.534447 ], [ 114.3528117, 30.534486 ], [ 114.3528109, 30.5345739 ], [ 114.3528108, 30.5345872 ] ] ] ] } },
{ "type": "Feature", "properties": { "osm_id": "104449602", "code": 1500, "fclass": "building", "name": null, "type": "apartments" }, "geometry": { "type": "MultiPolygon", "coordinates": [ [ [ [ 114.353971, 30.5322411 ], [ 114.3539713, 30.5323341 ], [ 114.3545822, 30.5323324 ], [ 114.3545818, 30.5322395 ], [ 114.353971, 30.5322411 ] ] ] ] } },
{ "type": "Feature", "properties": { "osm_id": "104449604", "code": 1500, "fclass": "building", "name": null, "type": "house" }, "geometry": { "type": "MultiPolygon", "coordinates": [ [ [ [ 114.3527575, 30.5321595 ], [ 114.3529042, 30.5321625 ], [ 114.352907, 30.5320608 ], [ 114.3529078, 30.5320284 ], [ 114.3527612, 30.5320254 ], [ 114.3527575, 30.5321595 ] ] ] ] } },
{ "type": "Feature", "properties": { "osm_id": "104449606", "code": 1500, "fclass": "building", "name": null, "type": "house" }, "geometry": { "type": "MultiPolygon", "coordinates": [ [ [ [ 114.352989, 30.53217 ], [ 114.3531324, 30.5322022 ], [ 114.3531626, 30.5321026 ], [ 114.3530703, 30.5320818 ], [ 114.353076, 30.5320628 ], [ 114.3530346, 30.5320535 ], [ 114.3530135, 30.5321233 ], [ 114.3530038, 30.5321211 ], [ 114.352989, 30.53217 ] ] ] ] } },
{ "type": "Feature", "properties": { "osm_id": "104449615", "code": 1500, "fclass": "building", "name": null, "type": "house" }, "geometry": { "type": "MultiPolygon", "coordinates": [ [ [ [ 114.3532022, 30.5322402 ], [ 114.3533398, 30.5322863 ], [ 114.3533919, 30.5321713 ], [ 114.3532543, 30.5321251 ], [ 114.3532022, 30.5322402 ] ] ] ] } },
{ "type": "Feature", "properties": { "osm_id": "104449609", "code": 1500, "fclass": "building", "name": null, "type": "apartments" }, "geometry": { "type": "MultiPolygon", "coordinates": [ [ [ [ 114.3527369, 30.5334791 ], [ 114.3527371, 30.533602 ], [ 114.3532227, 30.5336014 ], [ 114.3532225, 30.5334786 ], [ 114.3527369, 30.5334791 ] ] ] ] } },
{ "type": "Feature", "properties": { "osm_id": "1474085625", "code": 1500, "fclass": "building", "name": null, "type": "roof" }, "geometry": { "type": "MultiPolygon", "coordinates": [ [ [ [ 114.353222, 30.5336224 ], [ 114.3533327, 30.533623 ], [ 114.3533327, 30.5336008 ], [ 114.3533319, 30.5334762 ], [ 114.3533339, 30.533456 ], [ 114.3532233, 30.5334554 ], [ 114.3532225, 30.5334786 ], [ 114.3532227, 30.5336014 ], [ 114.353222, 30.5336224 ] ] ] ] } },
{ "type": "Feature", "properties": { "osm_id": "104449612", "code": 1500, "fclass": "building", "name": null, "type": "apartments" }, "geometry": { "type": "MultiPolygon", "coordinates": [ [ [ [ 114.352781, 30.5331835 ], [ 114.3527811, 30.5333144 ], [ 114.3534472, 30.5333141 ], [ 114.3534471, 30.533183 ], [ 114.352781, 30.5331835 ] ] ] ] } },
{ "type": "Feature", "properties": { "osm_id": "104449614", "code": 1500, "fclass": "building", "name": null, "type": "apartments" }, "geometry": { "type": "MultiPolygon", "coordinates": [ [ [ [ 114.3539925, 30.5328098 ], [ 114.3539931, 30.5329174 ], [ 114.3540167, 30.5329172 ], [ 114.3540169, 30.5329515 ], [ 114.3545746, 30.5329497 ], [ 114.3545745, 30.5329149 ], [ 114.3545949, 30.5329148 ], [ 114.3545943, 30.5328073 ], [ 114.3539925, 30.5328098 ] ] ] ] } },
{ "type": "Feature", "properties": { "osm_id": "104449627", "code": 1500, "fclass": "building", "name": null, "type": "house" }, "geometry": { "type": "MultiPolygon", "coordinates": [ [ [ [ 114.3533727, 30.5322714 ], [ 114.353543, 30.5323276 ], [ 114.3535824, 30.5322388 ], [ 114.3534121, 30.5321827 ], [ 114.3533727, 30.5322714 ] ] ] ] } },
{ "type": "Feature", "properties": { "osm_id": "266284516", "code": 1500, "fclass": "building", "name": null, "type": "apartments" }, "geometry": { "type": "MultiPolygon", "coordinates": [ [ [ [ 114.3535567, 30.5325805 ], [ 114.3535567, 30.532673 ], [ 114.3538839, 30.532673 ], [ 114.3538839, 30.5325805 ], [ 114.3535567, 30.5325805 ] ] ] ] } },
{ "type": "Feature", "properties": { "osm_id": "104449618", "code": 1500, "fclass": "building", "name": null, "type": "apartments" }, "geometry": { "type": "MultiPolygon", "coordinates": [ [ [ [ 114.3539174, 30.5335589 ], [ 114.3544133, 30.5335607 ], [ 114.3544139, 30.5334428 ], [ 114.3539179, 30.533441 ], [ 114.3539174, 30.5335589 ] ] ] ] } },
{ "type": "Feature", "properties": { "osm_id": "104449619", "code": 1500, "fclass": "building", "name": "国际交流中心", "type": "university" }, "geometry": { "type": "MultiPolygon", "coordinates": [ [ [ [ 114.3521997, 30.5333332 ], [ 114.3525172, 30.5333344 ], [ 114.3525175, 30.533277 ], [ 114.3526352, 30.5332775 ], [ 114.3526362, 30.533073 ], [ 114.3525146, 30.5330726 ], [ 114.3525139, 30.5331954 ], [ 114.3523745, 30.5331949 ], [ 114.3523753, 30.5330294 ], [ 114.3525097, 30.5330299 ], [ 114.3525102, 30.532946 ], [ 114.3523141, 30.5329453 ], [ 114.3523138, 30.5330032 ], [ 114.3522706, 30.533003 ], [ 114.35227, 30.5331155 ], [ 114.3522697, 30.5331718 ], [ 114.3522006, 30.5331716 ], [ 114.3522, 30.5332669 ], [ 114.3521997, 30.5333332 ] ] ] ] } },
{ "type": "Feature", "properties": { "osm_id": "104449620", "code": 1500, "fclass": "building", "name": null, "type": "apartments" }, "geometry": { "type": "MultiPolygon", "coordinates": [ [ [ [ 114.3533319, 30.5334762 ], [ 114.3533327, 30.5336008 ], [ 114.3537963, 30.5335987 ], [ 114.3537955, 30.533474 ], [ 114.3533319, 30.5334762 ] ] ] ] } },
{ "type": "Feature", "properties": { "osm_id": "104449621", "code": 1500, "fclass": "building", "name": null, "type": "apartments" }, "geometry": { "type": "MultiPolygon", "coordinates": [ [ [ [ 114.3534258, 30.5328124 ], [ 114.3534261, 30.5329016 ], [ 114.353448, 30.5329016 ], [ 114.3534481, 30.5329355 ], [ 114.3535673, 30.5329352 ], [ 114.3535672, 30.5329013 ], [ 114.353607, 30.5329012 ], [ 114.3536071, 30.5329352 ], [ 114.3537291, 30.5329349 ], [ 114.353729, 30.532901 ], [ 114.3537635, 30.5329009 ], [ 114.3537636, 30.5329349 ], [ 114.3538869, 30.5329347 ], [ 114.3538868, 30.5329006 ], [ 114.3539077, 30.5329006 ], [ 114.3539073, 30.5328112 ], [ 114.3534258, 30.5328124 ] ] ] ] } },
{ "type": "Feature", "properties": { "osm_id": "104449622", "code": 1500, "fclass": "building", "name": null, "type": "apartments" }, "geometry": { "type": "MultiPolygon", "coordinates": [ [ [ [ 114.3530081, 30.5324291 ], [ 114.3534481, 30.5325669 ], [ 114.3534864, 30.5324762 ], [ 114.3530463, 30.5323385 ], [ 114.3530081, 30.5324291 ] ] ] ] } },
{ "type": "Feature", "properties": { "osm_id": "104449623", "code": 1500, "fclass": "building", "name": null, "type": "apartments" }, "geometry": { "type": "MultiPolygon", "coordinates": [ [ [ [ 114.3520246, 30.5334185 ], [ 114.3520255, 30.5335464 ], [ 114.3526609, 30.5335432 ], [ 114.35266, 30.5334151 ], [ 114.3520246, 30.5334185 ] ] ] ] } },
{ "type": "Feature", "properties": { "osm_id": "104449624", "code": 1500, "fclass": "building", "name": null, "type": "apartments" }, "geometry": { "type": "MultiPolygon", "coordinates": [ [ [ [ 114.3539132, 30.5331367 ], [ 114.3539135, 30.5332445 ], [ 114.3539389, 30.5332444 ], [ 114.353939, 30.5332933 ], [ 114.3540596, 30.5332931 ], [ 114.3540595, 30.5332446 ], [ 114.3540952, 30.5332445 ], [ 114.3540953, 30.5332718 ], [ 114.3542051, 30.5332717 ], [ 114.354205, 30.5332451 ], [ 114.3542433, 30.533245 ], [ 114.3542433, 30.5332714 ], [ 114.3543383, 30.5332713 ], [ 114.3543382, 30.5332271 ], [ 114.3543698, 30.5332271 ], [ 114.3543699, 30.5332712 ], [ 114.3544569, 30.533271 ], [ 114.3544569, 30.5332268 ], [ 114.3544863, 30.5332267 ], [ 114.3544864, 30.5332698 ], [ 114.3545816, 30.5332697 ], [ 114.3545816, 30.5332264 ], [ 114.3546004, 30.5332264 ], [ 114.3546002, 30.5331355 ], [ 114.3539132, 30.5331367 ] ] ] ] } },
{ "type": "Feature", "properties": { "osm_id": "1481020751", "code": 1500, "fclass": "building", "name": null, "type": "apartments" }, "geometry": { "type": "MultiPolygon", "coordinates": [ [ [ [ 114.35397, 30.5324642 ], [ 114.3539725, 30.5325051 ], [ 114.3539736, 30.5325926 ], [ 114.3545769, 30.5325881 ], [ 114.3545761, 30.5325012 ], [ 114.3545756, 30.5324624 ], [ 114.35397, 30.5324642 ] ] ] ] } },
{ "type": "Feature", "properties": { "osm_id": "104449626", "code": 1500, "fclass": "building", "name": null, "type": "house" }, "geometry": { "type": "MultiPolygon", "coordinates": [ [ [ [ 114.3536833, 30.5323774 ], [ 114.35385, 30.5323832 ], [ 114.3538544, 30.5322895 ], [ 114.3536878, 30.5322837 ], [ 114.3536833, 30.5323774 ] ] ] ] } },
{ "type": "Feature", "properties": { "osm_id": "104449642", "code": 1500, "fclass": "building", "name": null, "type": "apartments" }, "geometry": { "type": "MultiPolygon", "coordinates": [ [ [ [ 114.3522758, 30.5342414 ], [ 114.3522764, 30.5343012 ], [ 114.3522766, 30.534333 ], [ 114.3527396, 30.5343299 ], [ 114.352739, 30.5342988 ], [ 114.3527386, 30.5342384 ], [ 114.3522758, 30.5342414 ] ] ] ] } },
{ "type": "Feature", "properties": { "osm_id": "104449643", "code": 1500, "fclass": "building", "name": null, "type": "apartments" }, "geometry": { "type": "MultiPolygon", "coordinates": [ [ [ [ 114.3521191, 30.5337364 ], [ 114.3521203, 30.533849 ], [ 114.3525846, 30.5338454 ], [ 114.3525834, 30.5337328 ], [ 114.3521191, 30.5337364 ] ] ] ] } },
{ "type": "Feature", "properties": { "osm_id": "104449644", "code": 1500, "fclass": "building", "name": null, "type": "apartments" }, "geometry": { "type": "MultiPolygon", "coordinates": [ [ [ [ 114.3533435, 30.5337269 ], [ 114.3533447, 30.5338396 ], [ 114.3537982, 30.5338361 ], [ 114.353797, 30.5337233 ], [ 114.3533435, 30.5337269 ] ] ] ] } },
{ "type": "Feature", "properties": { "osm_id": "1481020746", "code": 1500, "fclass": "building", "name": null, "type": "apartments" }, "geometry": { "type": "MultiPolygon", "coordinates": [ [ [ [ 114.3528933, 30.5340115 ], [ 114.3528938, 30.5340715 ], [ 114.3528941, 30.5341031 ], [ 114.353357, 30.5341005 ], [ 114.3533565, 30.5340691 ], [ 114.353356, 30.5340089 ], [ 114.3528933, 30.5340115 ] ] ] ] } },
{ "type": "Feature", "properties": { "osm_id": "104449646", "code": 1500, "fclass": "building", "name": null, "type": "apartments" }, "geometry": { "type": "MultiPolygon", "coordinates": [ [ [ [ 114.3528947, 30.5342374 ], [ 114.3528952, 30.5342946 ], [ 114.3528963, 30.5343289 ], [ 114.3533559, 30.5343258 ], [ 114.3533556, 30.5342919 ], [ 114.353355, 30.5342344 ], [ 114.3528947, 30.5342374 ] ] ] ] } },
{ "type": "Feature", "properties": { "osm_id": "104449647", "code": 1500, "fclass": "building", "name": null, "type": "apartments" }, "geometry": { "type": "MultiPolygon", "coordinates": [ [ [ [ 114.3540515, 30.5338866 ], [ 114.354053, 30.5339711 ], [ 114.3545249, 30.5339649 ], [ 114.3545234, 30.5338804 ], [ 114.3540515, 30.5338866 ] ] ] ] } },
{ "type": "Feature", "properties": { "osm_id": "104449648", "code": 1500, "fclass": "building", "name": null, "type": "apartments" }, "geometry": { "type": "MultiPolygon", "coordinates": [ [ [ [ 114.3527268, 30.5337317 ], [ 114.352728, 30.5338443 ], [ 114.3531978, 30.5338407 ], [ 114.3531966, 30.533728 ], [ 114.3527268, 30.5337317 ] ] ] ] } },
{ "type": "Feature", "properties": { "osm_id": "1481020748", "code": 1500, "fclass": "building", "name": null, "type": "apartments" }, "geometry": { "type": "MultiPolygon", "coordinates": [ [ [ [ 114.3535051, 30.5340081 ], [ 114.3535057, 30.5340683 ], [ 114.353506, 30.5340996 ], [ 114.3539689, 30.534097 ], [ 114.3539683, 30.5340659 ], [ 114.3539679, 30.5340055 ], [ 114.3535051, 30.5340081 ] ] ] ] } },
{ "type": "Feature", "properties": { "osm_id": "1481020744", "code": 1500, "fclass": "building", "name": null, "type": "apartments" }, "geometry": { "type": "MultiPolygon", "coordinates": [ [ [ [ 114.3522794, 30.5340149 ], [ 114.3522799, 30.5340747 ], [ 114.3522802, 30.5341065 ], [ 114.3527431, 30.5341039 ], [ 114.3527426, 30.5340723 ], [ 114.3527422, 30.5340123 ], [ 114.3522794, 30.5340149 ] ] ] ] } },
{ "type": "Feature", "properties": { "osm_id": "104450163", "code": 1500, "fclass": "building", "name": "老年活动中心", "type": null }, "geometry": { "type": "MultiPolygon", "coordinates": [ [ [ [ 114.3553996, 30.5326781 ], [ 114.3553999, 30.5327789 ], [ 114.3554889, 30.5327788 ], [ 114.3554887, 30.5326967 ], [ 114.3559726, 30.5326961 ], [ 114.3559724, 30.5326159 ], [ 114.3554872, 30.5326186 ], [ 114.3554637, 30.5326218 ], [ 114.3554433, 30.532627 ], [ 114.3554254, 30.5326353 ], [ 114.3554145, 30.5326464 ], [ 114.355404, 30.5326616 ], [ 114.3553996, 30.5326781 ] ] ] ] } },
{ "type": "Feature", "properties": { "osm_id": "104450740", "code": 1500, "fclass": "building", "name": null, "type": null }, "geometry": { "type": "MultiPolygon", "coordinates": [ [ [ [ 114.3492596, 30.531264 ], [ 114.3494806, 30.5312774 ], [ 114.3494872, 30.5311967 ], [ 114.3492662, 30.5311832 ], [ 114.3492596, 30.531264 ] ] ] ] } },
{ "type": "Feature", "properties": { "osm_id": "104450748", "code": 1500, "fclass": "building", "name": null, "type": null }, "geometry": { "type": "MultiPolygon", "coordinates": [ [ [ [ 114.349272, 30.5311722 ], [ 114.3494675, 30.5311836 ], [ 114.3494784, 30.5310447 ], [ 114.349283, 30.5310333 ], [ 114.349272, 30.5311722 ] ] ] ] } },
{ "type": "Feature", "properties": { "osm_id": "104450749", "code": 1500, "fclass": "building", "name": null, "type": null }, "geometry": { "type": "MultiPolygon", "coordinates": [ [ [ [ 114.3487553, 30.5306268 ], [ 114.3489101, 30.5310378 ], [ 114.3490174, 30.5310078 ], [ 114.3488626, 30.5305968 ], [ 114.3487553, 30.5306268 ] ] ] ] } },
{ "type": "Feature", "properties": { "osm_id": "1480944409", "code": 1500, "fclass": "building", "name": null, "type": "university" }, "geometry": { "type": "MultiPolygon", "coordinates": [ [ [ [ 114.3488916, 30.5302481 ], [ 114.3490724, 30.5302531 ], [ 114.3490759, 30.5301597 ], [ 114.3488951, 30.5301547 ], [ 114.3488916, 30.5302481 ] ] ] ] } },
{ "type": "Feature", "properties": { "osm_id": "104450814", "code": 1500, "fclass": "building", "name": "中科开物大厦", "type": null }, "geometry": { "type": "MultiPolygon", "coordinates": [ [ [ [ 114.3507869, 30.5353574 ], [ 114.3508344, 30.535431 ], [ 114.3509405, 30.5355955 ], [ 114.3509917, 30.5356747 ], [ 114.3513993, 30.5354797 ], [ 114.3514325, 30.5355311 ], [ 114.3516614, 30.5354216 ], [ 114.3515998, 30.5353261 ], [ 114.3512923, 30.5351155 ], [ 114.3512776, 30.5351225 ], [ 114.3507869, 30.5353574 ] ] ] ] } },
{ "type": "Feature", "properties": { "osm_id": "1485821114", "code": 1500, "fclass": "building", "name": null, "type": "roof" }, "geometry": { "type": "MultiPolygon", "coordinates": [ [ [ [ 114.3516811, 30.535522 ], [ 114.351709, 30.5355547 ], [ 114.3517755, 30.5356632 ], [ 114.3518439, 30.5357593 ], [ 114.3521963, 30.5355673 ], [ 114.3521202, 30.5355152 ], [ 114.3519461, 30.535402 ], [ 114.3516811, 30.535522 ] ] ] ] } },
{ "type": "Feature", "properties": { "osm_id": "104451054", "code": 1500, "fclass": "building", "name": "青年宿舍楼", "type": "dormitory" }, "geometry": { "type": "MultiPolygon", "coordinates": [ [ [ [ 114.3509242, 30.5325688 ], [ 114.351026, 30.5326683 ], [ 114.3513747, 30.5324036 ], [ 114.351427, 30.5324547 ], [ 114.3514739, 30.5324191 ], [ 114.3515139, 30.5324582 ], [ 114.3515355, 30.5324418 ], [ 114.351551, 30.532457 ], [ 114.351609, 30.532413 ], [ 114.351274, 30.5320858 ], [ 114.3511517, 30.5321787 ], [ 114.3512202, 30.5322456 ], [ 114.3511058, 30.5323325 ], [ 114.3511625, 30.5323879 ], [ 114.3509242, 30.5325688 ] ] ] ] } },
{ "type": "Feature", "properties": { "osm_id": "104451066", "code": 1500, "fclass": "building", "name": null, "type": null }, "geometry": { "type": "MultiPolygon", "coordinates": [ [ [ [ 114.3510805, 30.5327561 ], [ 114.3511855, 30.5328436 ], [ 114.3513978, 30.5326545 ], [ 114.3512927, 30.5325671 ], [ 114.3510805, 30.5327561 ] ] ] ] } },
{ "type": "Feature", "properties": { "osm_id": "104451067", "code": 1500, "fclass": "building", "name": null, "type": null }, "geometry": { "type": "MultiPolygon", "coordinates": [ [ [ [ 114.3513384, 30.5325043 ], [ 114.3513384, 30.532569 ], [ 114.3514028, 30.5326198 ], [ 114.3517354, 30.5326175 ], [ 114.3517435, 30.5325043 ], [ 114.3513384, 30.5325043 ] ] ] ] } },
{ "type": "Feature", "properties": { "osm_id": "1483109341", "code": 1500, "fclass": "building", "name": null, "type": null }, "geometry": { "type": "MultiPolygon", "coordinates": [ [ [ [ 114.3511962, 30.5320272 ], [ 114.351245, 30.5320755 ], [ 114.3512781, 30.5320507 ], [ 114.3513241, 30.5320962 ], [ 114.3513762, 30.5320572 ], [ 114.3513343, 30.5320157 ], [ 114.351357, 30.5319987 ], [ 114.3512697, 30.5319122 ], [ 114.3512029, 30.5319623 ], [ 114.3512373, 30.5319964 ], [ 114.3511962, 30.5320272 ] ] ] ] } },
{ "type": "Feature", "properties": { "osm_id": "104451060", "code": 1500, "fclass": "building", "name": null, "type": null }, "geometry": { "type": "MultiPolygon", "coordinates": [ [ [ [ 114.3500576, 30.5337353 ], [ 114.3504192, 30.5339988 ], [ 114.350495, 30.5339217 ], [ 114.3502287, 30.5337275 ], [ 114.3502761, 30.5336792 ], [ 114.3501809, 30.5336098 ], [ 114.3500576, 30.5337353 ] ] ] ] } },
{ "type": "Feature", "properties": { "osm_id": "104451061", "code": 1500, "fclass": "building", "name": null, "type": null }, "geometry": { "type": "MultiPolygon", "coordinates": [ [ [ [ 114.3507014, 30.5327307 ], [ 114.3510193, 30.5330045 ], [ 114.3511172, 30.5329201 ], [ 114.3507993, 30.5326464 ], [ 114.3507014, 30.5327307 ] ] ] ] } },
{ "type": "Feature", "properties": { "osm_id": "104451062", "code": 1500, "fclass": "building", "name": null, "type": null }, "geometry": { "type": "MultiPolygon", "coordinates": [ [ [ [ 114.350535, 30.5328832 ], [ 114.3508421, 30.5331581 ], [ 114.3509535, 30.5330657 ], [ 114.3506464, 30.5327909 ], [ 114.350535, 30.5328832 ] ] ] ] } },
{ "type": "Feature", "properties": { "osm_id": "104451063", "code": 1500, "fclass": "building", "name": null, "type": null }, "geometry": { "type": "MultiPolygon", "coordinates": [ [ [ [ 114.3498364, 30.5335485 ], [ 114.3499705, 30.533738 ], [ 114.3500778, 30.533604 ], [ 114.3499759, 30.5334746 ], [ 114.3498364, 30.5335485 ] ] ] ] } },
{ "type": "Feature", "properties": { "osm_id": "104451071", "code": 1500, "fclass": "building", "name": null, "type": null }, "geometry": { "type": "MultiPolygon", "coordinates": [ [ [ [ 114.3504262, 30.5330449 ], [ 114.3506088, 30.5332156 ], [ 114.3506842, 30.5331557 ], [ 114.3505016, 30.532985 ], [ 114.3504262, 30.5330449 ] ] ] ] } },
{ "type": "Feature", "properties": { "osm_id": "104451075", "code": 1500, "fclass": "building", "name": null, "type": null }, "geometry": { "type": "MultiPolygon", "coordinates": [ [ [ [ 114.3503319, 30.5332187 ], [ 114.3503967, 30.5332917 ], [ 114.3505275, 30.5332057 ], [ 114.3504627, 30.5331326 ], [ 114.3503319, 30.5332187 ] ] ] ] } },
{ "type": "Feature", "properties": { "osm_id": "104451077", "code": 1500, "fclass": "building", "name": null, "type": null }, "geometry": { "type": "MultiPolygon", "coordinates": [ [ [ [ 114.3502132, 30.5331149 ], [ 114.3503085, 30.5332128 ], [ 114.350428, 30.5331265 ], [ 114.3503326, 30.5330286 ], [ 114.3502132, 30.5331149 ] ] ] ] } },
{ "type": "Feature", "properties": { "osm_id": "104451078", "code": 1500, "fclass": "building", "name": null, "type": null }, "geometry": { "type": "MultiPolygon", "coordinates": [ [ [ [ 114.3497591, 30.5334331 ], [ 114.3498248, 30.533524 ], [ 114.3502233, 30.5333104 ], [ 114.3501576, 30.5332195 ], [ 114.3497591, 30.5334331 ] ] ] ] } },
{ "type": "Feature", "properties": { "osm_id": "104451080", "code": 1500, "fclass": "building", "name": null, "type": null }, "geometry": { "type": "MultiPolygon", "coordinates": [ [ [ [ 114.3499893, 30.5334723 ], [ 114.3500822, 30.5335882 ], [ 114.3502116, 30.5334239 ], [ 114.350177, 30.533373 ], [ 114.3499893, 30.5334723 ] ] ] ] } },
{ "type": "Feature", "properties": { "osm_id": "104451082", "code": 1500, "fclass": "building", "name": null, "type": null }, "geometry": { "type": "MultiPolygon", "coordinates": [ [ [ [ 114.3502263, 30.5334821 ], [ 114.3504016, 30.533698 ], [ 114.3505076, 30.5336341 ], [ 114.3503323, 30.5334182 ], [ 114.3502263, 30.5334821 ] ] ] ] } },
{ "type": "Feature", "properties": { "osm_id": "1383484770", "code": 1500, "fclass": "building", "name": null, "type": null }, "geometry": { "type": "MultiPolygon", "coordinates": [ [ [ [ 114.3515921, 30.5335963 ], [ 114.3515924, 30.5337088 ], [ 114.3517341, 30.5337085 ], [ 114.3517338, 30.533596 ], [ 114.3515921, 30.5335963 ] ] ] ] } },
{ "type": "Feature", "properties": { "osm_id": "1483109331", "code": 1500, "fclass": "building", "name": null, "type": null }, "geometry": { "type": "MultiPolygon", "coordinates": [ [ [ [ 114.3499936, 30.5325338 ], [ 114.3500209, 30.5326047 ], [ 114.3501414, 30.5325702 ], [ 114.3501141, 30.5324993 ], [ 114.3499936, 30.5325338 ] ] ] ] } },
{ "type": "Feature", "properties": { "osm_id": "104452321", "code": 1500, "fclass": "building", "name": null, "type": null }, "geometry": { "type": "MultiPolygon", "coordinates": [ [ [ [ 114.3502074, 30.5343744 ], [ 114.3502513, 30.5344374 ], [ 114.3502226, 30.5344522 ], [ 114.3502512, 30.5344932 ], [ 114.3502279, 30.5345053 ], [ 114.3503288, 30.53465 ], [ 114.3504136, 30.5346061 ], [ 114.350395, 30.5345794 ], [ 114.3504832, 30.5345338 ], [ 114.3505406, 30.5346162 ], [ 114.3506657, 30.5345516 ], [ 114.3506254, 30.5344936 ], [ 114.3505964, 30.5345086 ], [ 114.3505628, 30.5344604 ], [ 114.3505426, 30.5344709 ], [ 114.3505076, 30.5344208 ], [ 114.3504888, 30.5344305 ], [ 114.3504555, 30.5343829 ], [ 114.3504341, 30.5343939 ], [ 114.3504076, 30.5343559 ], [ 114.3503791, 30.5343707 ], [ 114.3503355, 30.5343081 ], [ 114.3502074, 30.5343744 ] ] ] ] } },
{ "type": "Feature", "properties": { "osm_id": "104452323", "code": 1500, "fclass": "building", "name": null, "type": null }, "geometry": { "type": "MultiPolygon", "coordinates": [ [ [ [ 114.3504404, 30.5349516 ], [ 114.3504551, 30.5350291 ], [ 114.3504786, 30.5350258 ], [ 114.3504895, 30.5350834 ], [ 114.3505949, 30.5350685 ], [ 114.350584, 30.535011 ], [ 114.3506105, 30.5350073 ], [ 114.3506169, 30.5350415 ], [ 114.3507126, 30.535028 ], [ 114.3507062, 30.5349939 ], [ 114.3507317, 30.5349903 ], [ 114.3507426, 30.5350477 ], [ 114.3508594, 30.5350313 ], [ 114.3508485, 30.5349741 ], [ 114.350873, 30.5349706 ], [ 114.3508794, 30.5350046 ], [ 114.3509865, 30.5349896 ], [ 114.3509801, 30.5349557 ], [ 114.3510202, 30.5349501 ], [ 114.3510278, 30.5349904 ], [ 114.3510767, 30.5349836 ], [ 114.3511132, 30.5350028 ], [ 114.3511449, 30.5349582 ], [ 114.3511626, 30.5349334 ], [ 114.3510847, 30.5348922 ], [ 114.3510487, 30.5348973 ], [ 114.3510454, 30.5348802 ], [ 114.3510086, 30.5348854 ], [ 114.351006, 30.5348718 ], [ 114.3504404, 30.5349516 ] ] ] ] } },
{ "type": "Feature", "properties": { "osm_id": "1479978227", "code": 1500, "fclass": "building", "name": null, "type": null }, "geometry": { "type": "MultiPolygon", "coordinates": [ [ [ [ 114.3584145, 30.5325284 ], [ 114.3584155, 30.5325722 ], [ 114.3584631, 30.5325713 ], [ 114.3584646, 30.5326337 ], [ 114.3586392, 30.5326306 ], [ 114.3586377, 30.5325684 ], [ 114.3586847, 30.5325676 ], [ 114.3586836, 30.5325237 ], [ 114.3586366, 30.5325245 ], [ 114.3586361, 30.5325055 ], [ 114.3584615, 30.5325086 ], [ 114.3584619, 30.5325275 ], [ 114.3584145, 30.5325284 ] ] ] ] } },
{ "type": "Feature", "properties": { "osm_id": "104453196", "code": 1500, "fclass": "building", "name": null, "type": null }, "geometry": { "type": "MultiPolygon", "coordinates": [ [ [ [ 114.3584851, 30.5308946 ], [ 114.3589069, 30.5309397 ], [ 114.3589202, 30.5308471 ], [ 114.3584984, 30.5308022 ], [ 114.3584851, 30.5308946 ] ] ] ] } },
{ "type": "Feature", "properties": { "osm_id": "104453198", "code": 1500, "fclass": "building", "name": "丰颐大酒店", "type": null }, "geometry": { "type": "MultiPolygon", "coordinates": [ [ [ [ 114.359931255854676, 30.532129569649644 ], [ 114.359921486825556, 30.532110393155641 ], [ 114.359799965424656, 30.531871848015939 ], [ 114.359773557307335, 30.531820009179413 ], [ 114.359699, 30.5318357 ], [ 114.3597778, 30.5321136 ], [ 114.3598983, 30.5320882 ], [ 114.3599117, 30.5321358 ], [ 114.359932225566013, 30.532131473182076 ], [ 114.359931255854676, 30.532129569649644 ] ] ] ] } },
{ "type": "Feature", "properties": { "osm_id": "104453201", "code": 1500, "fclass": "building", "name": null, "type": null }, "geometry": { "type": "MultiPolygon", "coordinates": [ [ [ [ 114.3583094, 30.5321398 ], [ 114.3583104, 30.5321836 ], [ 114.358358, 30.5321828 ], [ 114.3583595, 30.5322452 ], [ 114.3585341, 30.5322421 ], [ 114.3585327, 30.5321799 ], [ 114.3585796, 30.532179 ], [ 114.3585785, 30.5321352 ], [ 114.3585315, 30.532136 ], [ 114.358531, 30.532117 ], [ 114.3583564, 30.5321201 ], [ 114.3583568, 30.532139 ], [ 114.3583094, 30.5321398 ] ] ] ] } },
{ "type": "Feature", "properties": { "osm_id": "1479978230", "code": 1500, "fclass": "building", "name": null, "type": null }, "geometry": { "type": "MultiPolygon", "coordinates": [ [ [ [ 114.3585641, 30.5315223 ], [ 114.358644, 30.5315227 ], [ 114.358644, 30.5314594 ], [ 114.3587783, 30.5314594 ], [ 114.3587784, 30.5313639 ], [ 114.3586333, 30.5313638 ], [ 114.3586333, 30.5312547 ], [ 114.3585642, 30.5312547 ], [ 114.3585641, 30.5315223 ] ] ] ] } },
{ "type": "Feature", "properties": { "osm_id": "104453208", "code": 1500, "fclass": "building", "name": null, "type": null }, "geometry": { "type": "MultiPolygon", "coordinates": [ [ [ [ 114.3581085, 30.5308736 ], [ 114.3584005, 30.530905 ], [ 114.3584156, 30.5308014 ], [ 114.3581235, 30.53077 ], [ 114.3581085, 30.5308736 ] ] ] ] } },
{ "type": "Feature", "properties": { "osm_id": "104453210", "code": 1500, "fclass": "building", "name": null, "type": "apartments" }, "geometry": { "type": "MultiPolygon", "coordinates": [ [ [ [ 114.3581247, 30.5306565 ], [ 114.3585096, 30.5307011 ], [ 114.3585301, 30.5305702 ], [ 114.3583084, 30.5305445 ], [ 114.358319, 30.5304771 ], [ 114.3581557, 30.5304582 ], [ 114.3581247, 30.5306565 ] ] ] ] } },
{ "type": "Feature", "properties": { "osm_id": "104453211", "code": 1500, "fclass": "building", "name": null, "type": "apartments" }, "geometry": { "type": "MultiPolygon", "coordinates": [ [ [ [ 114.3583921, 30.5304618 ], [ 114.3585397, 30.530474 ], [ 114.3586547, 30.5306738 ], [ 114.3586481, 30.5307155 ], [ 114.3586929, 30.5307208 ], [ 114.3586874, 30.5307557 ], [ 114.3587635, 30.5307647 ], [ 114.3587689, 30.5307305 ], [ 114.3588078, 30.530735 ], [ 114.3588211, 30.5306514 ], [ 114.3586765, 30.5303954 ], [ 114.3586839, 30.530329 ], [ 114.3585402, 30.5303171 ], [ 114.3585342, 30.5303704 ], [ 114.3584035, 30.5303596 ], [ 114.3583921, 30.5304618 ] ] ] ] } },
{ "type": "Feature", "properties": { "osm_id": "1479978224", "code": 1500, "fclass": "building", "name": null, "type": null }, "geometry": { "type": "MultiPolygon", "coordinates": [ [ [ [ 114.3583552, 30.5323314 ], [ 114.3583563, 30.5323752 ], [ 114.3584038, 30.5323743 ], [ 114.3584053, 30.5324367 ], [ 114.35858, 30.5324336 ], [ 114.3585785, 30.5323714 ], [ 114.3586254, 30.5323706 ], [ 114.3586243, 30.5323267 ], [ 114.3585773, 30.5323276 ], [ 114.3585769, 30.5323085 ], [ 114.3584022, 30.5323116 ], [ 114.3584026, 30.5323305 ], [ 114.3583552, 30.5323314 ] ] ] ] } },
{ "type": "Feature", "properties": { "osm_id": "104950055", "code": 1500, "fclass": "building", "name": null, "type": null }, "geometry": { "type": "MultiPolygon", "coordinates": [ [ [ [ 114.3589314, 30.5303717 ], [ 114.3591318, 30.5308565 ], [ 114.3591978, 30.5308362 ], [ 114.3589974, 30.5303514 ], [ 114.3589314, 30.5303717 ] ] ] ] } },
{ "type": "Feature", "properties": { "osm_id": "104950281", "code": 1500, "fclass": "building", "name": null, "type": null }, "geometry": { "type": "MultiPolygon", "coordinates": [ [ [ [ 114.35920045792929, 30.530695021562462 ], [ 114.359175831876328, 30.53064668089819 ], [ 114.3591682, 30.5307151 ], [ 114.359212558579856, 30.530718775003077 ], [ 114.35920045792929, 30.530695021562462 ] ] ] ] } },
{ "type": "Feature", "properties": { "osm_id": "104950297", "code": 1500, "fclass": "building", "name": null, "type": null }, "geometry": { "type": "MultiPolygon", "coordinates": [ [ [ [ 114.359096046852272, 30.530490063795629 ], [ 114.359090505418479, 30.530479186023559 ], [ 114.3590897, 30.5304897 ], [ 114.359096046852272, 30.530490063795632 ], [ 114.359096046852272, 30.530490063795629 ] ] ] ] } },
{ "type": "Feature", "properties": { "osm_id": "104950057", "code": 1500, "fclass": "building", "name": null, "type": null }, "geometry": { "type": "MultiPolygon", "coordinates": [ [ [ [ 114.359013976919869, 30.530328961443708 ], [ 114.358981352725607, 30.53026492051826 ], [ 114.3588998, 30.5302705 ], [ 114.3589059, 30.5303363 ], [ 114.359013976919869, 30.530328961443711 ], [ 114.359013976919869, 30.530328961443708 ] ] ] ] } },
{ "type": "Feature", "properties": { "osm_id": "104950059", "code": 1500, "fclass": "building", "name": null, "type": null }, "geometry": { "type": "MultiPolygon", "coordinates": [ [ [ [ 114.358844932097966, 30.529997128364435 ], [ 114.358813111821092, 30.529934665519715 ], [ 114.358813111821092, 30.529934665519704 ], [ 114.3587749, 30.5299462 ], [ 114.3588949, 30.5302412 ], [ 114.358959363968196, 30.530221756835395 ], [ 114.358844932097966, 30.529997128364435 ] ] ] ] } },
{ "type": "Feature", "properties": { "osm_id": "104950293", "code": 1500, "fclass": "building", "name": null, "type": null }, "geometry": { "type": "MultiPolygon", "coordinates": [ [ [ [ 114.358693725210287, 30.529700310948879 ], [ 114.3586535, 30.5297127 ], [ 114.358736, 30.5299113 ], [ 114.35879236015154, 30.529893930226375 ], [ 114.358693725210287, 30.529700310948879 ] ] ] ] } },
{ "type": "Feature", "properties": { "osm_id": "1408939182", "code": 1500, "fclass": "building", "name": null, "type": null }, "geometry": { "type": "MultiPolygon", "coordinates": [ [ [ [ 114.3539794, 30.527564 ], [ 114.3540073, 30.5276352 ], [ 114.3544314, 30.5275175 ], [ 114.3544046, 30.5274459 ], [ 114.3539794, 30.527564 ] ] ] ] } },
{ "type": "Feature", "properties": { "osm_id": "1408939255", "code": 1500, "fclass": "building", "name": null, "type": null }, "geometry": { "type": "MultiPolygon", "coordinates": [ [ [ [ 114.3543812, 30.5275447 ], [ 114.3543822, 30.5275733 ], [ 114.3544402, 30.5275718 ], [ 114.3544393, 30.5275432 ], [ 114.3543812, 30.5275447 ] ] ] ] } },
{ "type": "Feature", "properties": { "osm_id": "1480419190", "code": 1500, "fclass": "building", "name": "测绘科技大厦", "type": "commercial" }, "geometry": { "type": "MultiPolygon", "coordinates": [ [ [ [ 114.3543942, 30.5273496 ], [ 114.354431, 30.5274392 ], [ 114.3544916, 30.527587 ], [ 114.3546333, 30.5275438 ], [ 114.3546494, 30.5275831 ], [ 114.3547249, 30.5275601 ], [ 114.3547791, 30.5275436 ], [ 114.3547897, 30.5275694 ], [ 114.354959, 30.5275178 ], [ 114.3548802, 30.5273257 ], [ 114.3549159, 30.5273147 ], [ 114.3549545, 30.5273029 ], [ 114.3549875, 30.527383 ], [ 114.3553525, 30.5272711 ], [ 114.3554069, 30.5272544 ], [ 114.3553979, 30.5272326 ], [ 114.3554784, 30.5272077 ], [ 114.3554443, 30.5271258 ], [ 114.3554393, 30.5271176 ], [ 114.355433, 30.5271126 ], [ 114.3554256, 30.5271087 ], [ 114.3554177, 30.5271067 ], [ 114.3554089, 30.5271058 ], [ 114.3553995, 30.5271064 ], [ 114.3553858, 30.5271091 ], [ 114.3549319, 30.5272484 ], [ 114.3548938, 30.5272597 ], [ 114.3548577, 30.5272708 ], [ 114.3548349, 30.5272154 ], [ 114.3543942, 30.5273496 ] ] ] ] } },
{ "type": "Feature", "properties": { "osm_id": "113819652", "code": 1500, "fclass": "building", "name": null, "type": null }, "geometry": { "type": "MultiPolygon", "coordinates": [ [ [ [ 114.353581638372845, 30.526878229710807 ], [ 114.353581638372845, 30.526878229710796 ], [ 114.353425676001521, 30.526928345614913 ], [ 114.353350421403462, 30.52695252742356 ], [ 114.3533648, 30.5269967 ], [ 114.3536016, 30.5269394 ], [ 114.353581638372873, 30.5268782297108 ], [ 114.353581638372845, 30.526878229710807 ] ] ] ] } },
{ "type": "Feature", "properties": { "osm_id": "113819658", "code": 1500, "fclass": "building", "name": null, "type": null }, "geometry": { "type": "MultiPolygon", "coordinates": [ [ [ [ 114.353028380427801, 30.527056009914354 ], [ 114.352831025394309, 30.527119426659358 ], [ 114.3528435, 30.5271528 ], [ 114.3532578, 30.5270261 ], [ 114.353243142111424, 30.526986999832943 ], [ 114.353028380427801, 30.527056009914354 ] ] ] ] } },
{ "type": "Feature", "properties": { "osm_id": "113819667", "code": 1500, "fclass": "building", "name": "广埠屯资讯广场", "type": null }, "geometry": { "type": "MultiPolygon", "coordinates": [ [ [ [ 114.354483745782389, 30.526588352556178 ], [ 114.3545056, 30.5265913 ], [ 114.3545431, 30.5265884 ], [ 114.3553745, 30.5263065 ], [ 114.355376054978763, 30.526301623893751 ], [ 114.354483745782389, 30.526588352556178 ] ] ] ] } },
{ "type": "Feature", "properties": { "osm_id": "127025731", "code": 1500, "fclass": "building", "name": "信息学部3号教学楼", "type": "university" }, "geometry": { "type": "MultiPolygon", "coordinates": [ [ [ [ 114.3541737, 30.5286846 ], [ 114.3541744, 30.5289103 ], [ 114.3548109, 30.5289089 ], [ 114.3549716, 30.5289085 ], [ 114.354971, 30.5287359 ], [ 114.3548419, 30.5287362 ], [ 114.3548419, 30.5287596 ], [ 114.3546258, 30.5287601 ], [ 114.3545889, 30.5287602 ], [ 114.3545546, 30.5287603 ], [ 114.3544382, 30.5287605 ], [ 114.3543026, 30.5287608 ], [ 114.3542649, 30.5287609 ], [ 114.3542647, 30.5286844 ], [ 114.3541737, 30.5286846 ] ] ] ] } },
{ "type": "Feature", "properties": { "osm_id": "273968040", "code": 1500, "fclass": "building", "name": "附3教学楼", "type": "university" }, "geometry": { "type": "MultiPolygon", "coordinates": [ [ [ [ 114.3543018, 30.5283791 ], [ 114.3543023, 30.5286164 ], [ 114.3543023, 30.528637 ], [ 114.3543026, 30.5287608 ], [ 114.3544382, 30.5287605 ], [ 114.354438, 30.528658 ], [ 114.354438, 30.5286366 ], [ 114.3544379, 30.5286165 ], [ 114.3544376, 30.5284177 ], [ 114.3544375, 30.5283789 ], [ 114.3543018, 30.5283791 ] ] ] ] } },
{ "type": "Feature", "properties": { "osm_id": "202058617", "code": 1500, "fclass": "building", "name": null, "type": "apartments" }, "geometry": { "type": "MultiPolygon", "coordinates": [ [ [ [ 114.3527883, 30.5328957 ], [ 114.3527883, 30.5329723 ], [ 114.3528131, 30.5329723 ], [ 114.3528132, 30.5330125 ], [ 114.3529692, 30.5330124 ], [ 114.3529691, 30.5329722 ], [ 114.3530055, 30.5329722 ], [ 114.3530055, 30.5330121 ], [ 114.3531548, 30.533012 ], [ 114.3531547, 30.5329715 ], [ 114.3531678, 30.5329715 ], [ 114.3531922, 30.5329714 ], [ 114.3531923, 30.533012 ], [ 114.3533312, 30.5330118 ], [ 114.3533311, 30.5329713 ], [ 114.3533639, 30.5329713 ], [ 114.3533638, 30.5328951 ], [ 114.3533316, 30.5328951 ], [ 114.3533315, 30.5328555 ], [ 114.3531914, 30.5328556 ], [ 114.3531914, 30.5328956 ], [ 114.3531551, 30.5328956 ], [ 114.3531551, 30.5328555 ], [ 114.353006, 30.5328556 ], [ 114.353006, 30.5328957 ], [ 114.3529693, 30.5328957 ], [ 114.3529693, 30.5328558 ], [ 114.3528135, 30.5328559 ], [ 114.3528135, 30.5328957 ], [ 114.3527883, 30.5328957 ] ] ] ] } },
{ "type": "Feature", "properties": { "osm_id": "1443162572", "code": 1500, "fclass": "building", "name": null, "type": "university" }, "geometry": { "type": "MultiPolygon", "coordinates": [ [ [ [ 114.3564313, 30.5275264 ], [ 114.3564317, 30.5278397 ], [ 114.356436, 30.5278576 ], [ 114.3564431, 30.5278716 ], [ 114.3564521, 30.5278824 ], [ 114.3564635, 30.5278908 ], [ 114.3564747, 30.527895 ], [ 114.3564906, 30.5278989 ], [ 114.3565303, 30.527899 ], [ 114.3565875, 30.5278992 ], [ 114.3565874, 30.5278843 ], [ 114.3565787, 30.5278835 ], [ 114.3565672, 30.5278794 ], [ 114.3565557, 30.5278726 ], [ 114.3565462, 30.5278638 ], [ 114.3565397, 30.5278544 ], [ 114.3565355, 30.5278441 ], [ 114.3565339, 30.5278335 ], [ 114.3565346, 30.5278228 ], [ 114.3565377, 30.5278126 ], [ 114.356543, 30.5278032 ], [ 114.3565515, 30.5277937 ], [ 114.3565622, 30.527786 ], [ 114.3565726, 30.5277812 ], [ 114.356587, 30.5277767 ], [ 114.3565867, 30.5277161 ], [ 114.3566882, 30.5277158 ], [ 114.35669, 30.5275253 ], [ 114.3565284, 30.5275267 ], [ 114.3564313, 30.5275264 ] ] ] ] } },
{ "type": "Feature", "properties": { "osm_id": "1480949275", "code": 1500, "fclass": "building", "name": null, "type": null }, "geometry": { "type": "MultiPolygon", "coordinates": [ [ [ [ 114.3494719, 30.5287994 ], [ 114.349508, 30.5288901 ], [ 114.3496202, 30.5288569 ], [ 114.3495841, 30.5287663 ], [ 114.3494719, 30.5287994 ] ] ] ] } },
{ "type": "Feature", "properties": { "osm_id": "1480419214", "code": 1500, "fclass": "building", "name": null, "type": "roof" }, "geometry": { "type": "MultiPolygon", "coordinates": [ [ [ [ 114.357028, 30.5267262 ], [ 114.3571328, 30.5268969 ], [ 114.357172, 30.5268791 ], [ 114.3572129, 30.5268605 ], [ 114.3571081, 30.5266897 ], [ 114.357028, 30.5267262 ] ] ] ] } },
{ "type": "Feature", "properties": { "osm_id": "103747786", "code": 1500, "fclass": "building", "name": null, "type": "school" }, "geometry": { "type": "MultiPolygon", "coordinates": [ [ [ [ 114.356849868394804, 30.533791447627713 ], [ 114.356867235785955, 30.533784798442358 ], [ 114.35686890255333, 30.533784160312823 ], [ 114.3568681, 30.5337824 ], [ 114.3565113, 30.5339031 ], [ 114.3564068, 30.5339385 ], [ 114.3562963, 30.5339759 ], [ 114.356306984056076, 30.53399929338654 ], [ 114.356849868394804, 30.533791447627713 ] ] ] ] } },
{ "type": "Feature", "properties": { "osm_id": "410145303", "code": 1500, "fclass": "building", "name": "八一路生鲜市场", "type": null }, "geometry": { "type": "MultiPolygon", "coordinates": [ [ [ [ 114.357926825621149, 30.533379129614538 ], [ 114.357984897083725, 30.533356896688769 ], [ 114.358334256277203, 30.533223142919336 ], [ 114.3583331, 30.5332205 ], [ 114.3577029, 30.5334249 ], [ 114.357717877942335, 30.53345912619163 ], [ 114.357926825621149, 30.533379129614538 ] ] ] ] } },
{ "type": "Feature", "properties": { "osm_id": "953298302", "code": 1500, "fclass": "building", "name": "当代楼", "type": "university" }, "geometry": { "type": "MultiPolygon", "coordinates": [ [ [ [ 114.35393327522398, 30.534964887836388 ], [ 114.3535028, 30.5351629 ], [ 114.353517801596084, 30.535180227792935 ], [ 114.35393327522398, 30.534964887836388 ] ] ] ] } },
{ "type": "Feature", "properties": { "osm_id": "953298303", "code": 1500, "fclass": "building", "name": "高等研究院大楼", "type": "university" }, "geometry": { "type": "MultiPolygon", "coordinates": [ [ [ [ 114.354345335925444, 30.534751316799412 ], [ 114.3543312, 30.534729 ], [ 114.3541528, 30.534812 ], [ 114.354170513964533, 30.534841927011314 ], [ 114.354345335925444, 30.534751316799412 ] ] ] ] } },
{ "type": "Feature", "properties": { "osm_id": "1037322792", "code": 1500, "fclass": "building", "name": null, "type": null }, "geometry": { "type": "MultiPolygon", "coordinates": [ [ [ [ 114.3525334, 30.5328189 ], [ 114.3526578, 30.532864 ], [ 114.3528117, 30.5325491 ], [ 114.3528539, 30.5324628 ], [ 114.3527295, 30.5324176 ], [ 114.3526905, 30.5324973 ], [ 114.3525334, 30.5328189 ] ] ] ] } },
{ "type": "Feature", "properties": { "osm_id": "1037322793", "code": 1500, "fclass": "building", "name": "英国伦敦工商会考试局湖北省考试中心", "type": null }, "geometry": { "type": "MultiPolygon", "coordinates": [ [ [ [ 114.3526213, 30.532317 ], [ 114.3527185, 30.5323195 ], [ 114.3527173, 30.5323383 ], [ 114.352721, 30.5323459 ], [ 114.3527287, 30.5323544 ], [ 114.352801, 30.5323829 ], [ 114.3527838, 30.5324182 ], [ 114.3528412, 30.5324409 ], [ 114.3528968, 30.5323369 ], [ 114.3528355, 30.5323128 ], [ 114.3527663, 30.5323122 ], [ 114.3527673, 30.5322306 ], [ 114.3526244, 30.532229 ], [ 114.3526213, 30.532317 ] ] ] ] } },
{ "type": "Feature", "properties": { "osm_id": "19725822", "code": 1500, "fclass": "building", "name": null, "type": "roof" }, "geometry": { "type": "MultiPolygon", "coordinates": [ [ [ [ 114.354170513964533, 30.534841927011314 ], [ 114.3541528, 30.534812 ], [ 114.3540161, 30.5348806 ], [ 114.3540231, 30.5348924 ], [ 114.354034844650144, 30.534912244408869 ], [ 114.354170513964533, 30.534841927011314 ] ] ] ] } },
{ "type": "Feature", "properties": { "osm_id": "1476723182", "code": 1500, "fclass": "building", "name": "喻鹏楼", "type": "university" }, "geometry": { "type": "MultiPolygon", "coordinates": [ [ [ [ 114.354634931567048, 30.534639446350209 ], [ 114.3546306, 30.5346329 ], [ 114.354554587254057, 30.534670206538905 ], [ 114.354634931567048, 30.534639446350209 ] ] ], [ [ [ 114.354960499547403, 30.534514801155836 ], [ 114.3549386, 30.5344817 ], [ 114.3547967, 30.5345513 ], [ 114.354810538572039, 30.534572214402992 ], [ 114.354960499547403, 30.534514801155836 ] ] ] ] } },
{ "type": "Feature", "properties": { "osm_id": "1479939760", "code": 1500, "fclass": "building", "name": null, "type": "roof" }, "geometry": { "type": "MultiPolygon", "coordinates": [ [ [ [ 114.358383143692578, 30.53320442614816 ], [ 114.3583331, 30.5332205 ], [ 114.358334256277203, 30.533223142919336 ], [ 114.358383143692578, 30.53320442614816 ] ] ] ] } },
{ "type": "Feature", "properties": { "osm_id": "1479980403", "code": 1500, "fclass": "building", "name": null, "type": null }, "geometry": { "type": "MultiPolygon", "coordinates": [ [ [ [ 114.3579112, 30.5327302 ], [ 114.3579269, 30.5327681 ], [ 114.3580254, 30.5327378 ], [ 114.3581314, 30.5328035 ], [ 114.3581893, 30.5327839 ], [ 114.3580351, 30.5326921 ], [ 114.3579112, 30.5327302 ] ] ] ] } },
{ "type": "Feature", "properties": { "osm_id": "1479980405", "code": 1500, "fclass": "building", "name": null, "type": null }, "geometry": { "type": "MultiPolygon", "coordinates": [ [ [ [ 114.357765, 30.5327656 ], [ 114.3577848, 30.5328124 ], [ 114.3578508, 30.5327916 ], [ 114.3578309, 30.5327449 ], [ 114.357765, 30.5327656 ] ] ] ] } },
{ "type": "Feature", "properties": { "osm_id": "1480167623", "code": 1500, "fclass": "building", "name": null, "type": null }, "geometry": { "type": "MultiPolygon", "coordinates": [ [ [ [ 114.3561601, 30.5339419 ], [ 114.356174, 30.5339718 ], [ 114.3561928, 30.5340123 ], [ 114.3562768, 30.5339834 ], [ 114.3562441, 30.533913 ], [ 114.3561601, 30.5339419 ] ] ] ] } },
{ "type": "Feature", "properties": { "osm_id": "1481002324", "code": 1500, "fclass": "building", "name": null, "type": null }, "geometry": { "type": "MultiPolygon", "coordinates": [ [ [ [ 114.3505042, 30.5351791 ], [ 114.3505491, 30.5352754 ], [ 114.350693, 30.5352255 ], [ 114.3506742, 30.5351852 ], [ 114.3506039, 30.5352096 ], [ 114.3505778, 30.5351536 ], [ 114.3505042, 30.5351791 ] ] ] ] } },
{ "type": "Feature", "properties": { "osm_id": "236801236", "code": 1500, "fclass": "building", "name": "信息学部5舍", "type": "dormitory" }, "geometry": { "type": "MultiPolygon", "coordinates": [ [ [ [ 114.3541921, 30.531307 ], [ 114.3541931, 30.531469 ], [ 114.3548807, 30.531466 ], [ 114.3548797, 30.5313041 ], [ 114.3544277, 30.531306 ], [ 114.3541921, 30.531307 ] ] ] ] } },
{ "type": "Feature", "properties": { "osm_id": "256668237", "code": 1500, "fclass": "building", "name": "信息学部7舍", "type": "dormitory" }, "geometry": { "type": "MultiPolygon", "coordinates": [ [ [ [ 114.3531552, 30.5287836 ], [ 114.3531561, 30.528933 ], [ 114.3539512, 30.5289293 ], [ 114.3539502, 30.52878 ], [ 114.3538331, 30.5287806 ], [ 114.3535116, 30.528782 ], [ 114.3531552, 30.5287836 ] ] ] ] } },
{ "type": "Feature", "properties": { "osm_id": "256668241", "code": 1500, "fclass": "building", "name": "信息学部9舍", "type": "dormitory" }, "geometry": { "type": "MultiPolygon", "coordinates": [ [ [ [ 114.3521151, 30.5283999 ], [ 114.3521155, 30.5286295 ], [ 114.3522119, 30.5286294 ], [ 114.3522117, 30.5285394 ], [ 114.3522718, 30.5285394 ], [ 114.3527944, 30.5285389 ], [ 114.3527945, 30.5285207 ], [ 114.352794, 30.5283991 ], [ 114.3521151, 30.5283999 ] ] ] ] } },
{ "type": "Feature", "properties": { "osm_id": "311927943", "code": 1500, "fclass": "building", "name": "信息学部8舍", "type": "dormitory" }, "geometry": { "type": "MultiPolygon", "coordinates": [ [ [ [ 114.3527938, 30.5283723 ], [ 114.352794, 30.5283991 ], [ 114.3527945, 30.5285207 ], [ 114.3528553, 30.5285205 ], [ 114.3532678, 30.5285191 ], [ 114.3532679, 30.5285474 ], [ 114.3535902, 30.5285464 ], [ 114.3538321, 30.5285456 ], [ 114.3538325, 30.5286382 ], [ 114.3538331, 30.5287806 ], [ 114.3539502, 30.52878 ], [ 114.3539487, 30.5286648 ], [ 114.3539486, 30.5286379 ], [ 114.3539485, 30.5286162 ], [ 114.3539475, 30.5283912 ], [ 114.3532685, 30.5283933 ], [ 114.3532684, 30.5283707 ], [ 114.3527938, 30.5283723 ] ] ] ] } },
{ "type": "Feature", "properties": { "osm_id": "286543789", "code": 1500, "fclass": "building", "name": "信息学部一食堂、二食堂", "type": null }, "geometry": { "type": "MultiPolygon", "coordinates": [ [ [ [ 114.3533502, 30.5309035 ], [ 114.3536819, 30.5309036 ], [ 114.3536819, 30.5308776 ], [ 114.3538775, 30.5308777 ], [ 114.3539255, 30.5308778 ], [ 114.3539257, 30.5307071 ], [ 114.3539407, 30.5307071 ], [ 114.3539579, 30.5307071 ], [ 114.3539585, 30.5306756 ], [ 114.3539586, 30.5304806 ], [ 114.3537887, 30.5304806 ], [ 114.3533504, 30.5304804 ], [ 114.3533502, 30.5309035 ] ] ] ] } },
{ "type": "Feature", "properties": { "osm_id": "1445907164", "code": 1500, "fclass": "building", "name": null, "type": "roof" }, "geometry": { "type": "MultiPolygon", "coordinates": [ [ [ [ 114.3536819, 30.5308776 ], [ 114.3536819, 30.5309036 ], [ 114.3539426, 30.5309028 ], [ 114.3539506, 30.5308991 ], [ 114.3539566, 30.5308947 ], [ 114.3539568, 30.5308866 ], [ 114.3539579, 30.5307071 ], [ 114.3539407, 30.5307071 ], [ 114.3539257, 30.5307071 ], [ 114.3539255, 30.5308778 ], [ 114.3538775, 30.5308777 ], [ 114.3536819, 30.5308776 ] ] ] ] } },
{ "type": "Feature", "properties": { "osm_id": "1444077815", "code": 1500, "fclass": "building", "name": "星湖亭", "type": null }, "geometry": { "type": "MultiPolygon", "coordinates": [ [ [ [ 114.353957, 30.5296362 ], [ 114.3539791, 30.5296529 ], [ 114.3540089, 30.5296438 ], [ 114.354014, 30.5296182 ], [ 114.3539915, 30.5296018 ], [ 114.3539621, 30.5296106 ], [ 114.353957, 30.5296362 ] ] ] ] } },
{ "type": "Feature", "properties": { "osm_id": "1444077816", "code": 1500, "fclass": "building", "name": null, "type": null }, "geometry": { "type": "MultiPolygon", "coordinates": [ [ [ [ 114.3545213, 30.5295213 ], [ 114.3545297, 30.5295723 ], [ 114.3545691, 30.5295675 ], [ 114.3545606, 30.5295164 ], [ 114.3545213, 30.5295213 ] ] ] ] } },
{ "type": "Feature", "properties": { "osm_id": "305553574", "code": 1500, "fclass": "building", "name": "信息学部2舍", "type": "dormitory" }, "geometry": { "type": "MultiPolygon", "coordinates": [ [ [ [ 114.3542348, 30.5301769 ], [ 114.3542351, 30.5302684 ], [ 114.3542353, 30.5303427 ], [ 114.3547478, 30.5303414 ], [ 114.3547481, 30.5304489 ], [ 114.3548863, 30.5304485 ], [ 114.3548857, 30.5302957 ], [ 114.3548856, 30.5302679 ], [ 114.3548855, 30.5302369 ], [ 114.3548845, 30.5300965 ], [ 114.3547604, 30.5300973 ], [ 114.3547607, 30.5301756 ], [ 114.3542348, 30.5301769 ] ] ] ] } },
{ "type": "Feature", "properties": { "osm_id": "1391147715", "code": 1500, "fclass": "building", "name": null, "type": null }, "geometry": { "type": "MultiPolygon", "coordinates": [ [ [ [ 114.3542345, 30.5301265 ], [ 114.3542348, 30.5301769 ], [ 114.3547607, 30.5301756 ], [ 114.3547604, 30.5300973 ], [ 114.3546729, 30.5300982 ], [ 114.354673, 30.5301261 ], [ 114.3544898, 30.5301263 ], [ 114.3542345, 30.5301265 ] ] ] ] } },
{ "type": "Feature", "properties": { "osm_id": "1471868931", "code": 1500, "fclass": "building", "name": null, "type": null }, "geometry": { "type": "MultiPolygon", "coordinates": [ [ [ [ 114.3542398, 30.5304394 ], [ 114.3542398, 30.5304912 ], [ 114.3543978, 30.5304911 ], [ 114.3543978, 30.530439 ], [ 114.3542398, 30.5304394 ] ] ] ] } },
{ "type": "Feature", "properties": { "osm_id": "306407524", "code": 1500, "fclass": "building", "name": "测绘遥感信息工程国家重点实验室大楼", "type": "university" }, "geometry": { "type": "MultiPolygon", "coordinates": [ [ [ [ 114.3545419, 30.529271 ], [ 114.3546135, 30.5292713 ], [ 114.3546127, 30.5294005 ], [ 114.3546601, 30.5294007 ], [ 114.3546583, 30.5296667 ], [ 114.3547471, 30.5296671 ], [ 114.3549002, 30.5296679 ], [ 114.3549005, 30.529614 ], [ 114.3549668, 30.5296143 ], [ 114.3549684, 30.5293755 ], [ 114.354898, 30.5293751 ], [ 114.3548983, 30.5293259 ], [ 114.3548986, 30.529288 ], [ 114.3548989, 30.52924 ], [ 114.3548575, 30.5292398 ], [ 114.3548582, 30.5291318 ], [ 114.3548182, 30.5291316 ], [ 114.3548181, 30.5291473 ], [ 114.3545428, 30.529146 ], [ 114.3545419, 30.529271 ] ] ] ] } },
{ "type": "Feature", "properties": { "osm_id": "306407533", "code": 1500, "fclass": "building", "name": "银泰创意城", "type": "commercial" }, "geometry": { "type": "MultiPolygon", "coordinates": [ [ [ [ 114.3499245, 30.5287907 ], [ 114.3499696, 30.5289042 ], [ 114.3500539, 30.5291167 ], [ 114.3503153, 30.5291106 ], [ 114.3503561, 30.5290922 ], [ 114.3518188, 30.5290882 ], [ 114.3518178, 30.5287984 ], [ 114.3518163, 30.5283919 ], [ 114.3518161, 30.5283384 ], [ 114.3517935, 30.5282813 ], [ 114.351779, 30.5282448 ], [ 114.3515336, 30.528317 ], [ 114.3506644, 30.5285729 ], [ 114.3503275, 30.5286721 ], [ 114.3501757, 30.5287167 ], [ 114.3499245, 30.5287907 ] ] ] ] } },
{ "type": "Feature", "properties": { "osm_id": "311928697", "code": 1500, "fclass": "building", "name": "信息学部10舍", "type": "dormitory" }, "geometry": { "type": "MultiPolygon", "coordinates": [ [ [ [ 114.3521547, 30.5287464 ], [ 114.3521556, 30.5288731 ], [ 114.3529061, 30.5288694 ], [ 114.3529036, 30.5287413 ], [ 114.3526857, 30.5287437 ], [ 114.3522358, 30.528747 ], [ 114.3521547, 30.5287464 ] ] ] ] } },
{ "type": "Feature", "properties": { "osm_id": "505746697", "code": 1500, "fclass": "building", "name": "星湖综合实验大楼", "type": "university" }, "geometry": { "type": "MultiPolygon", "coordinates": [ [ [ [ 114.3500537, 30.5298331 ], [ 114.3504221, 30.529839 ], [ 114.3505801, 30.5298415 ], [ 114.3505834, 30.5296855 ], [ 114.3505189, 30.5296845 ], [ 114.3505199, 30.5296412 ], [ 114.3504682, 30.5296403 ], [ 114.3504693, 30.5295908 ], [ 114.3504724, 30.5294464 ], [ 114.3501064, 30.5294401 ], [ 114.3500621, 30.5294393 ], [ 114.3500583, 30.5296187 ], [ 114.3500549, 30.5297748 ], [ 114.3500537, 30.5298331 ] ] ] ] } },
{ "type": "Feature", "properties": { "osm_id": "1444077821", "code": 1500, "fclass": "building", "name": null, "type": "roof" }, "geometry": { "type": "MultiPolygon", "coordinates": [ [ [ [ 114.3500036, 30.5296179 ], [ 114.3500583, 30.5296187 ], [ 114.3500621, 30.5294393 ], [ 114.3501064, 30.5294401 ], [ 114.350109, 30.5293226 ], [ 114.3500617, 30.5293218 ], [ 114.3500098, 30.529321 ], [ 114.3500036, 30.5296179 ] ] ] ] } },
{ "type": "Feature", "properties": { "osm_id": "664756697", "code": 1500, "fclass": "building", "name": "主席台", "type": "grandstand" }, "geometry": { "type": "MultiPolygon", "coordinates": [ [ [ [ 114.3562038, 30.5298429 ], [ 114.3562051, 30.5301995 ], [ 114.3562704, 30.5301994 ], [ 114.3563051, 30.5301996 ], [ 114.3563047, 30.5298434 ], [ 114.3562693, 30.5298427 ], [ 114.3562038, 30.5298429 ] ] ] ] } },
{ "type": "Feature", "properties": { "osm_id": "1058069940", "code": 1500, "fclass": "building", "name": null, "type": null }, "geometry": { "type": "MultiPolygon", "coordinates": [ [ [ [ 114.3557533, 30.5270488 ], [ 114.3557546, 30.5271065 ], [ 114.3558232, 30.5271054 ], [ 114.3559068, 30.5271042 ], [ 114.3559065, 30.5270778 ], [ 114.3558829, 30.5270779 ], [ 114.3558823, 30.5270148 ], [ 114.3558246, 30.5270152 ], [ 114.3557858, 30.5270155 ], [ 114.3557811, 30.5270159 ], [ 114.3557769, 30.5270168 ], [ 114.3557734, 30.5270183 ], [ 114.3557713, 30.5270197 ], [ 114.3557697, 30.5270216 ], [ 114.3557681, 30.5270245 ], [ 114.3557676, 30.5270278 ], [ 114.3557673, 30.5270321 ], [ 114.3557674, 30.5270487 ], [ 114.3557533, 30.5270488 ] ] ] ] } },
{ "type": "Feature", "properties": { "osm_id": "1480400146", "code": 1500, "fclass": "building", "name": null, "type": null }, "geometry": { "type": "MultiPolygon", "coordinates": [ [ [ [ 114.3555877, 30.527124 ], [ 114.3556175, 30.5271239 ], [ 114.3556645, 30.5271237 ], [ 114.3556645, 30.5270796 ], [ 114.3556645, 30.5270685 ], [ 114.3556462, 30.5270685 ], [ 114.3556462, 30.527032 ], [ 114.355619, 30.5270319 ], [ 114.3555878, 30.5270318 ], [ 114.3555877, 30.527124 ] ] ] ] } },
{ "type": "Feature", "properties": { "osm_id": "1480419191", "code": 1500, "fclass": "building", "name": null, "type": "retail" }, "geometry": { "type": "MultiPolygon", "coordinates": [ [ [ [ 114.3555172, 30.5271239 ], [ 114.3555562, 30.5271239 ], [ 114.3555877, 30.527124 ], [ 114.3555878, 30.5270318 ], [ 114.3555173, 30.5270317 ], [ 114.3555172, 30.5271239 ] ] ] ] } },
{ "type": "Feature", "properties": { "osm_id": "953298307", "code": 1500, "fclass": "building", "name": "信息学部18舍", "type": "dormitory" }, "geometry": { "type": "MultiPolygon", "coordinates": [ [ [ [ 114.3541942, 30.5316691 ], [ 114.3541949, 30.5317379 ], [ 114.3541962, 30.531867 ], [ 114.3543438, 30.5318658 ], [ 114.3545836, 30.531864 ], [ 114.3549194, 30.5318615 ], [ 114.3549186, 30.5316637 ], [ 114.3546328, 30.5316659 ], [ 114.3545847, 30.5316662 ], [ 114.3545441, 30.5316665 ], [ 114.3541942, 30.5316691 ] ] ] ] } },
{ "type": "Feature", "properties": { "osm_id": "990913729", "code": 1500, "fclass": "building", "name": "信息学部17舍", "type": "dormitory" }, "geometry": { "type": "MultiPolygon", "coordinates": [ [ [ [ 114.3532552, 30.5310418 ], [ 114.3532562, 30.5312283 ], [ 114.353948, 30.5312261 ], [ 114.3539812, 30.5312248 ], [ 114.3539799, 30.5310382 ], [ 114.3536786, 30.5310397 ], [ 114.3536298, 30.5310399 ], [ 114.3535337, 30.5310404 ], [ 114.3532552, 30.5310418 ] ] ] ] } },
{ "type": "Feature", "properties": { "osm_id": "1036561024", "code": 1500, "fclass": "building", "name": "信息学部21舍", "type": "dormitory" }, "geometry": { "type": "MultiPolygon", "coordinates": [ [ [ [ 114.3518775, 30.5297891 ], [ 114.35215, 30.529795 ], [ 114.352154, 30.5296595 ], [ 114.3518814, 30.5296536 ], [ 114.3518775, 30.5297891 ] ] ] ] } },
{ "type": "Feature", "properties": { "osm_id": "1442934092", "code": 1500, "fclass": "building", "name": null, "type": null }, "geometry": { "type": "MultiPolygon", "coordinates": [ [ [ [ 114.3538203, 30.5318774 ], [ 114.3538215, 30.5319204 ], [ 114.3539739, 30.5319172 ], [ 114.3539727, 30.5318742 ], [ 114.3538973, 30.5318758 ], [ 114.3538203, 30.5318774 ] ] ] ] } },
{ "type": "Feature", "properties": { "osm_id": "1037024049", "code": 1500, "fclass": "building", "name": "武汉大学宇航科学与技术研究院", "type": "school" }, "geometry": { "type": "MultiPolygon", "coordinates": [ [ [ [ 114.3518817, 30.5296031 ], [ 114.3521395, 30.5296096 ], [ 114.3521432, 30.5295024 ], [ 114.3520886, 30.5295011 ], [ 114.3520929, 30.5293711 ], [ 114.3518897, 30.529366 ], [ 114.3518817, 30.5296031 ] ] ] ] } },
{ "type": "Feature", "properties": { "osm_id": "1047817723", "code": 1500, "fclass": "building", "name": "艺舟书画工作室", "type": "retail" }, "geometry": { "type": "MultiPolygon", "coordinates": [ [ [ [ 114.3490449, 30.5299639 ], [ 114.3491719, 30.5299662 ], [ 114.3491704, 30.5300266 ], [ 114.3492898, 30.5300287 ], [ 114.349293, 30.5298989 ], [ 114.3491302, 30.529896 ], [ 114.3491361, 30.5296501 ], [ 114.3490523, 30.5296486 ], [ 114.3490449, 30.5299639 ] ] ] ] } },
{ "type": "Feature", "properties": { "osm_id": "1154975830", "code": 1500, "fclass": "building", "name": "信息学部6舍", "type": "dormitory" }, "geometry": { "type": "MultiPolygon", "coordinates": [ [ [ [ 114.3533988, 30.5300982 ], [ 114.3533997, 30.5302398 ], [ 114.3534012, 30.5303294 ], [ 114.3534005, 30.5303353 ], [ 114.3540209, 30.5303312 ], [ 114.3540196, 30.5301861 ], [ 114.3535185, 30.5301894 ], [ 114.3535177, 30.5300977 ], [ 114.3533988, 30.5300982 ] ] ] ] } },
{ "type": "Feature", "properties": { "osm_id": "1391147711", "code": 1500, "fclass": "building", "name": null, "type": null }, "geometry": { "type": "MultiPolygon", "coordinates": [ [ [ [ 114.3535177, 30.5300977 ], [ 114.3535185, 30.5301894 ], [ 114.3540196, 30.5301861 ], [ 114.354019, 30.5301274 ], [ 114.3537847, 30.5301289 ], [ 114.3536033, 30.5301301 ], [ 114.353603, 30.5300967 ], [ 114.3535177, 30.5300977 ] ] ] ] } },
{ "type": "Feature", "properties": { "osm_id": "1442934091", "code": 1500, "fclass": "building", "name": null, "type": null }, "geometry": { "type": "MultiPolygon", "coordinates": [ [ [ [ 114.353809, 30.531468 ], [ 114.35381, 30.5315778 ], [ 114.3538958, 30.5315773 ], [ 114.3538962, 30.5316276 ], [ 114.3539644, 30.5316274 ], [ 114.3539634, 30.531494 ], [ 114.3539393, 30.5314941 ], [ 114.3539391, 30.5314672 ], [ 114.3539194, 30.5314672 ], [ 114.353809, 30.531468 ] ] ] ] } },
{ "type": "Feature", "properties": { "osm_id": "1442934093", "code": 1500, "fclass": "building", "name": null, "type": null }, "geometry": { "type": "MultiPolygon", "coordinates": [ [ [ [ 114.353087, 30.5316809 ], [ 114.3531573, 30.5316814 ], [ 114.3531579, 30.5316192 ], [ 114.3531582, 30.5315885 ], [ 114.3530879, 30.531588 ], [ 114.353087, 30.5316809 ] ] ] ] } },
{ "type": "Feature", "properties": { "osm_id": "1471870358", "code": 1500, "fclass": "building", "name": null, "type": null }, "geometry": { "type": "MultiPolygon", "coordinates": [ [ [ [ 114.35381, 30.5315778 ], [ 114.3538104, 30.5316281 ], [ 114.3538525, 30.5316279 ], [ 114.3538962, 30.5316276 ], [ 114.3538958, 30.5315773 ], [ 114.35381, 30.5315778 ] ] ] ] } },
{ "type": "Feature", "properties": { "osm_id": "1442929825", "code": 1500, "fclass": "building", "name": null, "type": "roof" }, "geometry": { "type": "MultiPolygon", "coordinates": [ [ [ [ 114.3531282, 30.5314456 ], [ 114.3531286, 30.5314745 ], [ 114.3532554, 30.5314734 ], [ 114.353255, 30.5314445 ], [ 114.3531282, 30.5314456 ] ] ] ] } },
{ "type": "Feature", "properties": { "osm_id": "1442929831", "code": 1500, "fclass": "building", "name": null, "type": "roof" }, "geometry": { "type": "MultiPolygon", "coordinates": [ [ [ [ 114.3533886, 30.5314439 ], [ 114.353389, 30.5314719 ], [ 114.3536088, 30.5314698 ], [ 114.3536085, 30.5314418 ], [ 114.3533886, 30.5314439 ] ] ] ] } },
{ "type": "Feature", "properties": { "osm_id": "1442929832", "code": 1500, "fclass": "building", "name": null, "type": "roof" }, "geometry": { "type": "MultiPolygon", "coordinates": [ [ [ [ 114.3536856, 30.5314416 ], [ 114.3536858, 30.5314689 ], [ 114.353809, 30.531468 ], [ 114.3539194, 30.5314672 ], [ 114.3539191, 30.5314399 ], [ 114.3536856, 30.5314416 ] ] ] ] } },
{ "type": "Feature", "properties": { "osm_id": "1443127365", "code": 1500, "fclass": "building", "name": null, "type": "roof" }, "geometry": { "type": "MultiPolygon", "coordinates": [ [ [ [ 114.3541934, 30.5314953 ], [ 114.3541936, 30.5315355 ], [ 114.3548809, 30.5315323 ], [ 114.3548806, 30.5314922 ], [ 114.3541934, 30.5314953 ] ] ] ] } },
{ "type": "Feature", "properties": { "osm_id": "1443127366", "code": 1500, "fclass": "building", "name": null, "type": "roof" }, "geometry": { "type": "MultiPolygon", "coordinates": [ [ [ [ 114.3541354, 30.531269 ], [ 114.3541364, 30.5314048 ], [ 114.3541772, 30.5314046 ], [ 114.3541763, 30.5312688 ], [ 114.3541354, 30.531269 ] ] ] ] } },
{ "type": "Feature", "properties": { "osm_id": "1443127367", "code": 1500, "fclass": "building", "name": null, "type": "roof" }, "geometry": { "type": "MultiPolygon", "coordinates": [ [ [ [ 114.3530885, 30.5313562 ], [ 114.3530893, 30.5314243 ], [ 114.3530896, 30.5314532 ], [ 114.3531249, 30.531453 ], [ 114.3531239, 30.5313559 ], [ 114.3530885, 30.5313562 ] ] ] ] } },
{ "type": "Feature", "properties": { "osm_id": "1443127368", "code": 1500, "fclass": "building", "name": null, "type": "roof" }, "geometry": { "type": "MultiPolygon", "coordinates": [ [ [ [ 114.3530873, 30.5311516 ], [ 114.3530883, 30.5313154 ], [ 114.3531247, 30.5313152 ], [ 114.3531238, 30.5311514 ], [ 114.3530873, 30.5311516 ] ] ] ] } },
{ "type": "Feature", "properties": { "osm_id": "1443127369", "code": 1500, "fclass": "building", "name": null, "type": "roof" }, "geometry": { "type": "MultiPolygon", "coordinates": [ [ [ [ 114.353086, 30.5309572 ], [ 114.3530869, 30.5311286 ], [ 114.3531247, 30.5311284 ], [ 114.3531239, 30.5309571 ], [ 114.353086, 30.5309572 ] ] ] ] } },
{ "type": "Feature", "properties": { "osm_id": "1473497631", "code": 1500, "fclass": "building", "name": null, "type": "roof" }, "geometry": { "type": "MultiPolygon", "coordinates": [ [ [ [ 114.3533879, 30.5313699 ], [ 114.3533884, 30.5313985 ], [ 114.3536096, 30.5313955 ], [ 114.3536091, 30.531367 ], [ 114.3533879, 30.5313699 ] ] ] ] } },
{ "type": "Feature", "properties": { "osm_id": "1473497632", "code": 1500, "fclass": "building", "name": null, "type": "roof" }, "geometry": { "type": "MultiPolygon", "coordinates": [ [ [ [ 114.3536876, 30.5313658 ], [ 114.3536881, 30.5313932 ], [ 114.3539079, 30.5313908 ], [ 114.3539075, 30.5313634 ], [ 114.3536876, 30.5313658 ] ] ] ] } },
{ "type": "Feature", "properties": { "osm_id": "1473497633", "code": 1500, "fclass": "building", "name": null, "type": "roof" }, "geometry": { "type": "MultiPolygon", "coordinates": [ [ [ [ 114.3531469, 30.5313731 ], [ 114.3531473, 30.531396 ], [ 114.3532608, 30.5313943 ], [ 114.3532604, 30.5313714 ], [ 114.3531469, 30.5313731 ] ] ] ] } },
{ "type": "Feature", "properties": { "osm_id": "1473497634", "code": 1500, "fclass": "building", "name": null, "type": "roof" }, "geometry": { "type": "MultiPolygon", "coordinates": [ [ [ [ 114.3531475, 30.53141 ], [ 114.353148, 30.5314348 ], [ 114.3532618, 30.5314332 ], [ 114.3532613, 30.5314084 ], [ 114.3531475, 30.53141 ] ] ] ] } },
{ "type": "Feature", "properties": { "osm_id": "1480419197", "code": 1500, "fclass": "building", "name": null, "type": "retail" }, "geometry": { "type": "MultiPolygon", "coordinates": [ [ [ [ 114.3520963, 30.5282973 ], [ 114.3520969, 30.5283358 ], [ 114.3520976, 30.5283858 ], [ 114.3522317, 30.5283843 ], [ 114.3522304, 30.5282958 ], [ 114.3520963, 30.5282973 ] ] ] ] } },
{ "type": "Feature", "properties": { "osm_id": "1480439895", "code": 1500, "fclass": "building", "name": null, "type": null }, "geometry": { "type": "MultiPolygon", "coordinates": [ [ [ [ 114.3573076, 30.5308112 ], [ 114.3574431, 30.530812 ], [ 114.3574436, 30.5307517 ], [ 114.3573081, 30.5307509 ], [ 114.3573076, 30.5308112 ] ] ] ] } },
{ "type": "Feature", "properties": { "osm_id": "1491524638", "code": 1500, "fclass": "building", "name": null, "type": "grandstand" }, "geometry": { "type": "MultiPolygon", "coordinates": [ [ [ [ 114.355164, 30.5291934 ], [ 114.3562668, 30.5291903 ], [ 114.3562652, 30.5291426 ], [ 114.3551652, 30.5291459 ], [ 114.355164, 30.5291934 ] ] ] ] } },
{ "type": "Feature", "properties": { "osm_id": "1479978232", "code": 1500, "fclass": "building", "name": null, "type": null }, "geometry": { "type": "MultiPolygon", "coordinates": [ [ [ [ 114.3585369, 30.5317537 ], [ 114.3586039, 30.5317604 ], [ 114.3586249, 30.5316056 ], [ 114.3585578, 30.5315989 ], [ 114.3585369, 30.5317537 ] ] ] ] } },
{ "type": "Feature", "properties": { "osm_id": "1479978231", "code": 1500, "fclass": "building", "name": null, "type": null }, "geometry": { "type": "MultiPolygon", "coordinates": [ [ [ [ 114.3585638, 30.5315713 ], [ 114.3587364, 30.5315721 ], [ 114.3587367, 30.5315231 ], [ 114.358644, 30.5315227 ], [ 114.3585641, 30.5315223 ], [ 114.3585638, 30.5315713 ] ] ] ] } }
]
}
