time_slot,start_lat,start_lng,demand
morning,30.532087193657944,114.36468865974997,7
morning,30.532209245649213,114.36446568573344,5
morning,30.532009665146443,114.3643565021868,9
morning,30.53219885500094,114.36426551289716,9
morning,30.532089484628933,114.3645484514696,5
morning,30.532024820619068,114.3645024951973,7
morning,30.532059904322782,114.36425321537492,8
morning,30.53205259956246,114.36450769070089,6
morning,30.532229253209852,114.36434519312256,5
morning,30.531954802008208,114.36473408039734,8
morning,30.532152467276678,114.3645175778851,9
morning,30.532201147642425,114.36456984707056,9
morning,30.53180069268715,114.3644298590483,8
morning,30.53202712037828,114.36469284746845,7
morning,30.53209920341085,114.36458442674184,7
morning,30.53220346829919,114.36433199910653,8
morning,30.531750045963307,114.364727283227,8
morning,30.531827401875745,114.36426941352236,6
morning,30.532207000944,114.36452457580131,9
morning,30.53202676601519,114.36445028630311,6
morning,30.53185077874777,114.36439763481364,8
morning,30.531937532334332,114.36464598545746,7
morning,30.531758543457293,114.36464370540294,9
morning,30.531939386296227,114.364394357261,6
morning,30.5321275473445,114.3647033060262,6
morning,30.53210146665482,114.36470354217587,8
morning,30.532075012790195,114.36460549960943,5
morning,30.53196137138683,114.36453220720779,5
morning,30.532158296924493,114.3642892835536,7
morning,30.531812724458035,114.36435600859141,9
morning,30.531970634940635,114.3644503072504,6
morning,30.531824022937943,114.36426720682162,8
morning,30.531829275198913,114.36473231110051,7
morning,30.53214200634902,114.36466376770389,7
morning,30.53217221804911,114.36460721460338,5
morning,30.531991425578735,114.36441438307811,6
morning,30.531961813205292,114.36429608355019,5
morning,30.531759238025135,114.36435541158016,9
morning,30.5319810316468,114.36456227223186,6
morning,30.532050224055876,114.36439782635827,6
morning,30.531844414097833,114.36446276205514,8
morning,30.532026786500627,114.36471771400454,6
morning,30.532209367357833,114.36430691773127,9
morning,30.532041543029088,114.36466705189328,7
morning,30.532177106579702,114.36427354788381,9
morning,30.531923332872406,114.36465238505697,8
morning,30.5320823939407,114.36442549027045,9
morning,30.531956150205687,114.3643747426622,8
morning,30.531912987128454,114.36433612753231,6
morning,30.531772766000724,114.36438165225674,8
morning,30.53209986359046,114.36466792672209,5
morning,30.53213692703505,114.36442891815383,8
morning,30.532172202620995,114.36456839042746,5
morning,30.5318186528982,114.36469653139258,5
morning,30.532044991724106,114.36455559088733,5
morning,30.532131551343106,114.36456004027474,5
morning,30.532090923814668,114.36451139054827,5
morning,30.53181789708439,114.36429897526622,8
morning,30.53175229716068,114.36455713754818,8
morning,30.531887532986207,114.36445451545328,5
morning,30.532021364841537,114.36462007122944,8
morning,30.53196467065598,114.36448084997454,9
morning,30.532059829762552,114.36457604285656,8
morning,30.531864005543206,114.36473516643558,5
morning,30.53220018749244,114.36467459835048,9
morning,30.531929120719727,114.36474670905407,9
morning,30.531938379419692,114.36457022284105,8
morning,30.531963447673455,114.36464251297934,6
morning,30.53220289106914,114.36433228867028,7
morning,30.532179511933382,114.36469801783626,7
morning,30.53182681398851,114.36448154811514,5
morning,30.532207978608753,114.36439821332068,7
morning,30.531941352376915,114.3645736521621,5
morning,30.53201235323012,114.36461499007542,9
morning,30.531994719275104,114.36425268994286,8
morning,30.53198721133681,114.36466592079697,6
morning,30.53188065543821,114.36429406863996,8
morning,30.532241514566593,114.36426704088257,7
morning,30.531812677909926,114.36457087836403,6
morning,30.53219594120874,114.36447426427254,7
morning,30.53208600747793,114.36426722226535,6
morning,30.53223251380698,114.36464959063078,8
morning,30.5319253299606,114.3644200380349,8
morning,30.531958605891344,114.36446558630773,6
morning,30.53166203450693,114.36403446984943,5
morning,30.531821815542784,114.3639113761429,9
morning,30.531610770193257,114.36422750586131,9
morning,30.531604238233133,114.36398022408952,8
morning,30.531573276403574,114.3638404044004,5
morning,30.5319037458531,114.36412165862141,8
morning,30.53188288771068,114.36386389389658,7
morning,30.531691117268913,114.36417702412358,9
morning,30.531577571447766,114.36412824995585,8
morning,30.53156820230768,114.36375608637208,5
morning,30.531914147640812,114.36422582767254,8
morning,30.531963735574248,114.36389620767922,6
morning,30.531902994630737,114.36402748903136,5
morning,30.53155466101849,114.36411616062672,9
morning,30.531964508879106,114.36377544723064,7
morning,30.53197073686397,114.36389725771262,6
morning,30.531568404092962,114.36414047426369,7
morning,30.531671208766156,114.363996633557,8
morning,30.53180567448285,114.3640503213725,7
morning,30.53171218658634,114.36408247176979,9
morning,30.531936360019735,114.36375994636734,5
morning,30.532041487595286,114.3638932176166,6
morning,30.5317895378794,114.3640452402871,7
morning,30.531745979472806,114.36386972941264,7
morning,30.532009722116246,114.3641379716574,6
morning,30.531748700534372,114.36405040549661,9
morning,30.531560469112737,114.3638310930032,9
morning,30.53180140771836,114.36406103150628,8
morning,30.531859405729325,114.36390539897403,8
morning,30.53190580593009,114.36378402878076,5
morning,30.53179586807338,114.36411986048915,5
morning,30.531873289380393,114.36401219348598,7
morning,30.531668568048723,114.36420643128444,8
morning,30.531894552000757,114.36409861729838,9
morning,30.531880690348654,114.36402660522414,8
morning,30.53169346527937,114.36385261294785,6
morning,30.53165666142228,114.36388536618176,8
morning,30.531675637212107,114.36423694106594,8
morning,30.531708022706276,114.36401516436936,6
morning,30.53158824913698,114.36383214872836,7
morning,30.53163392142543,114.3640647901524,8
morning,30.532034245074705,114.36409049853148,9
morning,30.53159169622878,114.3640052101568,8
morning,30.531776363184765,114.3638599018402,5
morning,30.531852051594843,114.36395449891477,6
morning,30.532028367533307,114.36410573774462,9
morning,30.531653074800207,114.36418935493484,7
morning,30.53203319777959,114.36385641148446,5
morning,30.53178702808255,114.36377845689948,8
morning,30.532028133184816,114.36412999640372,8
morning,30.531901166046854,114.36375823105506,9
morning,30.531566716179253,114.36386046333907,5
morning,30.531976920130568,114.36381441482675,5
morning,30.531765744350675,114.36383636355981,8
morning,30.531708205995727,114.36415833681814,8
morning,30.531912038780142,114.36386873198444,9
morning,30.53196206454314,114.36406322555358,7
morning,30.532024987999385,114.36388077053664,5
morning,30.531675444355354,114.36398858697376,7
morning,30.531602903510542,114.36381533530866,7
morning,30.531742565690585,114.36421781783389,5
morning,30.531979418392076,114.36376546511345,9
morning,30.5317951880815,114.36420585363717,8
morning,30.531641387879663,114.36418605241859,5
morning,30.532009517403207,114.36386443991306,9
morning,30.53202128030847,114.36417472553782,8
morning,30.531825992582256,114.36386330041945,5
morning,30.531989819560795,114.36377526855,7
morning,30.531572097637277,114.36388550646724,6
morning,30.53184594050278,114.3641390521761,6
morning,30.531844783126783,114.36401995951199,9
morning,30.531947716965004,114.36389691555374,8
morning,30.531580345471735,114.36377901000985,6
morning,30.53187156570786,114.36376956204552,7
morning,30.531897175772837,114.36423005642246,8
morning,30.53181129605367,114.36380845880815,6
morning,30.53201659121693,114.36409721517434,5
morning,30.531625792588994,114.36396579407044,8
morning,30.53182287987636,114.36384812690284,9
morning,30.531662800519687,114.36408362335564,9
morning,30.53155388174257,114.36383040482575,7
morning,30.531577396853674,114.36421972985946,5
morning,30.531856230618608,114.36422042593797,7
morning,30.532021463803748,114.3640771784342,9
morning,30.531275238332157,114.36462258200454,5
morning,30.531436370359245,114.36493808507832,9
morning,30.531484141451912,114.36477020516404,6
morning,30.531630608292932,114.36494555133153,8
morning,30.531322414347798,114.36494307575312,8
morning,30.531303571502097,114.36473167521372,6
morning,30.531626986573656,114.36486089562746,8
morning,30.53167648390236,114.36480411277137,6
morning,30.5312527160521,114.36456268991645,6
morning,30.531285263202008,114.36502952245726,7
morning,30.531470454524325,114.36455595251667,9
morning,30.531404690950925,114.36491739674773,9
morning,30.531358230886376,114.36485528683428,7
morning,30.531574278570968,114.3646438807366,6
morning,30.531695835381374,114.36487838439783,8
morning,30.531398634871504,114.36458156319817,5
morning,30.531350540561245,114.36477095842864,9
morning,30.531256952486373,114.36479703044813,6
morning,30.53159291812864,114.36498755076649,8
morning,30.53147669942015,114.3647411774091,6
morning,30.531349322225868,114.36478966247525,5
morning,30.53144795853737,114.36465800378352,7
morning,30.531678763723544,114.36502482152031,7
morning,30.531719097179153,114.36487357084602,7
morning,30.5317076844254,114.3648404076542,6
morning,30.531499353004246,114.36501846348746,8
morning,30.531681050170008,114.3648136319524,7
morning,30.531393830354748,114.36478321912847,5
morning,30.53139426419221,114.36478077877717,8
morning,30.53162933554275,114.36484324045618,8
morning,30.531721054189767,114.36470807787335,9
morning,30.531665190230857,114.36491998501738,9
morning,30.531564203792563,114.36475626825263,5
morning,30.53141028235191,114.36491977944473,8
morning,30.531711237606434,114.36504902128252,5
morning,30.531508592499733,114.36468582184722,5
morning,30.531643158996552,114.36481285426242,5
morning,30.5316822876702,114.36468627811826,6
morning,30.531477571251653,114.36459761171909,6
morning,30.53137790345429,114.36502153877206,7
morning,30.53167851105451,114.36496536921187,9
morning,30.53128691468602,114.36485605756498,5
morning,30.531255029432945,114.3649181751829,5
morning,30.531629763789194,114.36473348183064,7
morning,30.531433565310838,114.36485542468296,6
morning,30.53136026866863,114.36481912661147,9
morning,30.531703538154776,114.36479086902968,8
morning,30.531588521822858,114.36487764773675,9
morning,30.531424204652478,114.36465640631732,6
morning,30.531417038286722,114.36476284178875,8
morning,30.53142912644681,114.36470379589639,5
morning,30.53132034217781,114.36479769811987,5
morning,30.531552338169885,114.3647470753556,8
morning,30.531552964644877,114.36480203640818,5
morning,30.531509802562848,114.36491332910155,7
morning,30.531632040202986,114.36492317527345,6
morning,30.53136167484256,114.36461687375298,8
morning,30.531306322150993,114.36459704449305,5
morning,30.531298654973867,114.36462546040362,8
morning,30.53128137427824,114.36483070100428,8
morning,30.53162974116355,114.36500844751146,9
morning,30.531455348066103,114.36459359872913,9
morning,30.531255385750203,114.36466806855753,6
morning,30.531391090696903,114.36478826681923,8
morning,30.53171120414799,114.36487613240307,5
morning,30.531542354716066,114.36488781870352,6
morning,30.53174843708027,114.36469722262234,7
morning,30.53132051687653,114.36503486047337,8
morning,30.531400995959125,114.36463946320536,5
morning,30.53147891105411,114.3648025914199,7
morning,30.53135628185175,114.36479654762945,8
morning,30.531571422808582,114.36479436138237,9
morning,30.53172438012733,114.36499784596475,6
morning,30.531423158166362,114.36473800064753,5
morning,30.531526554773965,114.36462593000556,8
morning,30.53134747541404,114.36466854928516,7
morning,30.531320189382274,114.36471234711273,6
morning,30.5314024323177,114.36479707590829,9
morning,30.531351247028688,114.36480497633555,9
morning,30.53161521089058,114.36488046942297,7
morning,30.531708167083313,114.36473072608399,7
morning,30.531264543293247,114.36477204602002,6
morning,30.53165069154591,114.36499802485062,9
morning,30.53165613719557,114.36500129905461,8
morning,30.531987998564443,114.36542772974818,7
morning,30.532265291005444,114.36507349637299,8
morning,30.5324321429065,114.36525184524099,5
morning,30.532114053169185,114.36516116961309,6
morning,30.53217493708153,114.36525992031797,9
morning,30.53225374256104,114.36495695950015,5
morning,30.53222396181262,114.36496746541825,8
morning,30.53241046459041,114.36497503997107,9
morning,30.532309314431497,114.36508093550981,5
morning,30.532102396148698,114.36500669920278,9
morning,30.532302132448027,114.36540827881144,6
morning,30.53216084613514,114.36535680327493,9
morning,30.531995237845777,114.36505143356209,9
morning,30.532088976706532,114.36504573198468,7
morning,30.532260709787533,114.36533129829549,9
morning,30.532289063280658,114.36500575244878,6
morning,30.532061757084513,114.36500217264192,7
morning,30.532375233449915,114.36512445889964,8
morning,30.53208202685496,114.36540596114305,5
morning,30.53231038420779,114.36528304381481,5
morning,30.532310299422495,114.36501530814583,9
morning,30.53230434572532,114.3651222485155,7
morning,30.532220852464597,114.36541616965744,9
morning,30.532221716388303,114.36533411294708,7
morning,30.53213585404993,114.36535207854854,9
morning,30.53231841324713,114.3653262352,8
morning,30.53227959356951,114.36531385211133,5
morning,30.53235080771903,114.36501706016611,9
morning,30.53196184375857,114.36542510603302,5
morning,30.532371845823082,114.36507314980835,5
morning,30.532151619636185,114.36508760497829,5
morning,30.532085863924703,114.36525555097785,5
morning,30.53211975376035,114.36504485201155,6
morning,30.532144633409075,114.36540726661656,5
morning,30.532098915994432,114.36542252673084,7
morning,30.532005962848444,114.3650608184745,7
morning,30.53228951228661,114.36526035814256,6
morning,30.532101649453757,114.3653016734058,9
morning,30.532148820935976,114.36541714041965,6
morning,30.53202285174503,114.3650982609803,7
morning,30.532169499684013,114.36525865965781,8
morning,30.5322003857043,114.36522405734544,9
morning,30.53211572983411,114.36510424391115,8
morning,30.53214579819875,114.36517710322956,7
morning,30.53214062184596,114.36529584989121,9
morning,30.532282052936047,114.365204076094,7
morning,30.53201039877654,114.36540442694607,9
morning,30.532090361807025,114.36541175571843,8
morning,30.53228789468593,114.3649504104587,9
morning,30.53200947701334,114.36517170692188,6
morning,30.531964902568266,114.36521701588534,9
morning,30.532126307521274,114.36535486243065,6
morning,30.532268941034015,114.36501783029807,7
morning,30.532170320970373,114.36503534304632,8
morning,30.53219473992618,114.36529297501916,5
morning,30.53198739941166,114.36525159927047,6
morning,30.532093085372978,114.36522123700911,6
morning,30.53200204621116,114.3650215958568,8
morning,30.53196552766541,114.36542860899061,6
morning,30.532303913591814,114.36543944890228,7
morning,30.532235263228955,114.36537935123008,6
morning,30.53232381033477,114.36539682914125,7
morning,30.532093656446047,114.3651683340158,5
morning,30.532081612423397,114.36511173264536,8
morning,30.532197690293206,114.36502882221048,5
morning,30.532329546260048,114.36540267554562,5
morning,30.532258497666582,114.3652879020679,9
morning,30.532170658709607,114.36521176984232,6
morning,30.532430697820104,114.3653349874541,6
morning,30.532346166705032,114.36529481323547,8
morning,30.532050868341635,114.36505168841197,8
morning,30.531996244584743,114.36530645438998,5
morning,30.532102186827302,114.36509437046317,5
morning,30.531982771007943,114.36510644635729,7
morning,30.532273086002366,114.36516546135815,7
morning,30.53239669713578,114.36495361321961,5
morning,30.53217097366537,114.365001425341,5
morning,30.532419439594744,114.3652526551397,7
morning,30.532282175767737,114.36534639057099,6
morning,30.53196055753663,114.36520038239546,5
morning,30.53218705833941,114.36515694991384,7
morning,30.532011749982473,114.36537531430034,9
morning,30.532137768623343,114.36517030271816,9
morning,30.532009765607633,114.36530180837408,9
morning,30.531240326591384,114.36449166810259,9
morning,30.53091287767103,114.36446501907113,8
morning,30.53107292761051,114.36449271749612,9
morning,30.531023018812682,114.36415572976507,5
morning,30.530846432929142,114.36445409482073,8
morning,30.530906715135583,114.36425728140918,7
morning,30.53080047217902,114.36445576966804,9
morning,30.531123296129383,114.3643121847344,5
morning,30.53116291207412,114.3640759364435,5
morning,30.53097836030794,114.36445634847269,8
morning,30.530996421036374,114.36424983330711,6
morning,30.53103150092297,114.36410653582983,6
morning,30.531163120786108,114.36439289435486,9
morning,30.530826915069888,114.36444941587355,7
morning,30.531247733344514,114.36451753772792,5
morning,30.531120527804074,114.36452717155547,8
morning,30.531155561158258,114.36439797987943,7
morning,30.53119985007054,114.36422778628942,5
morning,30.531181535791536,114.36439439269802,8
morning,30.530788719518984,114.36424008836312,7
morning,30.53077194076266,114.36435949960851,9
morning,30.53099877099583,114.36454820477242,5
morning,30.53088001356201,114.36409229324684,7
morning,30.530973433046412,114.3641860581908,7
morning,30.53104611571569,114.36448834584198,9
morning,30.531107219118294,114.36446672528388,9
morning,30.53119149286285,114.36438238419797,6
morning,30.530808314027343,114.36408696370906,9
morning,30.530781081184834,114.36412579309912,9
morning,30.531142823097635,114.36428000868466,7
morning,30.530816648048283,114.36445368629157,9
morning,30.530878488195068,114.36433476907723,8
morning,30.53120072297009,114.36448843062779,6
morning,30.531117571613578,114.36438670778807,8
morning,30.530820828044227,114.3642378807527,9
morning,30.530902249515886,114.3643838326347,6
morning,30.530936049951045,114.36420456141424,5
morning,30.53116346127902,114.36415471198319,7
morning,30.531235727321608,114.36448070883266,8
morning,30.531072647392012,114.36408055049407,7
morning,30.531236308632188,114.36451804913726,9
morning,30.530954959203434,114.36421834639644,6
morning,30.53105808779515,114.3642456093994,7
morning,30.531086366943377,114.3641408388916,7
morning,30.530868847966108,114.36411321582258,6
morning,30.53097009473355,114.36429824825075,7
morning,30.531034199920953,114.36429110098685,5
morning,30.531034087486024,114.36408518007174,7
morning,30.530752802086152,114.36433625094216,6
morning,30.53091459394742,114.36431263054972,8
morning,30.530756223544994,114.36440097431566,6
morning,30.53093659463528,114.36414006076396,6
morning,30.530993704773635,114.36443189424398,9
morning,30.531219355345375,114.36453723075628,7
morning,30.530757766895245,114.36443334594267,7
morning,30.531001651622056,114.36454767416897,7
morning,30.531225286571686,114.36413048142335,8
morning,30.53101344164242,114.36433025204971,5
morning,30.530819625515058,114.3642696395666,6
morning,30.530901796647193,114.3641703036833,7
morning,30.530760242865025,114.3643672338623,6
morning,30.531151204042548,114.36445479156859,5
morning,30.53093744180268,114.36441506953571,5
morning,30.53117295176008,114.36446954608635,7
morning,30.530840963871515,114.36433990758889,7
morning,30.53124996133209,114.3644069529845,7
morning,30.53117538132042,114.3643565592779,5
morning,30.53107795464879,114.36416987463532,6
morning,30.530798562459278,114.36422326052057,7
morning,30.53111882851495,114.36416636772041,7
morning,30.53124962770139,114.3644956043108,6
morning,30.531157271614436,114.36448441498094,6
morning,30.53090446345065,114.36439395732542,5
morning,30.531230781602176,114.36433363652677,7
morning,30.53123043292878,114.36421286115791,9
morning,30.53114625995674,114.36433027084392,8
morning,30.53107213872254,114.36408989727434,6
morning,30.530785135491836,114.36406626694847,9
morning,30.531026150168277,114.36449146844448,6
morning,30.530851510901535,114.36416995031874,7
morning,30.5307668862003,114.36426424291933,6
morning,30.531097546327036,114.36439240107423,5
morning,30.530791866039745,114.36451105139642,7
morning,30.53115316522471,114.36438826999698,8
morning,30.53097437908861,114.364694600585,8
morning,30.530811719794364,114.36491940816242,8
morning,30.530629249111218,114.36449522084081,5
morning,30.530873014464834,114.36477922673896,8
morning,30.530774356650497,114.36456147983009,5
morning,30.530789835779952,114.36461583119875,7
morning,30.530641719895492,114.36474794797262,9
morning,30.530985436041224,114.36462484675536,7
morning,30.530834057942318,114.3648638368163,5
morning,30.530606560827763,114.36476153082731,8
morning,30.530808961581506,114.36460653396081,7
morning,30.530753168034387,114.36470851587059,7
morning,30.53090659207303,114.36481405987612,6
morning,30.53084248767289,114.3646872414312,7
morning,30.530970756672367,114.36461409939835,9
morning,30.530801917050624,114.36468146886031,8
morning,30.530916793122245,114.36464351732987,8
morning,30.53085447823156,114.3648335523105,7
morning,30.530719525289616,114.36486194259055,8
morning,30.530653170627478,114.3648109583555,6
morning,30.530791687178045,114.36488361358586,9
morning,30.531007168302928,114.36455694455775,7
morning,30.530868227085964,114.36484692518684,6
morning,30.53093561278042,114.36457412108723,7
morning,30.530905145998556,114.36466363338431,9
morning,30.53073994308571,114.36492391180218,9
morning,30.530931363059203,114.36480358166817,6
morning,30.530684051581808,114.36462727766532,9
morning,30.53055913161777,114.36483486280811,7
morning,30.530770563781715,114.3645993732483,6
morning,30.530835282889324,114.36476751731952,7
morning,30.530817157863307,114.36486289587523,5
morning,30.530792530419912,114.36462627684861,5
morning,30.53065688952536,114.36492641037147,7
morning,30.530754064244896,114.36468597291154,7
morning,30.530623723812727,114.3646845860423,6
morning,30.53059011160414,114.36457833257434,6
morning,30.53057409428961,114.3644614175552,5
morning,30.53086374358931,114.36466206525776,7
morning,30.53065617704885,114.36452095631007,8
morning,30.530812103957608,114.36455612545194,9
morning,30.5305664262715,114.36459913767175,8
morning,30.53057223691094,114.36448610875895,7
morning,30.53070777416194,114.36458592839382,7
morning,30.530574202961006,114.36468838604452,8
morning,30.531001498633273,114.36468697495114,5
morning,30.530703854763505,114.36491989164469,9
morning,30.530592694965357,114.36491274356294,9
morning,30.531013168317855,114.36461851237159,7
morning,30.53091842593751,114.36447108603515,6
morning,30.530908167986063,114.36464742299883,7
morning,30.530811850585803,114.36479000569555,7
morning,30.530870338488484,114.36488175581864,6
morning,30.531011142095377,114.36448329731013,8
morning,30.530594318022267,114.36450596151383,6
morning,30.530864145100075,114.3646963496056,7
morning,30.530609513321373,114.36467306615502,7
morning,30.53082955021919,114.3646857438027,5
morning,30.530772110305264,114.36460555432954,8
morning,30.530678732012507,114.36485958249767,9
morning,30.531029976732505,114.36485697661783,5
morning,30.530571470141155,114.36464605629804,7
morning,30.530645926703407,114.36471018339896,7
morning,30.530660317773446,114.36492456155307,7
morning,30.530712347049533,114.36484090559776,8
morning,30.530816014497844,114.36473602281616,9
morning,30.530821562062872,114.36486734990866,7
morning,30.53089744743681,114.3647255302939,8
morning,30.53063305373095,114.36450784056423,8
morning,30.530803684783752,114.36446869411893,6
morning,30.53074559053865,114.36452837023256,7
morning,30.53096823510651,114.36461260093662,6
morning,30.530938290022878,114.36453018113158,9
morning,30.530949400604694,114.36484559239057,7
morning,30.53095863690223,114.36465544177125,6
morning,30.53080269144004,114.36486094249676,7
morning,30.530809672316423,114.3645758370017,8
morning,30.5305868256108,114.3647855110516,8
morning,30.53071053662958,114.36479009810985,5
morning,30.5308683955027,114.36470368260265,9
morning,30.53081129117591,114.36494105086838,8
morning,30.5307968263014,114.36447049811125,8
morning,30.530755651233655,114.36459857427019,5
morning,30.53063633835654,114.36472442375263,9
morning,30.531731382878228,114.36539043920514,9
morning,30.53162887936577,114.36538556427722,7
morning,30.531619272220954,114.36546459941233,6
morning,30.531531659617887,114.36567348029912,5
morning,30.531360616892986,114.36564167172276,8
morning,30.531486001737154,114.36548256714339,8
morning,30.531596918139684,114.36557381611408,5
morning,30.53182184342645,114.36539005533314,6
morning,30.531493380659846,114.36544393749423,9
morning,30.531759648041756,114.36556991653345,8
morning,30.531733596768646,114.3655021405034,5
morning,30.53158357672504,114.36527495185611,8
morning,30.531551481221154,114.36533442773488,8
morning,30.53139901398116,114.36561238408355,9
morning,30.531586026578847,114.3653300384259,6
morning,30.531700356857176,114.36537033140486,8
morning,30.5317630035717,114.36540345078505,5
morning,30.531816291282492,114.36544431232272,9
morning,30.531378593538726,114.36544358108428,9
morning,30.53155856267064,114.36557967630401,9
morning,30.531761699754764,114.36566756657211,7
morning,30.53135558037487,114.3653854564268,9
morning,30.531763221634474,114.36545907167564,7
morning,30.531389133347187,114.3652750583667,6
morning,30.531571190315674,114.3655700478829,8
morning,30.531538555054908,114.36570160559515,8
morning,30.53174723810819,114.36540075708206,9
morning,30.531687216012568,114.3657151188502,7
morning,30.53139717026511,114.3653455926377,8
morning,30.531452016558088,114.36539339308723,5
morning,30.531415436473225,114.36569523860051,9
morning,30.53154524106293,114.36546521355004,8
morning,30.53160286490675,114.36540851336883,6
morning,30.531693124897917,114.36535892100356,9
morning,30.531409013575256,114.36525522752996,9
morning,30.53171698784725,114.36538640613425,6
morning,30.531724673060904,114.36566725106391,9
morning,30.531792639835295,114.36568831986193,8
morning,30.531818138848994,114.36546847967462,9
morning,30.531578852033554,114.36554517581536,6
morning,30.531494903019855,114.36561077694377,9
morning,30.531690276989032,114.3653472567302,5
morning,30.531554378550098,114.36530600236304,5
morning,30.531571416285875,114.36543837145817,5
morning,30.531376566743216,114.36547389624849,9
morning,30.53150013834865,114.3654706998875,6
morning,30.531477490745868,114.36548393353519,6
morning,30.531635026219334,114.36550250809297,8
morning,30.531398221713463,114.36543512520338,8
morning,30.531352634416393,114.36550346089776,7
morning,30.53179927571768,114.36566634311073,5
morning,30.531422186923496,114.36542844242608,7
morning,30.531654722606504,114.3656712578588,8
morning,30.531823056072803,114.36538834138426,7
morning,30.53176072740895,114.36546778383527,8
morning,30.531519833248765,114.36540560103997,9
morning,30.53177704654527,114.36572327747444,6
morning,30.53152826836019,114.36548311185402,8
morning,30.531416331238347,114.3654693178606,9
morning,30.531600266862267,114.36554196636268,7
morning,30.531486738508935,114.36527664728736,5
morning,30.53166278839502,114.3655305539056,9
morning,30.531748017829692,114.3657330662848,6
morning,30.531365095287672,114.36547213067578,6
morning,30.53162987338028,114.3653037598716,7
morning,30.53157178732078,114.36565988229678,5
morning,30.53152788737816,114.36538116568138,8
morning,30.531785662916246,114.36574885174075,9
morning,30.531398676287306,114.36559259203591,6
morning,30.531606883936746,114.36567627656348,8
morning,30.531443885559685,114.36547390411212,9
morning,30.531824713908264,114.36567167174785,7
morning,30.53166951452998,114.36545569895907,9
morning,30.53168938227676,114.365504361902,6
morning,30.5316320986491,114.36566956395191,8
morning,30.53151210191116,114.36572493600616,8
morning,30.531395772435427,114.36546929244021,8
morning,30.53162200129916,114.36533399096442,7
morning,30.53184005083487,114.36532893410586,5
morning,30.531768349436046,114.36556183467674,8
morning,30.531609166749885,114.36553370413138,5
morning,30.53141370048119,114.36527137797262,7
morning,30.5315457479162,114.36541813624545,8
morning,30.531768159276645,114.36549346353767,6
morning,30.530308983502454,114.36508197062888,5
morning,30.530741601385138,114.36488410028785,6
morning,30.530430349540367,114.36498931516732,8
morning,30.530273662661838,114.36503361829205,5
morning,30.530729798375322,114.36497417960543,5
morning,30.53060034525353,114.36486315610146,9
morning,30.530419954989213,114.36484403406156,5
morning,30.530265180276196,114.36511255962502,6
morning,30.530677488991895,114.36504390972763,8
morning,30.53053397965846,114.36478258367687,7
morning,30.53028926116258,114.36494897191793,5
morning,30.530468911391157,114.36512763637037,8
morning,30.530746340744102,114.36485964848552,9
morning,30.53026190891676,114.36488011795886,8
morning,30.53073971060547,114.36500380231105,8
morning,30.530284618662908,114.36521817494116,9
morning,30.530689513611968,114.36485935827609,8
morning,30.530289860086853,114.36507493580868,9
morning,30.53033454810727,114.36496689308018,7
morning,30.530615380161976,114.3648322308853,8
morning,30.530443267509945,114.36502258277356,8
morning,30.530533163926613,114.3648203530255,8
morning,30.530455258772257,114.36500271119036,9
morning,30.530535800558685,114.36524052409494,6
morning,30.530453009490653,114.36520647039859,9
morning,30.530691271513597,114.36504948789917,7
morning,30.530735703481344,114.36476801359116,9
morning,30.5306076606901,114.36491221926192,8
morning,30.53032197032615,114.3649366299489,7
morning,30.530279962377502,114.36501027763829,5
morning,30.530400995797923,114.36506050907647,7
morning,30.53068746734759,114.36514733282051,7
morning,30.530512688648162,114.36517406053345,9
morning,30.530502439590865,114.36518482781328,7
morning,30.530336195466496,114.36503886594592,7
morning,30.530263649022025,114.36485834298925,6
morning,30.530359910797817,114.36476253925494,8
morning,30.53036409344543,114.36502602332249,5
morning,30.530733395007573,114.36499307901684,7
morning,30.5305827063338,114.36512543619327,8
morning,30.530531021615936,114.36481261256877,9
morning,30.530528244888714,114.36482676008028,6
morning,30.530556959078268,114.36520192849608,9
morning,30.53026826760456,114.36482244724638,5
morning,30.530273721797094,114.36478342914681,7
morning,30.53068876429405,114.36500695753836,7
morning,30.53055664981588,114.36524059981282,9
morning,30.530423280772574,114.36488941781676,5
morning,30.530341491082524,114.3650859756657,9
morning,30.53036466538736,114.3648741461572,5
morning,30.530534544764706,114.36504204466573,9
morning,30.530428869338625,114.36518491953424,6
morning,30.530700653330825,114.36517451552677,7
morning,30.53064497471578,114.36518156955846,6
morning,30.53064661129627,114.36495133337097,7
morning,30.53072449185072,114.3649269820245,8
morning,30.53029334008864,114.36510961098259,6
morning,30.53033215033738,114.36520744512043,8
morning,30.530628236912854,114.36485759844304,9
morning,30.530552656652006,114.36480348944012,6
morning,30.530595176564436,114.36496857477177,5
morning,30.53065702264904,114.36495166197868,8
morning,30.530397240791356,114.36506266141802,8
morning,30.53037110057783,114.36497079370154,6
morning,30.530554421690535,114.3652078320292,6
morning,30.53049486065262,114.36477254242018,8
morning,30.53059494723452,114.3650156799174,9
morning,30.53065681546481,114.36524520975348,8
morning,30.530663037512845,114.36486210136448,8
morning,30.530253102603762,114.36489663441228,8
morning,30.53071193803556,114.36505362723568,5
morning,30.530575286198435,114.3650101880527,7
morning,30.530382617304692,114.36505564507559,8
morning,30.530454906037516,114.36494329459249,8
morning,30.530299266204665,114.36504186589458,8
morning,30.530270186563364,114.36484619390475,5
morning,30.530287987204428,114.36506242228434,8
morning,30.530443418592952,114.36514354819691,9
morning,30.530458711251374,114.36501409121841,7
morning,30.53055917970421,114.36490747159962,6
morning,30.530585836822972,114.36508838678556,5
morning,30.530709841546816,114.36511766279742,6
morning,30.530414757049893,114.36516766130055,9
morning,30.530276689461882,114.36508516604815,8
morning,30.531284312282867,114.36572910272204,7
morning,30.530961530122088,114.36570363164535,8
morning,30.531431777052326,114.36547454988177,5
morning,30.53123879700693,114.365419389442,7
morning,30.531339321525248,114.36536999024266,7
morning,30.531084367337776,114.36543112467524,5
morning,30.530978696422466,114.36549658480703,6
morning,30.531180212831774,114.36537450999161,5
morning,30.531362475377378,114.36570628367521,9
morning,30.531077178965003,114.36551651143073,8
morning,30.53125715114212,114.36545951619004,9
morning,30.531114136728075,114.36546159748977,9
morning,30.53096516395543,114.36550064350698,8
morning,30.531049698686008,114.36560780994014,5
morning,30.531108312085482,114.3655646504324,9
morning,30.531150933818104,114.36574068460489,7
morning,30.530984957549226,114.36571332991227,9
morning,30.531326713594733,114.36559980240641,5
morning,30.531348517184423,114.36535704990064,6
morning,30.53115458205927,114.36542279922904,8
morning,30.531378472803212,114.36561685445811,8
morning,30.53114281386729,114.3658179413081,6
morning,30.531206010088106,114.36554218640282,6
morning,30.531100197631982,114.36557788783861,9
morning,30.531190585812976,114.36575687289509,8
morning,30.531117505274878,114.36577083128878,9
morning,30.53110755241418,114.36559600712975,9
morning,30.53112260181847,114.36580916424342,8
morning,30.53109437051574,114.36545332022332,7
morning,30.531432005645932,114.36563571040067,7
morning,30.531348674454986,114.36547681257967,9
morning,30.531093681431845,114.36577714143174,8
morning,30.53139165697163,114.36542051055697,9
morning,30.531178870274967,114.36549221137876,5
morning,30.531222328704033,114.36549248726138,8
morning,30.531226827665524,114.36576200303108,8
morning,30.531379117325702,114.36554879712482,5
morning,30.53112354609006,114.36575501633436,9
morning,30.53141300415987,114.36573440446887,5
morning,30.53130361926109,114.36545703066211,7
morning,30.531442084750115,114.36557701230514,8
morning,30.530964708034098,114.36536807947057,7
morning,30.531330792078265,114.36581317255427,9
morning,30.53121923457226,114.36537359851934,5
morning,30.531180237633674,114.36572426092512,9
morning,30.531086962517826,114.3653889009311,5
morning,30.53100926809969,114.36572376063181,5
morning,30.531326778828397,114.36535734832565,8
morning,30.531198263284512,114.3658158682123,7
morning,30.530976016131245,114.36576085772342,6
morning,30.531282429281926,114.36545688513971,7
morning,30.53113309614162,114.36561779983815,8
morning,30.530970776219505,114.3657563679502,9
morning,30.531408835389463,114.3657713522013,7
morning,30.531066360987634,114.36566593544345,9
morning,30.531276610050313,114.36537634477243,7
morning,30.53136678058839,114.36556742130422,8
morning,30.531289657793902,114.36560133706438,7
morning,30.53121996161374,114.36566490305343,8
morning,30.531051133955785,114.36572288919189,9
morning,30.53128811032608,114.36578495343657,5
morning,30.53111022932312,114.36543072265263,6
morning,30.53096839942164,114.36542795168151,7
morning,30.53098641037242,114.36538504031232,9
morning,30.531315712930578,114.36553051301017,6
morning,30.531320108549306,114.36563796825034,6
morning,30.53102523319795,114.3655116782171,7
morning,30.53108418672813,114.36551107070278,6
morning,30.531149283477582,114.36552048275539,7
morning,30.531121740589096,114.36544881513665,5
morning,30.531229129836593,114.36548213656327,6
morning,30.531035852428978,114.36583537402414,5
morning,30.531179763547502,114.36552537675858,9
morning,30.531150665733726,114.36558729380462,9
morning,30.530990660827214,114.36557133823615,8
morning,30.531031500145744,114.36576607097581,8
morning,30.531156017967092,114.36547255147688,6
morning,30.531081469788084,114.36547862735068,8
morning,30.531397022607862,114.36567566576012,5
morning,30.531013491004973,114.3653741752314,5
morning,30.531320363455997,114.36569794355596,7
morning,30.531286701662687,114.36559477942382,8
morning,30.53122459961628,114.36554787564526,7
morning,30.531275626091855,114.36576078675705,5
morning,30.531997918419258,114.36432052272775,1
morning,30.531761658159127,114.36450158994401,1
morning,30.531790695136497,114.36459900163351,1
morning,30.532179604978168,114.36450069886313,1
morning,30.53210770199987,114.36452623821305,3
morning,30.531939633682974,114.3643927800423,2
morning,30.531858318553226,114.36451943550142,1
morning,30.531857984480112,114.36427527938889,3
morning,30.532085580320842,114.36467951002588,2
morning,30.532225543983728,114.36459388265459,2
morning,30.532088286041166,114.3647232542628,3
morning,30.532091834833178,114.36467408788378,3
morning,30.53199375619648,114.36413023880593,3
morning,30.532037320933927,114.36404294846984,1
morning,30.531849749211414,114.36387861632528,3
morning,30.531736694710794,114.36408074959822,1
morning,30.531561264249014,114.36409638875968,1
morning,30.531555780719984,114.36401412518661,2
morning,30.53156445577087,114.36401915919066,3
morning,30.53155203728631,114.36403979232932,3
morning,30.531675805204426,114.36418609016361,1
morning,30.531558100887437,114.3637825872625,1
morning,30.53160906552909,114.3638725691165,3
morning,30.531679580095947,114.36383594918998,2
morning,30.53146179647182,114.36504598497083,3
morning,30.531336654259153,114.36499622120199,2
morning,30.531695038969353,114.36494357366465,1
morning,30.53126877130158,114.36468462878125,2
morning,30.531705654728373,114.36484509892435,1
morning,30.53149590091067,114.36477289384385,1
morning,30.531310758884583,114.36471571917045,3
morning,30.531671439507953,114.36464170310529,2
morning,30.53151948264314,114.36458661710371,2
morning,30.531356499066916,114.36496457287473,1
morning,30.53140736448123,114.36502413956754,1
morning,30.531318618354618,114.36484264776418,3
morning,30.53204546839278,114.36516228759334,3
morning,30.532083647257377,114.3654355716868,1
morning,30.532349278977264,114.36524073857734,1
morning,30.532248880777907,114.36519187335585,2
morning,30.532381203263448,114.3653764749055,1
morning,30.532003664970624,114.36525286083209,1
morning,30.53206207912023,114.36516845834342,1
morning,30.532241480774644,114.36495725099194,1
morning,30.5320629041501,114.36500841013819,1
morning,30.532241366770332,114.36514979139251,1
morning,30.53204521106328,114.36520211967301,2
morning,30.53238754398047,114.36541131859241,3
morning,30.531081461720415,114.36414928197146,1
morning,30.530934955518504,114.36421867845073,1
morning,30.530898626387053,114.36432459083993,1
morning,30.53093479574351,114.36445890433276,1
morning,30.53078442794779,114.36445112860687,3
morning,30.531060196172593,114.36409132953005,1
morning,30.531169340157582,114.36418777165619,1
morning,30.530959707294198,114.36433535856,1
morning,30.53084520468926,114.3641309028524,1
morning,30.530969737477022,114.36422022813342,1
morning,30.530804058772187,114.36453363167641,1
morning,30.531038579249206,114.36417491263076,2
morning,30.53101679161776,114.36484023661686,1
morning,30.530951040967757,114.36486050072786,1
morning,30.531033626856264,114.36451675005881,1
morning,30.53094219414798,114.36478817540765,3
morning,30.53072636294676,114.3649073309961,1
morning,30.530568797816233,114.3644968325503,1
morning,30.5309972851058,114.36465702760752,2
morning,30.53090468979599,114.36472205676331,1
morning,30.53103068070203,114.364551912448,1
morning,30.53096931004284,114.36493617260473,1
morning,30.530755047855816,114.36477733582973,1
morning,30.531021295639576,114.36481816865339,1
morning,30.531620403256266,114.36547268698347,3
morning,30.531620380825974,114.36534943281913,1
morning,30.531803085814207,114.36570405451994,1
morning,30.531554857282536,114.36535269689067,1
morning,30.53157373975936,114.36537480663803,1
morning,30.531416197886667,114.36537291999942,2
morning,30.531593595472426,114.3655559755485,1
morning,30.531829599648145,114.36568793646471,1
morning,30.53152602868407,114.36550671953123,1
morning,30.531484058452726,114.36545070956356,3
morning,30.53175282974217,114.36567081699297,1
morning,30.531531806781476,114.36537419407068,1
morning,30.530563753178374,114.36501885268139,1
morning,30.530567358545103,114.3650571234885,1
morning,30.53026508455032,114.36521755293253,1
morning,30.53034826542464,114.36480988516207,3
morning,30.53073341051403,114.36486576774071,1
morning,30.530469882894877,114.36488094285008,1
morning,30.53044586670286,114.36512119449696,2
morning,30.530677196485197,114.36489592573594,1
morning,30.530602209172695,114.36512624939435,2
morning,30.53067495714229,114.36476545955352,3
morning,30.530704769544624,114.36519291897291,1
morning,30.530534856462058,114.3650874179707,1
morning,30.531299329112514,114.365821311213,1
morning,30.530957964222527,114.36578299603221,3
morning,30.531341454110763,114.36556006874991,2
morning,30.53115496724342,114.36551836267262,1
morning,30.530990830203827,114.36566893482582,1
morning,30.531387820248092,114.3657851539212,1
morning,30.531364826928705,114.36573932052613,2
morning,30.530953814957428,114.36581609960177,1
morning,30.53105408820648,114.3656268104888,3
morning,30.531154571670864,114.3653611791165,3
morning,30.531237878478112,114.36548351875088,1
morning,30.531302846846657,114.36573413352156,1
morning,30.532120281056734,114.36460890124691,1
morning,30.531931369385138,114.3645485141224,1
morning,30.531897064150954,114.3643712271527,2
morning,30.531895983319455,114.36474146360881,2
morning,30.53221442453205,114.36471922198785,4
morning,30.531983205817916,114.36437667083074,4
morning,30.53221079319061,114.36450055305328,1
morning,30.532092223640237,114.36457907379095,3
morning,30.532094044434945,114.36442450866792,1
morning,30.532031343895106,114.36438017344969,1
morning,30.532158599953355,114.3644625562958,1
morning,30.53214587013061,114.36440320680917,3
morning,30.53206926928551,114.36455961567779,1
morning,30.531971851507922,114.36432815185317,1
morning,30.531969510385686,114.36448269698134,2
morning,30.531871330804655,114.36455513314127,2
morning,30.532088673469687,114.36453292984494,1
morning,30.531877173181375,114.36446445626162,1
morning,30.532110810586612,114.36439124589515,1
morning,30.532175738875264,114.36452811614984,3
morning,30.532042515200985,114.36436732623508,3
morning,30.532053234378996,114.36438023030487,1
morning,30.53193988535645,114.36426732622206,3
morning,30.531983026670524,114.36472536079746,2
morning,30.53203687246164,114.36384183838288,1
morning,30.53188137861274,114.36392169181363,4
morning,30.53189085396567,114.36387475113568,1
morning,30.53173977500447,114.36422847505956,2
morning,30.531881118531956,114.36389599433055,1
morning,30.531592215095294,114.36381949131861,1
morning,30.53184411000142,114.36405116737379,1
morning,30.532022154141114,114.36388747972448,1
morning,30.531623054177555,114.36378611877417,3
morning,30.531722048886742,114.36393837795161,1
morning,30.531830962958725,114.36420278765539,3
morning,30.531799456452976,114.36401983817794,1
morning,30.53159937423109,114.36399138024991,3
morning,30.5318651122281,114.36379739842384,1
morning,30.53188990374879,114.36414157816591,1
morning,30.531967273277434,114.36381760388721,1
morning,30.531871900645722,114.36409086591087,2
morning,30.532035473419494,114.36383987881393,4
morning,30.53164000178926,114.36410273575302,1
morning,30.531894224664363,114.36417059886256,2
morning,30.53194756987369,114.36412096124198,1
morning,30.531584569379515,114.36383350192588,2
morning,30.531977093152257,114.3640415427412,2
morning,30.532042827036605,114.3639035013215,2
morning,30.531613696907108,114.36499014850126,4
morning,30.531725098054604,114.36463495816768,1
morning,30.531508084137815,114.36486893050525,2
morning,30.531645466230724,114.36472703625631,2
morning,30.531410865420753,114.36495068435886,3
morning,30.531422046563595,114.36455610937506,3
morning,30.53140702346334,114.36462187220937,1
morning,30.531291382998397,114.36494135459756,4
morning,30.531594329348128,114.36495600378531,1
morning,30.53132379930366,114.36478126875829,3
morning,30.531438796612978,114.36472588456506,3
morning,30.53135825027568,114.36476807886872,1
morning,30.531610125985964,114.36480568363896,4
morning,30.531444562026532,114.36498005985443,2
morning,30.531399016693417,114.364618617387,1
morning,30.531691414602196,114.36470185530294,3
morning,30.531339793746653,114.36484133158895,3
morning,30.53158053685434,114.36486184675893,1
morning,30.53125665551928,114.36467909542264,2
morning,30.531551072792546,114.3648756878314,4
morning,30.531389401787486,114.36487675263947,3
morning,30.531580094241757,114.3646074004336,3
morning,30.531568229745428,114.36489851166493,4
morning,30.531597002584725,114.36469734303644,1
morning,30.53209430671188,114.36510046282935,2
morning,30.53219833602571,114.36510861209469,3
morning,30.53236234525242,114.36513752682602,3
morning,30.53230322671087,114.36532589923645,3
morning,30.532314118375197,114.36514934844425,1
morning,30.53214454980554,114.36524163140577,2
morning,30.532216269097802,114.36526192395736,2
morning,30.532160145863788,114.36525938304173,2
morning,30.53197276277943,114.36498066028977,3
morning,30.532333652063453,114.36501364731267,1
morning,30.53216602692039,114.3653896421394,2
morning,30.532336714598227,114.36526069074617,1
morning,30.532041282515717,114.36526577396519,4
morning,30.53208151115368,114.36507681717711,4
morning,30.53232623204243,114.36538870105124,1
morning,30.532001620575794,114.36495392419646,4
morning,30.532130482918532,114.3653614324852,1
morning,30.53237201129694,114.36526343753938,4
morning,30.532282677045586,114.36532783275928,1
morning,30.53199081661226,114.36503417685968,3
morning,30.53208713662698,114.3651615238113,1
morning,30.532410540244893,114.36525111202647,1
morning,30.53216001950319,114.36509728443976,3
morning,30.53211973570879,114.36520325209194,1
morning,30.531154198122632,114.36447747219451,2
morning,30.531078533477967,114.36429931865558,2
morning,30.53083170640827,114.36449663755774,1
morning,30.530816291177246,114.36454143906016,1
morning,30.530820673868018,114.36416570449117,2
morning,30.53077017879957,114.36432077506777,1
morning,30.531104043869455,114.3644914896214,1
morning,30.530950054381126,114.36442612540151,1
morning,30.531120234055596,114.36437865058754,4
morning,30.53119506940026,114.36454997895794,3
morning,30.531108349199254,114.36408064160241,1
morning,30.531014506497435,114.36430768474726,2
morning,30.53081991800772,114.36452292627182,4
morning,30.53076327115407,114.36426821136097,4
morning,30.530777243383888,114.3643325145461,1
morning,30.531006871625515,114.3643810413686,1
morning,30.530800997151903,114.36420586924531,4
morning,30.530948018012428,114.36418132656549,1
morning,30.5312086801625,114.36418740085752,1
morning,30.53098588571636,114.36416574174675,4
morning,30.530900534823186,114.36417721165574,3
morning,30.530851371765436,114.36420533541093,2
morning,30.531136222432604,114.36423627667078,4
morning,30.531054376816336,114.3641421418011,1
morning,30.530696794907772,114.36453491939139,4
morning,30.530885890634497,114.3645697461753,3
morning,30.53082274814801,114.36483970956287,4
morning,30.53088466232164,114.36453395903871,3
morning,30.530898913832438,114.36476471387884,1
morning,30.53078607533462,114.36460205555345,4
morning,30.53092911168952,114.36480713038186,1
morning,30.53072821193076,114.36481874793071,2
morning,30.530819195904233,114.36480368360222,4
morning,30.530752799741865,114.36494315155188,4
morning,30.53084953353424,114.36467861922597,4
morning,30.531013165214183,114.36458470176265,2
morning,30.530747757427434,114.36483946606872,3
morning,30.531033787494177,114.36470669639446,1
morning,30.53090304006027,114.3644550520488,4
morning,30.53088878243499,114.36492604829746,3
morning,30.53073376242225,114.36479208998185,1
morning,30.53077361963845,114.3649231270504,1
morning,30.530943192290554,114.3645094005207,3
morning,30.53065553078239,114.36465574739229,4
morning,30.530982281335984,114.36452822475636,1
morning,30.530639073263156,114.36489413914076,2
morning,30.530969816367943,114.36462079308778,2
morning,30.53082876461184,114.3645347424584,1
morning,30.531792122679235,114.36530903768956,2
morning,30.531831367809886,114.3656703630543,4
morning,30.53147553031966,114.36565643735072,1
morning,30.53172708681594,114.36545572854867,4
morning,30.53180433659486,114.36541770148139,2
morning,30.53182083836159,114.36568279478738,4
morning,30.531370830790742,114.36568151965633,2
morning,30.5313904445207,114.3657315660246,1
morning,30.53153700531227,114.36525012261563,1
morning,30.531790194914866,114.36546610592335,1
morning,30.531386265584835,114.3656099843173,3
morning,30.531355054035828,114.3653476823236,3
morning,30.531658940259153,114.36537110772173,2
morning,30.531823119933556,114.36571600776914,2
morning,30.531805377094447,114.36542935800415,1
morning,30.531512860421063,114.3655917588927,3
morning,30.53150368954955,114.36568553908401,1
morning,30.531542013755377,114.3654070203069,4
morning,30.53183753763785,114.36528217757946,1
morning,30.531355869800294,114.36537173126479,2
morning,30.53155571638256,114.36526239151499,1
morning,30.53138071215006,114.36526527265313,4
morning,30.53140025649419,114.36567759866172,1
morning,30.53153146665681,114.36558091133094,1
morning,30.530686766123694,114.36481983130574,4
morning,30.530542639484647,114.36485822650887,1
morning,30.530675848612407,114.36499699425538,1
morning,30.53025392372059,114.36518778086186,2
morning,30.530607624703496,114.36481596966536,1
morning,30.530577297336656,114.36500698491845,1
morning,30.530407930373123,114.36507057526296,2
morning,30.530699990150637,114.36486698070331,1
morning,30.53067972728122,114.36517433193663,3
morning,30.530529716026038,114.36519271514177,4
morning,30.53043252029439,114.36499580172094,2
morning,30.530297378196302,114.36504625291101,1
morning,30.53060469408054,114.36480196891532,2
morning,30.53057922250252,114.36482742712566,4
morning,30.530555410313923,114.36514709330972,2
morning,30.530716969327578,114.36493686039842,2
morning,30.53053069125145,114.36497975020158,3
morning,30.530378551528216,114.36498883136038,4
morning,30.5305516564555,114.36513107481447,3
morning,30.53025486214061,114.36497910467908,1
morning,30.53036367578692,114.36498161802676,4
morning,30.530576090622287,114.36480208298018,2
morning,30.530388555583652,114.36478406280102,1
morning,30.530685349543692,114.3650246921695,4
morning,30.531156249463248,114.36554535544688,4
morning,30.531070005397314,114.3655140715674,1
morning,30.531421627304624,114.3658390376209,2
morning,30.531203460277347,114.36581048921094,4
morning,30.53103570916847,114.36576434833744,1
morning,30.531279729649153,114.36544252836319,4
morning,30.531367536186032,114.36570076771879,2
morning,30.531433218913683,114.36555075920184,2
morning,30.531365078774492,114.36537371076189,2
morning,30.530995564542206,114.3655018698507,1
morning,30.531258161556583,114.36540134731734,2
morning,30.53115043868729,114.36572989992824,2
morning,30.53130011799211,114.3656949479675,1
morning,30.531269679203284,114.36576069345942,2
morning,30.531269173393987,114.36541179785804,1
morning,30.531015417695585,114.36556336519351,4
morning,30.531201370345638,114.36535744245411,4
morning,30.53102851333968,114.3656911300978,2
morning,30.53136405981409,114.36536930221727,1
morning,30.531057232819876,114.36535703887768,2
morning,30.5312005467396,114.36567695956771,2
morning,30.53112310735867,114.36579164997907,1
morning,30.53098009046595,114.36560933590779,1
morning,30.53127987386187,114.36535620932169,1
noon,30.53342259655072,114.36706117544932,6
noon,30.53363214434626,114.36686392424713,8
noon,30.533704040282934,114.36675502943444,5
noon,30.533632752184275,114.36689035680028,8
noon,30.53339773044032,114.3670652203952,6
noon,30.53326829341036,114.3671751291608,7
noon,30.533469494720837,114.36712264004841,5
noon,30.533611648074654,114.3671575208375,6
noon,30.533312353448803,114.36690671905599,7
noon,30.533372303143583,114.36701568882727,6
noon,30.533673476417288,114.36705636779831,7
noon,30.53362326126471,114.36690888169649,8
noon,30.533504659623446,114.36695216661386,5
noon,30.533452532646187,114.36685753995873,7
noon,30.533620363178915,114.36707655231353,4
noon,30.53366598267024,114.36701607803221,4
noon,30.533371012517215,114.36721770753839,5
noon,30.53333155416931,114.3671229979442,8
noon,30.533376973722326,114.36677146338734,5
noon,30.53349469418405,114.36718032913677,4
noon,30.53364171651072,114.36710163967669,8
noon,30.533649037739927,114.36675850200308,5
noon,30.53355726751259,114.36683559606588,7
noon,30.53361578785722,114.36687992173893,7
noon,30.533671365535707,114.36703966610617,7
noon,30.533560052434567,114.36705016577528,6
noon,30.53362596743781,114.3672082843193,6
noon,30.53359477048042,114.36722933948036,5
noon,30.5334411309611,114.36699764274188,8
noon,30.53339084021601,114.36713975708453,8
noon,30.533366553209135,114.36691592488096,5
noon,30.533403161655723,114.36722466374273,6
noon,30.53327453736571,114.36704119739564,8
noon,30.533749337769336,114.36702426527957,7
noon,30.5334441738111,114.36723994226533,7
noon,30.533359137190104,114.36680111657355,8
noon,30.533729130865122,114.36698067583646,7
noon,30.533500709180075,114.366789894152,4
noon,30.53369384868307,114.36713338556912,6
noon,30.533319270442348,114.36709291447355,8
noon,30.533314088084094,114.36718426440758,6
noon,30.533250000787078,114.36699307252314,6
noon,30.5335985455739,114.36680094109042,5
noon,30.53372827729285,114.36713180216623,4
noon,30.53332038143459,114.36700100519904,5
noon,30.533661933388213,114.36701173389018,8
noon,30.53359246081828,114.36679408844212,7
noon,30.533501104477256,114.36696048859964,7
noon,30.533403844872115,114.36741059429939,4
noon,30.53355177602908,114.36737154012293,7
noon,30.53334510247864,114.36746908875463,8
noon,30.533442194653812,114.36767700216144,8
noon,30.533372609938244,114.36726604703428,6
noon,30.533224567615484,114.36735508104744,7
noon,30.533491555162925,114.36746001699353,8
noon,30.53350212001116,114.36740153784302,5
noon,30.533532834011655,114.3677231086532,8
noon,30.53331996710696,114.3672616106296,5
noon,30.533570071654296,114.3672704873232,5
noon,30.53356229704081,114.36742679858396,7
noon,30.533373252629527,114.36772365109086,6
noon,30.533373573972728,114.36773036752105,7
noon,30.53353007542476,114.36751422958436,7
noon,30.533327908944948,114.36768848581634,5
noon,30.533570481449974,114.36738772551413,6
noon,30.53358457518964,114.36767214682433,4
noon,30.533640404861913,114.36742944451207,4
noon,30.533499195658745,114.36744877749805,7
noon,30.53361352245244,114.36763254162986,8
noon,30.533312491527138,114.36736841061563,7
noon,30.533552423330516,114.36738665198415,8
noon,30.533373450022747,114.36774226206866,8
noon,30.53336841621635,114.3675109304006,4
noon,30.53325845211089,114.36756957419793,8
noon,30.5335263778523,114.36758729104265,6
noon,30.53357966355371,114.36737440367807,6
noon,30.53344154011723,114.36740538919764,6
noon,30.53361517109197,114.36772084364515,8
noon,30.533409254067863,114.36746286520615,7
noon,30.533301854684538,114.36754539850205,7
noon,30.53318041391288,114.36770231265756,8
noon,30.533387398015112,114.36774684953443,6
noon,30.533630248152537,114.36737883928498,8
noon,30.533217647126474,114.3672644965742,5
noon,30.533339300716836,114.36760093863633,4
noon,30.53317515167668,114.36734577631277,4
noon,30.533440727640233,114.36760001545046,4
noon,30.533183493438248,114.36725452851006,5
noon,30.533542348299914,114.367658823353,8
noon,30.533436002550076,114.36764649581625,4
noon,30.53350435484685,114.36735949601471,5
noon,30.533264263013262,114.36755129562896,5
noon,30.533572490384255,114.36747358385429,7
noon,30.53343616363666,114.36746511527652,4
noon,30.533479839043174,114.36767252239449,8
noon,30.53344642062803,114.36751300598846,5
noon,30.532836228477823,114.36687017503901,5
noon,30.532853368629993,114.367039089761,8
noon,30.532918066628955,114.3667808909814,5
noon,30.533124374688008,114.36661906477771,5
noon,30.5329446178609,114.36675702159172,8
noon,30.533129433382257,114.36658833697113,6
noon,30.532769267251773,114.36697045520029,8
noon,30.532814632040527,114.36691763471181,8
noon,30.53324442367001,114.36692211347992,4
noon,30.5331818652343,114.366978062271,4
noon,30.53306082972967,114.36688986671754,8
noon,30.53297612037381,114.36670958588422,5
noon,30.533036114075102,114.36669765603376,7
noon,30.532916238445484,114.36700063118215,6
noon,30.532894679792527,114.36689975351237,8
noon,30.532794478189206,114.36699283439299,8
noon,30.532823708264626,114.36687590398269,6
noon,30.533114547206146,114.36666363784147,8
noon,30.53280915871735,114.36670546932523,6
noon,30.53301998629442,114.36667398341838,7
noon,30.53308785104779,114.36693346521754,8
noon,30.53296723024928,114.36671576998047,4
noon,30.53324295248666,114.36694397500597,5
noon,30.532841055799324,114.36695278422863,5
noon,30.53286477174266,114.36670016526665,7
noon,30.53276677897827,114.36662769011575,5
noon,30.532871674269625,114.36683497805029,6
noon,30.532932332660888,114.36685954005628,7
noon,30.53302773243386,114.36667419394051,7
noon,30.532763209954485,114.36681663680467,4
noon,30.533159594436835,114.36692247995597,5
noon,30.533238941357386,114.3669668460029,7
noon,30.532865002155088,114.36699169963508,6
noon,30.53278381314285,114.36660939508883,7
noon,30.53292832485122,114.36691090938257,7
noon,30.532906138435216,114.3665711150209,5
noon,30.532920487969786,114.36702146112584,8
noon,30.532904129282255,114.36674765041595,7
noon,30.533209546260398,114.36665113494459,6
noon,30.533005479634472,114.3667627020023,7
noon,30.53275992601339,114.36701658462279,8
noon,30.533098556175215,114.36672983211385,7
noon,30.532985638057735,114.3670407954762,7
noon,30.532870039938718,114.36685146600927,4
noon,30.533191167975293,114.36681649873437,7
noon,30.532847124621394,114.36691630098022,8
noon,30.533081487681418,114.36704908117721,5
noon,30.53306449134868,114.36664264541906,4
noon,30.532925821109608,114.36641122050717,6
noon,30.532779291912227,114.36666682346024,8
noon,30.532739517784528,114.36632920598751,8
noon,30.532587265685933,114.36671680566627,4
noon,30.53281716380575,114.36630227410213,4
noon,30.532799072164853,114.36651533781227,4
noon,30.53271105584475,114.36648300794172,6
noon,30.532612361256035,114.36641945237021,6
noon,30.533034474396157,114.36638944649611,7
noon,30.53262127119549,114.36657642566092,7
noon,30.532979952584036,114.36646458790558,4
noon,30.53269463087701,114.36669083340075,5
noon,30.532866409275712,114.36659245399315,8
noon,30.532649016376574,114.36673245246146,8
noon,30.532633739526236,114.36662876941008,8
noon,30.532643072154304,114.36673445289999,6
noon,30.53288439634255,114.3665337015046,8
noon,30.532625812183564,114.36643483337446,8
noon,30.532795300344247,114.36643042583843,4
noon,30.53292107761067,114.36673235713207,8
noon,30.532695848363222,114.36641595670692,4
noon,30.53285270033206,114.36656766287588,6
noon,30.53276636602625,114.3663715335976,6
noon,30.532714872275857,114.36657391383201,4
noon,30.533011642470502,114.36669051310002,5
noon,30.532994443266777,114.36653316427403,5
noon,30.532567313833884,114.36625145214771,4
noon,30.532812230462078,114.36630064954593,7
noon,30.53292259534923,114.36658527347586,5
noon,30.532750558868493,114.36674116687927,4
noon,30.532797504018998,114.36671130129756,6
noon,30.533021256094727,114.36626445674764,7
noon,30.532810258875166,114.36665357630301,6
noon,30.53259183547103,114.36627530148388,4
noon,30.532951329772477,114.36629239499923,6
noon,30.53265758195785,114.36660133877189,7
noon,30.532663982270336,114.36637876491461,8
noon,30.533008660891664,114.3664213309179,6
noon,30.5327310492632,114.36638876537185,4
noon,30.532924492305142,114.36653378578288,5
noon,30.532863244301883,114.36672290919302,5
noon,30.53284059189699,114.36646727756664,6
noon,30.533044884009648,114.36669881462055,4
noon,30.53292662099125,114.3663121837373,7
noon,30.53278795158535,114.36674287920034,4
noon,30.532975090453085,114.36666999205211,5
noon,30.53304343116519,114.36658126102472,4
noon,30.532959755739157,114.36663046837471,4
noon,30.53430832804107,114.36869033701399,7
noon,30.534619326114477,114.36834471138397,5
noon,30.53469854572384,114.36871289517758,5
noon,30.534706721060978,114.36835724729511,4
noon,30.534357436078448,114.36855695931334,6
noon,30.53450485738053,114.36857530903879,5
noon,30.534500038167945,114.3686005400708,7
noon,30.534409203954993,114.36848923393282,6
noon,30.534474592398293,114.36845189225444,6
noon,30.534622022397734,114.36859513657404,5
noon,30.534717495344566,114.36865985527947,5
noon,30.534341490656136,114.36869093683082,7
noon,30.534328354644874,114.36853527194701,5
noon,30.534626807244212,114.36844299213904,4
noon,30.534373803579577,114.36869587577303,6
noon,30.534262878181007,114.36858542291877,8
noon,30.534627599712458,114.36862638770381,4
noon,30.53448842026182,114.36829004065936,7
noon,30.534504352304737,114.36852484326485,8
noon,30.53427390296795,114.36837093158897,6
noon,30.534727483541232,114.36852107209171,5
noon,30.534735368594752,114.36831371149329,7
noon,30.534488451691743,114.36864590151363,4
noon,30.534519853176683,114.36849627842561,8
noon,30.534555311893982,114.36851655132725,6
noon,30.534623695766896,114.36832726027704,5
noon,30.534706663297104,114.36857635328407,8
noon,30.534719772499205,114.36870261658355,4
noon,30.53452936840178,114.36873810627434,5
noon,30.534478692823637,114.36839746179298,8
noon,30.534408800195447,114.36850664451579,8
noon,30.53474681646553,114.368252328758,5
noon,30.534721548045077,114.36852620540367,7
noon,30.534641930896864,114.36835649697765,4
noon,30.534456387562148,114.36842814321382,6
noon,30.534539903281434,114.36839819800568,5
noon,30.534662408323335,114.36846700439752,8
noon,30.53436911687093,114.36856169896683,8
noon,30.534275163730545,114.36852916361465,7
noon,30.53428209059579,114.36830389163599,5
noon,30.5343758478222,114.36863813189687,7
noon,30.534338472566937,114.36874717327628,5
noon,30.534671782834224,114.36839837737745,7
noon,30.534409865305495,114.36865450325573,4
noon,30.534389439258423,114.36857040756945,7
noon,30.53445164237882,114.36831138822409,7
noon,30.53444023950102,114.36861127252558,5
noon,30.53448831651691,114.36844742152788,4
noon,30.53426579837306,114.3680252177999,6
noon,30.53411273575551,114.36787371545519,7
noon,30.534242222300495,114.36782514416494,8
noon,30.534392312510562,114.36788683160266,5
noon,30.53454672910026,114.36790927053049,8
noon,30.534315752345776,114.36789617505227,8
noon,30.534498033036527,114.36820466320313,7
noon,30.53441459853343,114.36818795574773,5
noon,30.534360844179165,114.36809897833867,8
noon,30.5341387433,114.36818280437177,6
noon,30.534531811517635,114.36776719106382,8
noon,30.5342150333048,114.36823233707915,8
noon,30.53442211537289,114.36783190577255,7
noon,30.534421976586373,114.36811512974229,8
noon,30.53429340743311,114.36810633061235,4
noon,30.534158405831914,114.36790201314116,5
noon,30.534230947948007,114.36795138007359,5
noon,30.534134974493757,114.36794213325413,8
noon,30.534165397293396,114.36801116500446,5
noon,30.534148990926877,114.36798003045772,5
noon,30.534448254071243,114.36778754458328,7
noon,30.534211032584718,114.36779908218352,5
noon,30.534395061240485,114.36802964882979,4
noon,30.53423910857816,114.36779057874864,5
noon,30.534276880680398,114.36799624071443,4
noon,30.534192059162454,114.36805033494879,5
noon,30.53451056961074,114.3679235413336,8
noon,30.53405333575702,114.3681353528135,7
noon,30.534532816982278,114.36794947246791,6
noon,30.53445379820247,114.36781010878816,7
noon,30.53433438181697,114.36799613041002,5
noon,30.53418132850653,114.3678781134625,7
noon,30.534154452519267,114.36811498215589,8
noon,30.534271221819452,114.36817127776465,4
noon,30.534387646740807,114.36789201854435,5
noon,30.534157913214973,114.36810348509646,7
noon,30.534059418115543,114.36811739750324,6
noon,30.53442759417861,114.36787752792274,6
noon,30.5343799217375,114.3681304374807,8
noon,30.53417624534312,114.36803648803803,5
noon,30.534198080428148,114.3680866686616,6
noon,30.53415575731742,114.36806146745533,7
noon,30.53451799234257,114.36796459093678,5
noon,30.534435302943717,114.36821166087145,5
noon,30.534543348431992,114.36823196583569,6
noon,30.534138681023766,114.3682282411267,7
noon,30.53409943655104,114.36808638133006,4
noon,30.534496985605074,114.36807634137938,4
noon,30.535582315748538,114.36784444438739,7
noon,30.53553202538212,114.3682211853446,7
noon,30.535688290650345,114.3677539143919,8
noon,30.535280674882124,114.36786606917633,4
noon,30.535555654310794,114.36783082482349,8
noon,30.53563122327668,114.36776392998323,4
noon,30.535528808000468,114.36815598976412,7
noon,30.53566481008056,114.36816130167739,8
noon,30.53566628764423,114.36780126980115,5
noon,30.535286246221784,114.36786705890108,4
noon,30.535402557207416,114.36817873292027,8
noon,30.535435415312975,114.36802772449028,7
noon,30.535495969660623,114.36818881765967,8
noon,30.535674356015218,114.36814929698322,8
noon,30.535562481257248,114.36814418936267,6
noon,30.535689555766346,114.36811071483305,5
noon,30.53550024656312,114.36818986793772,6
noon,30.535528200716296,114.36785680528135,4
noon,30.535698676876986,114.36814603561169,5
noon,30.535452994719567,114.36819845666197,4
noon,30.53546841898824,114.36791678577742,6
noon,30.53533841672701,114.3679083142049,5
noon,30.535346300093845,114.36793200191048,6
noon,30.535339921570227,114.36776473445397,7
noon,30.53528799348163,114.36777011674569,6
noon,30.535308537563136,114.36803250689285,5
noon,30.53538491959852,114.36802225842041,4
noon,30.535742265405492,114.36776610498815,7
noon,30.535625378440393,114.36796397797379,6
noon,30.53527082342383,114.36791014729253,8
noon,30.535561152468677,114.36817225533065,8
noon,30.535325175220805,114.36789494881349,7
noon,30.535717993743443,114.36793954073917,7
noon,30.53555770869553,114.36805584077213,5
noon,30.53561419489091,114.36788664185708,6
noon,30.53562277628009,114.36783301790962,6
noon,30.535678289856428,114.36822284511848,6
noon,30.535692415501828,114.36796244656081,4
noon,30.535733211054072,114.36807158430278,5
noon,30.53560870921032,114.36798255974516,7
noon,30.535320262005413,114.36821301320842,8
noon,30.53547635710935,114.36813975408315,5
noon,30.535485431855122,114.36792517238818,5
noon,30.53560448391909,114.36803778095478,6
noon,30.535617628502884,114.36810443840385,4
noon,30.535531098771546,114.36800122762459,4
noon,30.535324240433884,114.36796343577991,8
noon,30.53548626545292,114.36817798542454,7
noon,30.535071663936034,114.36783065885167,5
noon,30.53488993107258,114.36779894885785,5
noon,30.534824748707695,114.36777982666443,4
noon,30.534902907295816,114.36787659290947,6
noon,30.535135885231547,114.36755347549483,8
noon,30.535069848940562,114.36762844389622,5
noon,30.535221801916713,114.3675623308401,8
noon,30.535156628599488,114.36757856452586,6
noon,30.534844938173187,114.36755756181758,4
noon,30.534911903136727,114.36780495785897,4
noon,30.535032014341184,114.36765466416465,8
noon,30.53494901395672,114.3679922263313,7
noon,30.535140972170673,114.36777072714472,6
noon,30.535001894585264,114.36774088975962,6
noon,30.535150850971412,114.3679620021894,8
noon,30.53505240400631,114.3678981643713,4
noon,30.534891777724255,114.36788289030883,7
noon,30.535237430550346,114.36801554603771,8
noon,30.53519439634307,114.3676772797464,6
noon,30.53484807151188,114.3676567920777,5
noon,30.534981545552583,114.36788830455627,4
noon,30.534900382098073,114.36756120645151,4
noon,30.534849221406688,114.36761942984097,7
noon,30.534893332338303,114.36787726688672,8
noon,30.534790305126165,114.36790843698351,4
noon,30.53482348521886,114.36777745889975,6
noon,30.53522396701442,114.3678343355819,7
noon,30.534889758340842,114.36786433187525,5
noon,30.534810360752683,114.36794424631114,4
noon,30.535142169755055,114.36801305224544,6
noon,30.534934016220422,114.3680344540141,7
noon,30.534760642140657,114.36804221426574,6
noon,30.534812918693977,114.36772523405276,6
noon,30.5348138994758,114.36764302738682,7
noon,30.535207412663272,114.36798315569199,6
noon,30.535001389714957,114.36804044291857,5
noon,30.53514445088723,114.36788738657935,8
noon,30.535082852000592,114.36770393509649,6
noon,30.535228687758273,114.36757660158979,4
noon,30.534988199032746,114.36765061212644,4
noon,30.534799920678157,114.36792296348656,6
noon,30.534941385785007,114.36789889734632,4
noon,30.534899159905816,114.36759869269198,5
noon,30.534767027185676,114.36778291318177,7
noon,30.534934272843845,114.36780223370835,6
noon,30.534960658222086,114.3680341583042,8
noon,30.53478149832733,114.36766541023873,5
noon,30.535089550075515,114.36796084279328,8
noon,30.533709041965974,114.3660914566444,8
noon,30.53356376401729,114.36587841736336,4
noon,30.5338597378054,114.3658902127743,8
noon,30.533760131759657,114.36613332027433,4
noon,30.53398967439997,114.36610174601951,7
noon,30.533610726950005,114.36617917031253,6
noon,30.533717971017897,114.36577804108052,5
noon,30.533550821703393,114.36610539418545,6
noon,30.533933236141703,114.36605624552281,8
noon,30.533642791093243,114.36595502825251,4
noon,30.53397599833361,114.36588860538393,6
noon,30.534035398735504,114.3661365011803,5
noon,30.53364248600382,114.36582359937115,6
noon,30.533793769868524,114.36602754474657,8
noon,30.533967203315157,114.36616667490242,5
noon,30.53382095951827,114.3660590721992,8
noon,30.53374245426092,114.36608227792125,4
noon,30.533620065425342,114.36624662601967,7
noon,30.533921514662584,114.3662112762886,6
noon,30.533708292204974,114.36619793417749,6
noon,30.533725208905018,114.36616583956,5
noon,30.53376563410786,114.36605605293616,7
noon,30.534036123299213,114.36624023855003,8
noon,30.533988856615654,114.36591358892133,4
noon,30.533582170948517,114.36609793831954,5
noon,30.533980395233453,114.36624459871344,5
noon,30.533781035547452,114.36601546082271,4
noon,30.533982784296683,114.36597169098155,8
noon,30.534033466050843,114.36624270104707,8
noon,30.533693574084175,114.36576092785687,8
noon,30.533880440260173,114.36608954105019,6
noon,30.533990525116504,114.36595922941976,5
noon,30.533959493811267,114.3659206667925,7
noon,30.533598728753045,114.36583973956257,4
noon,30.53387690868965,114.36585548903099,6
noon,30.533552216907605,114.3659174285048,5
noon,30.533654448342414,114.36623149775079,8
noon,30.533759203838176,114.36591420498956,8
noon,30.533862383584854,114.36582726255119,4
noon,30.533856514922714,114.36590781442376,8
noon,30.53403927152883,114.36589754056249,6
noon,30.533751136000383,114.36623524193847,7
noon,30.53398162221956,114.36585997327734,8
noon,30.53402554675155,114.36584639702433,6
noon,30.533646590425462,114.36606695665817,5
noon,30.533750915657286,114.36623003263004,8
noon,30.53404074255632,114.36597154835844,6
noon,30.533606394891038,114.36620938349026,7
noon,30.533565333294952,114.36721131840046,1
noon,30.53345697845194,114.36685714722346,1
noon,30.53359745971586,114.3669519683827,3
noon,30.53335736682517,114.36703069728846,1
noon,30.533446142044458,114.36682476420282,2
noon,30.53371064981994,114.36685051662643,2
noon,30.53366915135373,114.36713294157107,1
noon,30.533699348728558,114.36675296038656,3
noon,30.533416760580096,114.36716620592892,1
noon,30.53349047847646,114.36685893132962,2
noon,30.533285096158338,114.36686980871336,1
noon,30.53345531655442,114.36724852668445,1
noon,30.533749734744585,114.36724978323555,1
noon,30.533381070761834,114.36701752712877,1
noon,30.533516985213115,114.36686675651724,3
noon,30.533643050251182,114.36721777572167,1
noon,30.533343408728555,114.3673806897299,3
noon,30.53335225754714,114.36729835782326,4
noon,30.533633463534738,114.36744639914252,1
noon,30.533271631197234,114.36769999119691,3
noon,30.533639641759635,114.36764488460742,1
noon,30.53353985458548,114.36764021539548,2
noon,30.533402143792802,114.36765181381926,4
noon,30.53363204119697,114.36762473192883,1
noon,30.533380844236863,114.36737414803972,1
noon,30.533288456043543,114.36771685342974,1
noon,30.53341417006825,114.3674614963179,1
noon,30.53340804968824,114.36731574190755,3
noon,30.53318880238105,114.36733045431747,4
noon,30.533468699522825,114.36768336720817,1
noon,30.53326766620379,114.36747127786988,1
noon,30.5334198142042,114.36738545730306,4
noon,30.53321943656951,114.36667487679492,1
noon,30.533072752829323,114.3669234951103,1
noon,30.532767644522398,114.36686145963527,3
noon,30.532889600438736,114.36669348928537,1
noon,30.532977738065874,114.36685736494952,4
noon,30.532966059808082,114.36673101481212,4
noon,30.533117179798303,114.36702494150546,3
noon,30.53315463998001,114.36673842508556,1
noon,30.532989287666403,114.36663325831358,1
noon,30.532776365824464,114.36655379429075,2
noon,30.532985974707323,114.36664257530617,1
noon,30.53317345443444,114.36670933724018,4
noon,30.533078466986193,114.36691291700633,2
noon,30.533091372975054,114.36667897242965,1
noon,30.533132121994512,114.36703630205812,1
noon,30.53297406941795,114.36694855665935,4
noon,30.53279198144819,114.36652122691683,1
noon,30.532828929187602,114.36666780167526,1
noon,30.532671510131774,114.36640078613148,2
noon,30.53296249665345,114.36674902692438,2
noon,30.53271956723196,114.36658355298488,1
noon,30.532796095275724,114.3666588496087,1
noon,30.532785622579894,114.36666364766822,1
noon,30.532785846827533,114.36639522913484,1
noon,30.53279215533866,114.36671715367008,1
noon,30.53304512825674,114.36640582361214,3
noon,30.532789827851783,114.36654686859413,4
noon,30.532641912813027,114.36647527095117,1
noon,30.532693982631226,114.36673038850898,1
noon,30.532869243841688,114.36635889508158,4
noon,30.532644405387636,114.36659861161169,1
noon,30.53261477418129,114.36644680754242,1
noon,30.534739824888053,114.36826780274289,1
noon,30.534611983749247,114.36849323029654,1
noon,30.53430485875001,114.36838052900063,2
noon,30.534611140105827,114.36859217525198,3
noon,30.534384303053127,114.36842514550827,3
noon,30.534483778446116,114.36867547003388,1
noon,30.534652100982754,114.36835149520593,1
noon,30.534350628713202,114.36857634250562,1
noon,30.534351301479745,114.36842218225713,3
noon,30.534268628431846,114.36864255747318,2
noon,30.534317939228824,114.36837281457635,2
noon,30.534721753242422,114.36852420201608,1
noon,30.534743046345625,114.36848993528326,1
noon,30.534703040699995,114.36874327481823,4
noon,30.53445067475988,114.36855842970729,4
noon,30.53461747851947,114.368445296871,3
noon,30.534051829387295,114.3680779071877,1
noon,30.53454803289864,114.36805348411285,1
noon,30.53454895121088,114.36797715434172,4
noon,30.53432044581021,114.3680418137292,4
noon,30.534282572511103,114.36815688892911,2
noon,30.534468483511652,114.3678567517701,1
noon,30.534366300370497,114.36820495200182,3
noon,30.534171765207315,114.36784976756638,1
noon,30.534244068055095,114.36803683582251,3
noon,30.534269424072455,114.36803007935399,2
noon,30.534193766289793,114.36801614548258,4
noon,30.53423192411928,114.36822847405587,1
noon,30.53417751316067,114.36815788009632,3
noon,30.534465645639546,114.36817673692651,2
noon,30.534258113165517,114.36781144961284,1
noon,30.534168282623206,114.3681415593544,1
noon,30.535551020008313,114.36790777565638,4
noon,30.535469599330813,114.36815895643248,2
noon,30.53525072344729,114.36810307081952,4
noon,30.535532120949195,114.36793126522934,1
noon,30.5354573180329,114.36807838674252,1
noon,30.535512717966764,114.36819096361648,2
noon,30.535271902232534,114.36806375872501,1
noon,30.5352759275196,114.36790537352353,3
noon,30.535692976971024,114.36809731361652,2
noon,30.535533582463742,114.36821810791929,3
noon,30.535638048273558,114.36807962685282,2
noon,30.53529267493573,114.36805029513253,2
noon,30.535539709161597,114.36775096129112,4
noon,30.53561708424109,114.36777178316291,3
noon,30.535522652812915,114.36809091079988,2
noon,30.535433338256773,114.36822432978482,2
noon,30.535168950048504,114.36784453448153,3
noon,30.534898793923382,114.3676011931986,1
noon,30.535115570127676,114.3678393440472,4
noon,30.534767126970355,114.36786130371398,4
noon,30.535237730037068,114.36756965999432,2
noon,30.535170775243746,114.36772496033198,1
noon,30.535124709046297,114.36793540445933,2
noon,30.53478649296974,114.36804168248698,3
noon,30.534761443157137,114.36778829068841,3
noon,30.535130204567814,114.36769368024972,3
noon,30.534800807366015,114.36771636851222,1
noon,30.535093326615357,114.3675872387988,1
noon,30.535217510119278,114.36787400166213,1
noon,30.53491685463906,114.3677893382815,2
noon,30.534802502658263,114.36789976412562,1
noon,30.534781639182167,114.36774761776148,1
noon,30.533942659317546,114.36577403995511,1
noon,30.533717528397304,114.36593777356991,3
noon,30.5338728047873,114.36583519750526,1
noon,30.53367059539822,114.36582887309159,2
noon,30.53390956878023,114.36611224522933,1
noon,30.533646540710865,114.3658952892512,2
noon,30.533828483370787,114.36593020243049,1
noon,30.533621623162702,114.36615207855782,1
noon,30.533646410117054,114.3660875749605,1
noon,30.533655487860436,114.36623062654458,3
noon,30.53369316774446,114.36609906143433,1
noon,30.53364137129522,114.36590111929323,1
noon,30.53379076150139,114.36624548839318,1
noon,30.53402389190911,114.36615862869508,3
noon,30.533927912336413,114.36577507119475,4
noon,30.533648734322373,114.36577569163494,3
noon,30.53730215093972,114.36939827911891,2
noon,30.537595076388286,114.36954060331924,1
noon,30.537396132324552,114.36970447543136,1
noon,30.53753770487151,114.36966988633435,1
noon,30.537589101162073,114.36978400111735,1
noon,30.537470413383126,114.36934116841397,3
noon,30.537535264376977,114.36953220243255,2
noon,30.537682384492996,114.36969525210257,4
noon,30.53647530887456,114.37142565695636,2
noon,30.53650939524378,114.37162321140869,2
noon,30.536461582951784,114.37142041569756,1
noon,30.53672993661957,114.37175081604171,4
noon,30.536723095296104,114.3714498691533,1
noon,30.536404955002247,114.37187987946841,1
noon,30.53668981899197,114.37161955372144,1
noon,30.536528706478684,114.37181158067061,3
noon,30.536082239794958,114.37159332302087,1
noon,30.536166616417702,114.37187296579354,3
noon,30.536185247696398,114.37186109086973,2
noon,30.535912544092046,114.37174401865083,4
noon,30.53620110989402,114.37168713073478,1
noon,30.536347304139444,114.37172105074977,4
noon,30.53635053649243,114.37185389394205,3
noon,30.536026107307794,114.37197623418673,4
noon,30.536943909075557,114.37001857451851,4
noon,30.53706615966231,114.36970534358346,2
noon,30.537037396188957,114.37005816905035,1
noon,30.536683819491813,114.36970351832802,1
noon,30.537025909114607,114.36978823248793,2
noon,30.536673553890523,114.36989723687603,4
noon,30.53712347226041,114.36986452594692,3
noon,30.536937617220694,114.36996699676716,1
noon,30.53833887445211,114.36372273270906,4
noon,30.53872037252176,114.36396748072508,2
noon,30.538570011224095,114.36416739296016,3
noon,30.53870559806399,114.3636881769647,2
noon,30.538476721420345,114.36405334490236,3
noon,30.538743759753476,114.36399013337717,3
noon,30.538618050916593,114.3637527302071,1
noon,30.538738948513824,114.36391980666801,2
noon,30.531632377221516,114.36819658802489,1
noon,30.53181831780988,114.36814991837248,3
noon,30.531388343785025,114.36805676559572,3
noon,30.531441245620044,114.36845768583268,1
noon,30.53164250538944,114.3682991101561,2
noon,30.531523958641408,114.36824516802933,1
noon,30.531675088840217,114.3681625285478,3
noon,30.5316013650837,114.36810099120369,2
noon,30.53591538213419,114.36953494738677,4
noon,30.53560232050753,114.3696110005721,2
noon,30.53601768782014,114.3695192947137,1
noon,30.535992964139442,114.36947430761636,3
noon,30.535715514983345,114.36945450259336,3
noon,30.53577632942861,114.36963086819316,1
noon,30.53569065220786,114.36962461820072,2
noon,30.535925030073486,114.36953319138588,3
noon,30.534532231895767,114.36617928925182,3
noon,30.534793721799446,114.3659738103596,4
noon,30.534621238421995,114.36592423107933,1
noon,30.534780414401258,114.36619818983756,4
noon,30.534481408517674,114.36593543630696,1
noon,30.534715279399276,114.36585466577006,1
noon,30.534627521222102,114.3661152387074,1
noon,30.534338181865305,114.3658668561651,2
noon,30.53907298184174,114.36381660904163,4
noon,30.538923005475265,114.36388978846756,3
noon,30.53889063103321,114.36380242343498,1
noon,30.53910028955957,114.36378215561011,1
noon,30.53883217791581,114.36364070980257,1
noon,30.53875867884753,114.36385100908943,3
noon,30.539091511504587,114.36384576752977,2
noon,30.539041685628664,114.36365208569833,3
noon,30.534686129615753,114.36238987523916,2
noon,30.534924421371077,114.3624556501812,1
noon,30.534761944491898,114.36257776336828,2
noon,30.534614227340235,114.36248130550555,2
noon,30.534561463283406,114.36237309272252,1
noon,30.534514642550146,114.36234118042098,2
noon,30.534604896039532,114.36251153270828,1
noon,30.5348404393715,114.36248660048639,2
noon,30.538116394212565,114.366663008088,3
noon,30.538015118767458,114.3665074627292,1
noon,30.537873343565852,114.36633873472987,2
noon,30.538176220112994,114.36666295207831,4
noon,30.538219941785606,114.36651049942274,4
noon,30.53820247300432,114.36634689856997,1
noon,30.53773259037722,114.36638650651611,1
noon,30.538152832471813,114.36648925730499,1
noon,30.536287438531097,114.36693099193488,1
noon,30.536456282178555,114.3669630934784,4
noon,30.536225395370423,114.36708096468212,2
noon,30.536252100375208,114.36711704233124,3
noon,30.536574188538964,114.36676079207164,3
noon,30.53654276451917,114.36697136544899,4
noon,30.536399331775314,114.36699384782264,2
noon,30.53631864409856,114.36694421432115,2
noon,30.536886240628455,114.36962328917168,1
noon,30.53695065725169,114.36938350230899,4
noon,30.53699814538743,114.36943550000301,4
noon,30.536961749334775,114.36942316594883,1
noon,30.537200881538634,114.36929770840024,4
noon,30.537158483588687,114.36922814534393,3
noon,30.53717243380674,114.36932751107071,1
noon,30.536972573932452,114.36935789403155,1
noon,30.536896516743855,114.36235102681756,1
noon,30.536821466966245,114.36208963080847,4
noon,30.536783798483572,114.36209879379437,2
noon,30.536705839878092,114.36251224619241,1
noon,30.536628484784465,114.36252427417752,1
noon,30.536738402501786,114.36242558741017,1
noon,30.53706283191504,114.36231137075843,2
noon,30.536790945908624,114.3621027820806,1
noon,30.538476729790652,114.36299823401536,3
noon,30.538363372878997,114.36287947828806,1
noon,30.538356490168592,114.3625148511861,4
noon,30.53822155693799,114.36282876457942,2
noon,30.538370171485084,114.36259195817331,2
noon,30.538384917450653,114.36279360562564,3
noon,30.538077232589387,114.36288039718609,1
noon,30.53822900656616,114.36255797052198,3
noon,30.530278166413655,114.36893576994962,1
noon,30.53030995705482,114.36903103154759,1
noon,30.530304849185345,114.36884686166275,1
noon,30.53035819819556,114.36888175012156,3
noon,30.53026459815265,114.36892723326824,2
noon,30.53055439907219,114.36877473611008,4
noon,30.530101038741343,114.36895770588985,3
noon,30.530367794299156,114.36916537732216,3
noon,30.530369329353007,114.36734894316066,3
noon,30.53022998262184,114.36716351953682,2
noon,30.530426411030152,114.36711780355003,1
noon,30.5303046705613,114.36718300184762,1
noon,30.530197537438063,114.36717917384058,3
noon,30.530177255601583,114.36710699898028,1
noon,30.530314330925126,114.36723679232503,3
noon,30.530445712139603,114.3670259653264,2
noon,30.538376724081555,114.36238249645122,1
noon,30.53852186755712,114.36208708668146,1
noon,30.538417935011253,114.36205974786442,3
noon,30.538250503445767,114.3622959088859,1
noon,30.538212890165774,114.3624315527388,2
noon,30.538492239728733,114.36247946000731,3
noon,30.5386286578847,114.36237944066899,3
noon,30.53818889354707,114.36230457880565,4
noon,30.531782797865645,114.36576083306008,4
noon,30.53210319080413,114.36552338300282,2
noon,30.53213996857629,114.36583006876619,2
noon,30.531915474197124,114.36587506805188,2
noon,30.53198357297805,114.36582886903864,4
noon,30.531827147038793,114.36591148430499,2
noon,30.531845095643263,114.36589788358555,1
noon,30.53194530681427,114.36571116541181,1
noon,30.539040933279654,114.36348570181904,3
noon,30.538775705676194,114.36328381963393,1
noon,30.539114491739614,114.36327558754617,3
noon,30.53898966739712,114.36348333998161,3
noon,30.53867364646383,114.36363960130866,4
noon,30.539004392207268,114.363243234198,2
noon,30.539085542288305,114.36336738351157,1
noon,30.53914350371608,114.36335412293151,3
noon,30.53205059591586,114.36486846010018,1
noon,30.531608557422686,114.3645259878188,4
noon,30.531749158916256,114.36457339908243,1
noon,30.531658675207332,114.36487093157221,4
noon,30.531776808751612,114.36450534326082,1
noon,30.532032819532517,114.36453510578326,2
noon,30.531717075725492,114.36437732571129,4
noon,30.53184992102649,114.3647333035745,1
noon,30.53834756300285,114.36549087759585,3
noon,30.538363883494064,114.36566225408333,2
noon,30.538218392940333,114.36548770476574,3
noon,30.53817402016247,114.36581040230894,1
noon,30.538451962300183,114.36566912325078,2
noon,30.53851847392967,114.3656458217186,1
noon,30.53824899265871,114.36590340613952,2
noon,30.538353647766478,114.36585107114539,1
noon,30.53250242990482,114.36584955662121,1
noon,30.532438549523732,114.36586070000816,4
noon,30.53253439864186,114.36591594547754,2
noon,30.53261471558816,114.3659963152718,1
noon,30.532854659617705,114.3656982083096,1
noon,30.53244841265387,114.36563147573379,1
noon,30.53268335180031,114.366024328814,3
noon,30.532643425420744,114.36574376437332,2
noon,30.531048636785286,114.36718288935874,4
noon,30.53140843224714,114.36737921580797,1
noon,30.531222602115815,114.36735143362856,3
noon,30.531425992949636,114.36744530700281,1
noon,30.531125540083632,114.36728856250136,3
noon,30.5312740882944,114.3671328240429,3
noon,30.53126621165318,114.36757178699006,3
noon,30.531302830193745,114.36714143844426,1
noon,30.5339403770989,114.36644534159005,4
noon,30.533665800117507,114.36664789332599,1
noon,30.533573432271716,114.36643245022215,3
noon,30.53363655286778,114.36655398447866,1
noon,30.5338687531036,114.36662180337171,4
noon,30.533795762221494,114.36656811922026,2
noon,30.53365267562828,114.36682726078651,1
noon,30.53384894808161,114.36668797209867,4
noon,30.536945314485052,114.3691831070983,4
noon,30.537231796016123,114.36930840998671,3
noon,30.5372995101502,114.3695178531022,2
noon,30.53716304893068,114.3690497390476,2
noon,30.537027050871224,114.3693796863886,3
noon,30.537300776403626,114.36914902274462,4
noon,30.536869875938642,114.36923929068602,2
noon,30.537248196528562,114.36929621097988,2
noon,30.536390035342897,114.37118789782669,1
noon,30.53632852569737,114.37141997892942,2
noon,30.536548261294364,114.37115193990955,3
noon,30.536417148417435,114.37159154476483,3
noon,30.536153046522717,114.37161223685456,3
noon,30.536147505386545,114.37154545146524,1
noon,30.536370672153133,114.37161320661835,1
noon,30.536499865778293,114.37152117664489,4
noon,30.538357901506767,114.36643525111953,1
noon,30.538374039036864,114.3663650891671,2
noon,30.538343433611434,114.36635031015334,1
noon,30.53824681722735,114.36643825413171,4
noon,30.53839571913104,114.36648207911234,3
noon,30.53816145641795,114.36623710760408,4
noon,30.53829828666105,114.36624589279634,1
noon,30.53838703808289,114.366327110828,1
noon,30.538228637970832,114.3673366378738,1
noon,30.538272295302363,114.36750981093655,1
noon,30.538005257991824,114.36773438171315,1
noon,30.53819290884262,114.36746350388951,3
noon,30.537987556385776,114.36735108805854,1
noon,30.538322112776214,114.36776320935714,2
noon,30.53791579299802,114.3675763851172,1
noon,30.537961143929035,114.36773876613047,4
noon,30.53639091753293,114.37078433319235,4
noon,30.53670651564276,114.37074154637739,1
noon,30.53652931249741,114.3708658437539,4
noon,30.536693444617857,114.37087576119221,1
noon,30.53660835592456,114.37101283981333,4
noon,30.53634484651978,114.37110835685965,2
noon,30.536773409180096,114.37093812322682,1
noon,30.5362978472759,114.37094833607043,1
noon,30.536736811250535,114.37043586998163,2
noon,30.536807551538626,114.37059151759804,1
noon,30.536637553077863,114.37075811853079,1
noon,30.536656660238084,114.37054289579564,1
noon,30.53683969188104,114.37077376049663,1
noon,30.53683284876401,114.37064428100413,1
noon,30.536895678869936,114.37040855323451,1
noon,30.536896258279903,114.3704646309412,3
noon,30.536682023191403,114.37035054718949,4
noon,30.537119532332138,114.37035779958393,2
noon,30.536877655715507,114.3702660635053,1
noon,30.537112235400052,114.37038122305003,1
noon,30.53700545306588,114.37029899268346,3
noon,30.53675641439525,114.37011893280169,1
noon,30.53682982063515,114.3699267742004,3
noon,30.536913438177542,114.3702025448633,3
noon,30.53431408599144,114.37100206210971,3
noon,30.534174041515925,114.37069990892188,2
noon,30.53408236901297,114.37065946652201,2
noon,30.53390323962495,114.37066891205134,1
noon,30.534191762596105,114.37092111336385,1
noon,30.533959175812893,114.37056342034668,1
noon,30.533944044237604,114.37081645673095,1
noon,30.53392362853014,114.3709386422218,4
noon,30.53213563607342,114.3650703479809,4
noon,30.531947283304245,114.36545862227243,1
noon,30.531786973651744,114.36533146034009,4
noon,30.531954292437376,114.36550354214832,4
noon,30.53186135073304,114.36521040604867,3
noon,30.5318287822556,114.36545848311076,1
noon,30.531733625800364,114.36530391315695,2
noon,30.531777784707508,114.36551788222963,2
noon,30.530783646627714,114.36645195164311,1
noon,30.530646558363163,114.36670392652537,4
noon,30.53039620370694,114.36682175780999,4
noon,30.530816620120742,114.36673001172626,1
noon,30.53057101469435,114.36646642753678,4
noon,30.53077547869671,114.36649404588171,3
noon,30.530628845177485,114.36647046301155,4
noon,30.530841407878455,114.36675642272994,3
noon,30.53446170308515,114.3608761235089,3
noon,30.53456109224743,114.36070985529635,1
noon,30.534479043024415,114.36066697790268,1
noon,30.53447505223885,114.36094629825172,1
noon,30.534268489824854,114.36056433345274,3
noon,30.534528084980685,114.36069741417884,4
noon,30.534482187506857,114.36083914645697,1
noon,30.534595300699063,114.36099234327752,1
noon,30.537818773468924,114.36191832174508,3
noon,30.537802408192,114.36198582380898,1
noon,30.537645805230813,114.36200673322722,3
noon,30.53798649844214,114.3620493769297,2
noon,30.537779809458264,114.36188278492254,1
noon,30.537736217267362,114.36220815212745,1
noon,30.538012901516616,114.36223977125562,4
noon,30.53764164030656,114.36225159923588,1
noon,30.539120191311067,114.36363063148421,1
noon,30.53897083799597,114.36372744681425,1
noon,30.53932164549036,114.36351862313069,1
noon,30.53912932502709,114.36371120871532,2
noon,30.539364400616975,114.36327304589881,4
noon,30.539127528205967,114.36354655821067,4
noon,30.539144277120368,114.36327536648683,4
noon,30.539345991957507,114.36350867623102,2
noon,30.53961290098926,114.36326130187197,3
noon,30.53950702605712,114.36292733082317,4
noon,30.539217934818,114.36312262990637,4
noon,30.539599548304484,114.36289337329846,1
noon,30.53967172037233,114.36289580971179,4
noon,30.539268102700458,114.36336043164357,3
noon,30.539497915570315,114.36309104045016,1
noon,30.539535165076536,114.36331847430213,1
noon,30.533920516379975,114.3604057323356,4
noon,30.53396917486054,114.36035748118375,3
noon,30.53380448720366,114.360301883913,1
noon,30.534217855089523,114.36062080316238,2
noon,30.534275907574198,114.36028773904637,4
noon,30.534124220663937,114.36069387812955,1
noon,30.53380472846038,114.36042391235429,1
noon,30.534095311092653,114.36076092269158,4
noon,30.532779244417032,114.36793759589004,4
noon,30.533012916161567,114.36836913618657,1
noon,30.532708245522574,114.36829959240072,1
noon,30.53260524472684,114.36791685515811,1
noon,30.53305969053686,114.36819979407863,4
noon,30.53277840017969,114.36809214685071,1
noon,30.533011355366362,114.36798653947837,1
noon,30.532847412445275,114.36831044873936,4
noon,30.531861076528717,114.36869586689502,1
noon,30.53193387661319,114.3686822352022,1
noon,30.53206911252676,114.36846501060646,4
noon,30.532056424424287,114.3687392454123,2
noon,30.531919261332735,114.36833794477852,1
noon,30.531849885526196,114.36872635441215,2
noon,30.531860169447793,114.36877179842496,1
noon,30.531890549180847,114.36872041428418,1
noon,30.53831294561185,114.36293011272738,1
noon,30.53853565696363,114.36311604345477,3
noon,30.538234942123005,114.36304415697123,2
noon,30.538268699073388,114.3631626405823,1
noon,30.538488432031844,114.3633013545849,3
noon,30.538409568277533,114.36329399045081,2
noon,30.53839285016928,114.36327321413192,4
noon,30.538419799919723,114.36312879546368,4
noon,30.532883930582113,114.36124774742466,1
noon,30.532681889671828,114.36154547422825,1
noon,30.53297622521611,114.36165487526914,1
noon,30.53301099783758,114.36126002889799,2
noon,30.532565005373076,114.3612877935592,2
noon,30.53280946335015,114.36159514279807,2
noon,30.5329320800006,114.36124782289313,4
noon,30.53287411838005,114.3615378129954,2
noon,30.5340388100059,114.36860822064082,2
noon,30.533967218652148,114.36872376116449,3
noon,30.534109283970256,114.36887817557349,3
noon,30.53407750919521,114.36891766610462,4
noon,30.533961865603356,114.36854729451927,1
noon,30.534070485825907,114.3687416581622,3
noon,30.53408314896276,114.36875172688005,4
noon,30.53411079736498,114.36852491560667,1
noon,30.531327513937153,114.36829512806301,1
noon,30.531301109437695,114.36832180514583,2
noon,30.53154148419251,114.3684046878143,4
noon,30.53131611526087,114.36862876757343,1
noon,30.531386215366595,114.36865299480405,1
noon,30.53149275273392,114.36853757349851,1
noon,30.531331126787812,114.36863791254447,1
noon,30.531585573520616,114.3685117382671,1
noon,30.530505435218117,114.36888139953055,4
noon,30.53031142619878,114.3687530347308,2
noon,30.530666249036347,114.36912362828265,1
noon,30.53044758122016,114.36911283404237,1
noon,30.530621394968716,114.36882675313939,4
noon,30.530406625454763,114.36874576811026,3
noon,30.530686506845228,114.36868605311874,3
noon,30.53038508467014,114.36876090517418,2
noon,30.532818491620922,114.35962246323516,4
noon,30.533096302445635,114.35970395309704,3
noon,30.53304964891659,114.35969010208892,4
noon,30.53286610174626,114.3595535424901,2
noon,30.53269437622311,114.35962124397294,2
noon,30.532718631189596,114.3596231938859,1
noon,30.53297989693215,114.35968962928675,1
noon,30.532936308070575,114.35981576880249,2
noon,30.5362269197284,114.36131349563703,3
noon,30.535886712589342,114.36104157543537,1
noon,30.535982241929307,114.36123086972799,4
noon,30.53623660022288,114.3609937009407,4
noon,30.536229804288467,114.36132839120471,3
noon,30.535966356490285,114.36092139798663,4
noon,30.53637782933774,114.36129714565932,4
noon,30.535957199227386,114.36099707875135,3
noon,30.53173225724636,114.36738577003547,1
noon,30.531671258020452,114.36781411925367,4
noon,30.532117056117965,114.36749348725591,1
noon,30.532030215701376,114.36752282736859,4
noon,30.532047967112668,114.36744061046177,1
noon,30.532041855576516,114.36763412623507,1
noon,30.531877082213068,114.36758641845394,3
noon,30.53183617711896,114.36765848014383,1
noon,30.531715116686797,114.36865181696794,3
noon,30.531841412005218,114.36820156115527,4
noon,30.531699128914756,114.36846276481654,1
noon,30.531426959280147,114.36839422051774,1
noon,30.531852477404044,114.36832568417405,3
noon,30.531888390561676,114.36830542973911,1
noon,30.531635425453416,114.36845642369794,2
noon,30.53171485895624,114.36847745986837,4
noon,30.534214853465436,114.36409289794669,1
noon,30.534181022116904,114.36419749893064,4
noon,30.53399049885241,114.36422492549823,4
noon,30.534101414521423,114.36433763261803,1
noon,30.53424073627346,114.36425692748138,4
noon,30.534413324610455,114.36449621190576,1
noon,30.534307519294387,114.36406113957007,1
noon,30.533954793231345,114.36423903684724,1
noon,30.534788271241027,114.36432766391167,1
noon,30.534656448061476,114.36441795478933,3
noon,30.534656998949163,114.36443988805472,1
noon,30.534571785426543,114.36425568109613,4
noon,30.53459069667231,114.36412795326028,2
noon,30.534816042537273,114.36437689089401,1
noon,30.53457518858548,114.36439145519489,3
noon,30.534877205311652,114.36402411214743,3
noon,30.53308052568257,114.36499302189601,1
noon,30.532851822038804,114.364694347913,4
noon,30.533012706348785,114.36498253364543,2
noon,30.53320026442157,114.36479808969833,1
noon,30.5331012916411,114.36472185214195,1
noon,30.532981535061488,114.36468266088553,3
noon,30.532895300655557,114.36470322066391,1
noon,30.53282693573732,114.36458152580532,1
noon,30.532979300919738,114.36486627465733,1
noon,30.532660889596098,114.36453506358916,3
noon,30.532996669779806,114.3649835513867,3
noon,30.532691251759385,114.36469784234428,3
noon,30.53282076894163,114.36449902519675,2
noon,30.532673235004275,114.36473901668064,4
noon,30.533029396872283,114.36461327726214,3
noon,30.532896283333965,114.3648229212009,2
noon,30.53233690224667,114.36381882884838,3
noon,30.53208463815688,114.36375605067168,1
noon,30.532253194276056,114.36392907397267,2
noon,30.532050920357843,114.36398204734188,4
noon,30.532470440820344,114.36379904728156,2
noon,30.532249635577298,114.36401054165279,1
noon,30.532410160448688,114.36410301317582,2
noon,30.532177932658026,114.3638744264686,1
noon,30.538484192984424,114.36690264839008,3
noon,30.538315646835986,114.36688385361094,3
noon,30.538384532885786,114.36687729780124,1
noon,30.53816841289215,114.3667956247793,1
noon,30.53828696307894,114.36680855498417,2
noon,30.538573427615205,114.36714591361068,4
noon,30.538361959306098,114.36683993227258,3
noon,30.538265992500108,114.36673728964384,1
noon,30.536817356543022,114.36651348092515,1
noon,30.53703765518212,114.36658588807012,2
noon,30.536821120418594,114.36694324704388,4
noon,30.537179030038505,114.36655613782042,2
noon,30.537169177126184,114.36680826251353,2
noon,30.537248651400695,114.36663573664231,1
noon,30.536860189008262,114.36668295538715,4
noon,30.536962140445265,114.3668918353868,1
noon,30.53416118392475,114.36497923056862,2
noon,30.533969053154646,114.36475412169804,2
noon,30.533924221121868,114.36466104519953,2
noon,30.53433397922562,114.36506122970074,1
noon,30.534400762581093,114.36468037821825,2
noon,30.53414492233923,114.36495291455141,4
noon,30.534350218751225,114.36500940762826,3
noon,30.534353949549743,114.3650329955188,3
noon,30.534236441441355,114.3660862632307,1
noon,30.53409347926191,114.36589302778474,1
noon,30.53382310356521,114.36584479993697,1
noon,30.53385142883244,114.36599692655292,4
noon,30.533841262465995,114.36628392058286,2
noon,30.533912420606818,114.36623100076051,4
noon,30.534216807294804,114.36615333230742,3
noon,30.534125694412882,114.36617329024133,4
noon,30.53431339571437,114.36444788246823,3
noon,30.534441584635502,114.36443459177575,4
noon,30.534610462534623,114.36439132951844,2
noon,30.534380625752483,114.36402366461132,2
noon,30.534718131977538,114.36407755860718,1
noon,30.53461089577999,114.36426933776617,2
noon,30.53456062173129,114.36436450888101,2
noon,30.534366138506684,114.36399677255584,1
noon,30.534485071893396,114.3652953266059,4
noon,30.534769583417482,114.36515320802852,3
noon,30.534862725669544,114.36496968084496,1
noon,30.534833575868316,114.36498291183989,2
noon,30.534574955931507,114.36517027472817,1
noon,30.534892477601453,114.3651891200617,1
noon,30.53481637111709,114.3652649254957,1
noon,30.534801569206515,114.36504000941004,4
noon,30.539174847240563,114.36345884072038,1
noon,30.539448969832538,114.36339988315683,4
noon,30.539170795307246,114.36314279860841,3
noon,30.539574095040685,114.36345911275086,4
noon,30.539343171175357,114.36336888150413,3
noon,30.539498970685255,114.36334716996659,3
noon,30.539349123298045,114.36324698473481,4
noon,30.539461253144037,114.36341753436476,1
noon,30.534140271720016,114.36948328521781,3
noon,30.533903213277167,114.36958387348088,1
noon,30.533954945597525,114.3693364064098,1
noon,30.533917901008543,114.36932163038337,1
noon,30.533862190027794,114.36944414804296,1
noon,30.5341325332993,114.36978513924923,4
noon,30.533967311559973,114.36952195748323,4
noon,30.533914791405603,114.36937552086037,1
noon,30.53167563494714,114.36777637451615,3
noon,30.53145371354428,114.3677768260624,4
noon,30.53164911704622,114.3680503954003,1
noon,30.531283322325883,114.36794514105642,1
noon,30.53145624565865,114.36789207342319,3
noon,30.5316277541283,114.36790349133494,1
noon,30.531447174617675,114.36777778507017,1
noon,30.531625012841868,114.36811748188195,4
noon,30.531310107239797,114.36738425506076,1
noon,30.531406464937355,114.36719836862775,3
noon,30.531355069728246,114.36757628658454,4
noon,30.531500493567897,114.36719386824029,1
noon,30.53152863506801,114.36736764768241,1
noon,30.531535211494536,114.36758563418826,2
noon,30.531399399776515,114.36722516672836,2
noon,30.531374850902047,114.3672570262465,2
noon,30.533565488167834,114.36592672400633,2
noon,30.533695162227062,114.36614199153732,1
noon,30.533690352597382,114.36577393703243,1
noon,30.533593041033775,114.36584239053603,1
noon,30.533470024208302,114.3658924924695,2
noon,30.533682855713337,114.36626231799147,2
noon,30.53344867883677,114.36614971735273,1
noon,30.533499547333285,114.36586477073399,2
noon,30.532702574082066,114.36378933025625,4
noon,30.532346450603356,114.363692369519,1
noon,30.532269392084885,114.36364462977474,1
noon,30.532573040795945,114.36358558666744,4
noon,30.532330830814132,114.36356447511432,1
noon,30.532369945406955,114.3636129265558,1
noon,30.532592708467583,114.36352130357764,1
noon,30.532665221936643,114.36354465929668,1
noon,30.532987933513855,114.36176731414108,4
noon,30.53262100150081,114.36166929468767,3
noon,30.532723435585048,114.36156050641488,1
noon,30.532859469436755,114.3617746201485,2
noon,30.532861514174733,114.36156238474042,4
noon,30.5329360348904,114.36144908149345,1
noon,30.532710975614624,114.36185440815294,4
noon,30.532981571725756,114.3618442730645,2
noon,30.532857983276898,114.3632153472962,2
noon,30.532657285424442,114.36340778404391,4
noon,30.5327648785731,114.36321960352879,3
noon,30.53302623043639,114.36310664142184,2
noon,30.532717544962793,114.3631718003887,4
noon,30.53273393456067,114.36303926463539,3
noon,30.532758436515852,114.36329960703112,3
noon,30.532606346399742,114.36343525355848,2
noon,30.530864260774194,114.36750645803501,1
noon,30.531228176208984,114.36792122154505,4
noon,30.531202293419156,114.36796036587292,1
noon,30.530805597677126,114.36784700392208,3
noon,30.530918562410562,114.3678727520408,1
noon,30.531111300711693,114.36776342274477,2
noon,30.53086982599302,114.36755844972932,2
noon,30.53123094277775,114.36795428842584,1
noon,30.5351357496395,114.3683830651895,1
noon,30.535396569482057,114.36814488234023,1
noon,30.535459081095457,114.36840437333812,3
noon,30.535319280148425,114.36841783096143,2
noon,30.53522437018313,114.3684882592989,1
noon,30.53515817430581,114.3681699628793,2
noon,30.535468814951244,114.36849355599377,3
noon,30.535136211915773,114.36804027025613,4
noon,30.530729148363786,114.36918275099802,1
noon,30.530713642273156,114.36901610659986,1
noon,30.530653498119122,114.36923894122693,2
noon,30.530863773462713,114.3688789587005,4
noon,30.53108995306716,114.369230041657,3
noon,30.530740714517908,114.3692836804698,4
noon,30.530701059752435,114.36920855701558,2
noon,30.530985430004407,114.36932167525327,2
noon,30.530777644678526,114.36926266213831,1
noon,30.530859072938924,114.36909589714267,4
noon,30.530679723052597,114.36903545846819,3
noon,30.53092811202724,114.36918574058629,1
noon,30.530941158102564,114.36920155607058,4
noon,30.530940131957,114.36915774709514,2
noon,30.530809422590654,114.36920931639527,4
noon,30.53077784754593,114.36890085420825,3
noon,30.530971822348864,114.36887023919361,3
noon,30.530992564711443,114.36889543867917,1
noon,30.53092858098089,114.36892230992842,4
noon,30.53091539164569,114.36870099273997,1
noon,30.530943152684845,114.36905391772544,4
noon,30.53107690043474,114.3687367762317,2
noon,30.530876646063373,114.36915825111845,4
noon,30.530808046370954,114.36910238891736,3
noon,30.530897515234837,114.36911427599439,4
noon,30.531225722232847,114.36879164193395,3
noon,30.53127128500281,114.36884485277402,2
noon,30.53117078994481,114.36912051307183,2
noon,30.530903385604486,114.36899444050103,1
noon,30.531275557374325,114.36892486173267,3
noon,30.531283460325948,114.36879579071737,2
noon,30.53129173885938,114.36879836412045,1
noon,30.5313846326569,114.36955294872297,1
noon,30.531708389065233,114.3694379583234,4
noon,30.531683637782482,114.36953345599203,1
noon,30.531483277446014,114.36954762873845,3
noon,30.531735514233496,114.3695005553862,1
noon,30.531600911593294,114.36938594404002,2
noon,30.53142686001475,114.36951233692153,1
noon,30.531583755534616,114.36915382733852,3
noon,30.531333372338466,114.36936643461908,4
noon,30.531643257383724,114.36910385188168,2
noon,30.53159906090933,114.36911940740154,1
noon,30.531440587465465,114.36923672864542,2
noon,30.531425588840865,114.36905067624703,1
noon,30.531567338552886,114.3690248710368,1
noon,30.531425340991664,114.36926131940395,3
noon,30.531537553965457,114.36936033670145,2
noon,30.5314605382372,114.36928410377134,1
noon,30.531524038629016,114.36901045466642,4
noon,30.531562658799153,114.3694392077943,1
noon,30.531561312036583,114.36942950414242,1
noon,30.531826303871696,114.36942402579254,1
noon,30.531380807100984,114.36903108877708,4
noon,30.531508425095762,114.36926116633812,1
noon,30.53173414773798,114.36911701634233,1
noon,30.53098594278529,114.36913570779369,2
noon,30.5310211500594,114.36892008286061,3
noon,30.53109637286089,114.36903912181374,4
noon,30.530674740320073,114.36893687370227,1
noon,30.531060651044683,114.36926775803819,2
noon,30.531082257878698,114.3688756241222,4
noon,30.530990213112418,114.36930415811138,1
noon,30.530957309172102,114.36893990559155,3
noon,30.531461315609757,114.36929694794735,1
noon,30.53158975262165,114.36961605515525,2
noon,30.531220353072133,114.36920411436252,4
noon,30.531340210397428,114.36956272368565,2
noon,30.531205070758702,114.36920490014201,1
noon,30.531428887535228,114.36918730915889,1
noon,30.53131999698924,114.36939106392576,1
noon,30.531390706546084,114.36938669388518,1
noon,30.531657990351256,114.36904065882936,1
noon,30.53158154343458,114.36919484605464,1
noon,30.531284488593183,114.36921686554014,3
noon,30.531298279100298,114.36930172059698,1
noon,30.531577748237122,114.36910126238921,1
noon,30.531470278550316,114.36905448994841,3
noon,30.531403475985787,114.3691346551678,1
noon,30.53153605904439,114.36900133555189,1
noon,30.531850917735603,114.36987995413827,1
noon,30.532003866945644,114.36989998293281,2
noon,30.531961379661894,114.36948465481056,1
noon,30.532090425972175,114.36962469755673,2
noon,30.532077604324645,114.36986710145307,2
noon,30.532007168034806,114.36973913891717,1
noon,30.53198864134771,114.369479664446,1
noon,30.531868082724657,114.36961609030404,2
noon,30.53192525202587,114.36932418498097,1
noon,30.532191288095316,114.36955369384786,1
noon,30.53196535768588,114.36921417914832,4
noon,30.53213418147931,114.36955478633861,2
noon,30.53179457196927,114.36945986966711,1
noon,30.53182985559056,114.36967712594931,3
noon,30.53181166923629,114.36941667672102,2
noon,30.531837139662198,114.36953216102657,1
noon,30.532221373059535,114.36985063930823,3
noon,30.532391010706114,114.369613786149,2
noon,30.532119284034604,114.36983341794306,2
noon,30.532370445745254,114.36984637720434,2
noon,30.53233320492597,114.3696279314644,1
noon,30.532569718985094,114.3698938388128,2
noon,30.532560320819783,114.36943771099028,2
noon,30.532564443686002,114.36989770904007,4
noon,30.53256735411,114.36993654039931,1
noon,30.532597142285955,114.3699892263828,2
noon,30.532699866502124,114.36999205917893,3
noon,30.532545985136604,114.3697002085598,1
noon,30.532604949347032,114.37004760152557,1
noon,30.5325033430419,114.36965338031503,3
noon,30.53247383015624,114.36976803621786,1
noon,30.53254420155354,114.36991916597094,1
noon,30.532756676588708,114.3702064057719,4
noon,30.533074883725355,114.36983157037055,1
noon,30.532805272661463,114.36991599952071,1
noon,30.532880648276176,114.37016585113561,1
noon,30.533146659325414,114.37014315014635,1
noon,30.53301642978614,114.3701284209733,1
noon,30.533060932370876,114.37017438776493,1
noon,30.532929007098105,114.36999353809816,1
noon,30.533098839365174,114.37009782688988,2
noon,30.533212113937612,114.36986134713666,1
noon,30.533159412363876,114.37017866510587,1
noon,30.532862047856195,114.37013514289566,1
noon,30.532786785890767,114.36992690760388,1
noon,30.533072660995593,114.37022397810938,4
noon,30.53320737276847,114.36982716760338,4
noon,30.533264380505486,114.37002298388366,1
noon,30.532922922826046,114.37014402809983,2
noon,30.533367296267002,114.37011065682822,2
noon,30.533396231129835,114.3703296123193,1
noon,30.53323521404262,114.36988568490712,4
noon,30.53318098971892,114.37005660342885,1
noon,30.53310622273408,114.37013797250066,3
noon,30.533256888624784,114.37008991087444,1
noon,30.533323122014533,114.36991725233813,4
noon,30.533714096526193,114.37027539453146,4
noon,30.534059163786278,114.37057219538445,2
noon,30.533618382417302,114.37032533038112,3
noon,30.533839719762824,114.37049420654202,2
noon,30.533721397971323,114.37053834703427,1
noon,30.53359214917663,114.37043729691321,3
noon,30.533908828133413,114.37055336419795,1
noon,30.53366159149043,114.37048000217219,2
noon,30.53456816142683,114.37089221173808,2
noon,30.53455653224341,114.37097678811526,3
noon,30.534529096435346,114.37097024617206,4
noon,30.534426302133742,114.37092518001438,2
noon,30.534537688223452,114.3711860649533,2
noon,30.534184345500357,114.37070771386489,4
noon,30.534567222557175,114.3711386784947,1
noon,30.53464929932922,114.37116812735088,4
noon,30.534437584473928,114.37087885161357,1
noon,30.534447850070908,114.3711240424047,1
noon,30.534658634923822,114.37108007820117,3
noon,30.53457395794647,114.37103699737378,4
noon,30.534663079133665,114.3711627311105,2
noon,30.534583552222248,114.370798303065,4
noon,30.534758693984127,114.37076529988437,3
noon,30.534559942105382,114.37117140688298,1
noon,30.53472878392879,114.37116761753956,3
noon,30.534572706821848,114.3711877500884,2
noon,30.53478017433237,114.3712139408192,2
noon,30.53469943214428,114.37112472972275,2
noon,30.53494822707828,114.37091043895896,3
noon,30.534929813251168,114.37092020305923,2
noon,30.534586892859235,114.37097060304937,4
noon,30.534931670393476,114.37129592395651,4
noon,30.535266480754817,114.3715517024428,3
noon,30.535103047706233,114.37152802299683,3
noon,30.535190064871582,114.37108015438713,1
noon,30.535282568977415,114.37109635009264,4
noon,30.535513535621032,114.37147300621396,4
noon,30.53554201115875,114.3713457800589,1
noon,30.535126081268363,114.37108433264362,4
noon,30.535194382286207,114.37147417887745,1
noon,30.53636233118493,114.37165238249572,2
noon,30.53633687735384,114.37153808457597,4
noon,30.53613092090802,114.37140607029654,1
noon,30.536221448050867,114.37139937063498,1
noon,30.53643195145756,114.37177488090228,4
noon,30.536491033665232,114.37134836536531,4
noon,30.536523245560534,114.37165258102532,1
noon,30.536551434432887,114.37157435182229,1
noon,30.53620262460266,114.37144538000808,3
noon,30.536491378012798,114.37140191865389,1
noon,30.536204014634265,114.37150741492856,3
noon,30.536454980901183,114.37136391749159,1
noon,30.53643882685216,114.37151477704417,1
noon,30.53640731711689,114.3714164093854,1
noon,30.536265232109596,114.37136563988601,4
noon,30.536297082991553,114.37151317807115,2
noon,30.536317771220663,114.3709461975632,1
noon,30.536298827248178,114.37093673432963,1
noon,30.535990894905453,114.37093070252203,1
noon,30.536180586706887,114.371298385894,2
noon,30.536176334793364,114.37113580079746,2
noon,30.536205561399605,114.37124020401734,1
noon,30.53623111045917,114.37127813323727,3
noon,30.536054643169415,114.3710425172347,1
noon,30.536410221880885,114.37131041661374,2
noon,30.536410149660043,114.37136982486835,3
noon,30.536272420978705,114.37113829576714,1
noon,30.536170597646805,114.37135667945346,2
noon,30.536040244994382,114.3712517924178,3
noon,30.536371230013533,114.37114158616457,1
noon,30.536275259331813,114.37136469154109,1
noon,30.536181495046314,114.3715330107827,2
noon,30.53629537412537,114.3710855673668,2
noon,30.53655568637927,114.3713590392536,3
noon,30.536258228039298,114.37151818006224,2
noon,30.53664805821941,114.37118253768661,2
noon,30.53637355263406,114.3710486895678,2
noon,30.536632251260773,114.37124078266403,1
noon,30.536217950130304,114.37116170660586,1
noon,30.536575609396195,114.37132095567183,3
noon,30.536371918954547,114.37130931966756,3
noon,30.53665796288836,114.37110168891529,3
noon,30.536508617655592,114.37121215028016,1
noon,30.536217892874074,114.37106870481486,4
noon,30.536387314132643,114.37137450522312,3
noon,30.536390161875083,114.37113598822422,2
noon,30.536437757891807,114.37090110989433,1
noon,30.536585894589297,114.37109391199482,2
noon,30.53672151367571,114.37029585941185,1
noon,30.536685270520262,114.37019538428746,2
noon,30.537028174174772,114.37020323135127,4
noon,30.537011727890565,114.3699552878464,2
noon,30.53687691274087,114.37011045140969,4
noon,30.53694163226355,114.37009627735819,1
noon,30.536958414735512,114.37031163866803,3
noon,30.53695778245471,114.37015592203751,1
noon,30.536902859177395,114.36977326609284,2
noon,30.536906796476906,114.36972151423338,1
noon,30.53686303540789,114.36943217352406,1
noon,30.5368102097454,114.36946791109139,1
noon,30.536824253609723,114.36953675965786,2
noon,30.53683131421494,114.36953879319935,3
noon,30.53685558053721,114.36956719358928,1
noon,30.537223288538655,114.36960176774369,4
noon,30.53839370729827,114.3628174280713,3
noon,30.538233106437264,114.36287388957498,1
noon,30.538176824458702,114.362888161918,1
noon,30.538318936815095,114.36283056767154,3
noon,30.538127807931698,114.36275808145996,2
noon,30.538084985598495,114.36297658432109,1
noon,30.538376552702946,114.36304580352066,1
noon,30.538267778858692,114.3627227568817,4
noon,30.537786083626262,114.36263055649924,3
noon,30.537962053616678,114.36259903682637,3
noon,30.538006731498513,114.3621719093405,3
noon,30.537784580637446,114.36227334081634,1
noon,30.537745864403906,114.36226060637959,3
noon,30.538231462743358,114.36233074346784,3
noon,30.53785564097313,114.36262976463654,4
noon,30.538012983267617,114.36220589969561,2
noon,30.53746698945659,114.3618879995369,1
noon,30.537739792838327,114.36207554157066,4
noon,30.537820309759077,114.36225057708602,1
noon,30.53771549168117,114.36200319523981,3
noon,30.537733268456307,114.36220160122404,2
noon,30.537549029716725,114.36200851176127,2
noon,30.537824439007185,114.36209185767929,1
noon,30.537477136000444,114.36213047226416,4
noon,30.537538386586416,114.36177477443151,3
noon,30.537555890586265,114.3617361702918,2
noon,30.53744005660089,114.36204526206224,4
noon,30.53769663731437,114.36194807585373,4
noon,30.5374765595636,114.3617141292736,1
noon,30.537462278595058,114.36163520698912,3
noon,30.537314849758445,114.36179892371308,2
noon,30.537555775601454,114.3618387408028,4
noon,30.537346909293348,114.36187147525537,1
noon,30.537195723358565,114.36180213875777,2
noon,30.537460234067858,114.36194436643507,3
noon,30.537308387715274,114.36215453474979,4
noon,30.537424558733008,114.36202127780274,3
noon,30.5372318750973,114.361759135106,1
noon,30.537096920571898,114.36197982626561,4
noon,30.537305238401384,114.36211602684718,3
noon,30.535274797653244,114.36100255764225,3
noon,30.535317027669283,114.36124229273281,1
noon,30.535185369935096,114.36116903403982,2
noon,30.53520480768085,114.36083592835077,2
noon,30.535439011059406,114.36109173393618,3
noon,30.53540677552005,114.36108964230853,1
noon,30.535272825310415,114.36077775695988,2
noon,30.535071596907535,114.36108398547661,4
noon,30.535764470685105,114.36106153826104,1
noon,30.53571886795049,114.36099080488067,1
noon,30.53546515126249,114.36083066300996,1
noon,30.53577033398642,114.36126906793521,4
noon,30.535702680442313,114.36095651957424,1
noon,30.53534976019614,114.36084237502106,4
noon,30.53549833389769,114.36100370513243,4
noon,30.535418926202745,114.36088475590554,2
noon,30.535070901656276,114.36103684871908,1
noon,30.535151146526612,114.36106485708886,1
noon,30.53488017482862,114.3609201256812,2
noon,30.535257439888618,114.36087724659137,1
noon,30.535263363414753,114.36081554811155,1
noon,30.535236687005803,114.36086641355216,1
noon,30.535070361844717,114.36082808036825,3
noon,30.53522054398082,114.36082402085923,1
noon,30.53472732207416,114.36067670207623,2
noon,30.53493077836927,114.36106095619569,2
noon,30.53503236922543,114.36093680083233,1
noon,30.534766396637607,114.36080876323291,4
noon,30.5347653236226,114.36059098622913,3
noon,30.534886045161546,114.36091805672706,1
noon,30.535091172814866,114.36098386039441,1
noon,30.53500578046237,114.36094383892943,1
noon,30.534136134079386,114.36073772486375,2
noon,30.534186811042638,114.36064790688299,2
noon,30.53411717153562,114.36048053464204,1
noon,30.534460253567133,114.36044641691191,1
noon,30.534302093170542,114.36075241703841,4
noon,30.5345750558885,114.3607037824557,1
noon,30.534403205734932,114.36042778031246,2
noon,30.534258085631524,114.36075054142685,2
noon,30.532195742169996,114.3641435249116,4
noon,30.53219322098334,114.36444433515236,3
noon,30.532175954894285,114.3641048999594,1
noon,30.531976464980016,114.36428758828633,1
noon,30.531874445866816,114.3643243332687,4
noon,30.53233289304101,114.36439526052831,4
noon,30.532070774075336,114.36419953561837,4
noon,30.531954853930372,114.3641327679967,1
noon,30.535190128679123,114.36429478998221,1
noon,30.53524210082885,114.36395782798272,3
noon,30.535342456508793,114.36404499659612,4
noon,30.535504249159406,114.36437675218855,4
noon,30.535329412532995,114.36435226302021,2
noon,30.535467398780575,114.3640986500199,2
noon,30.53525699865854,114.36431251558518,1
noon,30.535375504734958,114.36405529724394,2
noon,30.534210631577043,114.36402608566617,1
noon,30.53430151281987,114.36443294257313,3
noon,30.53420938467302,114.36445418763024,2
noon,30.534125261559677,114.36425751136217,4
noon,30.53441172490715,114.3643946774894,3
noon,30.534074857260993,114.36435949988461,1
noon,30.534181444127626,114.36440078823352,2
noon,30.534189216560097,114.36428041892438,2
noon,30.53657781751556,114.37166337652432,1
noon,30.53666421485619,114.37189487259076,1
noon,30.536613654444945,114.37187904012812,4
noon,30.53685015966707,114.37170391445457,1
noon,30.536827064035908,114.37159214198873,3
noon,30.53668415449969,114.37186883401469,2
noon,30.536464777693567,114.37179179823109,3
noon,30.536612448929525,114.37185087267461,3
noon,30.53544861518893,114.36907905583297,4
noon,30.5352321484303,114.3690218377029,4
noon,30.53516301220031,114.36929118449287,2
noon,30.535525598556784,114.36901491283358,1
noon,30.53521358525418,114.3689442054073,4
noon,30.53515165049761,114.36895139945538,1
noon,30.535610223417404,114.3692072067962,1
noon,30.535327311668578,114.36895225578846,2
noon,30.532739304631725,114.36268824661828,2
noon,30.532742500550558,114.36305768393841,4
noon,30.532843783472696,114.36280211110719,4
noon,30.532851052898707,114.36301303439888,1
noon,30.532839556053503,114.36281951844407,1
noon,30.532981494021804,114.36285506557948,1
noon,30.5328787386777,114.36260457122299,1
noon,30.5330555427315,114.36285547838334,1
noon,30.531564889260704,114.36650598893944,1
noon,30.53151152638116,114.3668134021696,4
noon,30.53146925083581,114.36685419566832,4
noon,30.53154164110501,114.36669463977516,1
noon,30.53177097201413,114.36667468586062,1
noon,30.531457509042077,114.36690403565323,2
noon,30.531773345489903,114.36652107316633,4
noon,30.531443931275493,114.36682728417975,1
noon,30.532963196763518,114.36249870566364,4
noon,30.532617807075713,114.36238595227069,3
noon,30.53298063886221,114.3624900784534,2
noon,30.532880199489007,114.36234026725933,2
noon,30.532979597588685,114.36235692004072,1
noon,30.532772997208237,114.36220195144479,3
noon,30.53289992983222,114.36208586946302,3
noon,30.53289538938378,114.36228797735481,4
noon,30.532523732507467,114.3622362833513,1
noon,30.532872141043534,114.3619720785382,1
noon,30.53263895556502,114.36237056392585,2
noon,30.5325299815257,114.36222725599403,1
noon,30.5325839931945,114.36236498563406,1
noon,30.532950296250274,114.36246661358602,2
noon,30.532859179289506,114.36245625374346,1
noon,30.532870597870488,114.36227692595271,4
noon,30.532586262219937,114.36321303191171,1
noon,30.532519922445804,114.36328338643358,1
noon,30.53243900438713,114.36319535171764,1
noon,30.532468842988553,114.3631205327976,3
noon,30.532549766657027,114.3631273069207,3
noon,30.53259993440926,114.3632320991901,2
noon,30.532411837426544,114.36347976645057,1
noon,30.532444284160164,114.36328363043069,3
noon,30.534062093660054,114.36035403248916,4
noon,30.533809541374524,114.36033834069846,2
noon,30.533614363485796,114.36026602095478,2
noon,30.533698879481165,114.36052249236813,2
noon,30.533681200789022,114.36033359166991,1
noon,30.5340268021845,114.36043170006752,3
noon,30.533606280357713,114.3602511058188,1
noon,30.533731416881768,114.36034109579019,4
noon,30.53270958606754,114.36256415152675,1
noon,30.53287637767988,114.36253380308327,3
noon,30.532463751870054,114.36230725679556,2
noon,30.53268071605671,114.36223613751939,3
noon,30.53264123215272,114.36256101359834,3
noon,30.532632683803296,114.36228637139529,1
noon,30.532528612683024,114.36243950559489,4
noon,30.53252546755655,114.36238830622487,3
noon,30.532804744686644,114.3627530476884,3
noon,30.532783630911545,114.36303621745036,1
noon,30.533138217154637,114.36313960849144,2
noon,30.532987808232313,114.36279151518298,3
noon,30.533036271288896,114.3628207141128,1
noon,30.533032131190684,114.36303690376519,3
noon,30.53311765139364,114.36310672756872,3
noon,30.532921927459686,114.36297511972266,1
noon,30.538804176611045,114.3632251789857,2
noon,30.53842178058614,114.36355310681347,2
noon,30.538411520175085,114.36343121316072,4
noon,30.538548568311857,114.36351189597357,2
noon,30.538565036597888,114.36352528710857,3
noon,30.5388141718744,114.36342600540792,1
noon,30.538629807586567,114.36347723545666,3
noon,30.538801347955438,114.36328395026779,1
noon,30.532849053480504,114.36246892376585,1
noon,30.533048538970764,114.36231972716578,4
noon,30.53309390295186,114.36226259112891,1
noon,30.532734104002127,114.36229650302376,1
noon,30.53283577985888,114.36228929072632,2
noon,30.53303207393916,114.36225060800449,1
noon,30.5329943790192,114.36237572031419,1
noon,30.532913012805018,114.36248441018523,1
noon,30.532837794065948,114.36101227635727,1
noon,30.533029908129866,114.36105143563911,1
noon,30.533173257941396,114.36088064466831,1
noon,30.53308114793281,114.36122351380455,3
noon,30.53282039881531,114.36114557467785,4
noon,30.533003333096964,114.36109696141537,2
noon,30.53282684752245,114.36095042077119,1
noon,30.532950438298265,114.36115911239003,1
noon,30.533372703322716,114.36059338970563,1
noon,30.533586429025863,114.36059359342791,1
noon,30.533653858957095,114.36023252143418,3
noon,30.53324966709545,114.36045259463761,1
noon,30.533350095987334,114.36043330632396,3
noon,30.533406202561842,114.36039876807821,2
noon,30.533218332600395,114.36047782233766,4
noon,30.533452966459162,114.36066442682677,4
noon,30.531568708764283,114.36451150768795,4
noon,30.5313238916798,114.36462144772125,1
noon,30.531515704684427,114.3648032246627,1
noon,30.531227856695587,114.36443058035586,1
noon,30.53121453055798,114.36438530866836,1
noon,30.531221276642828,114.36443899666396,2
noon,30.531514459822247,114.36455318288593,3
noon,30.531271323485583,114.36481598140834,1
noon,30.531657007330356,114.3626640844187,3
noon,30.531943315024485,114.3626452291788,1
noon,30.53168874162054,114.36259871743736,3
noon,30.531689339357527,114.3627359285954,3
noon,30.53177274531356,114.36244243469201,1
noon,30.53172883351123,114.36248163988324,2
noon,30.53184334941696,114.36266495734249,1
noon,30.53182960508438,114.36272062644117,3
noon,30.531824536568216,114.36267774122491,1
noon,30.531867913101912,114.36284608692763,1
noon,30.531767112495192,114.36240752240873,3
noon,30.53162240505273,114.36248769021812,4
noon,30.53172634184581,114.3628140060186,3
noon,30.531910728124654,114.36275094711334,3
noon,30.531833651077434,114.3625556672408,1
noon,30.53180067276551,114.36281746322425,2
noon,30.535290584760936,114.36719860773573,1
noon,30.535108870039565,114.36727939944234,1
noon,30.535273711760816,114.36733882263378,2
noon,30.53496263472467,114.36736118629157,4
noon,30.53510761440098,114.36732047428856,2
noon,30.534968235497182,114.36767306291388,3
noon,30.535338294221734,114.36764792404635,3
noon,30.53534663592569,114.36757125953052,3
noon,30.532195137545134,114.3666514708817,2
noon,30.532177667986574,114.36677734860352,3
noon,30.532102688352893,114.36664127899412,1
noon,30.53180519739662,114.36652026777578,2
noon,30.532071620995954,114.36667630448888,4
noon,30.53217529219914,114.36643335834866,1
noon,30.532060190648515,114.36634616522345,1
noon,30.53220866833857,114.36634607504449,3
noon,30.53257818722996,114.36565105912828,1
noon,30.53265661700343,114.36532472715511,4
noon,30.53230091646315,114.36555060794728,1
noon,30.532427756493206,114.3655253092042,1
noon,30.532547651355696,114.36538221937019,3
noon,30.53245596100849,114.36541636293943,1
noon,30.532724800004836,114.36547379535534,1
noon,30.532397286658995,114.36555031881925,1
noon,30.534126900253266,114.36406804522737,1
noon,30.53416040345183,114.36428396135322,3
noon,30.534053435411444,114.36449561259305,3
noon,30.534300572004152,114.36401288203642,1
noon,30.53385813526021,114.36423600245455,4
noon,30.533977664306715,114.36448852011652,1
noon,30.534001007734602,114.36427398286222,1
noon,30.53412290030156,114.36410238525447,4
noon,30.53463166591746,114.36432611041428,1
noon,30.53425861250476,114.36428030270805,1
noon,30.53468614312765,114.3643618622977,3
noon,30.534350684438177,114.36426973196568,2
noon,30.534368408009048,114.36409719243721,1
noon,30.534319168011336,114.36402253167846,1
noon,30.53425842084866,114.36416136032757,1
noon,30.534362509988345,114.36402185324779,2
noon,30.534212831160126,114.36417682659689,4
noon,30.5342005240016,114.36409856563517,1
noon,30.53443145736192,114.36439861840365,1
noon,30.534307362891674,114.36426102765618,4
noon,30.53445002848147,114.36423111013316,3
noon,30.53455780823906,114.36427307691989,3
noon,30.534212829033823,114.3642035494883,1
noon,30.534419345003485,114.36442754272872,3
noon,30.534356507924166,114.36421886339744,4
noon,30.53465435457941,114.36434011489968,2
noon,30.534377965591105,114.36427206714136,3
noon,30.534512305826613,114.36426048489551,1
noon,30.534237811589897,114.36409808659289,1
noon,30.534542944979602,114.36430810370365,2
noon,30.534223893276764,114.36426867935722,3
noon,30.53419755663594,114.36439594960761,2
noon,30.534335987957334,114.36433163015965,2
noon,30.53452856517391,114.36449166196282,1
noon,30.534589474553886,114.36432273795677,1
noon,30.53426189480822,114.36439124289438,4
noon,30.534377860703028,114.3641792073513,2
noon,30.53425437133315,114.36442048667396,1
noon,30.534437364701937,114.36409665893565,1
noon,30.53421973987013,114.36415548531761,1
noon,30.5341387842121,114.36414136785325,4
noon,30.534471907894403,114.36442547275507,1
noon,30.534133446050923,114.36409021040907,2
noon,30.534168573390897,114.36447171318855,1
noon,30.534054041511908,114.36439769038206,1
noon,30.534451062748776,114.36410913408106,3
noon,30.534425356547672,114.36441993406979,1
noon,30.53433883313268,114.36421861368093,1
noon,30.53356996843617,114.36386190302062,1
noon,30.53371979557334,114.36395075870836,4
noon,30.53359315066698,114.36412014649854,1
noon,30.533548791472228,114.36387620381078,1
noon,30.53344610124681,114.36375765668018,4
noon,30.533643244065452,114.3637368707072,4
noon,30.533564038319607,114.36368846624529,1
noon,30.53353212820522,114.36408491365452,1
noon,30.533642309564286,114.36283604896512,1
noon,30.53358580098962,114.36291005583718,4
noon,30.53348837519132,114.36301646577684,4
noon,30.533590593278028,114.36272160459782,1
noon,30.53365237629613,114.36279096664754,2
noon,30.533599722283313,114.36280042075823,1
noon,30.533566746610237,114.36265853443918,1
noon,30.533771842490182,114.36281083692423,2
noon,30.534683911462132,114.36329142606614,2
noon,30.534424376033535,114.36330310737273,1
noon,30.534340244030208,114.3632830935876,4
noon,30.534423487073447,114.36320214340148,1
noon,30.534717985971604,114.36336481682615,1
noon,30.534687353885058,114.36324368349099,1
noon,30.534659490557587,114.36338647513757,1
noon,30.534641280661546,114.36303051824056,1
noon,30.53444249926585,114.36507692584298,2
noon,30.534255913353434,114.36494625352105,4
noon,30.5342603433838,114.36508151387712,1
noon,30.534682296915914,114.36501798679379,4
noon,30.53448355110122,114.36504051141995,1
noon,30.534595881255516,114.36518971767825,3
noon,30.53443226597292,114.36492871507951,1
noon,30.534369376879592,114.3652056351567,1
noon,30.534629601759892,114.36536801815646,1
noon,30.534534264381353,114.36512789055416,2
noon,30.534957175345703,114.36534848743264,1
noon,30.534594920296687,114.36537394065172,1
noon,30.534522975060273,114.36498757455483,3
noon,30.534657484244054,114.36509615485245,4
noon,30.534518278473282,114.36519585946665,3
noon,30.53462858456999,114.36507355454079,3
noon,30.531200171365587,114.36817462381387,1
noon,30.531408013607184,114.3681012038112,3
noon,30.531388474382556,114.36825271002188,1
noon,30.531624574724017,114.36827200051637,3
noon,30.531231650337624,114.36789080926742,2
noon,30.531214251411516,114.36818730286653,1
noon,30.531532924394718,114.3681201425769,1
noon,30.531477565688153,114.36794459664118,1
noon,30.535483599807822,114.36702341996923,1
noon,30.53575101685516,114.36709004341247,2
noon,30.53536070866808,114.36705800134936,1
noon,30.53570354293465,114.36681905548625,1
noon,30.535598693702035,114.36702190321945,2
noon,30.53575183789329,114.36696056914671,1
noon,30.53536152451572,114.36682536538044,2
noon,30.53567955452153,114.3669006153396,4
noon,30.535092595770976,114.3655561328704,1
noon,30.53482696276796,114.36557282327715,1
noon,30.53479962280951,114.36565108558743,2
noon,30.534984679324136,114.36578733984986,4
noon,30.53487303299016,114.36582817530872,3
noon,30.534685963985588,114.36564711135706,1
noon,30.535118149214522,114.3657953497623,3
noon,30.534750453248055,114.36556078594413,3
noon,30.53255763398802,114.36581642939022,2
noon,30.532451401026204,114.36543214583614,2
noon,30.532542521094587,114.36585029658785,1
noon,30.53281984781241,114.36544218054783,1
noon,30.532499758957904,114.3654761036816,1
noon,30.532456504359217,114.36555612387019,4
noon,30.532569499308455,114.36539108233839,3
noon,30.532797760403355,114.3657609871583,2
noon,30.532614215629216,114.36404028712593,2
noon,30.532603911891712,114.3639997972287,1
noon,30.53280896203925,114.36410207775431,2
noon,30.532606113334666,114.36421786809836,1
noon,30.532756543102664,114.3640941851297,2
noon,30.532590368066643,114.36409212903173,1
noon,30.53277710592161,114.36407888068956,1
noon,30.532752740038347,114.36413109755597,2
noon,30.53337615304318,114.36558074018673,4
noon,30.533557178969854,114.36569994452971,2
noon,30.533209639340757,114.365629013681,2
noon,30.53370162312854,114.36546117999985,3
noon,30.53321686347793,114.36531289351964,1
noon,30.53333446570449,114.36571871937441,1
noon,30.533265555168047,114.36536927800155,1
noon,30.533291439779404,114.36532867300987,3
noon,30.533031083918594,114.36574547722769,2
noon,30.533333544677415,114.36597377265403,3
noon,30.533324714531417,114.36549217792748,2
noon,30.533292061810112,114.36552277022412,1
noon,30.533130416225283,114.36558240893336,2
noon,30.533052138266175,114.36577354646536,1
noon,30.533228937156718,114.36552258702025,1
noon,30.533209515279783,114.3659688238283,1
noon,30.537871490416798,114.3666742530338,4
noon,30.538218622093144,114.36680522568454,2
noon,30.537990759524188,114.36665239870908,4
noon,30.537911603459715,114.36661031344909,3
noon,30.53778429743071,114.36655376619747,3
noon,30.538142412581518,114.36672414728199,4
noon,30.53820554534109,114.36691317064898,1
noon,30.53818877401893,114.36663629559406,4
noon,30.532390680283893,114.36742929951333,1
noon,30.53232560005141,114.3678297793308,3
noon,30.532261974958466,114.36763356076965,3
noon,30.532473027264317,114.36776231302316,4
noon,30.53226935073426,114.36754030365346,4
noon,30.532320697908418,114.36744075561144,3
noon,30.53245201328479,114.36775672355802,1
noon,30.53249490094885,114.36759775303182,1
noon,30.534392321300874,114.36476219727462,2
noon,30.534275055067212,114.3649146162498,2
noon,30.534362881141817,114.36496749380868,2
noon,30.53409383577316,114.36476757397274,3
noon,30.53409602659566,114.36492678243239,1
noon,30.534012249382414,114.36492968555389,1
noon,30.53425258112842,114.36462394563577,1
noon,30.5342008796159,114.3646115417253,2
noon,30.536419841776762,114.36665782459403,2
noon,30.53667338560167,114.36645003372452,4
noon,30.536499897280688,114.36657442922575,1
noon,30.53672723000745,114.36638892838195,1
noon,30.536524971535464,114.36657877898827,1
noon,30.536775591792498,114.36626221739131,3
noon,30.536525048264703,114.36666288450137,3
noon,30.536521455816175,114.36660751033544,3
noon,30.536733239140446,114.36660817762882,1
noon,30.536933998835895,114.36669982315557,3
noon,30.537138028460877,114.36675398942221,3
noon,30.536731007593026,114.36632933165988,3
noon,30.53699510509981,114.36674921486912,1
noon,30.536771375031453,114.36665610663472,1
noon,30.536925873265126,114.36664432135238,4
noon,30.536724714455655,114.36662973030396,1
noon,30.53791865090119,114.3656169941735,4
noon,30.537928587242092,114.36555310359707,1
noon,30.537964375915823,114.36574868737598,3
noon,30.537679768049298,114.36566408401863,1
noon,30.53759957952575,114.3657306713902,2
noon,30.537763885371984,114.3656774272188,1
noon,30.537875999817473,114.36587929465047,3
noon,30.538041208644596,114.36581786832564,1
noon,30.53623363578184,114.3662373193544,1
noon,30.53611594150912,114.36605763501383,4
noon,30.536235122043617,114.36622235983981,1
noon,30.53631037932263,114.36613714403569,1
noon,30.53621939241442,114.3663510219306,1
noon,30.536197819311813,114.36633770492918,3
noon,30.536520242669283,114.36605695442334,2
noon,30.536390473808645,114.36644035457287,2
noon,30.534482611623208,114.36527946682793,1
noon,30.53458398906732,114.36507130064123,1
noon,30.534418340670108,114.36492206153189,1
noon,30.534547718840354,114.36487253653236,3
noon,30.534579903955336,114.36509233399761,3
noon,30.534275518435816,114.3652013956539,1
noon,30.534536844921533,114.36503056124768,1
noon,30.534554837388118,114.36489826250967,3
noon,30.535428789374414,114.3642268217139,2
noon,30.53557125877324,114.36432303772841,2
noon,30.53531069827115,114.36432946305497,1
noon,30.535453004234483,114.36415363118918,1
noon,30.535576660563663,114.36425080201744,2
noon,30.535163704047132,114.36392383403403,1
noon,30.53553123307567,114.3640893691877,4
noon,30.5354073359783,114.36403005535833,1
noon,30.534446456149595,114.36414515619722,1
noon,30.534179425301787,114.36439375541825,4
noon,30.53437014979467,114.3643095799328,3
noon,30.53437517546421,114.36441153045213,1
noon,30.534327155431857,114.36443540573575,3
noon,30.534395482004026,114.3642906086355,3
noon,30.534442518188133,114.3644277550144,3
noon,30.534314327020233,114.36416143592201,3
noon,30.534679649446762,114.36421838456626,1
noon,30.53448817391372,114.36440791155081,3
noon,30.53433112258956,114.36447958168476,1
noon,30.53466806753309,114.36447542323513,1
noon,30.534686851434074,114.36435484148973,4
noon,30.53433062706198,114.36427138366626,4
noon,30.534412398121837,114.36415877403384,3
noon,30.534459057727897,114.36437299136541,1
noon,30.532972464398775,114.36438995995823,2
noon,30.533041791041097,114.36442302653633,3
noon,30.53322670598325,114.36435230772393,4
noon,30.533212283883998,114.36474515870474,4
noon,30.532985875268015,114.36465353214375,3
noon,30.53321498943392,114.3647328432386,4
noon,30.5331361467748,114.36471126318209,2
noon,30.532938574400703,114.3647180062576,1
noon,30.53356376857612,114.36585633605996,2
noon,30.533404305196758,114.36572677579838,2
noon,30.533457120525977,114.36600869158433,1
noon,30.53323321679854,114.36589419513851,1
noon,30.53311655112498,114.36593748116157,2
noon,30.53350482063616,114.36583707238414,4
noon,30.53351659596455,114.3658533730606,2
noon,30.53308749821969,114.36572046155047,1
noon,30.537238236545413,114.3642737916109,2
noon,30.5370467090516,114.3641165478268,1
noon,30.537295222790085,114.36447120547167,4
noon,30.537150117541852,114.36434967688845,4
noon,30.537333255438813,114.36430078593622,1
noon,30.536934219073807,114.36415806906841,3
noon,30.53709689759519,114.36421283582429,1
noon,30.537215594755153,114.36442863430213,2
noon,30.53325793362202,114.3669561562282,2
noon,30.53337877546949,114.36703103600286,2
noon,30.53340223716185,114.36712811256047,1
noon,30.533577521042243,114.36709057400108,1
noon,30.533326491997435,114.3669734528685,3
noon,30.533713636481487,114.36689271275715,2
noon,30.533382744714707,114.367287387756,2
noon,30.533626096036436,114.36683930781767,1
noon,30.533992910786466,114.365697612218,1
noon,30.53399801579689,114.36603719595885,2
noon,30.534011134804153,114.36566601769177,4
noon,30.533977061663872,114.36597230394862,1
noon,30.53417704781565,114.36566363826806,3
noon,30.53410725918049,114.36605933026031,3
noon,30.53418738621428,114.3660670629842,1
noon,30.53401126372981,114.36579292246466,2
noon,30.533871940982486,114.36442468194865,4
noon,30.534142032020394,114.36414756291717,1
noon,30.533874798196116,114.36410515778518,4
noon,30.533874867834893,114.36414504808128,4
noon,30.5339498432357,114.36423031652193,1
noon,30.534019812004455,114.36408077798572,2
noon,30.53386229618279,114.36425304268819,1
noon,30.53389784968898,114.36445383830228,1
noon,30.533581038688794,114.36281861185442,1
noon,30.533687784979453,114.36300097248318,1
noon,30.53385662341483,114.3628655132456,4
noon,30.533501111849993,114.36281814205323,1
noon,30.533423716220927,114.36266532393564,2
noon,30.53372576530188,114.36274260474941,3
noon,30.53382490314759,114.36305872139843,3
noon,30.5333971002874,114.36275564961174,2
noon,30.534189886501053,114.36570651154703,2
noon,30.534112774783026,114.36560972551567,4
noon,30.534122996861015,114.36566483439599,3
noon,30.534347533405764,114.36543116564663,1
noon,30.534017536782294,114.3656985968553,4
noon,30.534179308628133,114.36569616022666,2
noon,30.534024347802113,114.36585620829077,1
noon,30.53423618892814,114.3657984041351,1
noon,30.533855875883738,114.36890503757645,4
noon,30.53383845115042,114.36895019314468,3
noon,30.533741137127308,114.36889516312503,1
noon,30.534124269517577,114.36855824483477,2
noon,30.533785751248846,114.36889944702747,3
noon,30.533723169862512,114.3688649211452,4
noon,30.53400015075774,114.3686568084346,4
noon,30.53387844058402,114.36889320814782,1
noon,30.532179073615083,114.36392445201973,4
noon,30.532267644667606,114.36398453680923,1
noon,30.532143268802475,114.36389153528025,2
noon,30.5322185823155,114.36402921612348,2
noon,30.532108791882894,114.36394894952888,3
noon,30.532227627212006,114.36429705297631,3
noon,30.532103408353912,114.36427466738027,1
noon,30.532376943301735,114.36383613118201,2
noon,30.534099679412144,114.3668035224775,1
noon,30.53415955230183,114.3667895782414,4
noon,30.5344159715131,114.36656175518861,2
noon,30.53429621562991,114.36651907916566,1
noon,30.53408987735277,114.36651494490322,1
noon,30.534154903605227,114.3666388494917,1
noon,30.533964489123967,114.36665862265089,4
noon,30.5341006486113,114.36642116482551,2
noon,30.534245413046797,114.36673223028927,3
noon,30.534167816253223,114.3664950037984,2
noon,30.5342318320466,114.36636609247583,1
noon,30.53404965526285,114.36642870668749,4
noon,30.534132345931162,114.36668000217239,3
noon,30.534094762867596,114.36671753817838,1
noon,30.53417528850279,114.36646974384666,4
noon,30.534381909574783,114.36660728717324,3
noon,30.5343218481585,114.36637962630697,4
noon,30.534184903837634,114.36654245987103,2
noon,30.534077463893947,114.36667522854073,4
noon,30.53411506582801,114.36623096446556,3
noon,30.534350111283306,114.36623289808253,1
noon,30.534273713199923,114.36653181816067,4
noon,30.534224267842884,114.36665298241239,2
noon,30.534255463307233,114.36642832767926,1
noon,30.534125249303635,114.36661273884684,1
noon,30.534047122287483,114.36651237919577,1
noon,30.534381603776588,114.36637291284372,1
noon,30.53421580630733,114.36631299294177,4
noon,30.534207105706802,114.36635776571626,3
noon,30.534118759793436,114.36625536883533,1
noon,30.533974560234977,114.36653603447195,1
noon,30.534427074529937,114.3664474322026,2
noon,30.534398560792056,114.3661226432232,1
noon,30.53443848908632,114.36636923536103,1
noon,30.534460347660435,114.36591995121353,1
noon,30.53413222891289,114.36594238301383,2
noon,30.534216564596893,114.3661064941201,1
noon,30.534450829770943,114.36594502776234,4
noon,30.534506955372795,114.36604912191612,1
noon,30.53425945668357,114.36617509396909,2
noon,30.534539963858432,114.36618484292927,1
noon,30.534055801364914,114.3663517873958,1
noon,30.534220089186565,114.36596279623603,4
noon,30.534342700224997,114.36615489954963,3
noon,30.53447362145042,114.36633680036812,3
noon,30.534401382053343,114.36617373878617,4
noon,30.534238143962718,114.36601662314942,1
noon,30.53411490039772,114.36628686978935,1
noon,30.534494766117945,114.36618815784988,1
noon,30.534382619101372,114.36612374938456,1
noon,30.534496647377487,114.36637571035776,1
noon,30.534144401344992,114.36617497706243,3
noon,30.534344668084202,114.36604778027633,1
noon,30.534382424583757,114.3662950284344,2
noon,30.5342573836845,114.36609012984584,1
noon,30.534126742872612,114.36628428487107,1
noon,30.531181978730267,114.3671502726195,1
noon,30.531208062881735,114.36698831866408,3
noon,30.531327391410056,114.36727912270263,2
noon,30.531432493608893,114.36690772215063,1
noon,30.53149553088745,114.3668886049998,1
noon,30.53129431043223,114.3671407790562,1
noon,30.531164972028826,114.36699524622811,3
noon,30.531247554672163,114.3668565508872,1
noon,30.532380072468758,114.36379725750585,2
noon,30.532227291240243,114.36374486422028,3
noon,30.532304407637213,114.36360428333883,2
noon,30.532264354891247,114.36372227268323,4
noon,30.53221587498582,114.36357038431171,2
noon,30.53222517980431,114.3635988705554,4
noon,30.532676346700068,114.36365382220288,1
noon,30.532544266137656,114.36389478191425,4
noon,30.5356178086739,114.36675019431097,1
noon,30.535766831818986,114.3672232408543,1
noon,30.535815245047637,114.36699519502639,1
noon,30.535794945376402,114.3672115773869,1
noon,30.535810546449728,114.36704346413524,2
noon,30.53586474094817,114.3668701155903,3
noon,30.535529128151097,114.36683051550084,1
noon,30.535520899198225,114.36692227350375,3
noon,30.53410202551188,114.3663665434345,1
noon,30.53445246047934,114.36639666944993,3
noon,30.534161300586415,114.36653149787774,3
noon,30.534023942099942,114.36607372541627,3
noon,30.534423681806306,114.36624871527083,2
noon,30.534024693339994,114.36617788573948,3
noon,30.53411573037127,114.3662482595733,1
noon,30.534193676619317,114.36612744246831,2
noon,30.536451662381175,114.36596285549675,3
noon,30.536411509468426,114.36604815674008,1
noon,30.53643506073676,114.36590940945813,2
noon,30.53636605709645,114.36601248632118,1
noon,30.536264360721066,114.36616268621222,1
noon,30.53633549681719,114.36620516817153,3
noon,30.536561615892204,114.36589662612417,2
noon,30.53616109718702,114.36608496822505,2
noon,30.53398234714986,114.36553620996284,1
noon,30.533954572530433,114.36532009492427,1
noon,30.533979719527085,114.36530304985462,1
noon,30.533978264780377,114.36576235615428,3
noon,30.534227293385527,114.36557549389336,2
noon,30.53406244060477,114.36560653495187,4
noon,30.534374275994033,114.3654499381068,2
noon,30.534111484441464,114.36570452470744,2
noon,30.533973668499765,114.36545753964431,3
noon,30.534001224674707,114.36565576894647,1
noon,30.534216969869092,114.36582407982219,1
noon,30.534130659965253,114.36552011513254,2
noon,30.53393224013708,114.36551941582087,3
noon,30.53398035335094,114.36557344856628,3
noon,30.53396011892086,114.36553402460198,1
noon,30.53406214821467,114.36545584130333,1
noon,30.5339710154365,114.36572714360975,3
noon,30.53413141463976,114.36565654125722,4
noon,30.53433877157488,114.3658413695556,2
noon,30.5343246733823,114.36577665420359,4
noon,30.534403926410615,114.36576548797973,3
noon,30.533997828975863,114.36579384682413,4
noon,30.53424874432027,114.36560920340266,1
noon,30.53396405911325,114.36579728626627,3
noon,30.535052353609895,114.36812213919885,3
noon,30.534893605528133,114.36792680720697,2
noon,30.535039262412113,114.36821829756332,1
noon,30.53524133915364,114.368273575883,2
noon,30.53532831028252,114.36794158546694,1
noon,30.53518027466232,114.36781823482077,2
noon,30.535133462872597,114.367988001857,2
noon,30.535099367324733,114.36795469132379,1
noon,30.53754196689865,114.36660118914551,4
noon,30.537827173556224,114.36685524573551,1
noon,30.53789543742149,114.36685517078581,3
noon,30.53771122773264,114.36663701028203,2
noon,30.53752291922416,114.36654346260393,4
noon,30.537712960009074,114.36676229246073,1
noon,30.53746098580684,114.36667073980813,2
noon,30.53745917360603,114.36643279148105,4
noon,30.53552520696079,114.3691843151096,4
noon,30.535543429324846,114.3692738372657,1
noon,30.535473270098866,114.36920309391115,1
noon,30.535514647574285,114.3691344812472,1
noon,30.535563915358576,114.3690663859421,3
noon,30.535666015893817,114.36937617403917,4
noon,30.535602453863223,114.36923306344246,4
noon,30.535436832218263,114.36896308427477,1
noon,30.535562035312587,114.369169074934,1
noon,30.535168470671746,114.36917855325422,3
noon,30.535520082289946,114.36899122577806,1
noon,30.535431368060472,114.36912584740656,2
noon,30.53548855102193,114.36926916517399,1
noon,30.53552418109681,114.36895225639289,2
noon,30.535528668444215,114.36889815310136,3
noon,30.535420837515584,114.36928654022365,1
evening,30.53348581091918,114.3670213737983,8
evening,30.533525532697816,114.36677882116697,6
evening,30.53328845080666,114.36723109045813,8
evening,30.53328158647352,114.36709516320471,5
evening,30.533566530417744,114.36710668266034,7
evening,30.533717626781847,114.3668835535577,6
evening,30.53353628772658,114.36705523757358,7
evening,30.533560599198275,114.36706795571467,7
evening,30.533651760111642,114.3671860974964,7
evening,30.5332862017164,114.36701222815522,6
evening,30.533561578224074,114.367047713015,9
evening,30.533340183242196,114.3671032635563,6
evening,30.533366163964377,114.36691150808034,9
evening,30.533327150272562,114.36676762104564,9
evening,30.53325742696939,114.36717189954862,5
evening,30.53374912193808,114.36701629220944,5
evening,30.533465468768586,114.36696919000437,9
evening,30.53330317012997,114.36695667154852,5
evening,30.533727873161457,114.36720867450376,5
evening,30.533269843279164,114.36689729729537,7
evening,30.53334356907954,114.36679785993029,5
evening,30.533456538580552,114.36722085294305,5
evening,30.533509113498674,114.36693645770052,9
evening,30.533367197775856,114.36689539992243,5
evening,30.533699152446687,114.36692901739644,6
evening,30.533532776841806,114.36700995329703,6
evening,30.533529116904102,114.36701085906336,7
evening,30.533351834169146,114.36708682851236,5
evening,30.53343895748044,114.36723148832147,6
evening,30.53344642986701,114.36722641143378,5
evening,30.53341508281907,114.36715000473221,5
evening,30.533256280460556,114.36695600230861,6
evening,30.53333140396392,114.36684277485054,6
evening,30.53357479376798,114.36679157659293,6
evening,30.53374398313454,114.36724173842674,9
evening,30.533262140388022,114.36694280421604,5
evening,30.53329471195875,114.36677261536828,5
evening,30.53331629031222,114.36701380451012,9
evening,30.533389682289325,114.36678988433175,6
evening,30.533326690249503,114.36712722323958,6
evening,30.533393677372153,114.36690899914592,5
evening,30.533475884904483,114.36707763580766,8
evening,30.533683334595164,114.36713668138772,8
evening,30.53362440839924,114.3669244092496,5
evening,30.5337026764871,114.3670144748188,8
evening,30.533358237555696,114.36684784957467,7
evening,30.53328703158905,114.36707092909448,7
evening,30.53354457223331,114.36687700739881,9
evening,30.533631283089825,114.36682813107902,9
evening,30.533710026981517,114.36722301917298,7
evening,30.533733243138737,114.36686435430032,9
evening,30.53336413252904,114.36718880403762,5
evening,30.533522709271754,114.3672199388519,5
evening,30.533611385520253,114.36680704074695,5
evening,30.533637103657654,114.36724200933887,8
evening,30.533579596136473,114.36686408764196,7
evening,30.53344934716549,114.3673652908385,6
evening,30.5331891915904,114.36738874334422,7
evening,30.53333000028444,114.36758776477048,9
evening,30.533240218258157,114.36725401171559,7
evening,30.533539322672823,114.36761559238516,5
evening,30.533288220854683,114.36733761071018,5
evening,30.533487796267135,114.36774907514746,6
evening,30.533401036006044,114.3675341008817,5
evening,30.533210782548537,114.36740686248207,8
evening,30.533501254233478,114.36740779292451,8
evening,30.533509711464138,114.36743533102566,9
evening,30.53345223609098,114.36755232174166,7
evening,30.53343603323194,114.36735827146721,7
evening,30.53335389295564,114.36760237141044,5
evening,30.53360631797129,114.3677004743689,5
evening,30.53347600948141,114.36772729715774,7
evening,30.533192708803913,114.3676395743548,9
evening,30.533157012849813,114.3674670763972,7
evening,30.53355342326265,114.36736552090464,7
evening,30.533489898534185,114.36740302064402,9
evening,30.533574628681375,114.3677427213782,6
evening,30.53329813228012,114.36774952553003,6
evening,30.533403106586302,114.36727348097095,6
evening,30.533387813105822,114.36760308376526,6
evening,30.53360450720871,114.36735728695275,5
evening,30.53329290430697,114.36747145873629,7
evening,30.53332469339366,114.36741361912856,9
evening,30.533389241709813,114.36728681377309,6
evening,30.53362736967932,114.3674722983068,6
evening,30.533319288861378,114.36728344596078,8
evening,30.533248323486273,114.36727133254963,5
evening,30.53359629853027,114.3677451948282,5
evening,30.533162618291207,114.36772810185957,8
evening,30.533413260345025,114.36762714223417,7
evening,30.53319544984763,114.3673435228984,9
evening,30.533544957433012,114.36725912623457,7
evening,30.53318601091877,114.36763254311676,5
evening,30.533361869977963,114.36733321764476,8
evening,30.53360740114024,114.36730928423412,9
evening,30.533405642421144,114.36758590100554,6
evening,30.53317669897683,114.36736732431217,8
evening,30.533245043881102,114.36774257219649,6
evening,30.533235672937813,114.36731105497716,6
evening,30.533205316340574,114.367728000769,5
evening,30.53331473526066,114.36752001991513,6
evening,30.533270089693772,114.3675409350983,5
evening,30.53361047634164,114.36761765605006,9
evening,30.53336978048948,114.36754408452092,9
evening,30.533345001690467,114.36765176487219,7
evening,30.533400112716958,114.36770951124306,6
evening,30.533270637193354,114.3675647261768,5
evening,30.53353742266561,114.36761375199764,5
evening,30.5334832103485,114.36765476788013,9
evening,30.533294289363102,114.36751941176253,7
evening,30.53356693635044,114.36736535216401,7
evening,30.53342924815036,114.36766445738172,5
evening,30.533168914752,114.36659401102759,9
evening,30.533077778035377,114.36677596323999,8
evening,30.533121983295906,114.36663768224426,9
evening,30.53301428399273,114.36660412103741,7
evening,30.53302511205705,114.36676970167049,7
evening,30.53321893246251,114.36692134896586,6
evening,30.53309040999216,114.36664798673095,5
evening,30.53299500805227,114.36656651162001,7
evening,30.533048578335457,114.36690004964906,5
evening,30.532812675613116,114.36691831630738,6
evening,30.533054016257633,114.36666817469614,7
evening,30.533011688234936,114.36655109520721,5
evening,30.53324612900629,114.36695027061613,6
evening,30.532932948990503,114.36679072661005,5
evening,30.533112676464686,114.36656506455752,5
evening,30.533172757287165,114.36703951957615,5
evening,30.53286302867385,114.36675472474832,8
evening,30.533059662946297,114.36698236006077,6
evening,30.533069205726175,114.36679683130818,8
evening,30.53303516440882,114.36657589123253,9
evening,30.532809918279288,114.36677897474911,9
evening,30.532961728880725,114.3668615187641,7
evening,30.533027669452185,114.366814016971,7
evening,30.53288106322344,114.36658704106603,9
evening,30.53305686495415,114.36661237799315,5
evening,30.532924076244917,114.36700076833046,9
evening,30.533241329348186,114.36682603318776,7
evening,30.532837006101634,114.3666468263922,5
evening,30.53314677329321,114.36698579578153,7
evening,30.533181490930165,114.36672987552888,9
evening,30.533167779959996,114.3666856174209,8
evening,30.533060506900785,114.36679912936094,6
evening,30.533019241409857,114.36696195281704,6
evening,30.532926791737143,114.36661786774614,8
evening,30.533094392239946,114.3669270155927,8
evening,30.53275444509506,114.36673297011134,7
evening,30.53287102633044,114.36683189491984,6
evening,30.533004478159572,114.36701435467224,8
evening,30.532981026259495,114.36698172971144,7
evening,30.532913430435343,114.36675659400976,8
evening,30.53290372535207,114.36691351487259,9
evening,30.53311939565543,114.36682347594343,9
evening,30.53314688532367,114.36684526106717,5
evening,30.53276375115787,114.366789293938,8
evening,30.53283989430335,114.36680099310169,7
evening,30.532933418029153,114.36702151391032,5
evening,30.532922889838403,114.36702153495303,7
evening,30.533017164238135,114.36700298458145,8
evening,30.53320423235324,114.36693558040734,7
evening,30.53280681965393,114.36664728832966,9
evening,30.53299836022534,114.36699931403561,5
evening,30.53295867025092,114.36688206631179,5
evening,30.532808248445853,114.36663565410302,8
evening,30.5327664554238,114.36680788416098,6
evening,30.53296650694145,114.36673662933815,9
evening,30.53284317659286,114.36691061575608,9
evening,30.533030048235933,114.3667398470919,5
evening,30.532771919598254,114.36655265008092,6
evening,30.532782195068478,114.36669723543393,5
evening,30.53272130847822,114.3663548622487,6
evening,30.532756874154884,114.36630020045246,9
evening,30.532717287316103,114.36653261350052,9
evening,30.53293162978663,114.3662596233557,5
evening,30.532854351227893,114.36663300251465,9
evening,30.53280217190947,114.36671051427177,9
evening,30.533002874359443,114.36625149104769,9
evening,30.532800659479307,114.36639757618624,6
evening,30.53269095748958,114.36663358122382,5
evening,30.532815825171127,114.36642037232933,9
evening,30.532721279865637,114.36643420837045,9
evening,30.53298240842193,114.36647294052136,9
evening,30.532785168349452,114.36653970101911,9
evening,30.532694350343817,114.36663619237923,5
evening,30.532832139534314,114.36635563217835,9
evening,30.532565767818788,114.36647837375588,7
evening,30.533013929008664,114.36630643167265,7
evening,30.53272240247912,114.36673565627001,6
evening,30.532915308812747,114.36642054267514,7
evening,30.532992117885822,114.36653576387401,7
evening,30.53296222041831,114.36632554957899,5
evening,30.532828576492065,114.3664203603616,9
evening,30.532610554928226,114.36670237097304,9
evening,30.532899915160414,114.36655713413606,9
evening,30.532786136868957,114.36637688020997,7
evening,30.532830228413342,114.36642133813281,8
evening,30.5326286128732,114.36668107803385,9
evening,30.532846134495262,114.36667632640331,5
evening,30.532690949753093,114.36655114485545,5
evening,30.532767991107924,114.36631419266105,7
evening,30.532556182489095,114.36674511628387,8
evening,30.53265040009093,114.36625558361337,5
evening,30.532946991934747,114.36651028395838,6
evening,30.532620484597324,114.36626865815522,8
evening,30.532921448868954,114.36674995819644,7
evening,30.53290692625131,114.36652079612377,5
evening,30.532726441867123,114.36669265100369,8
evening,30.53299952053999,114.36638790153512,9
evening,30.53285705698779,114.36656658640746,9
evening,30.53272945289446,114.36657298915974,9
evening,30.532777263817493,114.3666872984583,9
evening,30.532576087827813,114.36658107096673,8
evening,30.53293993255419,114.3665717048131,8
evening,30.53301420214371,114.36664067109064,6
evening,30.532799879894554,114.36657709048553,7
evening,30.53279666883509,114.36627877965635,7
evening,30.53260961878274,114.36662661564836,7
evening,30.53304762891888,114.36637930823606,8
evening,30.53278200177001,114.36673396700445,5
evening,30.53262556438887,114.36638121964239,9
evening,30.53304717890841,114.36657128151666,7
evening,30.532553642958813,114.36653681164319,5
evening,30.532813605137964,114.36667233158117,6
evening,30.534617419296673,114.36842204219255,9
evening,30.534296782731026,114.3685859490228,9
evening,30.53472131705505,114.36841623393462,6
evening,30.534271620002833,114.36856751428351,6
evening,30.53445316561028,114.36841312718812,8
evening,30.534404513387294,114.36867635413878,5
evening,30.534339265878334,114.36871342822337,6
evening,30.5345256236806,114.3683229346561,8
evening,30.53442305992601,114.36870561997497,8
evening,30.5344011540453,114.3683784793704,5
evening,30.53442447219702,114.36842741658492,7
evening,30.53431839775443,114.36846751583288,8
evening,30.53443115353178,114.3682699722252,5
evening,30.53459918328845,114.36828258678959,5
evening,30.534438865667628,114.36838691671112,5
evening,30.5342745200634,114.36856325572663,6
evening,30.534655270803558,114.36839518903612,7
evening,30.53433504934489,114.36849046094622,6
evening,30.53440996877548,114.36838024957807,9
evening,30.5344702770119,114.36852417153764,5
evening,30.534253725003804,114.36828107333837,8
evening,30.53473776684477,114.36829878074167,5
evening,30.534374701089884,114.36849173169897,8
evening,30.534659490560966,114.36829733900474,5
evening,30.534365887858144,114.36858045919466,7
evening,30.534710127171238,114.36860223656224,5
evening,30.53472241458898,114.36838412272505,7
evening,30.534450692755744,114.36846855435594,9
evening,30.534349563526327,114.3685648590242,6
evening,30.5346777152868,114.36857720547914,9
evening,30.534604463671215,114.36826625186872,7
evening,30.534353503437046,114.36858806446678,7
evening,30.53462866352002,114.36866928764621,6
evening,30.5345730815489,114.36845181596551,7
evening,30.5347187045704,114.36871442587928,5
evening,30.53453512095307,114.36830778217895,8
evening,30.53459070686617,114.36852348039444,8
evening,30.534615577892936,114.36826366438409,9
evening,30.53430392909,114.36833413562717,9
evening,30.534721996672733,114.36871729228653,5
evening,30.53429182912428,114.36871782911548,6
evening,30.534683323875505,114.36867021575281,5
evening,30.53429705311187,114.36867849038718,8
evening,30.534318914105203,114.36836978508978,5
evening,30.534747404757297,114.36833254478118,8
evening,30.534261317943223,114.36827706349432,6
evening,30.534517711387547,114.36868663463717,9
evening,30.534479403143575,114.36838132666927,7
evening,30.534389252755453,114.36825661901072,6
evening,30.53444219158774,114.36866860987791,8
evening,30.534553938893463,114.3683286051822,8
evening,30.534445741112194,114.36869796307644,6
evening,30.534369051883097,114.36849288338209,8
evening,30.534409566329888,114.36865488536888,9
evening,30.534447371509547,114.36835514754576,5
evening,30.53465506976728,114.36860161877635,8
evening,30.534207421593464,114.3679538873966,8
evening,30.534193419625186,114.3681330199483,9
evening,30.534300197230827,114.36808861422972,9
evening,30.534229142168076,114.36791400931926,5
evening,30.534083146868852,114.36785817886715,6
evening,30.534144091662178,114.36808407003844,6
evening,30.53437947097921,114.36805300646932,5
evening,30.53445408230366,114.36791657289223,5
evening,30.534147273858657,114.36823176561037,9
evening,30.53423961665614,114.36800900707259,7
evening,30.53433717309631,114.3681311951739,8
evening,30.534505997131166,114.36796658521816,6
evening,30.534189302231443,114.36811548261018,7
evening,30.534363929432526,114.36823936281166,8
evening,30.534322905662133,114.36815513270996,5
evening,30.534368980703118,114.36790667227238,7
evening,30.534423752135446,114.36778242226814,5
evening,30.53445005814648,114.36789154659537,6
evening,30.53409808342385,114.36791278040187,9
evening,30.534480276709804,114.36776484701176,7
evening,30.534458739589283,114.36788883733672,8
evening,30.53420434084682,114.36794018546615,8
evening,30.5343048491889,114.36775913792032,9
evening,30.53414121242269,114.36819476144265,7
evening,30.534332427575997,114.36800418449994,9
evening,30.534109129247017,114.36781671206386,8
evening,30.534437496813958,114.36797360735794,8
evening,30.534101136554476,114.36783428114336,9
evening,30.534063140243173,114.36784527247924,9
evening,30.534098843225973,114.36783798226082,9
evening,30.534282574356997,114.36816008785523,7
evening,30.53409320915662,114.36805077720298,7
evening,30.534292099653577,114.36797813178745,8
evening,30.534173336229454,114.36786410579663,7
evening,30.534481719809083,114.36805711050931,6
evening,30.534180924798314,114.36803347881349,9
evening,30.534062559975286,114.36801766933738,6
evening,30.534262165715223,114.36806227170887,6
evening,30.53421310605713,114.36813702607424,5
evening,30.53452488135819,114.36794510369926,6
evening,30.534375122836476,114.36802879399816,9
evening,30.534346723217688,114.36806022535332,7
evening,30.534420441500775,114.36785913961593,8
evening,30.534465829683235,114.36778588538293,7
evening,30.534191039665963,114.36820240045576,6
evening,30.534486460578414,114.36812204977846,9
evening,30.5342460924656,114.36780981944374,5
evening,30.53444947934299,114.36786256437257,5
evening,30.534372972796728,114.36782634983156,7
evening,30.534172120256052,114.36801421092152,9
evening,30.53443753855612,114.36802195721901,5
evening,30.534207076392324,114.3679249187842,9
evening,30.534127954523516,114.36812236827865,7
evening,30.534157980493884,114.36816014658343,7
evening,30.534154381898805,114.36778996825741,5
evening,30.53427990566837,114.36821947811573,9
evening,30.53556355859206,114.36781522282818,7
evening,30.535710021834625,114.36818303748582,6
evening,30.535686371243848,114.36793085096917,7
evening,30.535665218831316,114.36794800294064,7
evening,30.53547330268967,114.36793538382454,9
evening,30.53542546834434,114.36814691888917,5
evening,30.535732297935134,114.36806836392545,5
evening,30.5357493633002,114.36804072362222,9
evening,30.535360982773717,114.36789542874276,9
evening,30.53562398543178,114.3680402821013,7
evening,30.53550213016567,114.36785757039058,9
evening,30.53536421660705,114.36780187994042,9
evening,30.535258863281907,114.36815472128781,6
evening,30.53541786396754,114.36776816812893,5
evening,30.535336398783812,114.3679511990764,9
evening,30.53526910397725,114.36778391860219,6
evening,30.53538290784032,114.36813275753813,6
evening,30.535268523308368,114.36784155111971,9
evening,30.535474015206063,114.36782657923446,6
evening,30.53564371017589,114.3679987311018,6
evening,30.535443608952427,114.3680591794338,9
evening,30.535397448033752,114.36776148281663,9
evening,30.535669436069227,114.36814857022719,6
evening,30.535354067791154,114.36807050671776,7
evening,30.535567898753396,114.3679550084471,6
evening,30.535266192430925,114.36816767757317,7
evening,30.535514053245205,114.36776666456542,7
evening,30.535734809378024,114.36804434615163,7
evening,30.53551676300493,114.36777790195313,9
evening,30.535590140441784,114.36817122976294,6
evening,30.535561465241784,114.36821700293225,9
evening,30.535352639653254,114.36799518160613,5
evening,30.535363224416724,114.36783618475651,8
evening,30.535689636172528,114.36798049032045,7
evening,30.535509935856638,114.36776440478275,7
evening,30.535483753512853,114.36809763735288,8
evening,30.535572782768046,114.36787222636738,9
evening,30.53546783830857,114.36798934293081,8
evening,30.53533351839562,114.36789934941648,9
evening,30.535677439582944,114.3679570179416,7
evening,30.53574188953278,114.36815110540027,7
evening,30.535568747155487,114.36775430587508,7
evening,30.53565206965502,114.36821160351013,6
evening,30.535550353427887,114.36802240413432,8
evening,30.53539598528856,114.36792508921747,6
evening,30.535439287990272,114.36809964034354,6
evening,30.535310427307188,114.36819918961564,6
evening,30.53537010347569,114.36798582366065,5
evening,30.535631872697344,114.36776640564581,9
evening,30.535555140360458,114.36809512231733,8
evening,30.535557061186775,114.36803381860813,6
evening,30.535374336400196,114.36814197803712,8
evening,30.53540265514037,114.36785453937628,6
evening,30.535486280517993,114.36820735795426,5
evening,30.535372749569646,114.36790001360907,8
evening,30.53532453908015,114.36789517465412,5
evening,30.534900597892058,114.36792916506606,7
evening,30.53492099325165,114.36791405221,8
evening,30.534912584813597,114.36773254986053,6
evening,30.535187570412603,114.36793674889277,8
evening,30.534970541799044,114.36759771919215,5
evening,30.535038731410825,114.36767058549816,5
evening,30.53496537651142,114.36783939743319,9
evening,30.53479481388075,114.36765420397913,8
evening,30.534805552717497,114.36774968315673,5
evening,30.534852845368974,114.36787159184325,9
evening,30.535077065740058,114.36767897510511,9
evening,30.53486217443389,114.36756957825911,9
evening,30.534973890257138,114.36769963143948,7
evening,30.535101677240178,114.36757600672148,5
evening,30.535104936113434,114.36769977456622,9
evening,30.535003156729896,114.36789842340629,5
evening,30.534827487878413,114.36772340254198,7
evening,30.535037119406145,114.36799123278163,5
evening,30.53513315070275,114.36769284869261,8
evening,30.53504587116805,114.36803457533212,5
evening,30.53493369157761,114.36784656878446,9
evening,30.535207886633714,114.36761631241762,8
evening,30.534782163073643,114.36804846827923,6
evening,30.534959176015285,114.36802240399572,7
evening,30.534830785375846,114.36770881942707,6
evening,30.534763802718203,114.36786203259203,6
evening,30.534781194497217,114.36787268218409,6
evening,30.53513200013283,114.3679080755284,5
evening,30.53487896156102,114.36795467402663,7
evening,30.534993930456228,114.36804228907599,9
evening,30.53507865284565,114.3676186761782,8
evening,30.535177275144633,114.3678250728264,9
evening,30.534807309134283,114.36781211414848,5
evening,30.535060653089225,114.36756905386808,5
evening,30.534891736334764,114.36788306247466,8
evening,30.53483398968478,114.3676077587738,7
evening,30.53517473609904,114.36759712256416,5
evening,30.535086182147545,114.36786932032408,5
evening,30.53477955333824,114.36769206413861,6
evening,30.535247130732994,114.36804246388195,6
evening,30.535221108522148,114.36793597452657,5
evening,30.53504280960422,114.36758436420071,5
evening,30.535052327871085,114.36787500661991,9
evening,30.53503452390157,114.36780782325248,9
evening,30.53500400582517,114.36783965588239,7
evening,30.534957370726705,114.36774151965174,6
evening,30.535203415518364,114.36777031973934,6
evening,30.534860515504818,114.36789406625806,9
evening,30.534769035230827,114.36772031258415,9
evening,30.535191965214214,114.36761670486872,9
evening,30.535037714500984,114.36760546086329,6
evening,30.53522610468958,114.36786765426699,7
evening,30.535111401393895,114.3677576492391,5
evening,30.535112841605564,114.3679211558932,6
evening,30.5350608909201,114.36792978815384,5
evening,30.53481442305242,114.3680162362055,5
evening,30.534023210901147,114.366091201455,8
evening,30.53370688981384,114.36622767499468,7
evening,30.533899268150073,114.36621355783578,9
evening,30.533626797822322,114.36579129592232,5
evening,30.53368533492744,114.36613836870153,8
evening,30.53373770319682,114.36597474350242,5
evening,30.533717455734614,114.36583253660712,8
evening,30.53380487872583,114.36603139079797,5
evening,30.533885957067582,114.36576425758341,8
evening,30.533998461151636,114.36585078589508,7
evening,30.533778013834276,114.36585997524496,6
evening,30.534028973738913,114.36577919084442,9
evening,30.533781915293908,114.3659523945935,7
evening,30.53384906229829,114.3662381971462,5
evening,30.533938409089327,114.36593880046942,7
evening,30.533850706880035,114.36584642989698,7
evening,30.533937889443372,114.36613977104876,6
evening,30.534023212305158,114.3659579149354,7
evening,30.53396630931693,114.36581628146254,7
evening,30.533709045718542,114.3658465417955,7
evening,30.534004538013498,114.36589407772848,8
evening,30.53375999248592,114.36618475653215,8
evening,30.533754941864125,114.36608310814032,6
evening,30.534046539315884,114.36619982245008,9
evening,30.534004988334843,114.36589357468569,7
evening,30.53385001939902,114.36580364818082,6
evening,30.53362808792481,114.36591953895301,9
evening,30.53387983286853,114.36586571684884,9
evening,30.533841955864016,114.36585896748024,8
evening,30.533723802130318,114.36586947137228,7
evening,30.53372915563518,114.36588579744215,7
evening,30.533978980838743,114.36582879259673,5
evening,30.533575545431308,114.36607434754892,8
evening,30.533703653375063,114.36607890090993,8
evening,30.53358579122629,114.36578234364114,6
evening,30.533876203512463,114.36616358323603,6
evening,30.53361922945196,114.3660681387704,8
evening,30.533783174367997,114.36608309355557,8
evening,30.533687197913736,114.36608341422021,6
evening,30.533877555127546,114.3658957369806,9
evening,30.53402824669565,114.36611293666492,6
evening,30.533588028200175,114.36607669263684,5
evening,30.53359358691095,114.36602184317051,7
evening,30.534037303615538,114.36580328516074,9
evening,30.534018470959026,114.3658931916921,5
evening,30.53382048471535,114.3657896614373,9
evening,30.53386744889868,114.36600692544962,6
evening,30.533879201132436,114.36616479977816,9
evening,30.533591099573368,114.36608871933075,8
evening,30.53379602738675,114.36582125995487,8
evening,30.533600583754346,114.36595303483034,6
evening,30.533886998963624,114.36603009592888,9
evening,30.533779837868334,114.36577711048459,8
evening,30.533964953910907,114.36591839245877,5
evening,30.53387677757463,114.36594062660834,5
evening,30.533687045534677,114.36579380381967,5
evening,30.536810868979163,114.36684023990723,1
evening,30.536939656966574,114.36673449219096,1
evening,30.536581986099947,114.36675410302816,3
evening,30.536594127508845,114.36706428629047,1
evening,30.536611531422917,114.36689965561543,1
evening,30.536621985669814,114.36701051602434,1
evening,30.536660316033558,114.36709172852164,1
evening,30.53662178683277,114.36666719488571,3
evening,30.53695455358743,114.36676294919651,1
evening,30.536749909890805,114.36714010666168,2
evening,30.5370082183449,114.36680815811852,4
evening,30.5368913154381,114.36673611462281,3
evening,30.536865369292215,114.36681788637739,1
evening,30.536723749415053,114.36694849344804,4
evening,30.536630289188775,114.36675510463203,4
evening,30.5365736403286,114.36706745229802,1
evening,30.536873026318172,114.36699864243761,1
evening,30.536823094639434,114.3670669414393,1
evening,30.53686333760169,114.36713169084858,2
evening,30.53685723231033,114.36687164213305,4
evening,30.53683124513264,114.36693674731278,4
evening,30.536664599258287,114.36678453294427,4
evening,30.5369417089705,114.36704169293041,4
evening,30.536759949136858,114.36686990257928,1
evening,30.53697243589404,114.367118766849,4
evening,30.536887477811185,114.36683988431716,2
evening,30.53691857390962,114.36690340777075,2
evening,30.536953069995967,114.36670460205892,1
evening,30.536901813121304,114.36687971035396,1
evening,30.53686621959161,114.36675788911313,1
evening,30.536591208849988,114.3669676113259,4
evening,30.536971169737082,114.3669235083135,4
evening,30.537064660585205,114.36689986016371,4
evening,30.53684373643208,114.3670467783894,3
evening,30.53677618970803,114.36676217970867,1
evening,30.53706715618104,114.36691576453217,1
evening,30.536867829311344,114.36677828153869,1
evening,30.537009336025882,114.36684565424241,3
evening,30.53666839001599,114.36702599915579,2
evening,30.537014800942238,114.36683851257233,4
evening,30.53668494918091,114.3668092226842,1
evening,30.536637751870956,114.36709191811835,1
evening,30.53672770058015,114.36706466237717,1
evening,30.536880033441065,114.36688617268318,1
evening,30.536706951389753,114.36711449022283,1
evening,30.536569729814453,114.36701417069256,2
evening,30.536899849641802,114.36667458711898,1
evening,30.537059683844923,114.36673924409476,1
evening,30.536720237857534,114.3670798037098,1
evening,30.536945814169183,114.36702294877834,2
evening,30.536925739731718,114.3670947829018,1
evening,30.53661329445645,114.366730698053,3
evening,30.53679277416647,114.36704930081488,2
evening,30.53670098982289,114.36691631735795,1
evening,30.536829282738847,114.36705559187862,2
evening,30.536819624228592,114.36673450980098,4
evening,30.537045619509712,114.36679495484024,3
evening,30.53691604200698,114.367124985143,1
evening,30.536704780519326,114.3670918315608,1
evening,30.53702877446648,114.36671267849903,1
evening,30.536964333340432,114.36677038221623,3
evening,30.536944780167648,114.36709241027785,1
evening,30.53702001816247,114.36712216120051,4
evening,30.536731332763857,114.36704460931506,2
evening,30.536751600953252,114.36710817683277,3
evening,30.53676706749101,114.36681468055124,3
evening,30.53678157994418,114.36687308643394,3
evening,30.53679844502019,114.36688440358819,1
evening,30.53699387062606,114.36685831194063,2
evening,30.536855957244498,114.36716098239334,1
evening,30.53672543223444,114.36678227601897,1
evening,30.536925030122983,114.36673099542506,1
evening,30.536609280130005,114.3668647588094,1
evening,30.536655965782803,114.36669160866569,3
evening,30.536633770537104,114.36695405059264,4
evening,30.53683902933981,114.36685536353873,2
evening,30.536598143215368,114.36670192829997,3
evening,30.5370047102942,114.36670309228508,3
evening,30.536791522819946,114.36677356043288,3
evening,30.53689761299109,114.36684008651247,3
evening,30.536891373339838,114.36688517959087,2
evening,30.53691093042329,114.36670349472342,3
evening,30.536681408810193,114.36689988329124,2
evening,30.536610450363092,114.36677663339071,2
evening,30.536736950305027,114.36711106468171,2
evening,30.53682634989581,114.36690542968694,3
evening,30.53683523501362,114.36696468642596,4
evening,30.536921457573523,114.36714873819041,2
evening,30.536786450961962,114.36675399217579,2
evening,30.53696939435107,114.36696364075773,1
evening,30.536793878604886,114.36708344421022,3
evening,30.536797290432926,114.36714158010177,3
evening,30.536609488721755,114.36715850461425,4
evening,30.536680046402147,114.36674652924331,1
evening,30.53669346761713,114.36696150027046,1
evening,30.5366043976638,114.36714951153583,4
evening,30.53666956164971,114.36667340587478,3
evening,30.536951570467398,114.36686496197856,1
evening,30.536963911686023,114.36693728920122,4
evening,30.53658134107714,114.36669354657826,2
evening,30.536790245505028,114.36682048559014,1
evening,30.53685262858142,114.36700168930739,3
evening,30.536749779698134,114.36703056981221,1
evening,30.536635217525816,114.36707119572581,1
evening,30.53660397860179,114.36685874372057,4
evening,30.536945710021094,114.36683963479138,4
evening,30.536658371507357,114.3669297088052,2
evening,30.536941820116894,114.36710511591282,1
evening,30.536999072167504,114.36715516937934,1
evening,30.537040181894962,114.36698728716264,2
evening,30.536893787256606,114.36712240060989,3
evening,30.536642710424616,114.36695224530115,1
evening,30.53683710938153,114.36670857659409,3
evening,30.536626153016336,114.36689385091441,2
evening,30.536798740781425,114.3668016931995,3
evening,30.536842484800292,114.36679217454562,3
evening,30.53697732162742,114.36672319631688,1
evening,30.536776524683553,114.36688177865211,4
evening,30.53700039342923,114.36674456300072,1
evening,30.53657704905963,114.36709553358538,1
evening,30.535169250572636,114.37097183122995,1
evening,30.5351375690678,114.3711425419593,1
evening,30.534999641936462,114.37136645422021,3
evening,30.535048516561815,114.37124383679766,4
evening,30.534822191059796,114.37128923560266,1
evening,30.535187526287167,114.37107057434676,4
evening,30.534829701328825,114.3709162020325,3
evening,30.53520587219692,114.37092014465733,2
evening,30.535212696782946,114.37103399351444,4
evening,30.53485084438468,114.37136409332444,1
evening,30.53508538226286,114.37101848129713,4
evening,30.535139383100766,114.3711681089963,3
evening,30.534912285311204,114.3709159154377,4
evening,30.534867433782818,114.37126751292926,1
evening,30.534868309152536,114.37119237182401,3
evening,30.53498144763299,114.37134371274115,4
evening,30.535210771282994,114.37123865627076,1
evening,30.534774692771162,114.37098315262787,2
evening,30.534827089681272,114.37106606178175,3
evening,30.5350884866539,114.37126432962344,3
evening,30.535118055818067,114.37104052693847,3
evening,30.53492462492147,114.37095719544236,1
evening,30.534825222281487,114.3713008055242,1
evening,30.534791193618553,114.3709839582561,1
evening,30.534992983057514,114.3712119864605,2
evening,30.53500512178761,114.37099906113724,3
evening,30.534985817237143,114.37128406255266,3
evening,30.53472563425855,114.3710718491175,3
evening,30.534753435962593,114.37100617300294,3
evening,30.534727947627918,114.37104244569862,4
evening,30.53493606007731,114.37106196817119,2
evening,30.53500630412754,114.37091801485066,1
evening,30.53486267519787,114.37097671823227,3
evening,30.535197929611936,114.37095756118207,1
evening,30.534959185341307,114.37137086570216,4
evening,30.534783301337015,114.37099876014713,1
evening,30.5348928491861,114.37104902671733,3
evening,30.535141418572902,114.37115667962722,1
evening,30.53489201191007,114.37135448575611,2
evening,30.534789637935127,114.37134261578365,4
evening,30.534765651897978,114.37106420180794,3
evening,30.535095176563175,114.37097565886529,4
evening,30.535021315136422,114.37111300398651,1
evening,30.534786633916493,114.37119500696463,4
evening,30.534991883151704,114.37129063738676,2
evening,30.534892893643793,114.37118310721118,1
evening,30.535132599776063,114.37108376572174,2
evening,30.53518219726986,114.37089269886447,3
evening,30.534791349976704,114.37120824476011,1
evening,30.534755384219583,114.37125274070573,1
evening,30.53486665681992,114.37101960243426,4
evening,30.53483401506868,114.37098863221861,4
evening,30.534782090194984,114.37119732766972,3
evening,30.534849983696002,114.37107488629509,1
evening,30.535210369899396,114.3712109882823,3
evening,30.53483006655121,114.37102797112448,1
evening,30.534917274745613,114.37129097736342,3
evening,30.534853050969396,114.37137559028162,4
evening,30.53508008151826,114.37097822483865,1
evening,30.5349710306207,114.37111336759914,1
evening,30.53499775064666,114.37134957496629,4
evening,30.53504680750012,114.371381619722,4
evening,30.534886518983427,114.37136303167986,3
evening,30.53519079531805,114.37137529713262,2
evening,30.534884250938838,114.37122439996068,3
evening,30.534864363376233,114.37128270017085,4
evening,30.534941910819356,114.37112967501973,2
evening,30.53510548843595,114.37111120061583,4
evening,30.535155971027656,114.37095548054188,1
evening,30.53475891114505,114.37126640737429,1
evening,30.534828825413165,114.37114448241856,4
evening,30.53505322535735,114.37088708828752,3
evening,30.53492782345711,114.37119146691198,3
evening,30.534989945905508,114.37116184051634,1
evening,30.53506764636103,114.37134788645203,1
evening,30.535110462425866,114.37122488476426,1
evening,30.535004372105472,114.37113051815477,3
evening,30.534737627131406,114.37093310901592,1
evening,30.534962859821903,114.37114516090409,1
evening,30.53493948427729,114.37101301911716,1
evening,30.53520786003406,114.37120273966154,1
evening,30.534725096447676,114.37111268795218,3
evening,30.535104134279162,114.37137137208207,3
evening,30.535165290414096,114.37136319933562,1
evening,30.53482919661191,114.37110041043638,1
evening,30.53503165657659,114.37098377724939,4
evening,30.53475363664043,114.37125145022972,3
evening,30.53519975182619,114.37094124638146,1
evening,30.534878030451885,114.37089125314036,3
evening,30.53479059862211,114.37108362139244,2
evening,30.534948158187667,114.37133147331087,1
evening,30.53480901322586,114.37133717521199,1
evening,30.534858035986915,114.3710483638587,1
evening,30.534878520070198,114.371283709956,1
evening,30.535180936769734,114.37127013892504,4
evening,30.535115772155326,114.37123566921441,3
evening,30.535079125182225,114.3711631589548,2
evening,30.53506037170624,114.37123790481216,4
evening,30.53513667493529,114.3710921636878,3
evening,30.53496571570703,114.37117838085706,4
evening,30.534869863936056,114.37128605869356,2
evening,30.53487044425512,114.37118432003403,1
evening,30.53513168815588,114.37100509589769,3
evening,30.53510972650479,114.37136059359307,4
evening,30.535140759602744,114.37116039127379,2
evening,30.534781534426813,114.371273157542,1
evening,30.535063902685835,114.37137272473777,3
evening,30.53489109679144,114.37130097544244,3
evening,30.535041757998975,114.370998036061,4
evening,30.535023335819307,114.37131534463175,1
evening,30.5351901525733,114.3710067197888,2
evening,30.535173895941742,114.37127888151896,4
evening,30.53514495278287,114.3711194016256,1
evening,30.53498040196742,114.37117401524877,1
evening,30.53514697412196,114.3711374181162,3
evening,30.534858487361575,114.37118556736222,1
evening,30.5348091346442,114.3708924265122,1
evening,30.534866339207017,114.37137045304432,3
evening,30.53474671058234,114.3709415831762,2
evening,30.535035853703395,114.37120599032552,1
evening,30.53572061952331,114.37123158934594,2
evening,30.535332985095668,114.37130784017977,3
evening,30.535723796283662,114.37114531566515,1
evening,30.535370660346835,114.37148254852144,4
evening,30.535440546373945,114.37146323580632,3
evening,30.5355009126487,114.3715488325741,1
evening,30.53548744693462,114.37131548743167,4
evening,30.53546719331661,114.37147066878292,1
evening,30.53568317389529,114.3711505661677,2
evening,30.535519938541814,114.37137907711879,3
evening,30.535376801698742,114.37126970173064,4
evening,30.53552038615816,114.37118332950982,2
evening,30.53563846199014,114.37143358298916,1
evening,30.535679324112404,114.37127544656578,4
evening,30.535616117009,114.3714576968787,1
evening,30.5357418098094,114.37135463454226,2
evening,30.535547872149206,114.37158191059137,3
evening,30.53545895899482,114.37115770998996,1
evening,30.53532535246245,114.37121462443538,2
evening,30.535410307957513,114.3712464900667,1
evening,30.53541483398882,114.37108931731773,4
evening,30.535477410352026,114.37130577522213,1
evening,30.53572174160473,114.37154241528836,1
evening,30.535760592909085,114.37127960718308,4
evening,30.53547909906641,114.37144064065257,1
evening,30.535479594089196,114.37119808211435,2
evening,30.535700067140574,114.37123072639766,1
evening,30.53532298004308,114.37136699200796,4
evening,30.53560311810401,114.37149643819309,2
evening,30.53547198987249,114.37123884907166,1
evening,30.535501921389134,114.3715512022779,1
evening,30.535710790771468,114.3714223825037,1
evening,30.53575606591607,114.37149258616952,3
evening,30.535602259422188,114.37127039790096,1
evening,30.535557868405984,114.37135338603632,2
evening,30.535422147103002,114.37128751786247,4
evening,30.535543856995123,114.3713363501866,1
evening,30.535500141193207,114.37143268314479,3
evening,30.53530018004527,114.37110772630669,1
evening,30.53556022393776,114.3714908173907,1
evening,30.535669386095364,114.37110586580708,3
evening,30.53566806008794,114.37124816324935,2
evening,30.53534546755518,114.37115882888573,2
evening,30.535305478982682,114.3714196381143,4
evening,30.535702754217258,114.37133273682603,2
evening,30.535630822461872,114.37122768071293,2
evening,30.535693989485363,114.37139584502334,1
evening,30.5356766009353,114.37142371275937,3
evening,30.53540544950819,114.3712775103379,1
evening,30.535571705078016,114.37120733922266,1
evening,30.535617022907378,114.37128024905583,2
evening,30.53558535458784,114.37131130438209,1
evening,30.53569455342613,114.37135108432774,4
evening,30.535561849654627,114.37120002122006,4
evening,30.535444406044007,114.37134988447862,4
evening,30.53530573493372,114.37151536464984,4
evening,30.535704207512396,114.3713356298088,3
evening,30.53545130672606,114.37114456239019,4
evening,30.535750001182496,114.3714718454048,1
evening,30.53533558679121,114.37114452621351,2
evening,30.53557107531246,114.37117297964815,3
evening,30.535661962853357,114.37127829129965,4
evening,30.53568990514273,114.37110641160734,1
evening,30.53543834231967,114.37113518497803,4
evening,30.535511644781135,114.37136141265111,2
evening,30.535739229197944,114.37157192662221,2
evening,30.5353557103454,114.37121110348819,2
evening,30.53570237005433,114.37118350844898,1
evening,30.535715773242508,114.37138936484867,4
evening,30.535701238016053,114.37118010723682,1
evening,30.535452833505776,114.37133870040981,3
evening,30.53565600692048,114.3713110848624,4
evening,30.535713878740022,114.37132622617735,1
evening,30.53556880957805,114.37156090786263,3
evening,30.535452840137722,114.37114627470554,4
evening,30.535654839964845,114.37146796914058,4
evening,30.535521613045606,114.37110909872494,2
evening,30.53561111475185,114.37112145690892,2
evening,30.535467882834137,114.3713138510329,4
evening,30.53574054452474,114.37153031430707,2
evening,30.535465393648494,114.37113160053174,4
evening,30.535511536179325,114.37138027419886,3
evening,30.535585786065287,114.37127067392993,3
evening,30.535506635716917,114.37113259509768,3
evening,30.535519854740752,114.3711661750671,4
evening,30.53554915152768,114.37147323239083,1
evening,30.53566921901691,114.3714351576201,1
evening,30.535492378787506,114.37108555584022,1
evening,30.535326775487846,114.37139721264985,4
evening,30.53562703526476,114.37155027934855,1
evening,30.53544263799813,114.37137419429074,3
evening,30.53544019123807,114.3713990872719,3
evening,30.535441365330968,114.37147558685722,3
evening,30.535568983314487,114.3715481765161,1
evening,30.535343926444412,114.37157094119296,1
evening,30.53535130647425,114.37147311207175,4
evening,30.535454762219327,114.37139990022227,2
evening,30.535478520952253,114.37133502566431,3
evening,30.535669876312696,114.37156560551087,1
evening,30.53567612355265,114.37114614386095,3
evening,30.53545179820686,114.37121543683939,2
evening,30.53529178531645,114.37129655620022,2
evening,30.53532415637248,114.37117965131024,1
evening,30.535758955474705,114.37115059523903,3
evening,30.53554133084961,114.3714840458937,3
evening,30.535438421150445,114.37123965786151,4
evening,30.535512152778118,114.37111286558634,1
evening,30.53574482647018,114.37149365003852,3
evening,30.5355586229513,114.37111144866665,1
evening,30.535262129678138,114.37130909766493,2
evening,30.535418917473272,114.37127157218363,1
evening,30.535480654135164,114.37147246660369,2
evening,30.53531806450725,114.37133399158711,2
evening,30.535430386399565,114.37117297026566,1
evening,30.535617094370505,114.37126850998924,4
evening,30.535408360522702,114.37151856787577,4
evening,30.53529544594767,114.3715680615772,3
evening,30.53533628950099,114.37147635352444,1
evening,30.535575449074425,114.37113157241298,4
evening,30.53565484933313,114.3713744899064,2
evening,30.533665987200777,114.36464889261606,1
evening,30.533730536069072,114.36496325004549,2
evening,30.53382532197678,114.3646765753376,1
evening,30.53383971259289,114.36468653781456,4
evening,30.533569040379575,114.36450387944784,4
evening,30.53368125110132,114.36480767125134,1
evening,30.53334773507446,114.36449043570626,1
evening,30.533414508089592,114.36472242846506,1
evening,30.533586997346546,114.36450466882974,1
evening,30.533654603537375,114.36489130709063,4
evening,30.53351358658773,114.36476144828045,2
evening,30.533503008709413,114.36453529571592,3
evening,30.533455616389812,114.36479780040123,3
evening,30.53382004336084,114.36487327298376,3
evening,30.533800590267266,114.36464614573522,3
evening,30.533747284032284,114.36478252095907,4
evening,30.533346810711617,114.36496749969419,4
evening,30.53366568453714,114.36476830828059,1
evening,30.533485788442974,114.36447999162269,4
evening,30.533467444139333,114.3645621488695,1
evening,30.53373792592614,114.36492404876915,1
evening,30.533745700957475,114.36474749851365,1
evening,30.53344166003788,114.3649257476516,3
evening,30.533524470711793,114.36458928219177,2
evening,30.53353088904879,114.36466023058242,1
evening,30.533597655302263,114.36454341893658,3
evening,30.53374444252157,114.3649326120095,2
evening,30.533465531139374,114.36471481166319,4
evening,30.533413637360727,114.36491782693379,2
evening,30.533409942778704,114.36458378627913,3
evening,30.533398089688536,114.36474638092831,3
evening,30.533414536629692,114.3649521529795,1
evening,30.53351115924355,114.36461031537173,3
evening,30.533670600224525,114.36480486726536,1
evening,30.53365908800717,114.3644759070461,2
evening,30.53370706800286,114.36477579286976,2
evening,30.53383430968125,114.36450430035529,3
evening,30.533592651994407,114.36463236120755,1
evening,30.533498712228965,114.36471049940438,1
evening,30.53372761850827,114.36485426903135,3
evening,30.533784950675805,114.36467825007117,4
evening,30.533381888961564,114.36455279358057,4
evening,30.533453871476283,114.36490391261198,4
evening,30.53377781786289,114.3648043812686,2
evening,30.53361100191793,114.3649320498393,2
evening,30.53356411404823,114.36456573952715,4
evening,30.533432435312424,114.36455209979066,4
evening,30.53370482106346,114.36453405504993,2
evening,30.533480907182934,114.36469834973249,1
evening,30.533738704583826,114.36485462989765,2
evening,30.533606569047517,114.36455090056073,1
evening,30.53347222534339,114.36458118120542,3
evening,30.533631028496185,114.36466024742235,1
evening,30.533715777697687,114.36495999270075,1
evening,30.53344520640609,114.36447520537828,4
evening,30.533743983025825,114.36468377338325,3
evening,30.53349625964645,114.36475052512424,3
evening,30.533500872660685,114.36490625228775,1
evening,30.533440906196688,114.36471489156165,4
evening,30.533510168308503,114.3647329183494,1
evening,30.533676944384794,114.36490256448272,1
evening,30.533356606806255,114.36484593227867,4
evening,30.5335019549083,114.3646092758915,1
evening,30.533702197776844,114.3645339395069,1
evening,30.533653542551228,114.36494463575619,2
evening,30.53366044058412,114.36486977123,1
evening,30.53364701793433,114.36459343474999,2
evening,30.53357927878469,114.36468620039207,1
evening,30.533399144347747,114.3648108952709,1
evening,30.533722665527062,114.3647141797303,2
evening,30.533371755436537,114.36450721089628,1
evening,30.533726257007697,114.36490177188271,1
evening,30.533522399183358,114.36463828990065,4
evening,30.53375279605477,114.3648852344749,2
evening,30.53381242710065,114.36458416979384,3
evening,30.533444579561372,114.36474029738578,2
evening,30.533451699069253,114.3649347690311,3
evening,30.533392059107335,114.36466127725984,1
evening,30.533673806355992,114.36465319021507,3
evening,30.53375661187293,114.36451325127112,1
evening,30.533747753510397,114.36462966866482,2
evening,30.53351196386092,114.36492416097072,1
evening,30.533778485351334,114.36458696837765,1
evening,30.533795053138846,114.36482060994926,2
evening,30.53371152970113,114.3646459668374,1
evening,30.533375955156615,114.36473294857763,3
evening,30.53353669573034,114.36469554015933,4
evening,30.53371126451351,114.36467131614165,2
evening,30.533476370275114,114.36491182336617,1
evening,30.53371411549502,114.36456660505456,2
evening,30.53367490260961,114.36496948482832,3
evening,30.53382453701248,114.36490949934698,3
evening,30.53360619642691,114.3646098021492,3
evening,30.533717171200284,114.36473055529274,3
evening,30.533637162782835,114.36490531799342,1
evening,30.53348730561464,114.36458292468137,1
evening,30.533777916817463,114.364598490362,3
evening,30.53351816556671,114.36456676488193,4
evening,30.533650739967687,114.36485660733551,3
evening,30.533490553039037,114.36449146307238,2
evening,30.533755645212466,114.36478835650436,1
evening,30.533563267518332,114.3645836151809,1
evening,30.53365033222211,114.36488064670054,2
evening,30.53350861369022,114.36458973183338,4
evening,30.533410417904193,114.3648701209857,2
evening,30.533441618390253,114.36470629180423,1
evening,30.53357708366983,114.36477540827595,4
evening,30.53334544980712,114.36490090150855,1
evening,30.533768961599797,114.3646162010705,2
evening,30.533601898147136,114.36492527824895,2
evening,30.53340780784141,114.36460308672402,2
evening,30.53370087146661,114.36496369508806,1
evening,30.533364592710445,114.36470383143995,3
evening,30.533687412614686,114.36488846741588,2
evening,30.533796943370962,114.36466613166195,3
evening,30.533415846865662,114.36461125016035,4
evening,30.533808213488967,114.36456584257952,3
evening,30.53341216487964,114.36480924726011,1
evening,30.53375269175919,114.36493711437596,1
evening,30.5333715993839,114.36479544022501,2
evening,30.534861095760466,114.3657146981164,2
evening,30.534886243726827,114.36555930934486,1
evening,30.534981515139894,114.36579553413296,2
evening,30.534613878717135,114.36580823325005,1
evening,30.53501389620233,114.36576755582855,1
evening,30.534734193049776,114.36543546695373,2
evening,30.53472323512373,114.36570809091853,1
evening,30.53502046105429,114.36549002223903,1
evening,30.53468684707886,114.36547363390737,1
evening,30.53487593933401,114.36539787043834,1
evening,30.53467637665873,114.36562419016673,1
evening,30.53463390115725,114.36561092617704,4
evening,30.534713870725295,114.36571640022659,4
evening,30.534555437976376,114.3658574051268,4
evening,30.534613198076503,114.36545497373899,1
evening,30.534607242207855,114.36575173693227,2
evening,30.534897227039252,114.36587368731587,4
evening,30.534591309314983,114.36562922965332,2
evening,30.53454078188728,114.36576479292945,1
evening,30.534799030185106,114.3655945455965,3
evening,30.534622387021038,114.36570003132015,2
evening,30.53497307795171,114.36580044019578,1
evening,30.53459348444207,114.3655905363764,3
evening,30.534890520611903,114.36573366031922,1
evening,30.53480839513357,114.36569491283113,3
evening,30.534784715280402,114.36546570490161,2
evening,30.5350034562198,114.36572136302625,4
evening,30.53463306579262,114.36552058456276,1
evening,30.53495418233776,114.36583436858508,4
evening,30.534814498923307,114.36551556329519,2
evening,30.534923997606935,114.36541587848927,2
evening,30.53485172700708,114.36579081197334,2
evening,30.534835049411882,114.3653909081769,4
evening,30.534670596330454,114.36548232942572,1
evening,30.534741890626993,114.365767660074,2
evening,30.53473200132704,114.36569494708036,4
evening,30.534598504157483,114.3655666234321,2
evening,30.534997313152033,114.36550339146092,2
evening,30.534965649764118,114.36564060272957,4
evening,30.534559885851273,114.36582438593304,3
evening,30.53457988605726,114.3655016343807,3
evening,30.53479977587821,114.36561510386657,1
evening,30.534610436815814,114.36582730931825,4
evening,30.53469500208574,114.36553689426675,1
evening,30.53500941758693,114.36554574000341,1
evening,30.534987501060762,114.36576852703017,1
evening,30.534750930393844,114.36583028842145,1
evening,30.534787377413174,114.36538749964413,3
evening,30.534779524254894,114.36573019867069,2
evening,30.534975320340326,114.36550427019135,1
evening,30.534828199615884,114.36579023274749,3
evening,30.534609320883273,114.36571902120018,1
evening,30.534750835024663,114.36544968877291,1
evening,30.534726650876102,114.36562268523619,1
evening,30.53478941233962,114.3656104825771,1
evening,30.53479744969154,114.36570836058783,3
evening,30.534903354345854,114.36585581878126,1
evening,30.534635284318195,114.36562011270541,1
evening,30.534689768526306,114.36585018898565,3
evening,30.53493548535719,114.36560684680454,4
evening,30.534635868697727,114.36561191708557,1
evening,30.53476937725854,114.36547199679205,2
evening,30.53467659416819,114.36560765466216,1
evening,30.53482914739281,114.36550332088993,4
evening,30.535016638601757,114.3654211496447,1
evening,30.534996689536953,114.36559093389414,1
evening,30.53477244781379,114.36543501006396,3
evening,30.534876807442416,114.36547987296933,2
evening,30.53460273662443,114.36559663243126,3
evening,30.53494716497851,114.36541986182894,2
evening,30.534944999681326,114.3658478004858,2
evening,30.534707784476616,114.36544411235465,2
evening,30.53499652445868,114.36563345088507,3
evening,30.534972691889827,114.36572057654296,1
evening,30.534889813003634,114.36558115724293,4
evening,30.534873216858283,114.36580297010649,4
evening,30.5348296510401,114.36562915722693,4
evening,30.53480905955311,114.3656406409158,3
evening,30.534702932719167,114.36561544829286,1
evening,30.53493956219633,114.36553131652737,1
evening,30.534974114385903,114.36567020152476,1
evening,30.534996084811173,114.36555983315365,4
evening,30.534668004319467,114.36554261448681,1
evening,30.534563157937992,114.36565203381008,4
evening,30.534848923657663,114.36559841054093,4
evening,30.53467734854433,114.3655378479826,1
evening,30.53471607559147,114.36586770121762,2
evening,30.534703189424288,114.36544864672645,1
evening,30.53465510875421,114.36547450202222,1
evening,30.53470490683661,114.36568152449388,4
evening,30.534870552219864,114.36560087971266,1
evening,30.5349162099224,114.36583385147657,2
evening,30.534924070972437,114.36555448426515,3
evening,30.534653714761305,114.36539135337884,1
evening,30.53461762631188,114.36556865791098,2
evening,30.534579251956423,114.36549871543473,1
evening,30.534666558653285,114.36568299719134,2
evening,30.534612186645123,114.36552415597716,1
evening,30.53464114093843,114.36573643486783,4
evening,30.534893203039342,114.36545960865274,2
evening,30.53497221213967,114.36568598838218,1
evening,30.53500833025962,114.36563268818475,1
evening,30.53464762535428,114.3657028380696,3
evening,30.534892383043537,114.36551022735043,3
evening,30.534556711085273,114.36538575002062,1
evening,30.534806312117365,114.36571794868436,1
evening,30.534994736308942,114.36542780004362,3
evening,30.534725635397933,114.36540108358624,1
evening,30.53482320705504,114.36569311366385,1
evening,30.534689199532718,114.36543354168094,1
evening,30.534588326707084,114.36569228558236,2
evening,30.53471838599286,114.36577586082805,1
evening,30.534894358758997,114.36562939488479,1
evening,30.534562528278883,114.365795959899,4
evening,30.53484670170005,114.36543768749979,1
evening,30.534630748953067,114.36570990015042,4
evening,30.534773239743025,114.36558532985595,1
evening,30.534582883938686,114.36579287001135,2
evening,30.5345269488617,114.36583369938894,3
evening,30.535019706328534,114.36547123779751,1
evening,30.5345292618174,114.36546147248154,4
evening,30.53461100051654,114.3657343235568,1
evening,30.534394646870506,114.36585563612124,1
evening,30.534704169234775,114.36559116808809,1
evening,30.53484864202585,114.36555389306871,4
evening,30.53456915146458,114.3655663271023,2
evening,30.53470358011163,114.36585112091242,4
evening,30.534595488037372,114.36555000394381,3
evening,30.53439837461702,114.36571002655444,2
evening,30.53480712811451,114.36581192573658,1
evening,30.53465390476907,114.36571333041204,3
evening,30.534679965473405,114.36574713775632,2
evening,30.534734332251634,114.36560072333381,4
evening,30.534641042367255,114.36559924843344,2
evening,30.53444242234665,114.36576459067035,1
evening,30.534702810737627,114.36545926146188,3
evening,30.534475399932973,114.36547212080447,3
evening,30.53470994760781,114.3657157354521,2
evening,30.534495965086926,114.36545215343848,1
evening,30.534539111749694,114.36583829837228,1
evening,30.534637281524336,114.36555936295476,1
evening,30.534814154234866,114.365592615934,3
evening,30.53466579700316,114.36578328115539,3
evening,30.53482765610596,114.36556159786649,3
evening,30.53448603868251,114.36539756211347,1
evening,30.5348249488412,114.36564615182735,1
evening,30.534828352588097,114.36555688022243,4
evening,30.534781123945358,114.36559661044981,3
evening,30.534747181518924,114.36571375577206,1
evening,30.534489177579385,114.36545628443496,1
evening,30.534837550769545,114.3658240330807,3
evening,30.534501329023968,114.3657572701252,3
evening,30.53479511174146,114.36567888681796,3
evening,30.534849113853763,114.36542296741831,4
evening,30.534466289617402,114.3653922176494,1
evening,30.534727625549447,114.36563233753111,4
evening,30.53441130583236,114.3657635376282,2
evening,30.534787842953467,114.36546410007772,1
evening,30.534612919095196,114.36586368984435,1
evening,30.534627931001918,114.36545302705072,3
evening,30.53474184424714,114.36551152193313,1
evening,30.53445291352576,114.36554321929633,3
evening,30.534443434513378,114.36576208594249,4
evening,30.53441490615624,114.36572064994407,1
evening,30.53446325551147,114.36558071016405,1
evening,30.534664067397816,114.36584258796152,3
evening,30.534829362126345,114.3655774148239,1
evening,30.53452996689499,114.36577244737235,1
evening,30.534475824930713,114.36556877148152,1
evening,30.534638553817558,114.36580828726649,2
evening,30.53470129354691,114.3658315053918,1
evening,30.5344673154414,114.36562502465492,4
evening,30.534609268470668,114.36554017528442,4
evening,30.534396716123975,114.36569762891543,3
evening,30.53475525731452,114.36582379938257,1
evening,30.53453060967455,114.3656406223481,4
evening,30.53466926716862,114.36540162929845,3
evening,30.53461699261867,114.36559384508008,1
evening,30.534877446239328,114.36557414011779,4
evening,30.5347526082472,114.36576354862214,1
evening,30.534477312310173,114.36575269018759,3
evening,30.534578547705234,114.36539248514823,2
evening,30.534587780651815,114.36566958388451,3
evening,30.53470283048263,114.36544487248933,3
evening,30.534822950870517,114.36564217239464,1
evening,30.534684545601447,114.36540940791839,4
evening,30.534596247195058,114.36537418436838,1
evening,30.534433947006903,114.36579891865858,1
evening,30.534478623351127,114.36552258436357,1
evening,30.534857665599958,114.36575413216907,2
evening,30.534384146934507,114.36571253084485,1
evening,30.53483442054509,114.36542353280888,1
evening,30.53445102225296,114.36552397545515,3
evening,30.53450650228093,114.36555713144895,2
evening,30.534627711471018,114.36586860670765,3
evening,30.53481145509411,114.36577327152767,1
evening,30.53485846418549,114.36582711358156,3
evening,30.534498523342993,114.36558689108762,4
evening,30.534806963028473,114.36573453224497,3
evening,30.534754085318365,114.36579197814883,1
evening,30.534828492679285,114.36559853286079,1
evening,30.534808981851256,114.36569055041382,1
evening,30.534704099224722,114.3656426145605,3
evening,30.534441696375662,114.3657996329074,1
evening,30.534466891028067,114.36576363262705,1
evening,30.534730452551212,114.36543305726208,1
evening,30.534590465667918,114.36540474476712,1
evening,30.534586416479165,114.36551184317514,4
evening,30.53467907977719,114.36542801955123,2
evening,30.534779201718887,114.3657276794823,2
evening,30.53451504008887,114.36565341688166,2
evening,30.53457684431146,114.36579214521228,1
evening,30.534596514664102,114.36584148731107,2
evening,30.534808946731403,114.36572524343833,1
evening,30.534602745497942,114.36561100561903,1
evening,30.53459931191382,114.3655723362128,2
evening,30.53471374288785,114.36576618066731,4
evening,30.534850517289744,114.36578509732038,1
evening,30.534584121388853,114.36549315469428,2
evening,30.534492701978426,114.36567301752532,4
evening,30.53479097440131,114.36543855049112,3
evening,30.534390063330395,114.36566590940934,3
evening,30.534748193088802,114.36558609747787,1
evening,30.53450352593449,114.36577605759227,2
evening,30.53450272253442,114.36565430991958,4
evening,30.534696140063335,114.36572852298787,2
evening,30.534874231147434,114.3656575750049,1
evening,30.534708899028505,114.36556770256338,4
evening,30.53466360576198,114.36540679967678,2
evening,30.534406242816743,114.36586725079145,2
evening,30.534653257223763,114.36561430554507,1
evening,30.53487059937132,114.36580386584762,4
evening,30.53467660553681,114.36538019765952,2
evening,30.534707399554744,114.36543491807774,4
evening,30.53473924112638,114.3655972315966,4
evening,30.534709246686983,114.36566179106887,4
evening,30.534850244775058,114.36564769565815,2
evening,30.53469408861291,114.36582657931864,3
evening,30.53449445818609,114.3656121533694,1
evening,30.534430573986214,114.36558889617483,1
evening,30.533307664221102,114.36485068960893,1
evening,30.53323244221931,114.36487679409971,2
evening,30.533513540249228,114.3651871370481,4
evening,30.533501325407588,114.3649349283334,1
evening,30.53350089496706,114.36492190113869,1
evening,30.533661719624703,114.3650493877587,2
evening,30.53332709845326,114.36505078398125,1
evening,30.533363416006832,114.3647927524741,1
evening,30.53330660930316,114.36514221571896,2
evening,30.533641315503253,114.36497470237104,1
evening,30.5332753613094,114.36480614789389,2
evening,30.53364930412018,114.364724821306,2
evening,30.533313134880398,114.36505011213717,4
evening,30.533305228461693,114.36502466873822,2
evening,30.53348007404561,114.36474155193227,4
evening,30.533634934653627,114.36484344846382,1
evening,30.533415585386642,114.36503773362388,4
evening,30.533464017825427,114.36475182664556,1
evening,30.533551382137492,114.36484463099784,1
evening,30.53350331389452,114.36495505086062,1
evening,30.533462506427934,114.3647950076579,1
evening,30.533551295258402,114.36504845208863,2
evening,30.533571601673057,114.36471587079652,4
evening,30.533522815665616,114.3648701517002,2
evening,30.533261684366863,114.36486004317183,1
evening,30.533290510876018,114.36485721379618,3
evening,30.533693629360688,114.36473663158685,4
evening,30.533536816502792,114.36493241261293,1
evening,30.533626002123437,114.36498551589118,3
evening,30.533409043501678,114.36488783778898,1
evening,30.533398276095955,114.36484891436614,1
evening,30.533397653064206,114.36490603217682,1
evening,30.533431550317314,114.36517226883241,3
evening,30.53326410563123,114.36515564120484,1
evening,30.53334240303003,114.36511254440363,2
evening,30.53322108717972,114.36495014213293,4
evening,30.533472238288535,114.36485305742063,1
evening,30.533454348979635,114.36489207396941,1
evening,30.533266415427846,114.36483622125607,4
evening,30.533551194336276,114.36508153155346,2
evening,30.5336742112092,114.36512370111924,2
evening,30.53340515137866,114.36480687522699,3
evening,30.533346632238683,114.36498588387859,2
evening,30.533571116359095,114.36479482610288,4
evening,30.533653692013985,114.36479169119835,1
evening,30.533476584850128,114.36498645116212,4
evening,30.533661530241435,114.36499569167509,1
evening,30.5334215513932,114.36511516350947,2
evening,30.533577649648233,114.36506241795114,2
evening,30.533655824546425,114.36519077615553,2
evening,30.533415367976648,114.36499243005225,3
evening,30.533674961596848,114.36515275752954,1
evening,30.533270178980533,114.36507779854853,3
evening,30.533601902321546,114.3652037481627,4
evening,30.533337627169416,114.36514833567185,2
evening,30.533671548987204,114.36511510054461,3
evening,30.53363831674592,114.36487306933222,2
evening,30.533678988811314,114.36484244427594,1
evening,30.533486554917438,114.36511931243108,1
evening,30.53364496563584,114.365037997763,4
evening,30.533591774555493,114.36480137990823,4
evening,30.533661355764472,114.36518294302257,1
evening,30.533503161529826,114.36520171490035,3
evening,30.533429259643587,114.36502070922343,1
evening,30.533345148230353,114.36492407930442,4
evening,30.53368859440102,114.36514104070584,2
evening,30.533563286355385,114.36471960762535,1
evening,30.533331326446227,114.36492394137588,1
evening,30.533351768667412,114.36516394087754,1
evening,30.533563283317072,114.36507445884577,2
evening,30.533583332052444,114.36499421096855,3
evening,30.533447961135924,114.36519497847776,4
evening,30.533216959006698,114.36471423594911,4
evening,30.533635942350763,114.36489254222242,3
evening,30.533563411614157,114.36497067629065,3
evening,30.533625524769906,114.36499313507791,2
evening,30.53358518604566,114.36483511595439,2
evening,30.533325350812564,114.3648528341857,1
evening,30.533509758232647,114.36498937926423,1
evening,30.533614781727074,114.36487026982383,1
evening,30.533647664317996,114.36480851470513,3
evening,30.53364307659587,114.3649063078232,4
evening,30.53349469516116,114.36492534651714,1
evening,30.53326974587166,114.36482870417773,2
evening,30.53362100513296,114.36477574557071,3
evening,30.533462848490178,114.36474138039524,4
evening,30.533294920034436,114.36517080646155,1
evening,30.53366561331142,114.36495444155014,3
evening,30.533651125997352,114.36506910477682,1
evening,30.53343840841155,114.36498530380268,3
evening,30.53325170866206,114.36485641276914,1
evening,30.533488531811795,114.36513183361765,4
evening,30.53364948502149,114.36499243497042,3
evening,30.533609700349473,114.36473130264227,1
evening,30.533362055448762,114.36514994812772,3
evening,30.533562477842224,114.36504813256383,3
evening,30.533359161346844,114.36516558980443,1
evening,30.5334195330453,114.36504788596763,1
evening,30.53347359041836,114.3651172103897,1
evening,30.533428404569406,114.36517734468035,4
evening,30.53325576435592,114.36472655592782,2
evening,30.533464679408702,114.36486578006509,3
evening,30.533584325400778,114.36477688104894,2
evening,30.53341118972907,114.36488328942163,3
evening,30.533694998511844,114.36505766160835,2
evening,30.533634461839295,114.36518995603313,1
evening,30.53353568712613,114.3648830766545,3
evening,30.533321092929967,114.36489594410314,4
evening,30.533636952151692,114.3647189898566,1
evening,30.53348169586676,114.3649534145946,4
evening,30.533490201399058,114.36473320872413,1
evening,30.533560093756037,114.36498333260914,4
evening,30.533457705945658,114.36510614355863,2
evening,30.533518386781115,114.3649890728408,1
evening,30.533281472786506,114.36498642164509,2
evening,30.53333669455568,114.36471588924543,1
evening,30.53338780032955,114.36474125391678,4
evening,30.533311688528293,114.36493835180582,1
evening,30.533399468459187,114.36515182674877,4
evening,30.53355829921434,114.36480759325678,1
evening,30.53341334554564,114.36494660115723,1
evening,30.53352233012814,114.36507938684741,4
evening,30.533473991041564,114.36511398710014,3
evening,30.533125614316898,114.36522296026033,2
evening,30.533313502371403,114.36487315184164,2
evening,30.533368704244058,114.36502088999399,2
evening,30.533350152885877,114.3650973881896,3
evening,30.533538301068553,114.36523552989559,1
evening,30.533164171292196,114.36506330979779,2
evening,30.53350456773338,114.36510134387177,1
evening,30.53334195836604,114.3649908035975,1
evening,30.53328451978036,114.36512365690287,3
evening,30.53343667422166,114.364960767265,3
evening,30.5332725336724,114.36517276101493,3
evening,30.53330143548157,114.3649928887174,3
evening,30.533549642775,114.36496236139348,1
evening,30.533109558027206,114.3651571523164,4
evening,30.533453405083836,114.36500059166175,3
evening,30.5333655059626,114.36518512512876,2
evening,30.53343639361636,114.36475835232449,4
evening,30.533555713396627,114.36518483778693,1
evening,30.533251474940087,114.3649583708846,1
evening,30.533489180234884,114.36492563992716,1
evening,30.53325698651977,114.36496738256508,4
evening,30.533464969035975,114.36477971733103,2
evening,30.533345954019733,114.36500808879678,1
evening,30.5333403306718,114.36510619933196,1
evening,30.533215878033396,114.36478784177919,4
evening,30.533316629762695,114.36508569123546,1
evening,30.533172716654768,114.36510082393546,1
evening,30.533482949585085,114.36484621032925,3
evening,30.5332966762438,114.36476352508419,3
evening,30.533230363252795,114.3649978314291,1
evening,30.53336402999416,114.36483667749216,1
evening,30.533574047764898,114.3649489233998,4
evening,30.533327498427408,114.36478254352346,1
evening,30.53334285486788,114.36501855024142,1
evening,30.533438924530213,114.36496492590929,1
evening,30.53328174944602,114.36493939293315,4
evening,30.533476385025455,114.36507961345777,1
evening,30.53357911950281,114.36519530163184,4
evening,30.533132884168605,114.36498309029629,3
evening,30.533413486856826,114.36520729983454,3
evening,30.533105186351865,114.36522816216416,4
evening,30.53332264144963,114.36500798258332,3
evening,30.533268247824,114.36521797363689,1
evening,30.533220556255493,114.3647681843662,1
evening,30.533490298966207,114.36518832478033,4
evening,30.533463332826006,114.36499951755516,4
evening,30.533392493343143,114.36491218145015,3
evening,30.533496021257275,114.3651217428669,2
evening,30.533267930651412,114.36491029706501,4
evening,30.533240079021958,114.3651513039748,1
evening,30.533471111600683,114.36499471346048,3
evening,30.53327588235378,114.3648430027866,1
evening,30.533569838478076,114.36487913691356,1
evening,30.53357711890293,114.3647887283257,4
evening,30.53348649226434,114.36480094905758,1
evening,30.533593819453365,114.36506440960356,3
evening,30.533323111213548,114.36486423546418,1
evening,30.533358308724928,114.36509537685939,1
evening,30.533142675194934,114.36489193583961,1
evening,30.533129389408675,114.36493738637155,2
evening,30.53323062796743,114.36495394604769,4
evening,30.533214796580932,114.36504160896803,3
evening,30.5334710307493,114.36504863511308,3
evening,30.53343931256697,114.36503398694968,4
evening,30.533164385772803,114.36512984310535,3
evening,30.533257270531173,114.36483587134063,2
evening,30.533458231589474,114.3649669702399,1
evening,30.533115774789067,114.36481842219256,2
evening,30.533222917440806,114.3650039994426,4
evening,30.533325193532203,114.36490594382924,1
evening,30.53342226657078,114.365134252811,2
evening,30.533408935002488,114.36516655565326,3
evening,30.53342047885592,114.36491572975133,1
evening,30.533122037679473,114.36499169888653,3
evening,30.533395333216284,114.36490567206383,1
evening,30.53356270374819,114.36520795351535,1
evening,30.533118599823165,114.36522523803994,1
evening,30.53319576831389,114.36520983747717,3
evening,30.53310293128889,114.36509658993945,3
evening,30.53319513307144,114.36476659401815,3
evening,30.533406760478478,114.36497339878402,2
evening,30.533538530041298,114.36494574826827,1
evening,30.533403833662735,114.36480915920293,4
evening,30.533480745402926,114.36517572908318,2
evening,30.53352929465187,114.36522798857904,2
evening,30.533413376491303,114.36518507725049,1
evening,30.533399973111603,114.36481645238817,3
evening,30.533493100017274,114.3648939856642,4
evening,30.533341982730654,114.36482614388359,3
evening,30.53349277942897,114.36501444656476,1
evening,30.533211386236182,114.36513342078428,1
evening,30.53342948990103,114.36517523583491,1
evening,30.533301107173358,114.3648879261867,1
evening,30.533226352850935,114.36491555752386,2
evening,30.533543263922247,114.36493394037507,1
evening,30.533505181523385,114.36480288800314,2
evening,30.5333606026402,114.36516539509186,1
evening,30.533200565839888,114.36482834056049,1
evening,30.53358194736166,114.36477717842506,3
evening,30.533348875511194,114.36512509356308,3
evening,30.533229978463236,114.36521975274027,1
evening,30.533139756092673,114.36500678569335,3
evening,30.533145102034215,114.36504688010436,3
evening,30.533115115634597,114.36487975219778,4
evening,30.53350951992065,114.36480110544404,1
evening,30.53342483742242,114.36490845173492,4
evening,30.53345622480127,114.36516481460679,4
evening,30.533152971334488,114.36483581006732,4
evening,30.533592066419246,114.36502082540707,3
evening,30.533407678326466,114.36493896560599,1
evening,30.533411483269482,114.36490665904968,1
evening,30.533536455501004,114.365169021071,1
evening,30.53314411332629,114.36521513005216,2
evening,30.533248221511986,114.36522125654164,2
evening,30.533488242234828,114.36520238428054,1
evening,30.533517268553158,114.36521423257696,3
evening,30.53322624623213,114.36484692428155,3
evening,30.536889447242924,114.36449411147359,3
evening,30.5364548650915,114.36449274203099,1
evening,30.53687488461219,114.36445973810133,1
evening,30.536747851007963,114.3644681243005,2
evening,30.536744127253012,114.36451497993467,3
evening,30.5365756268808,114.3643457039223,3
evening,30.536775396628546,114.36473609170945,1
evening,30.53684315893669,114.36476281587066,2
evening,30.536620234836985,114.3644264518534,2
evening,30.536590866299665,114.36468531291895,4
evening,30.536713888255104,114.36444660312279,1
evening,30.536849705519835,114.36455108314931,4
evening,30.536447918230458,114.36476319158017,1
evening,30.53679017907511,114.36443460607893,1
evening,30.536405683015452,114.36441887588927,4
evening,30.536508294752608,114.36433846400324,1
evening,30.536659091977814,114.36444973212616,3
evening,30.536824569140578,114.36470606300543,1
evening,30.5368678868058,114.3647569945302,1
evening,30.53645749154078,114.3644741115307,1
evening,30.536527651592603,114.36448025109094,2
evening,30.536565789054205,114.36432823622063,1
evening,30.536826416045884,114.36438573744049,4
evening,30.536699981845338,114.36464319434221,1
evening,30.536519318862833,114.3645821416225,1
evening,30.536895605375875,114.36476516747496,1
evening,30.536414582840344,114.36463875705002,1
evening,30.53681519950098,114.36433271339556,4
evening,30.53657846746203,114.36443600884905,3
evening,30.536653606188057,114.36459573094773,1
evening,30.53687872977486,114.36454189161002,1
evening,30.536883114392072,114.36442644750952,3
evening,30.53674563877305,114.36459444219038,4
evening,30.536450282059175,114.36441519286714,4
evening,30.536484731546917,114.36465178295532,2
evening,30.53662231073002,114.36473460966124,3
evening,30.536703836002065,114.36452021438373,1
evening,30.536409493119773,114.36456301753486,2
evening,30.536409962009945,114.36449001507998,1
evening,30.536863076516898,114.36448440578224,3
evening,30.536582825573774,114.36464456331385,2
evening,30.536819890469992,114.3643597823175,1
evening,30.536464576232365,114.36469089560578,1
evening,30.536709694319303,114.36477987443867,1
evening,30.536581741093897,114.36433660709451,3
evening,30.53663562329953,114.36441839852216,1
evening,30.53649958750071,114.36472687705465,1
evening,30.53660928992962,114.36444009949768,1
evening,30.536800762017233,114.36442995667177,2
evening,30.536461369282165,114.36450999349438,2
evening,30.5365851565073,114.36454699074261,1
evening,30.53665143744868,114.36442323361395,4
evening,30.536671521343223,114.3646189116944,1
evening,30.536425740975215,114.36450295796328,1
evening,30.536875718954928,114.36458513475336,1
evening,30.53666899249036,114.36446742099783,4
evening,30.536682902633366,114.36435586263859,2
evening,30.536782302809144,114.36451165458884,1
evening,30.536821130899735,114.36468058692546,1
evening,30.53677051671419,114.36469543365794,3
evening,30.53644878910119,114.36456819830484,3
evening,30.53647419699443,114.36463242524773,3
evening,30.536584511900262,114.36433026276195,3
evening,30.536649969608014,114.364436876519,3
evening,30.53665390080048,114.36438299389623,1
evening,30.53674621160274,114.36478373528499,1
evening,30.536568092774594,114.3645201892865,1
evening,30.53650583496225,114.36440807591705,2
evening,30.536861362084075,114.36447063824728,1
evening,30.53669597142462,114.36479298684628,1
evening,30.536502348262996,114.36449068262974,1
evening,30.536438932455802,114.36441352540089,1
evening,30.536511717932814,114.36464185577817,3
evening,30.536442758259156,114.36469860516512,3
evening,30.536777870454994,114.36441651988824,3
evening,30.536492952906848,114.36467289684448,2
evening,30.536798286921194,114.36440119175757,3
evening,30.536729614208582,114.3647353476667,3
evening,30.53649866767403,114.36442540602145,4
evening,30.536524536505567,114.3646527992877,2
evening,30.536594404017542,114.3645804393566,3
evening,30.53657961391298,114.3647217397411,2
evening,30.536405043389347,114.36461705655319,3
evening,30.536565222619373,114.36472909592119,1
evening,30.536534207296093,114.36433474649029,1
evening,30.536402534868845,114.36432886082217,2
evening,30.536734227866468,114.36455968480185,2
evening,30.536744553937503,114.3644883070826,4
evening,30.536779900437725,114.36442804924917,4
evening,30.53658308535699,114.36454328742325,1
evening,30.536651674441785,114.36469705685903,2
evening,30.53645258291574,114.36458464106175,3
evening,30.536543483290142,114.36447283971565,2
evening,30.536755915235133,114.3643775026786,4
evening,30.536878231326288,114.36445967303145,1
evening,30.536419175654387,114.36453448254369,1
evening,30.536579526605507,114.36467398309468,1
evening,30.53650880433013,114.36480283406594,1
evening,30.53689306410444,114.36470463040583,4
evening,30.536781916222367,114.36475110222082,4
evening,30.536538012098045,114.36436897095932,3
evening,30.536401856662145,114.36451447190262,2
evening,30.536675429478166,114.36455133581612,1
evening,30.536765507633966,114.36456913211475,4
evening,30.5368702947149,114.3646931386496,2
evening,30.536865968591602,114.36456395222362,3
evening,30.53675703588069,114.3648118743056,1
evening,30.536619396391295,114.36440879658736,1
evening,30.536625732045973,114.36443586624375,1
evening,30.536830194776222,114.364327233765,1
evening,30.536805045084694,114.36453355595752,1
evening,30.53659684980738,114.36433860568786,3
evening,30.53663767697656,114.36456553644697,4
evening,30.5365538942394,114.36471183213145,4
evening,30.536591615092203,114.36446437821326,2
evening,30.536686283674573,114.36467925348421,1
evening,30.53653248587921,114.36467585404623,1
evening,30.53670232328904,114.36454394897412,3
evening,30.536428756224506,114.36469261720471,1
evening,30.536803648682938,114.36437590736922,1
evening,30.537610772265936,114.36967313402737,3
evening,30.53725832180222,114.36930210442824,1
evening,30.537670641317554,114.36931012005142,3
evening,30.537604218115323,114.36937288073449,2
evening,30.53670075877936,114.37161284292469,2
evening,30.5363607612669,114.37179181734115,3
evening,30.53673336596802,114.37174651349346,3
evening,30.536648841392726,114.37180748173024,1
evening,30.536283077600896,114.37155599418993,3
evening,30.536217332166732,114.37172456970285,1
evening,30.53635037000756,114.37177103369116,1
evening,30.536324053934194,114.37166860074896,3
evening,30.536758546640513,114.36968148063144,3
evening,30.536813843948657,114.37003592327927,2
evening,30.536782566024815,114.36965462635476,1
evening,30.53695119336377,114.36973317054994,1
evening,30.538418822281724,114.3637272920933,1
evening,30.53871730461675,114.36402065670401,1
evening,30.53858174511904,114.364022604669,3
evening,30.538524551871117,114.36414255700096,1
evening,30.531427239454022,114.36822645593638,1
evening,30.531376385274598,114.36834827708999,3
evening,30.53158929662657,114.36842232416636,2
evening,30.53154483036073,114.36819606700247,1
evening,30.535824559287946,114.36928820044852,1
evening,30.53569965238643,114.36953352372751,3
evening,30.53587603190591,114.3694401844463,1
evening,30.535621769925875,114.3693646246864,1
evening,30.534719981362908,114.36585371241345,3
evening,30.5344465688711,114.36601250049041,1
evening,30.53433800112679,114.36609667525359,1
evening,30.534653628532812,114.36600487685303,1
evening,30.539015360051643,114.36360789070028,1
evening,30.538999136753905,114.36388197338914,1
evening,30.53878714747965,114.36370540411951,2
evening,30.538847759820964,114.36384834478113,1
evening,30.53463983945697,114.36249160073383,1
evening,30.53455439462696,114.362383998799,1
evening,30.53446131440197,114.3625154228368,1
evening,30.534877367261373,114.36236054355135,3
evening,30.538199319316295,114.36640360637308,1
evening,30.537829396978413,114.36661813004208,1
evening,30.53810875927502,114.36643294502997,1
evening,30.538218294766818,114.3664771168629,2
evening,30.536278583822106,114.36675463320455,2
evening,30.5362969745692,114.36711418999505,1
evening,30.53615434408124,114.36694025588706,2
evening,30.53621872179936,114.3668345266821,2
evening,30.53708592794651,114.36960504740966,3
evening,30.53698750059375,114.36935832025829,1
evening,30.537080120912922,114.36957433060046,1
evening,30.537093968439066,114.36956371325653,3
evening,30.536781078947048,114.36251979589339,1
evening,30.53678491728531,114.36249459211813,1
evening,30.536656131620123,114.36227155898786,3
evening,30.536720707744635,114.36245771628312,3
evening,30.53826827054845,114.362670084483,1
evening,30.538350624353818,114.3627165276237,1
evening,30.538204561016684,114.36276514138817,1
evening,30.538494681866517,114.36272053109452,1
evening,30.530551466332817,114.36883665172465,2
evening,30.530275689845816,114.36871920934486,1
evening,30.530567539396362,114.36891860660918,1
evening,30.530533082133594,114.36889912672221,1
evening,30.530223227950255,114.36708543208057,1
evening,30.53023354396455,114.36710278333382,1
evening,30.530611938517428,114.36732200254386,1
evening,30.53024663984212,114.36696176813008,1
evening,30.53825346888623,114.36241200091172,1
evening,30.538393399741235,114.36205602784193,1
evening,30.538618157451037,114.36245074876473,2
evening,30.538548494110678,114.36236797285311,1
evening,30.53166252022272,114.36545613196847,1
evening,30.53193623884813,114.36568714079746,2
evening,30.53171628357784,114.36573245601856,1
evening,30.531909541838484,114.36588603422236,1
evening,30.538868624464385,114.36362228208623,3
evening,30.53892361976436,114.36363380947346,1
evening,30.538755659164202,114.36339666839264,1
evening,30.5389450183506,114.36352709210236,1
evening,30.5316065948403,114.3648759099467,1
evening,30.53200604313621,114.36485085333042,3
evening,30.531637920846503,114.36462730903233,2
evening,30.531845552828127,114.36484074386227,1
evening,30.538490761378327,114.36573551544708,1
evening,30.538538547823038,114.36553057706449,1
evening,30.53855405715826,114.3659162999534,3
evening,30.53844508314309,114.36592633212933,3
evening,30.532677623417364,114.36563957026408,1
evening,30.53276871103691,114.36602736876377,1
evening,30.532709533807513,114.36592263897059,1
evening,30.5328082802252,114.36568081650468,1
evening,30.531132927406954,114.36750237250415,1
evening,30.531306406201285,114.36722589469642,1
evening,30.531046425342428,114.36712150530664,3
evening,30.53097616916115,114.3671312914351,1
evening,30.533730472950595,114.36677873770465,3
evening,30.533738110120108,114.3666192311292,1
evening,30.53373202089807,114.36647944732273,1
evening,30.53395320839166,114.36661829729131,1
evening,30.5368905321403,114.36908833833388,1
evening,30.537205314008823,114.36933364820987,3
evening,30.53697111592569,114.36910964859777,3
evening,30.53734366134619,114.36907010601885,1
evening,30.536417955346074,114.37121878919343,1
evening,30.536172885448693,114.37162821243288,2
evening,30.536278967282342,114.37157840881562,1
evening,30.536287646335765,114.37123950857917,2
evening,30.538139898973565,114.3660993559565,2
evening,30.53822892193668,114.36625877642605,2
evening,30.538140912283154,114.36611545836381,2
evening,30.538383848094853,114.36639098386482,1
evening,30.53814678768097,114.36759996696597,3
evening,30.538112297718005,114.36759057440376,1
evening,30.538221996545758,114.36771381642335,1
evening,30.538097102180686,114.36741373881436,1
evening,30.536310361062426,114.37106436465203,2
evening,30.536371782499657,114.37083573509581,2
evening,30.536356876568217,114.37067968524092,2
evening,30.536333737282366,114.37077898764812,1
evening,30.53677194209814,114.37073711345886,2
evening,30.537023107617916,114.37038142467969,1
evening,30.536719315836677,114.37055271071162,1
evening,30.53698445684578,114.37070472212059,2
evening,30.536728968653023,114.37036398813159,1
evening,30.53691365101331,114.37028774980598,2
evening,30.537118509353242,114.36996725116207,1
evening,30.53688363406349,114.37003126272108,2
evening,30.533939984325325,114.37051646729591,3
evening,30.53431167220804,114.37084548070865,1
evening,30.53437885540256,114.37073070594596,1
evening,30.533892043028224,114.37092872940518,1
evening,30.53179198257968,114.36521667925868,2
evening,30.53210783316363,114.36548765561129,2
evening,30.53177475422863,114.3650862066532,1
evening,30.53197307629837,114.3653977877345,3
evening,30.53058079895633,114.3668118174773,1
evening,30.530697416613286,114.36670840164017,2
evening,30.530585746029868,114.3668449049477,1
evening,30.530723578981988,114.36650400100488,1
evening,30.53427604320808,114.36069442423695,1
evening,30.534446435330707,114.36077698158758,1
evening,30.534268298626124,114.36074098068863,2
evening,30.534232330185056,114.36079040060419,1
evening,30.537835146485286,114.36192155573222,2
evening,30.53806061853425,114.3619081206837,1
evening,30.537725370421605,114.36190704700473,1
evening,30.537984556808638,114.36196890307714,1
evening,30.539292000444345,114.3633540033459,1
evening,30.539341689521553,114.36356971590901,1
evening,30.539206293615553,114.36326588849508,1
evening,30.539366350927608,114.36327017452588,3
evening,30.539323089447738,114.3629987682816,1
evening,30.539298835316572,114.36320317470883,1
evening,30.539390007749375,114.36321963107284,1
evening,30.539359615417176,114.3630719195077,1
evening,30.534144193403247,114.36064614913941,2
evening,30.53379504350463,114.36062502375579,2
evening,30.534119132169074,114.36066928827432,2
evening,30.534220960951167,114.36075571298238,1
evening,30.532618364416038,114.36802622472305,3
evening,30.533071259342808,114.36798714557993,2
evening,30.532762120855132,114.3683875710076,3
evening,30.53306669581065,114.36815521211263,1
evening,30.531892756797134,114.36852756343926,1
evening,30.531710548439168,114.36853372835981,2
evening,30.531768076681686,114.36847800932686,1
evening,30.531786953262095,114.3686988853756,2
evening,30.53858400618753,114.36328723877854,1
evening,30.5384257698719,114.36284755590682,3
evening,30.53855962444788,114.36332318846745,2
evening,30.53823328778697,114.36314474435389,2
evening,30.532743712252955,114.36168521737113,1
evening,30.53264703352908,114.3612402244562,2
evening,30.53282534564487,114.36153946803522,3
evening,30.532966140248025,114.36157940665906,1
evening,30.534216991609586,114.36864548141426,3
evening,30.533938537045046,114.36856517595108,2
evening,30.534098680920174,114.3687856669886,3
evening,30.534339661748067,114.36874987487104,2
evening,30.531312283179247,114.36826321974159,1
evening,30.531309100267173,114.36861790782281,2
evening,30.53164782720628,114.36863596426468,1
evening,30.531337822792388,114.36830915366497,1
evening,30.530610190506906,114.3687270634455,2
evening,30.53066492440767,114.36903932596428,2
evening,30.530677425336346,114.36874042646983,2
evening,30.530309870707956,114.36878809987445,3
evening,30.53304183083084,114.3595292391053,1
evening,30.53285035775458,114.35956264397707,1
evening,30.532687494012514,114.35980466189582,1
evening,30.533011141376452,114.3596605373006,1
evening,30.535919769791757,114.36137562866352,3
evening,30.53611852135309,114.36107909843196,3
evening,30.53596972026539,114.36115978160115,2
evening,30.53625307621028,114.36138853548061,1
evening,30.532105303765015,114.36779387643728,2
evening,30.532047377766403,114.36787404349366,1
evening,30.53183614431647,114.3677234318449,1
evening,30.531805618844817,114.36778647570223,1
evening,30.531585112372568,114.36847723293442,1
evening,30.531442291136738,114.36833381721613,3
evening,30.531786994662266,114.36827106578639,1
evening,30.531852913067883,114.36854439189092,1
evening,30.53415234306213,114.36419275653304,1
evening,30.5339271465167,114.36441446452264,1
evening,30.534005065549664,114.36436972779481,1
evening,30.534156218570036,114.3643448453408,3
evening,30.53490176776071,114.36435136325376,3
evening,30.534891971660223,114.36430384486982,1
evening,30.534954068481213,114.36428023726506,2
evening,30.534750947595487,114.36427729282606,1
evening,30.533155673204902,114.36474026375313,2
evening,30.53313630304539,114.3650015004534,2
evening,30.53318105278725,114.36494552796808,2
evening,30.533089155659162,114.36464393404283,1
evening,30.532925245593166,114.36483556300847,1
evening,30.53298229847277,114.36492259234358,1
evening,30.532864716561303,114.36453151738925,3
evening,30.532965889458602,114.36498679795578,1
evening,30.53220230929685,114.36377271352048,2
evening,30.53225740299928,114.36405248666861,1
evening,30.532371825781503,114.36370298575035,1
evening,30.532232307470693,114.3641093585067,3
evening,30.538313148890662,114.36692765965209,1
evening,30.538461657296843,114.36715618494945,2
evening,30.538352688394415,114.36704960479108,3
evening,30.538261085757245,114.3668316922435,1
evening,30.536815290093696,114.36689809159247,2
evening,30.537031682982622,114.36671035703058,1
evening,30.537032240127722,114.3667763148906,3
evening,30.537210542643237,114.36651488210744,1
evening,30.53408558459828,114.3648073858176,1
evening,30.534237301151023,114.36468094883516,1
evening,30.534277127805044,114.36467825910054,3
evening,30.53436464807614,114.36504041530603,3
evening,30.533864829106708,114.36626618964691,2
evening,30.533997718847623,114.36630522370089,1
evening,30.534020261087147,114.36615132572729,3
evening,30.53380480365033,114.3661734753076,1
evening,30.534407105475598,114.36434035137202,3
evening,30.53433619124011,114.36415869601288,1
evening,30.53433744899907,114.364057951183,1
evening,30.534555872855137,114.36415462832386,1
evening,30.534758962749446,114.36529465292271,3
evening,30.53478939365329,114.36506602979586,1
evening,30.534875430870915,114.36528825906909,3
evening,30.534564015773917,114.36492912216318,1
evening,30.539577631780826,114.36347557797865,1
evening,30.539279628413034,114.36322186403162,3
evening,30.53945418009156,114.36324910949084,1
evening,30.53925762080653,114.36340543184639,3
evening,30.533801293319947,114.36960204106178,1
evening,30.533892099002724,114.36969126637355,3
evening,30.53416627395543,114.36963116437678,1
evening,30.53423107590318,114.36968949108196,3
evening,30.531343431548063,114.36784174398198,1
evening,30.53147054524232,114.36793258727663,1
evening,30.531425588449178,114.36799235692273,1
evening,30.53166409145294,114.36771197780253,2
evening,30.53121220835799,114.36739320393033,2
evening,30.53143030256589,114.36754468023551,3
evening,30.531398650351537,114.36765338678994,1
evening,30.531520088220148,114.36746293624044,1
evening,30.533621925585138,114.36614066434596,2
evening,30.533574428412614,114.36607435987645,1
evening,30.533568179984588,114.3662670781722,1
evening,30.533442952702842,114.36610690990302,1
evening,30.532655669678874,114.36358145612878,1
evening,30.532323982736465,114.36364338836049,3
evening,30.532439226618784,114.36391827156389,1
evening,30.532506560796016,114.3636804624749,1
evening,30.53282434349875,114.36145146043762,1
evening,30.533037060580302,114.36148037127808,1
evening,30.533059646699197,114.36165822278113,3
evening,30.533097997910733,114.36149416799576,3
evening,30.532835658492328,114.36328815597616,2
evening,30.532955795505337,114.36321791034253,1
evening,30.53259494203538,114.3631714273808,2
evening,30.532576845113383,114.36331508527684,1
evening,30.531211756064476,114.36780806403613,2
evening,30.53123185301977,114.36789125157732,1
evening,30.53104922943608,114.36779561793938,2
evening,30.53112324024532,114.36788572421571,1
evening,30.535156738762687,114.36839646054797,1
evening,30.535370008380973,114.36843321815543,2
evening,30.535405124316288,114.36813018569416,3
evening,30.53534775863524,114.3684179941938,1
evening,30.53109567170458,114.36904825967709,1
evening,30.531076153481507,114.36903377313047,2
evening,30.530834689118304,114.36927653865418,1
evening,30.5306589162425,114.3692868948699,3
evening,30.531040198440248,114.3692580046915,3
evening,30.530701198390744,114.36894018759473,3
evening,30.530778684107993,114.36912808752466,1
evening,30.53101872145227,114.36918896189044,1
evening,30.531162068067385,114.36900748967716,1
evening,30.53108052079781,114.36868131974376,1
evening,30.530901209407403,114.36867929942487,2
evening,30.531177944331937,114.36911802461368,1
evening,30.53117548504801,114.36903886795395,1
evening,30.53132754107447,114.36911206376416,1
evening,30.531308458131907,114.3691570823052,3
evening,30.530894198439135,114.36888967056326,1
evening,30.53170226494259,114.36940685155913,1
evening,30.53145834940793,114.36954206138908,1
evening,30.5316509383429,114.36914674091436,1
evening,30.53166532857642,114.36915872545059,3
evening,30.531478149930262,114.36931354051953,1
evening,30.531323546384915,114.36931099727886,1
evening,30.531494577512035,114.36911132353318,1
evening,30.53173108561219,114.36939698395803,2
evening,30.53144024717124,114.36928773860478,1
evening,30.531547843895083,114.36924279580562,3
evening,30.531728786624118,114.36940417053796,1
evening,30.5316350214094,114.36910024693876,1
evening,30.530722076774385,114.36929460700135,1
evening,30.530663162299454,114.36893735218527,2
evening,30.530771723137597,114.36934933921539,1
evening,30.530724537709947,114.36895231681022,1
evening,30.531502692213582,114.36924040113142,2
evening,30.53128550749723,114.36961266326469,2
evening,30.531431602813726,114.36941438317585,1
evening,30.531583363011592,114.36960688090927,1
evening,30.531743539100898,114.36911522434177,1
evening,30.531492361694788,114.36904192705897,1
evening,30.53138815685134,114.36919466965803,1
evening,30.531633507303074,114.3694257623495,1
evening,30.53175892844554,114.36974686165034,3
evening,30.532039640290236,114.36980992102207,1
evening,30.531651525507904,114.36981110577794,1
evening,30.531887186456476,114.36973045375726,3
evening,30.53201561673336,114.3692617160145,1
evening,30.53196895108203,114.3694411179151,1
evening,30.531809829006384,114.36970010558409,3
evening,30.532017273577548,114.36936701904484,1
evening,30.532354084080346,114.36987803441089,1
evening,30.532139726033396,114.36952919199658,1
evening,30.53218258200497,114.36972313046265,3
evening,30.532452505929015,114.3698566410567,3
evening,30.532933811851322,114.36999096246143,2
evening,30.532475452812722,114.36990805464163,1
evening,30.53274272882738,114.36972326957725,1
evening,30.532638576845347,114.3700682312951,2
evening,30.532706384448083,114.37017494140973,3
evening,30.533093315986783,114.37010504039011,3
evening,30.53304686361034,114.37023067574508,3
evening,30.532696206717098,114.36979249950849,2
evening,30.532771755254526,114.36993280840132,2
evening,30.53279678410158,114.36996899749786,1
evening,30.532917775006993,114.37021120311363,3
evening,30.533231731617278,114.36997807954731,2
evening,30.533315736883427,114.36991629537684,1
evening,30.533003282398848,114.3703331870747,2
evening,30.533303517002025,114.36991917518813,2
evening,30.53311845046325,114.370113173544,1
evening,30.53396799117261,114.37056837095612,1
evening,30.533719789783945,114.37036499928158,1
evening,30.534037684335303,114.37058331327121,3
evening,30.534024749898734,114.37055878178262,1
evening,30.53441514937378,114.37087485111316,2
evening,30.53453385307269,114.37094948261431,3
evening,30.53456712606844,114.37075714521296,1
evening,30.534392679629303,114.370882362543,1
evening,30.534806868066294,114.37075939601255,2
evening,30.534454152147077,114.37082712377469,1
evening,30.534667538917386,114.37092116375158,1
evening,30.534518527037214,114.37095159400583,2
evening,30.53482081942059,114.37123629347967,1
evening,30.53483970386097,114.37095515056552,3
evening,30.534907867530126,114.37086042183218,3
evening,30.534699671466093,114.37119226033096,2
evening,30.53544922826952,114.37138171222378,1
evening,30.535233177944498,114.37113825726841,1
evening,30.53548876214623,114.37124836731468,3
evening,30.535321156972905,114.37153607982746,3
evening,30.53614762703924,114.37143604107999,3
evening,30.536421872503986,114.37174675580135,1
evening,30.536332575895834,114.37175513119706,1
evening,30.53637457150885,114.37168125881665,2
evening,30.53626591006139,114.37112321097153,3
evening,30.536444717341706,114.37149594931083,1
evening,30.53629972862073,114.37136011318321,1
evening,30.536236168311426,114.37150512805131,1
evening,30.53601800209609,114.37124648057105,1
evening,30.53619258064382,114.3709395990526,1
evening,30.53610664403759,114.37109014844935,1
evening,30.53621360425345,114.37131641089914,1
evening,30.535982266770905,114.37152062167372,2
evening,30.53626757558939,114.37146492239567,2
evening,30.536085994024806,114.37154001947629,3
evening,30.53630914729626,114.3713731065084,2
evening,30.53627427846296,114.37133703301578,1
evening,30.536549137154463,114.37128704166709,2
evening,30.5362657169719,114.37134183236174,1
evening,30.536328683112544,114.37148716244262,1
evening,30.53649759737985,114.37100861136734,1
evening,30.53637901660414,114.37091630278974,1
evening,30.53646592951804,114.37095141620715,1
evening,30.536370488465867,114.37123863563593,3
evening,30.536951196285678,114.3702471544718,2
evening,30.5370421379794,114.37024654443933,1
evening,30.536635593982563,114.36995535723022,3
evening,30.53665711905844,114.37018895141509,1
evening,30.53681215082263,114.36963409912163,1
evening,30.53717855560233,114.36974990589788,2
evening,30.537217706389445,114.36950792774341,2
evening,30.536995717562657,114.36935596808554,3
evening,30.53839231251101,114.36281259574065,1
evening,30.538106455933153,114.36311383486282,1
evening,30.53823421121741,114.36268777802094,3
evening,30.53845920779752,114.36286948412435,1
evening,30.538095711820347,114.36232554011504,1
evening,30.537811957739795,114.36253689590382,3
evening,30.538102346272755,114.36228376810054,2
evening,30.537893487684197,114.36251413993233,2
evening,30.537804016045637,114.36221541093322,1
evening,30.537846857520407,114.3619109204907,3
evening,30.53790527709911,114.36208385428883,1
evening,30.53760496953093,114.36196849300222,2
evening,30.537368740353855,114.36185828425972,1
evening,30.537648658479917,114.36188720675734,1
evening,30.5374096523111,114.3618374635421,3
evening,30.537444768168765,114.36166218912221,2
evening,30.537528112861292,114.36210529267902,1
evening,30.537461184194786,114.36188632998494,1
evening,30.537442664104386,114.36201696897629,2
evening,30.537504485122916,114.36216392746832,3
evening,30.53518483520536,114.36115429603402,1
evening,30.5355011979924,114.36085695459123,1
evening,30.53523042557985,114.36089067426067,1
evening,30.535260485635835,114.36081006776224,1
evening,30.53536072557022,114.36093213042024,1
evening,30.535695913950754,114.3609775896371,1
evening,30.535797078347674,114.36110820027905,3
evening,30.535672166583556,114.36088162679899,1
evening,30.535067113229292,114.36089579486197,1
evening,30.53537204180663,114.3608414089729,1
evening,30.535250682550803,114.36093841458857,2
evening,30.53491531939393,114.36102239217342,3
evening,30.534820963071436,114.36066931624917,2
evening,30.53464966893329,114.36100466640593,1
evening,30.534811801709772,114.3609580773293,2
evening,30.534695102641944,114.36059909943009,3
evening,30.534475190010433,114.36060085581376,1
evening,30.534492995620994,114.3608016136278,3
evening,30.534287093611525,114.36085869592618,1
evening,30.53426006911687,114.36076486658393,1
evening,30.532081737914766,114.36431399106591,1
evening,30.531965295924138,114.36430120476089,1
evening,30.532178355763175,114.36410994453944,1
evening,30.53230775236735,114.36447219975389,1
evening,30.535243292641162,114.36393164372886,1
evening,30.535198853341193,114.36394527970927,3
evening,30.535231431550038,114.36420884106322,2
evening,30.535474863455466,114.36422496747169,2
evening,30.534171508208942,114.3644749547203,1
evening,30.53405101096672,114.36416034290758,1
evening,30.533992578452647,114.36417137225844,3
evening,30.53437766622279,114.36428298715819,1
evening,30.536464053200984,114.37150440204542,3
evening,30.53644541617486,114.3719053802074,1
evening,30.536641554707682,114.37163269090986,1
evening,30.536688347875547,114.37169595270186,3
evening,30.535205521612728,114.36924314284268,2
evening,30.53551238843032,114.36910144287602,1
evening,30.53519205936174,114.36899592647853,3
evening,30.53560619932321,114.36927158668131,2
evening,30.533167313699884,114.36259548265133,1
evening,30.533140955444196,114.36286574482834,1
evening,30.533106535813868,114.36286457534978,1
evening,30.532689880826638,114.36276740098509,2
evening,30.53178900513398,114.36679137937708,1
evening,30.531476459137153,114.36679642831525,1
evening,30.531699235420007,114.36656137666708,1
evening,30.531388994005354,114.36641775256845,3
evening,30.532614516300395,114.36244994913336,1
evening,30.53292404724498,114.36223620178366,1
evening,30.532938296750423,114.36233053573524,3
evening,30.532717764984863,114.36244921898789,2
evening,30.532703981146536,114.36214267490186,1
evening,30.53260980465416,114.36225575583919,1
evening,30.5326259214038,114.36228000143413,3
evening,30.53288992227399,114.3623521974776,1
evening,30.532710219452458,114.36329107998407,1
evening,30.53258307048686,114.36338153298374,2
evening,30.53241277883258,114.36351862512363,1
evening,30.532765850716142,114.36329687102062,1
evening,30.534042341445254,114.36044405947182,1
evening,30.53378098024285,114.3604653944413,1
evening,30.533742790145688,114.36031501714106,3
evening,30.533617989413624,114.36051525185869,1
evening,30.5328593418739,114.36247150765688,3
evening,30.532528708154974,114.36244882586308,1
evening,30.532813328712898,114.36227857561018,1
evening,30.53291125694501,114.3625588821804,2
evening,30.532704641626097,114.36313082247126,1
evening,30.532760393799645,114.36299733351619,1
evening,30.532806088878612,114.36284695292863,1
evening,30.53270701240841,114.36300626936499,3
evening,30.538717876920057,114.36358828967258,3
evening,30.53861674498022,114.36318068264147,3
evening,30.53854339301574,114.3635045292377,1
evening,30.538483998346532,114.36360090184844,1
evening,30.532877690574637,114.36256469157489,1
evening,30.532902340480362,114.3622786330927,1
evening,30.532815427182292,114.36266086086152,2
evening,30.53274495913499,114.3625400884724,3
evening,30.53291736463746,114.36087287469807,1
evening,30.532918563414,114.3610156569793,1
evening,30.53296584254192,114.36106981014227,1
evening,30.53304176678751,114.36128624128436,2
evening,30.53327008815745,114.36045744989251,3
evening,30.533424627209982,114.36032418430916,3
evening,30.533608168287046,114.36030885357405,1
evening,30.53359780382474,114.36046292376744,1
evening,30.53123415452506,114.36447904431463,3
evening,30.531124495122828,114.36440573646043,1
evening,30.531154064849073,114.36440078369006,2
evening,30.531358948340007,114.3648493897227,1
evening,30.531823367139765,114.36261773166055,1
evening,30.531915833559015,114.36261583517069,3
evening,30.53179754170141,114.36248619325482,2
evening,30.531931479671584,114.36255612354479,1
evening,30.531930009641094,114.36269934418571,2
evening,30.532049973761293,114.36250013497492,1
evening,30.531641961124578,114.3627782369114,3
evening,30.53200831634862,114.36245824411002,1
evening,30.5353260885593,114.36721380601396,3
evening,30.535025801314983,114.36743460905949,1
evening,30.53503202048323,114.36733606843067,1
evening,30.534902370167682,114.36742933753715,1
evening,30.53213571429739,114.36650361651503,1
evening,30.531966398445,114.36636817079001,3
evening,30.531941881908267,114.36666870566673,2
evening,30.531859619562375,114.36640932408837,2
evening,30.532507676888542,114.36557519219478,1
evening,30.53250458207311,114.3656190702371,3
evening,30.532610346598773,114.36549465595466,3
evening,30.5323371305216,114.36552894201803,3
evening,30.533837827176725,114.36416349022807,1
evening,30.534291225070344,114.3643132238862,1
evening,30.534117881377377,114.36436996619513,2
evening,30.534018709930887,114.36404820782201,2
evening,30.534735772508547,114.3641332814297,1
evening,30.53446804090537,114.3640556068653,1
evening,30.534376237341256,114.364031226656,1
evening,30.534704502211863,114.36436671810215,1
evening,30.53452105562807,114.36430345051104,3
evening,30.53431980089142,114.36444958093428,1
evening,30.534680984058284,114.36446391163496,2
evening,30.53436997600784,114.36423672268437,1
evening,30.534656650507692,114.36413787122956,3
evening,30.534394676465517,114.36404928721248,1
evening,30.53422143482463,114.36447364734174,3
evening,30.53449257292539,114.36412090735344,1
evening,30.534250514735152,114.3640785084149,3
evening,30.53429892911373,114.36402845015225,1
evening,30.534598054581725,114.36429636128136,1
evening,30.534243530284712,114.36405233117914,1
evening,30.53442467705302,114.36447132280502,1
evening,30.53414671109866,114.36401549475812,1
evening,30.534078184659474,114.36399956975755,1
evening,30.534190866904606,114.3642347037122,3
evening,30.533626316278703,114.36376713845488,1
evening,30.533438807661085,114.36401448577327,1
evening,30.533576434425353,114.3637173056867,1
evening,30.533683828185332,114.36399388316285,2
evening,30.533549416189118,114.36267662676013,3
evening,30.5336908193027,114.36292828448359,3
evening,30.533543374123248,114.36305304681729,1
evening,30.53350824750294,114.36299108826417,1
evening,30.534597117673155,114.36301920261026,1
evening,30.53448400332067,114.36322063946672,2
evening,30.53456731852919,114.36334827644521,1
evening,30.53442297369605,114.36334891706038,1
evening,30.534434532235498,114.36503956466281,1
evening,30.53454093639233,114.36522225469108,1
evening,30.53460226683442,114.36491076335976,3
evening,30.534416291588816,114.36522894900831,3
evening,30.534560347954898,114.3652422532125,1
evening,30.534609324413484,114.36533273505842,3
evening,30.534841387487806,114.36495081581276,3
evening,30.534495771870272,114.36533583269147,3
evening,30.53122171563815,114.3679092824805,3
evening,30.531508171996073,114.36827000311033,2
evening,30.531316841352545,114.36788247459761,3
evening,30.53141017538348,114.36786731929608,2
evening,30.535454648625635,114.36721812387954,2
evening,30.535604274057544,114.36725861533476,1
evening,30.535469663571458,114.36681971996893,1
evening,30.535507526670674,114.36691220216363,1
evening,30.5348331821647,114.36571973476177,2
evening,30.534998002348775,114.36566311921135,2
evening,30.535021152486717,114.36595762829533,3
evening,30.534948923582,114.36567448870812,3
evening,30.53254030682297,114.36564397789775,1
evening,30.532747619542008,114.36584154035437,1
evening,30.532365706109534,114.36547368377731,1
evening,30.532503330763674,114.36546871035628,3
evening,30.53250949809086,114.36401986140302,2
evening,30.53267476264781,114.36414823177442,1
evening,30.532685697197625,114.3638844945012,1
evening,30.532475205288037,114.36392531571317,1
evening,30.533410597343664,114.36541072797436,1
evening,30.533615146498523,114.36552291349409,1
evening,30.533556092933832,114.36572536245222,1
evening,30.5336495188867,114.36545932001522,1
evening,30.533447574509143,114.36562034335267,2
evening,30.533180644043608,114.36563040439434,3
evening,30.53319308014041,114.36576801243599,1
evening,30.533366209102674,114.36568476300056,1
evening,30.538215674116636,114.36692244951786,2
evening,30.538067501962743,114.3668795550341,1
evening,30.538188314204653,114.36657691800032,1
evening,30.53778108210554,114.3665489904579,1
evening,30.532511125933734,114.36756040830068,1
evening,30.53260358394395,114.3676156822873,1
evening,30.53242703549102,114.36766605308348,1
evening,30.53225904094047,114.36771748826212,1
evening,30.53408913540417,114.36471874088375,1
evening,30.534127477478272,114.36490202465278,1
evening,30.534404774032133,114.36470274498814,3
evening,30.534378580505816,114.36488226044841,1
evening,30.53655184230286,114.3662790849817,1
evening,30.536391116503037,114.36630277489759,1
evening,30.53648381241464,114.36667655388725,3
evening,30.536639549729244,114.36665566672889,3
evening,30.53673913756484,114.3663172361209,1
evening,30.5368420058372,114.36677624555367,1
evening,30.536705334922537,114.3664135113197,3
evening,30.536723743172622,114.36633953865396,1
evening,30.53797392876776,114.36585992156903,1
evening,30.537701982753642,114.36540371962131,1
evening,30.537636364295913,114.36573802728986,1
evening,30.537718310506357,114.36542921241177,3
evening,30.536312498020752,114.36603794791944,1
evening,30.53624665350895,114.36635673117587,2
evening,30.536200916399277,114.36640485131284,2
evening,30.536184498232522,114.36625726458155,3
evening,30.534544107659748,114.36536864484792,1
evening,30.534289603235873,114.36517861564964,2
evening,30.534552951037877,114.36491495322633,1
evening,30.53460579495378,114.36514598917368,1
evening,30.53550685989066,114.36426601080434,1
evening,30.53525892376245,114.36394073212504,1
evening,30.53530468932667,114.36415232612322,2
evening,30.535165564099238,114.36425603246525,1
evening,30.534126655964055,114.364266624079,2
evening,30.53408554646401,114.36431294390341,2
evening,30.534372435799142,114.36414496496256,1
evening,30.53427287839986,114.3640460418917,1
evening,30.53459660041238,114.36417535448378,1
evening,30.534726639973783,114.36442164370783,3
evening,30.53444759993664,114.3644704389471,1
evening,30.534363241100632,114.36431082853336,3
evening,30.533216258851454,114.3646731269653,1
evening,30.533151703341858,114.36437306580628,1
evening,30.532939050510866,114.36438062721702,1
evening,30.533125286529305,114.36438657769719,1
evening,30.53309265041149,114.36581574515138,1
evening,30.533415661527027,114.36605705646859,1
evening,30.533254316901516,114.36593304413276,1
evening,30.533585676356125,114.36583555060852,1
evening,30.536967977222716,114.36417887983382,1
evening,30.537063207389192,114.3640792887895,1
evening,30.53723120092585,114.36408193009403,2
evening,30.536980881196477,114.36446937846101,1
evening,30.533231823475443,114.36719865896104,3
evening,30.53351902769625,114.36692836366358,1
evening,30.533381227126156,114.3669515824866,3
evening,30.53346856120397,114.36717133377948,1
evening,30.534226869604144,114.36603682494058,1
evening,30.534117170637952,114.3659534113022,1
evening,30.534025116944562,114.36579980337238,2
evening,30.533930832499752,114.36588801367492,1
evening,30.533871816027702,114.3643119468666,1
evening,30.533965892388746,114.3641423040978,3
evening,30.533704143821673,114.36418050690372,2
evening,30.53395999738095,114.36424300583117,1
evening,30.53388777064481,114.3629749419762,2
evening,30.533783992971145,114.36295199114853,2
evening,30.533799184681932,114.36264470937817,1
evening,30.533436532639996,114.36304699353511,1
evening,30.53425987226953,114.36582125856322,1
evening,30.534334187345966,114.36553182211811,1
evening,30.534398300265355,114.36571303470147,3
evening,30.53436319493711,114.36543873283343,2
evening,30.533865578809657,114.36881094955507,3
evening,30.533977600379593,114.36870011990541,1
evening,30.534036878816078,114.3687360177366,1
evening,30.533759351923795,114.3688738042293,1
evening,30.532428325653395,114.36432085935361,1
evening,30.532257611322773,114.36391795253915,1
evening,30.532538613528242,114.36394252693495,2
evening,30.53223395899585,114.36410937666487,2
evening,30.534202456558383,114.366596182769,1
evening,30.534117846293693,114.3666152360017,1
evening,30.534369932273876,114.36656637590166,1
evening,30.53397379656821,114.36645137039504,2
evening,30.53403466221185,114.36673015802847,1
evening,30.53405959135062,114.36633436462895,3
evening,30.53437810412444,114.36640725298999,2
evening,30.53429999184095,114.3663290810111,2
evening,30.53404359881627,114.36665580433147,1
evening,30.534110033559124,114.36640534080729,3
evening,30.534283228970764,114.36633480798423,3
evening,30.53426524416029,114.3663153613983,2
evening,30.53401872570848,114.36647924375481,1
evening,30.534178787263386,114.36656868663813,1
evening,30.534288522688094,114.3663925517175,1
evening,30.53442515002435,114.3664510235939,1
evening,30.534509866884978,114.3663426149512,1
evening,30.534305877348036,114.36624808407161,2
evening,30.534192218586032,114.36623795328124,2
evening,30.534156664524886,114.36628109895301,1
evening,30.53434505672472,114.36590455880331,2
evening,30.534116217724513,114.36609663716993,1
evening,30.534256710409437,114.36621098036031,3
evening,30.53453642852159,114.36633845809354,2
evening,30.534360542116765,114.36633712353007,3
evening,30.534189057319512,114.36604495950581,1
evening,30.5340927699169,114.36629451121337,1
evening,30.534085020830226,114.36630472900751,3
evening,30.531283478167275,114.36711069983521,1
evening,30.531537733510618,114.36690484868453,1
evening,30.531137906614344,114.36709665434763,3
evening,30.531186044073554,114.36732822673804,3
evening,30.532636000836373,114.36361535543736,1
evening,30.532568851012357,114.36379205435551,3
evening,30.53232622952878,114.36382198551736,1
evening,30.532490478128075,114.36376149396251,1
evening,30.535831725850397,114.36707076603477,1
evening,30.535725693701195,114.36678695302048,1
evening,30.535549911556604,114.36702282802247,1
evening,30.535965734029176,114.36715557566258,1
evening,30.53429941498878,114.36650265489224,1
evening,30.534256998857387,114.3663066199547,2
evening,30.53415158100634,114.36632435852268,1
evening,30.53440928503965,114.36640611398653,2
evening,30.536146495512,114.36632475873591,2
evening,30.536340946800603,114.36596819993387,1
evening,30.53616014352447,114.36591821245327,1
evening,30.536244304479634,114.36607531716909,3
evening,30.534329865064276,114.36535597141805,1
evening,30.534117018384645,114.36540481740768,1
evening,30.534184859000447,114.36551859462907,1
evening,30.534247130245497,114.3653432712282,1
evening,30.534022911029133,114.36576904754516,2
evening,30.534267984406505,114.36571118443251,1
evening,30.534330374795495,114.36550089794085,3
evening,30.53431136819073,114.36542390159552,3
evening,30.53423189716227,114.36576482608035,2
evening,30.53431022263268,114.3656406242571,1
evening,30.533977857376183,114.36554952868254,3
evening,30.534345542115027,114.36569861821805,1
evening,30.535212734393433,114.36781951665706,1
evening,30.535334871997865,114.36794150916087,1
evening,30.535150793703384,114.36782686991108,1
evening,30.534926119016397,114.36786871969895,1
evening,30.537769604897367,114.36666626866675,2
evening,30.53782542874282,114.36639372197796,3
evening,30.537931282011943,114.36685824704811,1
evening,30.537611685358268,114.36651947664848,1
evening,30.535282658528846,114.36913894090192,1
evening,30.535641180924838,114.36916384703846,2
evening,30.535588251261803,114.36932978513231,1
evening,30.535538901796663,114.36913172978946,1
evening,30.535127422083622,114.3693473025745,1
evening,30.535391952886435,114.36916234507409,1
evening,30.53540150066522,114.36897134594182,1
evening,30.53516368093324,114.36904790062869,3
