{
  "type": "FeatureCollection",
  "features": [
    {
      "type": "Feature",
      "properties": {
        "osm_id": "98965430",
        "code": 1500,
        "fclass": "building",
        "name": "珞珈胡同",
        "type": null
      },
      "geometry": {
        "type": "Polygon",
        "coordinates": [
          [
            [
              114.3657872111018,
              30.531809818691336
            ],
            [
              114.36582718496628,
              30.531810148223443
            ],
            [
              114.3658274072479,
              30.53177614431658
            ],
            [
              114.36582773077221,
              30.531740340390044
            ],
            [
              114.36578753839675,
              30.531740091121712
            ],
            [
              114.3657872111018,
              30.531809818691336
            ]
          ]
        ]
      }
    },
    {
      "type": "Feature",
      "properties": {
        "osm_id": "621841801",
        "code": 1500,
        "fclass": "building",
        "name": null,
        "type": "office"
      },
      "geometry": {
        "type": "MultiPolygon",
        "coordinates": [
          [
            [
              [
                114.36105085644274,
                30.533034456827334
              ],
              [
                114.36105566202896,
                30.533050329107596
              ],
              [
                114.3611233686801,
                30.533031342501715
              ],
              [
                114.36114213784657,
                30.53307987344942
              ],
              [
                114.36126268122575,
                30.533045964463525
              ],
              [
                114.36140899398855,
                30.532908882896646
              ],
              [
                114.36105085644274,
                30.533034456827334
              ]
            ]
          ],
          [
            [
              [
                114.36108126805902,
                30.533134902782315
              ],
              [
                114.36108729282141,
                30.533133213716386
              ],
              [
                114.36105654837787,
                30.533053256612714
              ],
              [
                114.36108126805902,
                30.533134902782315
              ]
            ]
          ]
        ]
      }
    },
    {
      "type": "Feature",
      "properties": {
        "osm_id": "1480944408",
        "code": 1500,
        "fclass": "building",
        "name": null,
        "type": null
      },
      "geometry": {
        "type": "Polygon",
        "coordinates": [
          [
            [
              114.36113427516217,
              30.533309978945578
            ],
            [
              114.3613482275404,
              30.53314643282265
            ],
            [
              114.3613492659086,
              30.53309153285996
            ],
            [
              114.36131218366081,
              30.533055588278486
            ],
            [
              114.36110518214635,
              30.533213888171222
            ],
            [
              114.36113427516217,
              30.533309978945578
            ]
          ]
        ]
      }
    },
    {
      "type": "Feature",
      "properties": {
        "osm_id": "104107998",
        "code": 1500,
        "fclass": "building",
        "name": "信息学部4号教学楼",
        "type": "university"
      },
      "geometry": {
        "type": "Polygon",
        "coordinates": [
          [
            [
              114.36836452180918,
              30.532390245814714
            ],
            [
              114.36850828193641,
              30.532390003984244
            ],
            [
              114.36850830093928,
              30.532361600499982
            ],
            [
              114.3689069465399,
              30.532360881242354
            ],
            [
              114.36890698097234,
              30.532458993171463
            ],
            [
              114.36890707256349,
              30.53262021257132
            ],
            [
              114.36890716088998,
              30.532637714606235
            ],
            [
              114.36890714874242,
              30.53265561676089
            ],
            [
              114.36890738131774,
              30.53275552851463
            ],
            [
              114.36905125920795,
              30.53275521205004
            ],
            [
              114.36905120567646,
              30.532686703935713
            ],
            [
              114.36905113889685,
              30.53263749810836
            ],
            [
              114.36905097857789,
              30.532429573153138
            ],
            [
              114.36917371923946,
              30.532429358284606
            ],
            [
              114.36917357966456,
              30.53218782883282
            ],
            [
              114.36904542848438,
              30.532188048394865
            ],
            [
              114.36904541045263,
              30.532215251770804
            ],
            [
              114.36848936308793,
              30.532216189223952
            ],
            [
              114.36848937714477,
              30.53219498659225
            ],
            [
              114.36836435117215,
              30.532195221817307
            ],
            [
              114.36836452180918,
              30.532390245814714
            ]
          ]
        ]
      }
    },
    {
      "type": "Feature",
      "properties": {
        "osm_id": "127025727",
        "code": 1500,
        "fclass": "building",
        "name": "信息学部2号教学楼",
        "type": "university"
      },
      "geometry": {
        "type": "Polygon",
        "coordinates": [
          [
            [
              114.36836883580912,
              30.53282479724938
            ],
            [
              114.3683689739159,
              30.53291550795913
            ],
            [
              114.36850672316302,
              30.532915367645
            ],
            [
              114.36905004798638,
              30.5329144319304
            ],
            [
              114.36905013923595,
              30.532927433377807
            ],
            [
              114.36917969340794,
              30.532927111757775
            ],
            [
              114.36917955749772,
              30.532686383409928
            ],
            [
              114.36905120567646,
              30.532686703935713
            ],
            [
              114.36905125920795,
              30.53275521205004
            ],
            [
              114.36890738131774,
              30.53275552851463
            ],
            [
              114.36873565560296,
              30.53275604170478
            ],
            [
              114.36871902464087,
              30.532755751132104
            ],
            [
              114.36870489821672,
              30.532755758962715
            ],
            [
              114.36851414565962,
              30.532756046065643
            ],
            [
              114.36851416223229,
              30.53273174315925
            ],
            [
              114.36836859867054,
              30.53273198624322
            ],
            [
              114.36836883580912,
              30.53282479724938
            ]
          ]
        ]
      }
    },
    {
      "type": "Feature",
      "properties": {
        "osm_id": "127025729",
        "code": 1500,
        "fclass": "building",
        "name": "信息学部1号教学楼",
        "type": "university"
      },
      "geometry": {
        "type": "Polygon",
        "coordinates": [
          [
            [
              114.36690781418378,
              30.532740695315898
            ],
            [
              114.36690829685209,
              30.53291331657248
            ],
            [
              114.3669080817626,
              30.532934818880072
            ],
            [
              114.36701053288476,
              30.53293473413643
            ],
            [
              114.36711579063441,
              30.532934642047902
            ],
            [
              114.36711570548603,
              30.532912839372305
            ],
            [
              114.36727144351764,
              30.532912679528827
            ],
            [
              114.36765405176132,
              30.532912124967545
            ],
            [
              114.36796046279582,
              30.532911620260197
            ],
            [
              114.36813696685445,
              30.53291123430175
            ],
            [
              114.36813704830898,
              30.53293843751506
            ],
            [
              114.36826126653183,
              30.532938129498
            ],
            [
              114.36836905867774,
              30.53293791058223
            ],
            [
              114.3683689739159,
              30.53291550795913
            ],
            [
              114.36836883580912,
              30.53282479724938
            ],
            [
              114.36836859867054,
              30.53273198624322
            ],
            [
              114.36836851327321,
              30.53271028366607
            ],
            [
              114.36829738615681,
              30.532710497354344
            ],
            [
              114.36826122203192,
              30.53271050244586
            ],
            [
              114.36818929523517,
              30.532710708876287
            ],
            [
              114.36816264860781,
              30.5327107099926
            ],
            [
              114.36816273059176,
              30.532737413188396
            ],
            [
              114.36808529586557,
              30.53273761260566
            ],
            [
              114.36808528672657,
              30.532751014208863
            ],
            [
              114.36774120453164,
              30.53275174213231
            ],
            [
              114.36774105248665,
              30.53268083355591
            ],
            [
              114.36765380913738,
              30.532680997224805
            ],
            [
              114.3675369197618,
              30.532681237106665
            ],
            [
              114.36753707200108,
              30.532751845687475
            ],
            [
              114.36729148423593,
              30.532752276703178
            ],
            [
              114.3672913985376,
              30.53273107408402
            ],
            [
              114.36710811812706,
              30.532731310210306
            ],
            [
              114.36710813079829,
              30.532712707979897
            ],
            [
              114.36705364893122,
              30.53271275304306
            ],
            [
              114.36701068483384,
              30.53271280771159
            ],
            [
              114.36697423076829,
              30.53271286785989
            ],
            [
              114.36690753268796,
              30.532712891629885
            ],
            [
              114.36690781418378,
              30.532740695315898
            ]
          ]
        ]
      }
    },
    {
      "type": "Feature",
      "properties": {
        "osm_id": "104108001",
        "code": 1500,
        "fclass": "building",
        "name": "信息学部图书馆",
        "type": "library"
      },
      "geometry": {
        "type": "Polygon",
        "coordinates": [
          [
            [
              114.36716291606528,
              30.535338150287213
            ],
            [
              114.36716286381805,
              30.535536770155034
            ],
            [
              114.36732942076512,
              30.53553621126038
            ],
            [
              114.36732976586245,
              30.535608218671562
            ],
            [
              114.36796259953348,
              30.535606011810888
            ],
            [
              114.36796225899359,
              30.535528004052622
            ],
            [
              114.36811271809505,
              30.53552741730914
            ],
            [
              114.36811150793426,
              30.535276492263982
            ],
            [
              114.36763941228975,
              30.535278277264773
            ],
            [
              114.36716296196049,
              30.535278044250816
            ],
            [
              114.36716291606528,
              30.535338150287213
            ]
          ]
        ]
      }
    },
    {
      "type": "Feature",
      "properties": {
        "osm_id": "104108003",
        "code": 1500,
        "fclass": "building",
        "name": "双泽楼",
        "type": null
      },
      "geometry": {
        "type": "Polygon",
        "coordinates": [
          [
            [
              114.36787252338448,
              30.531061668439236
            ],
            [
              114.36782166224094,
              30.53099824518636
            ],
            [
              114.36782166393388,
              30.531020048880954
            ],
            [
              114.3678222257861,
              30.531083157543467
            ],
            [
              114.36784586538037,
              30.53108306431114
            ],
            [
              114.36784614945869,
              30.53110946793223
            ],
            [
              114.36784787993307,
              30.531225583911983
            ],
            [
              114.36785578372556,
              30.53124068805115
            ],
            [
              114.36786809825486,
              30.531250492554626
            ],
            [
              114.36788341938089,
              30.531257897317364
            ],
            [
              114.36790024566983,
              30.531261201647744
            ],
            [
              114.36801995002106,
              30.531260021349432
            ],
            [
              114.36802071627449,
              30.531315828816616
            ],
            [
              114.36819992837003,
              30.531313932504524
            ],
            [
              114.36819916226871,
              30.531257825135107
            ],
            [
              114.3683361055808,
              30.5312564073428
            ],
            [
              114.36842366336688,
              30.531255486564117
            ],
            [
              114.36842146408519,
              30.53108766483638
            ],
            [
              114.36801033840378,
              30.53109199785743
            ],
            [
              114.36800967212898,
              30.53103899764128
            ],
            [
              114.36787252338448,
              30.531061668439236
            ]
          ]
        ]
      }
    },
    {
      "type": "Feature",
      "properties": {
        "osm_id": "104108008",
        "code": 1500,
        "fclass": "building",
        "name": "大学生活动中心",
        "type": null
      },
      "geometry": {
        "type": "Polygon",
        "coordinates": [
          [
            [
              114.36850692998149,
              30.533338516749954
            ],
            [
              114.36850747697908,
              30.533415425337974
            ],
            [
              114.36850802088009,
              30.533496434344602
            ],
            [
              114.36850892469397,
              30.533634549589422
            ],
            [
              114.36917278822857,
              30.53363059919124
            ],
            [
              114.36917043890756,
              30.533268160517885
            ],
            [
              114.36912404746415,
              30.533268405522335
            ],
            [
              114.36906182547975,
              30.533268862682522
            ],
            [
              114.36906136587871,
              30.533209656288307
            ],
            [
              114.36877351310862,
              30.533211372538254
            ],
            [
              114.36850611620157,
              30.533213002604413
            ],
            [
              114.36850692998149,
              30.533338516749954
            ]
          ]
        ]
      }
    },
    {
      "type": "Feature",
      "properties": {
        "osm_id": "1471868926",
        "code": 1500,
        "fclass": "building",
        "name": null,
        "type": null
      },
      "geometry": {
        "type": "Polygon",
        "coordinates": [
          [
            [
              114.36850802088009,
              30.533496434344602
            ],
            [
              114.36850747697908,
              30.533415425337974
            ],
            [
              114.36850692998149,
              30.533338516749954
            ],
            [
              114.36837519213402,
              30.53333775564866
            ],
            [
              114.36837443635544,
              30.533415264685722
            ],
            [
              114.3683736783261,
              30.53349567400432
            ],
            [
              114.36850802088009,
              30.533496434344602
            ]
          ]
        ]
      }
    },
    {
      "type": "Feature",
      "properties": {
        "osm_id": "104108011",
        "code": 1500,
        "fclass": "building",
        "name": "信息学部7号教学楼",
        "type": "university"
      },
      "geometry": {
        "type": "Polygon",
        "coordinates": [
          [
            [
              114.3661139289007,
              30.53183204635565
            ],
            [
              114.36627744139234,
              30.53183225047427
            ],
            [
              114.36627767983414,
              30.532080082531344
            ],
            [
              114.36627836665606,
              30.53210148646131
            ],
            [
              114.36627808754227,
              30.532220700970807
            ],
            [
              114.3664188755067,
              30.53222074209281
            ],
            [
              114.36641885422088,
              30.53210152706341
            ],
            [
              114.36641876812165,
              30.532080224229606
            ],
            [
              114.36641889069358,
              30.5320461201132
            ],
            [
              114.36641864856011,
              30.5318034887047
            ],
            [
              114.36679757689227,
              30.531803543231845
            ],
            [
              114.36679762927047,
              30.531877052728138
            ],
            [
              114.36676898821527,
              30.53187701563413
            ],
            [
              114.36676913203577,
              30.531963526860906
            ],
            [
              114.36692555868144,
              30.531963519792473
            ],
            [
              114.36692557542095,
              30.53193791655458
            ],
            [
              114.36692487787491,
              30.53177859534927
            ],
            [
              114.36690044173848,
              30.53177916681433
            ],
            [
              114.36690039876441,
              30.531690655334863
            ],
            [
              114.36690033342566,
              30.531636548237337
            ],
            [
              114.36672247728113,
              30.531636422674488
            ],
            [
              114.36672246275361,
              30.531659025593477
            ],
            [
              114.36611374060543,
              30.53165862351806
            ],
            [
              114.3661139289007,
              30.53183204635565
            ]
          ]
        ]
      }
    },
    {
      "type": "Feature",
      "properties": {
        "osm_id": "273968039",
        "code": 1500,
        "fclass": "building",
        "name": "信息学部5号教学楼",
        "type": "university"
      },
      "geometry": {
        "type": "Polygon",
        "coordinates": [
          [
            [
              114.36611316524174,
              30.532382714512558
            ],
            [
              114.36623792682603,
              30.532382848920324
            ],
            [
              114.36637380692243,
              30.53238288718596
            ],
            [
              114.36691927214552,
              30.532383165080393
            ],
            [
              114.36691922443612,
              30.53230465530038
            ],
            [
              114.36691916508497,
              30.53224334760124
            ],
            [
              114.36691909645766,
              30.532195841587008
            ],
            [
              114.36680062449524,
              30.53219579690574
            ],
            [
              114.3668006079161,
              30.532220800012418
            ],
            [
              114.36675093673247,
              30.532220835346724
            ],
            [
              114.36671388404847,
              30.532220785555225
            ],
            [
              114.36668294022436,
              30.532220842974198
            ],
            [
              114.3664188755067,
              30.53222074209281
            ],
            [
              114.36627808754227,
              30.532220700970807
            ],
            [
              114.36624304149034,
              30.5322206379809
            ],
            [
              114.36624305866626,
              30.532194734761067
            ],
            [
              114.36611309020354,
              30.53219469088048
            ],
            [
              114.36611316524174,
              30.532382714512558
            ]
          ]
        ]
      }
    },
    {
      "type": "Feature",
      "properties": {
        "osm_id": "202279989",
        "code": 1500,
        "fclass": "building",
        "name": "教学实验大楼",
        "type": "university"
      },
      "geometry": {
        "type": "Polygon",
        "coordinates": [
          [
            [
              114.36847547825957,
              30.531849447881683
            ],
            [
              114.36847967920887,
              30.531859747804
            ],
            [
              114.36848618493643,
              30.531869146817783
            ],
            [
              114.36849569653543,
              30.531877944675145
            ],
            [
              114.36850721311009,
              30.53188474147579
            ],
            [
              114.36851873147255,
              30.531888837806626
            ],
            [
              114.36852744688365,
              30.531889634654426
            ],
            [
              114.36852753735305,
              30.53190453650594
            ],
            [
              114.36852752998078,
              30.531915837937493
            ],
            [
              114.3687986346693,
              30.531914800366316
            ],
            [
              114.368798549545,
              30.531891697502836
            ],
            [
              114.3688148831097,
              30.531887586463885
            ],
            [
              114.36882941487609,
              30.531881076067993
            ],
            [
              114.36883833603147,
              30.53187456926847
            ],
            [
              114.36884585531824,
              30.531866863197056
            ],
            [
              114.36885167241694,
              30.531857558039377
            ],
            [
              114.36885548616223,
              30.531847554145422
            ],
            [
              114.36885689578558,
              30.53183685181425
            ],
            [
              114.36885510131722,
              30.531823051303057
            ],
            [
              114.36885150042805,
              30.531813852613762
            ],
            [
              114.36884609572176,
              30.531805255218625
            ],
            [
              114.36883798568786,
              30.531796959659623
            ],
            [
              114.36882817152855,
              30.531790065349167
            ],
            [
              114.36881234574683,
              30.531783574918474
            ],
            [
              114.36879821993519,
              30.53178218381837
            ],
            [
              114.3687979593281,
              30.531720376095812
            ],
            [
              114.3686285420156,
              30.531721070164235
            ],
            [
              114.36852685469466,
              30.531721413456054
            ],
            [
              114.36852711605879,
              30.53178202110416
            ],
            [
              114.36851268678323,
              30.531786527019584
            ],
            [
              114.36850226466403,
              30.531791331366023
            ],
            [
              114.3684915401411,
              30.53179903608192
            ],
            [
              114.36848301848273,
              30.53180854018124
            ],
            [
              114.36847770272853,
              30.53181794314511
            ],
            [
              114.36847459046213,
              30.531828145465
            ],
            [
              114.36847388223703,
              30.531838847056797
            ],
            [
              114.36847547825957,
              30.531849447881683
            ]
          ]
        ]
      }
    },
    {
      "type": "Feature",
      "properties": {
        "osm_id": "1396795298",
        "code": 1500,
        "fclass": "building",
        "name": null,
        "type": null
      },
      "geometry": {
        "type": "Polygon",
        "coordinates": [
          [
            [
              114.36910127735453,
              30.531666432568855
            ],
            [
              114.36910233528975,
              30.53157922037932
            ],
            [
              114.36903680786182,
              30.531578678911448
            ],
            [
              114.36903574994327,
              30.531665891039435
            ],
            [
              114.36910127735453,
              30.531666432568855
            ]
          ]
        ]
      }
    },
    {
      "type": "Feature",
      "properties": {
        "osm_id": "1443162573",
        "code": 1500,
        "fclass": "building",
        "name": null,
        "type": "university"
      },
      "geometry": {
        "type": "Polygon",
        "coordinates": [
          [
            [
              114.36837129450376,
              30.531531736021797
            ],
            [
              114.36846856986473,
              30.53153200936436
            ],
            [
              114.36863046765491,
              30.531530544699336
            ],
            [
              114.36892632683143,
              30.531528161923738
            ],
            [
              114.36892552891766,
              30.531364741242236
            ],
            [
              114.36845084249917,
              30.531366793332165
            ],
            [
              114.36842809693137,
              30.531373800915926
            ],
            [
              114.36840404672728,
              30.53138460884231
            ],
            [
              114.36839061592052,
              30.531395113613797
            ],
            [
              114.36837838426565,
              30.53141041856012
            ],
            [
              114.36837076134296,
              30.531425022232295
            ],
            [
              114.36837129450376,
              30.531531736021797
            ]
          ]
        ]
      }
    },
    {
      "type": "Feature",
      "properties": {
        "osm_id": "1337114125",
        "code": 1500,
        "fclass": "building",
        "name": "国家网络安全学院大楼",
        "type": "university"
      },
      "geometry": {
        "type": "Polygon",
        "coordinates": [
          [
            [
              114.36280433369467,
              30.533881637606832
            ],
            [
              114.36283676365476,
              30.5338639003786
            ],
            [
              114.36287529540402,
              30.533848593145702
            ],
            [
              114.36292302951773,
              30.533837530912038
            ],
            [
              114.36292807795964,
              30.53349291602462
            ],
            [
              114.36303053462815,
              30.53349482158172
            ],
            [
              114.3632149427428,
              30.533498106465697
            ],
            [
              114.36322015512927,
              30.533343212744015
            ],
            [
              114.36278191026562,
              30.533335459313868
            ],
            [
              114.36277909973336,
              30.533490263226007
            ],
            [
              114.36277782840436,
              30.53358996840509
            ],
            [
              114.36277310162701,
              30.533903480452768
            ],
            [
              114.36280433369467,
              30.533881637606832
            ]
          ]
        ]
      }
    },
    {
      "type": "Feature",
      "properties": {
        "osm_id": "104218566",
        "code": 1500,
        "fclass": "building",
        "name": "信息学部西区A2教学楼",
        "type": "university"
      },
      "geometry": {
        "type": "Polygon",
        "coordinates": [
          [
            [
              114.36373368857372,
              30.53350712263007
            ],
            [
              114.36373524896405,
              30.53342321938042
            ],
            [
              114.3637364999063,
              30.533352116281378
            ],
            [
              114.36322015512927,
              30.533343212744015
            ],
            [
              114.3632149427428,
              30.533498106465697
            ],
            [
              114.36373368857372,
              30.53350712263007
            ]
          ]
        ]
      }
    },
    {
      "type": "Feature",
      "properties": {
        "osm_id": "104218567",
        "code": 1500,
        "fclass": "building",
        "name": "信息学部15、16舍",
        "type": "dormitory"
      },
      "geometry": {
        "type": "Polygon",
        "coordinates": [
          [
            [
              114.36384348920414,
              30.535119358449737
            ],
            [
              114.36413872241205,
              30.53512223079872
            ],
            [
              114.3641413438655,
              30.53496432419605
            ],
            [
              114.36379677305882,
              30.534961448695572
            ],
            [
              114.3637970182996,
              30.534901543341007
            ],
            [
              114.36381533485132,
              30.534897918900725
            ],
            [
              114.36382875054522,
              30.534890573540473
            ],
            [
              114.36383636322279,
              30.53488140393562
            ],
            [
              114.36383987617154,
              30.534867716933448
            ],
            [
              114.36383598259197,
              30.534855199569684
            ],
            [
              114.3638294853148,
              30.534844971700405
            ],
            [
              114.36381578042999,
              30.534837614302646
            ],
            [
              114.36379746958286,
              30.53483363796145
            ],
            [
              114.36379770681309,
              30.534784133638247
            ],
            [
              114.36414187840896,
              30.53478560720556
            ],
            [
              114.36414039546611,
              30.53462688443763
            ],
            [
              114.36375669536046,
              30.53462414517809
            ],
            [
              114.36375622414499,
              30.53471935350602
            ],
            [
              114.3637061874572,
              30.534719042426715
            ],
            [
              114.36370897322227,
              30.534740856592016
            ],
            [
              114.36370278507566,
              30.53511797049955
            ],
            [
              114.36384348920414,
              30.535119358449737
            ]
          ]
        ]
      }
    },
    {
      "type": "Feature",
      "properties": {
        "osm_id": "104218586",
        "code": 1500,
        "fclass": "building",
        "name": "信息学部23舍",
        "type": null
      },
      "geometry": {
        "type": "Polygon",
        "coordinates": [
          [
            [
              114.36357650162859,
              30.534709383304612
            ],
            [
              114.36366224826175,
              30.53472875618297
            ],
            [
              114.36382838067176,
              30.534173793764676
            ],
            [
              114.36370751031218,
              30.53414658508672
            ],
            [
              114.36365243583988,
              30.534330570579538
            ],
            [
              114.36367694951228,
              30.53433607614192
            ],
            [
              114.36363381246407,
              30.534480006932764
            ],
            [
              114.36354976713092,
              30.534461039200863
            ],
            [
              114.36348175197203,
              30.53468806315063
            ],
            [
              114.36357650162859,
              30.534709383304612
            ]
          ]
        ]
      }
    },
    {
      "type": "Feature",
      "properties": {
        "osm_id": "104218574",
        "code": 1500,
        "fclass": "building",
        "name": null,
        "type": null
      },
      "geometry": {
        "type": "Polygon",
        "coordinates": [
          [
            [
              114.3611566276169,
              30.533383806447564
            ],
            [
              114.36108012832184,
              30.533408759658062
            ],
            [
              114.36108009099765,
              30.53341989995918
            ],
            [
              114.36104693706427,
              30.533419586273347
            ],
            [
              114.36100641838941,
              30.53343280300982
            ],
            [
              114.36100612850481,
              30.533494810119894
            ],
            [
              114.36109994025747,
              30.533495641970596
            ],
            [
              114.36113744549421,
              30.533495992306097
            ],
            [
              114.36113757302432,
              30.533457088529254
            ],
            [
              114.36122798697826,
              30.533457886649938
            ],
            [
              114.36122850471872,
              30.533432887075783
            ],
            [
              114.36122973981885,
              30.53338338928408
            ],
            [
              114.36115630905981,
              30.53338275429137
            ],
            [
              114.3611566276169,
              30.533383806447564
            ]
          ]
        ]
      }
    },
    {
      "type": "Feature",
      "properties": {
        "osm_id": "104218575",
        "code": 1500,
        "fclass": "building",
        "name": "星湖体育馆",
        "type": null
      },
      "geometry": {
        "type": "Polygon",
        "coordinates": [
          [
            [
              114.3634154196645,
              30.534671463748907
            ],
            [
              114.3634246565284,
              30.534223056082737
            ],
            [
              114.36303992207789,
              30.534215350026276
            ],
            [
              114.3630318342476,
              30.53459985311956
            ],
            [
              114.36303048500274,
              30.534665053642858
            ],
            [
              114.3634154196645,
              30.534671463748907
            ]
          ]
        ]
      }
    },
    {
      "type": "Feature",
      "properties": {
        "osm_id": "104218611",
        "code": 1500,
        "fclass": "building",
        "name": null,
        "type": "university"
      },
      "geometry": {
        "type": "Polygon",
        "coordinates": [
          [
            [
              114.3637257274187,
              30.53386503035346
            ],
            [
              114.36373224684935,
              30.533564523242553
            ],
            [
              114.36320249542351,
              30.53355405432568
            ],
            [
              114.3631960769761,
              30.53385445876337
            ],
            [
              114.3637257274187,
              30.53386503035346
            ]
          ]
        ]
      }
    },
    {
      "type": "Feature",
      "properties": {
        "osm_id": "1337114126",
        "code": 1500,
        "fclass": "building",
        "name": "信息学部西区B4教学楼",
        "type": "university"
      },
      "geometry": {
        "type": "Polygon",
        "coordinates": [
          [
            [
              114.363077233873,
              30.534091817344905
            ],
            [
              114.36337321889053,
              30.534090708013263
            ],
            [
              114.36337320900125,
              30.534104309500258
            ],
            [
              114.36365610295529,
              30.53410536119478
            ],
            [
              114.36368312686014,
              30.534099376100567
            ],
            [
              114.36370595404385,
              30.534084871558033
            ],
            [
              114.3637198764814,
              30.53406802863405
            ],
            [
              114.36372769838843,
              30.534045759175406
            ],
            [
              114.36372671556374,
              30.534021052237698
            ],
            [
              114.36371952469895,
              30.53400111959604
            ],
            [
              114.36370552488982,
              30.533986658654502
            ],
            [
              114.36372625110207,
              30.53397144466467
            ],
            [
              114.36372500176823,
              30.533899931265925
            ],
            [
              114.36354857756241,
              30.533896970847305
            ],
            [
              114.363483200674,
              30.53394118670764
            ],
            [
              114.36308134628186,
              30.533939920003125
            ],
            [
              114.36302281229437,
              30.53393973533153
            ],
            [
              114.3630209009074,
              30.534092043269236
            ],
            [
              114.363077233873,
              30.534091817344905
            ]
          ]
        ]
      }
    },
    {
      "type": "Feature",
      "properties": {
        "osm_id": "1441555690",
        "code": 1500,
        "fclass": "building",
        "name": null,
        "type": "university"
      },
      "geometry": {
        "type": "Polygon",
        "coordinates": [
          [
            [
              114.3630209009074,
              30.534092043269236
            ],
            [
              114.36302281229437,
              30.53393973533153
            ],
            [
              114.36302529032676,
              30.53383333526952
            ],
            [
              114.36300387846305,
              30.533832730312877
            ],
            [
              114.36298246670395,
              30.533832124923002
            ],
            [
              114.36295144811287,
              30.533833671757233
            ],
            [
              114.36292302951773,
              30.533837530912038
            ],
            [
              114.36287529540402,
              30.533848593145702
            ],
            [
              114.36283676365476,
              30.5338639003786
            ],
            [
              114.36280433369467,
              30.533881637606832
            ],
            [
              114.36277310162701,
              30.533903480452768
            ],
            [
              114.36275017435906,
              30.533924865111334
            ],
            [
              114.36273244802216,
              30.533948776435473
            ],
            [
              114.3627173214551,
              30.533974901180073
            ],
            [
              114.36270289005333,
              30.53400823013448
            ],
            [
              114.36269685319317,
              30.534054904072164
            ],
            [
              114.36269452574919,
              30.534091096071787
            ],
            [
              114.3630209009074,
              30.534092043269236
            ]
          ]
        ]
      }
    },
    {
      "type": "Feature",
      "properties": {
        "osm_id": "1480437164",
        "code": 1500,
        "fclass": "building",
        "name": null,
        "type": "grandstand"
      },
      "geometry": {
        "type": "Polygon",
        "coordinates": [
          [
            [
              114.36151730513014,
              30.53488481134855
            ],
            [
              114.36151898447999,
              30.534645495780797
            ],
            [
              114.36140535998494,
              30.534644273637
            ],
            [
              114.36140368067866,
              30.534883589049876
            ],
            [
              114.36151730513014,
              30.53488481134855
            ]
          ]
        ]
      }
    },
    {
      "type": "Feature",
      "properties": {
        "osm_id": "104218598",
        "code": 1500,
        "fclass": "building",
        "name": null,
        "type": null
      },
      "geometry": {
        "type": "Polygon",
        "coordinates": [
          [
            [
              114.36388353557768,
              30.534564762986594
            ],
            [
              114.36395069114113,
              30.53428900407231
            ],
            [
              114.36383681825788,
              30.5342680390397
            ],
            [
              114.36376956454362,
              30.534543790322477
            ],
            [
              114.36388353557768,
              30.534564762986594
            ]
          ]
        ]
      }
    },
    {
      "type": "Feature",
      "properties": {
        "osm_id": "273979988",
        "code": 1500,
        "fclass": "building",
        "name": null,
        "type": "apartments"
      },
      "geometry": {
        "type": "Polygon",
        "coordinates": [
          [
            [
              114.36406829792276,
              30.53427186707762
            ],
            [
              114.36406743735473,
              30.534489287652384
            ],
            [
              114.36413859554406,
              30.53448976263661
            ],
            [
              114.36416501742684,
              30.534489963514037
            ],
            [
              114.36416624830228,
              30.53417673363962
            ],
            [
              114.3638760164029,
              30.534174789327032
            ],
            [
              114.36387554606046,
              30.534270598075647
            ],
            [
              114.36406829792276,
              30.53427186707762
            ]
          ]
        ]
      }
    },
    {
      "type": "Feature",
      "properties": {
        "osm_id": "104218601",
        "code": 1500,
        "fclass": "building",
        "name": "信息学部20舍",
        "type": "dormitory"
      },
      "geometry": {
        "type": "Polygon",
        "coordinates": [
          [
            [
              114.36183278782718,
              30.533799831908627
            ],
            [
              114.36183681248974,
              30.53362713594893
            ],
            [
              114.36164976227559,
              30.53362239562928
            ],
            [
              114.36134129675048,
              30.533614443946597
            ],
            [
              114.36122437752992,
              30.53361138109464
            ],
            [
              114.36122365811347,
              30.533638479553677
            ],
            [
              114.36122025238653,
              30.533785574370693
            ],
            [
              114.36183278782718,
              30.533799831908627
            ]
          ]
        ]
      }
    },
    {
      "type": "Feature",
      "properties": {
        "osm_id": "104218610",
        "code": 1500,
        "fclass": "building",
        "name": "信息学部22舍",
        "type": null
      },
      "geometry": {
        "type": "Polygon",
        "coordinates": [
          [
            [
              114.36380329248964,
              30.534131485223273
            ],
            [
              114.36394971602684,
              30.53397886544555
            ],
            [
              114.36400776123439,
              30.53398009675541
            ],
            [
              114.36401137612494,
              30.533824593379585
            ],
            [
              114.36386946680489,
              30.533821622673297
            ],
            [
              114.36386636796713,
              30.53395562525612
            ],
            [
              114.36374047810843,
              30.534086717661143
            ],
            [
              114.36380329248964,
              30.534131485223273
            ]
          ]
        ]
      }
    },
    {
      "type": "Feature",
      "properties": {
        "osm_id": "1480944412",
        "code": 1500,
        "fclass": "building",
        "name": null,
        "type": "bungalow"
      },
      "geometry": {
        "type": "Polygon",
        "coordinates": [
          [
            [
              114.36417087073971,
              30.534151248368346
            ],
            [
              114.36417260580171,
              30.53382811849786
            ],
            [
              114.36403459300818,
              30.53382708515077
            ],
            [
              114.36403332741148,
              30.534055206023304
            ],
            [
              114.36391223204461,
              30.534054322969265
            ],
            [
              114.36391166256868,
              30.534149331325242
            ],
            [
              114.36417087073971,
              30.534151248368346
            ]
          ]
        ]
      }
    },
    {
      "type": "Feature",
      "properties": {
        "osm_id": "104218615",
        "code": 1500,
        "fclass": "building",
        "name": "信息学部19舍",
        "type": "dormitory"
      },
      "geometry": {
        "type": "Polygon",
        "coordinates": [
          [
            [
              114.3613466246434,
              30.53343545720073
            ],
            [
              114.3616536910492,
              30.533442198619873
            ],
            [
              114.36184104203298,
              30.533446240006814
            ],
            [
              114.36184495954754,
              30.533280843786137
            ],
            [
              114.3612324222802,
              30.53326659289157
            ],
            [
              114.36122973981885,
              30.53338338928408
            ],
            [
              114.36122850471872,
              30.533432887075783
            ],
            [
              114.3613466246434,
              30.53343545720073
            ]
          ]
        ]
      }
    },
    {
      "type": "Feature",
      "properties": {
        "osm_id": "104219264",
        "code": 1500,
        "fclass": "building",
        "name": "地球空间环境与大地测量研究室",
        "type": "university"
      },
      "geometry": {
        "type": "Polygon",
        "coordinates": [
          [
            [
              114.36869590236628,
              30.5357430853044
            ],
            [
              114.36871223297018,
              30.535742976326784
            ],
            [
              114.36875751824404,
              30.535742550088077
            ],
            [
              114.36875714788751,
              30.53570334650466
            ],
            [
              114.36908407720226,
              30.53570009916934
            ],
            [
              114.36922675934295,
              30.53569865931268
            ],
            [
              114.36922544824658,
              30.53558004915225
            ],
            [
              114.36907625335627,
              30.535581594734523
            ],
            [
              114.36907672329863,
              30.535621798233606
            ],
            [
              114.36901850961442,
              30.535622349313865
            ],
            [
              114.3686944904701,
              30.5356256746346
            ],
            [
              114.36869590236628,
              30.5357430853044
            ]
          ]
        ]
      }
    },
    {
      "type": "Feature",
      "properties": {
        "osm_id": "104219268",
        "code": 1500,
        "fclass": "building",
        "name": "测量仪器陈列馆",
        "type": "university"
      },
      "geometry": {
        "type": "Polygon",
        "coordinates": [
          [
            [
              114.36875258986326,
              30.535114390826894
            ],
            [
              114.3691794158333,
              30.535109949632393
            ],
            [
              114.36917846516923,
              30.535042143730998
            ],
            [
              114.36875163930358,
              30.535046584517175
            ],
            [
              114.36875258986326,
              30.535114390826894
            ]
          ]
        ]
      }
    },
    {
      "type": "Feature",
      "properties": {
        "osm_id": "104373479",
        "code": 1500,
        "fclass": "building",
        "name": null,
        "type": "kindergarten"
      },
      "geometry": {
        "type": "Polygon",
        "coordinates": [
          [
            [
              114.36875141805315,
              30.536366713004114
            ],
            [
              114.36880371707935,
              30.53636618054192
            ],
            [
              114.36883647901924,
              30.536366358924905
            ],
            [
              114.36893406525526,
              30.536366488433455
            ],
            [
              114.36893401441243,
              30.536304182674634
            ],
            [
              114.36910404434693,
              30.53630393814714
            ],
            [
              114.3691040112475,
              30.5363457420647
            ],
            [
              114.36918887830676,
              30.536345659631753
            ],
            [
              114.36918901160666,
              30.536176943756484
            ],
            [
              114.36890786434402,
              30.53617719056098
            ],
            [
              114.36890790718418,
              30.53624989735107
            ],
            [
              114.36875151041086,
              30.53625000205113
            ],
            [
              114.36875141805315,
              30.536366713004114
            ]
          ]
        ]
      }
    },
    {
      "type": "Feature",
      "properties": {
        "osm_id": "104219274",
        "code": 1500,
        "fclass": "building",
        "name": "竹园体育馆",
        "type": "sports_hall"
      },
      "geometry": {
        "type": "Polygon",
        "coordinates": [
          [
            [
              114.36889583609003,
              30.534342915781178
            ],
            [
              114.36889489549884,
              30.534121992751402
            ],
            [
              114.36889462313493,
              30.534083188746823
            ],
            [
              114.3689298906964,
              30.53408316242291
            ],
            [
              114.36893008534916,
              30.533952748068103
            ],
            [
              114.36889191230539,
              30.533952676500068
            ],
            [
              114.36889227653722,
              30.533724651078106
            ],
            [
              114.36880030170788,
              30.533724713917493
            ],
            [
              114.3686506213902,
              30.533724598904712
            ],
            [
              114.36865011112644,
              30.53401603129548
            ],
            [
              114.36864957209563,
              30.53434296685331
            ],
            [
              114.36889583609003,
              30.534342915781178
            ]
          ]
        ]
      }
    },
    {
      "type": "Feature",
      "properties": {
        "osm_id": "104219273",
        "code": 1500,
        "fclass": "building",
        "name": null,
        "type": null
      },
      "geometry": {
        "type": "Polygon",
        "coordinates": [
          [
            [
              114.36998232502572,
              30.5339914461064
            ],
            [
              114.36942362955885,
              30.53399445998491
            ],
            [
              114.36942405361692,
              30.534100570955797
            ],
            [
              114.36998923790327,
              30.534097622175544
            ],
            [
              114.36998908353172,
              30.534066348579564
            ],
            [
              114.36998232502572,
              30.5339914461064
            ]
          ]
        ]
      }
    },
    {
      "type": "Feature",
      "properties": {
        "osm_id": "1407258918",
        "code": 1500,
        "fclass": "building",
        "name": null,
        "type": "roof"
      },
      "geometry": {
        "type": "Polygon",
        "coordinates": [
          [
            [
              114.36865053906752,
              30.533699596158083
            ],
            [
              114.3686506213902,
              30.533724598904712
            ],
            [
              114.36880030170788,
              30.533724713917493
            ],
            [
              114.36889227653722,
              30.533724651078106
            ],
            [
              114.36889279442975,
              30.533700948063498
            ],
            [
              114.36889280592374,
              30.53368484626063
            ],
            [
              114.36865054934758,
              30.53368519454519
            ],
            [
              114.36865053906752,
              30.533699596158083
            ]
          ]
        ]
      }
    },
    {
      "type": "Feature",
      "properties": {
        "osm_id": "1407258919",
        "code": 1500,
        "fclass": "building",
        "name": null,
        "type": null
      },
      "geometry": {
        "type": "Polygon",
        "coordinates": [
          [
            [
              114.36859694999933,
              30.53368541980242
            ],
            [
              114.36861528386036,
              30.53368541147948
            ],
            [
              114.36865054934758,
              30.53368519454519
            ],
            [
              114.36889280592374,
              30.53368484626063
            ],
            [
              114.368915348781,
              30.53368522966189
            ],
            [
              114.36891537737266,
              30.533645125163023
            ],
            [
              114.368596978591,
              30.533645315302365
            ],
            [
              114.36859694999933,
              30.53368541980242
            ]
          ]
        ]
      }
    },
    {
      "type": "Feature",
      "properties": {
        "osm_id": "104372384",
        "code": 1500,
        "fclass": "building",
        "name": "信息学部11舍",
        "type": "dormitory"
      },
      "geometry": {
        "type": "Polygon",
        "coordinates": [
          [
            [
              114.36431374312862,
              30.53421938900467
            ],
            [
              114.36483903272642,
              30.534218480953022
            ],
            [
              114.36483878438602,
              30.534147272271127
            ],
            [
              114.36481375972181,
              30.5341471928728
            ],
            [
              114.36481349181817,
              30.534102687064124
            ],
            [
              114.36459318016654,
              30.534102962227163
            ],
            [
              114.36432974161897,
              30.534103334545968
            ],
            [
              114.36433000985103,
              30.534147340440295
            ],
            [
              114.36431339532535,
              30.534147379716142
            ],
            [
              114.36431374312862,
              30.53421938900467
            ]
          ]
        ]
      }
    },
    {
      "type": "Feature",
      "properties": {
        "osm_id": "104372385",
        "code": 1500,
        "fclass": "building",
        "name": "信息学部12舍",
        "type": "dormitory"
      },
      "geometry": {
        "type": "Polygon",
        "coordinates": [
          [
            [
              114.36431523872596,
              30.53449942529122
            ],
            [
              114.36484032864574,
              30.534498115702004
            ],
            [
              114.36483988035977,
              30.534427406587827
            ],
            [
              114.36481515590978,
              30.534427428187964
            ],
            [
              114.36481460693255,
              30.534357318770844
            ],
            [
              114.36458818922593,
              30.534357973509394
            ],
            [
              114.36433115632151,
              30.534358668031615
            ],
            [
              114.36433170434161,
              30.534429977856085
            ],
            [
              114.36431468946031,
              30.53443001569632
            ],
            [
              114.36431523872596,
              30.53449942529122
            ]
          ]
        ]
      }
    },
    {
      "type": "Feature",
      "properties": {
        "osm_id": "104372387",
        "code": 1500,
        "fclass": "building",
        "name": "信息学部14舍",
        "type": "dormitory"
      },
      "geometry": {
        "type": "Polygon",
        "coordinates": [
          [
            [
              114.3643173071871,
              30.535078994863692
            ],
            [
              114.36484279694153,
              30.535078885389325
            ],
            [
              114.36484244674865,
              30.535012477325225
            ],
            [
              114.36481852306808,
              30.53501250154378
            ],
            [
              114.36481807543478,
              30.534942392739808
            ],
            [
              114.36460006572399,
              30.53494257680457
            ],
            [
              114.36433442484852,
              30.534942842996376
            ],
            [
              114.36433477218443,
              30.535013151689828
            ],
            [
              114.36431705675466,
              30.535013087013688
            ],
            [
              114.3643173071871,
              30.535078994863692
            ]
          ]
        ]
      }
    },
    {
      "type": "Feature",
      "properties": {
        "osm_id": "104372393",
        "code": 1500,
        "fclass": "building",
        "name": "信息学部三食堂、四食堂",
        "type": null
      },
      "geometry": {
        "type": "Polygon",
        "coordinates": [
          [
            [
              114.36433423539492,
              30.53397933699884
            ],
            [
              114.36472119070713,
              30.533980075294526
            ],
            [
              114.3647213415,
              30.533909867872115
            ],
            [
              114.3648493545013,
              30.533926880947114
            ],
            [
              114.36490000310677,
              30.533929639598277
            ],
            [
              114.36496517166307,
              30.533926039309755
            ],
            [
              114.36508060540574,
              30.533905881517732
            ],
            [
              114.36508092970719,
              30.533872578707804
            ],
            [
              114.36511566682898,
              30.533871679759564
            ],
            [
              114.36514490105851,
              30.533867063470424
            ],
            [
              114.36516493064538,
              30.53385551940358
            ],
            [
              114.36518035734602,
              30.533841261613034
            ],
            [
              114.36517873998197,
              30.533723443641946
            ],
            [
              114.36503849160847,
              30.53372453674015
            ],
            [
              114.36503812191079,
              30.533681530725136
            ],
            [
              114.36497365529334,
              30.533681937326623
            ],
            [
              114.36497270685163,
              30.53360812597522
            ],
            [
              114.36503727362756,
              30.533607619721774
            ],
            [
              114.36503819410522,
              30.533580119288526
            ],
            [
              114.36503661303453,
              30.5335511112446
            ],
            [
              114.36497204605736,
              30.533551917488694
            ],
            [
              114.36497138614978,
              30.53349430881764
            ],
            [
              114.3650359528318,
              30.533493902662325
            ],
            [
              114.36503558323248,
              30.53345029650053
            ],
            [
              114.36517953636022,
              30.533447914177557
            ],
            [
              114.36517886037116,
              30.533412808177427
            ],
            [
              114.36517741020076,
              30.53333969552893
            ],
            [
              114.36516821695874,
              30.533316066643884
            ],
            [
              114.36514390271726,
              30.533299495234118
            ],
            [
              114.36511377913146,
              30.533287706999975
            ],
            [
              114.36511439964694,
              30.533259305457573
            ],
            [
              114.36504843098571,
              30.533258812202696
            ],
            [
              114.36498668482041,
              30.53323372463379
            ],
            [
              114.36491381959566,
              30.53322110058617
            ],
            [
              114.36484354244625,
              30.533230982282404
            ],
            [
              114.36477355350097,
              30.533259762407994
            ],
            [
              114.3647740892803,
              30.533209258167147
            ],
            [
              114.36463345429097,
              30.533209295419006
            ],
            [
              114.36463347666863,
              30.53346252524222
            ],
            [
              114.36433360400565,
              30.53346247539508
            ],
            [
              114.36433423539492,
              30.53397933699884
            ]
          ]
        ]
      }
    },
    {
      "type": "Feature",
      "properties": {
        "osm_id": "1472842317",
        "code": 1500,
        "fclass": "building",
        "name": null,
        "type": null
      },
      "geometry": {
        "type": "Polygon",
        "coordinates": [
          [
            [
              114.3642841097279,
              30.533393285757118
            ],
            [
              114.36454644423685,
              30.533393221306724
            ],
            [
              114.36454573825903,
              30.533258202996713
            ],
            [
              114.36428340373158,
              30.533258367255797
            ],
            [
              114.3642841097279,
              30.533393285757118
            ]
          ]
        ]
      }
    },
    {
      "type": "Feature",
      "properties": {
        "osm_id": "104372398",
        "code": 1500,
        "fclass": "building",
        "name": null,
        "type": "office"
      },
      "geometry": {
        "type": "Polygon",
        "coordinates": [
          [
            [
              114.36506444738414,
              30.53451050090775
            ],
            [
              114.36518968005028,
              30.534510062017365
            ],
            [
              114.3651889453648,
              30.534420450212444
            ],
            [
              114.36518820947607,
              30.53433213848807
            ],
            [
              114.36509450991214,
              30.534332469576647
            ],
            [
              114.3650629768598,
              30.534332577185175
            ],
            [
              114.36506444738414,
              30.53451050090775
            ]
          ]
        ]
      }
    },
    {
      "type": "Feature",
      "properties": {
        "osm_id": "307265577",
        "code": 1500,
        "fclass": "building",
        "name": null,
        "type": null
      },
      "geometry": {
        "type": "Polygon",
        "coordinates": [
          [
            [
              114.36507682107195,
              30.534698157467677
            ],
            [
              114.3650756343482,
              30.534812666195556
            ],
            [
              114.36518374783982,
              30.534813777802817
            ],
            [
              114.36518463390043,
              30.534699768165545
            ],
            [
              114.36518578638241,
              30.53463086404112
            ],
            [
              114.36518667003259,
              30.534519254508083
            ],
            [
              114.36507745531699,
              30.534518139948503
            ],
            [
              114.36507637185294,
              30.534629248759686
            ],
            [
              114.36503502929892,
              30.53462862664037
            ],
            [
              114.36503377675562,
              30.534697530309888
            ],
            [
              114.36507682107195,
              30.534698157467677
            ]
          ]
        ]
      }
    },
    {
      "type": "Feature",
      "properties": {
        "osm_id": "104372401",
        "code": 1500,
        "fclass": "building",
        "name": "信息学部4舍",
        "type": "dormitory"
      },
      "geometry": {
        "type": "Polygon",
        "coordinates": [
          [
            [
              114.36614044658275,
              30.535118477047718
            ],
            [
              114.36647408946276,
              30.535118060885438
            ],
            [
              114.36682428224654,
              30.535116758514167
            ],
            [
              114.3668238964856,
              30.53496464232729
            ],
            [
              114.36613996161171,
              30.534965260220684
            ],
            [
              114.36614044658275,
              30.535118477047718
            ]
          ]
        ]
      }
    },
    {
      "type": "Feature",
      "properties": {
        "osm_id": "104372405",
        "code": 1500,
        "fclass": "building",
        "name": "信息学部3舍",
        "type": "dormitory"
      },
      "geometry": {
        "type": "Polygon",
        "coordinates": [
          [
            [
              114.36613868367364,
              30.53480034048149
            ],
            [
              114.36648444202376,
              30.534801144310116
            ],
            [
              114.36682492067172,
              30.53480102654135
            ],
            [
              114.36682473346481,
              30.534649310310847
            ],
            [
              114.36613849629116,
              30.534648924075217
            ],
            [
              114.36613868367364,
              30.53480034048149
            ]
          ]
        ]
      }
    },
    {
      "type": "Feature",
      "properties": {
        "osm_id": "104372406",
        "code": 1500,
        "fclass": "building",
        "name": "信息学部13舍",
        "type": "dormitory"
      },
      "geometry": {
        "type": "Polygon",
        "coordinates": [
          [
            [
              114.36431612465262,
              30.534788459747343
            ],
            [
              114.36484151397724,
              30.534788550691978
            ],
            [
              114.3648411739532,
              30.534707740984093
            ],
            [
              114.3648168499624,
              30.534707663883605
            ],
            [
              114.3648164973963,
              30.534643455867652
            ],
            [
              114.36458267312318,
              30.534643485802587
            ],
            [
              114.36433274730943,
              30.534643404864816
            ],
            [
              114.36433309930666,
              30.53470831314145
            ],
            [
              114.3643157841576,
              30.534708349908797
            ],
            [
              114.36431612465262,
              30.534788459747343
            ]
          ]
        ]
      }
    },
    {
      "type": "Feature",
      "properties": {
        "osm_id": "104373462",
        "code": 1500,
        "fclass": "building",
        "name": null,
        "type": "apartments"
      },
      "geometry": {
        "type": "Polygon",
        "coordinates": [
          [
            [
              114.36804393514382,
              30.537494996606437
            ],
            [
              114.36804589920877,
              30.537420890288498
            ],
            [
              114.36760957676957,
              30.53741216390644
            ],
            [
              114.3676075128276,
              30.537486169375953
            ],
            [
              114.36804393514382,
              30.537494996606437
            ]
          ]
        ]
      }
    },
    {
      "type": "Feature",
      "properties": {
        "osm_id": "104373464",
        "code": 1500,
        "fclass": "building",
        "name": null,
        "type": "apartments"
      },
      "geometry": {
        "type": "Polygon",
        "coordinates": [
          [
            [
              114.36730273115538,
              30.53649268268317
            ],
            [
              114.3679778332383,
              30.536490198727
            ],
            [
              114.36797721938729,
              30.536380288387445
            ],
            [
              114.36730221757577,
              30.53638277196417
            ],
            [
              114.36730273115538,
              30.53649268268317
            ]
          ]
        ]
      }
    },
    {
      "type": "Feature",
      "properties": {
        "osm_id": "104373466",
        "code": 1500,
        "fclass": "building",
        "name": null,
        "type": "apartments"
      },
      "geometry": {
        "type": "Polygon",
        "coordinates": [
          [
            [
              114.36810221917416,
              30.536775735593768
            ],
            [
              114.3686322704683,
              30.536774914610778
            ],
            [
              114.36863222911437,
              30.53670160796711
            ],
            [
              114.36861259276526,
              30.536701617235273
            ],
            [
              114.36861252766896,
              30.536657813267794
            ],
            [
              114.36852987554312,
              30.53665794824192
            ],
            [
              114.3681207451747,
              30.536658525180435
            ],
            [
              114.36812080857538,
              30.53670442938905
            ],
            [
              114.36810207597662,
              30.53670452908581
            ],
            [
              114.36810221917416,
              30.536775735593768
            ]
          ]
        ]
      }
    },
    {
      "type": "Feature",
      "properties": {
        "osm_id": "104373469",
        "code": 1500,
        "fclass": "building",
        "name": null,
        "type": "apartments"
      },
      "geometry": {
        "type": "Polygon",
        "coordinates": [
          [
            [
              114.36762666629781,
              30.537336565594757
            ],
            [
              114.36762783724299,
              30.537251858650336
            ],
            [
              114.36717412607494,
              30.537247341817046
            ],
            [
              114.36717305540455,
              30.537332048378847
            ],
            [
              114.36762666629781,
              30.537336565594757
            ]
          ]
        ]
      }
    },
    {
      "type": "Feature",
      "properties": {
        "osm_id": "104373471",
        "code": 1500,
        "fclass": "building",
        "name": null,
        "type": "apartments"
      },
      "geometry": {
        "type": "Polygon",
        "coordinates": [
          [
            [
              114.36867734266677,
              30.537284037350712
            ],
            [
              114.36867770502452,
              30.537208230491693
            ],
            [
              114.36845369253759,
              30.537209124254453
            ],
            [
              114.36845333141757,
              30.537283430918
            ],
            [
              114.36867734266677,
              30.537284037350712
            ]
          ]
        ]
      }
    },
    {
      "type": "Feature",
      "properties": {
        "osm_id": "104373475",
        "code": 1500,
        "fclass": "building",
        "name": "青年楼",
        "type": "apartments"
      },
      "geometry": {
        "type": "Polygon",
        "coordinates": [
          [
            [
              114.36805624846457,
              30.536388397653543
            ],
            [
              114.36844223175932,
              30.536386753141745
            ],
            [
              114.36844274508614,
              30.53649716323671
            ],
            [
              114.36862007033427,
              30.536496294914734
            ],
            [
              114.36861886221624,
              30.53625107265331
            ],
            [
              114.36805555389019,
              30.53625348493786
            ],
            [
              114.36805624846457,
              30.536388397653543
            ]
          ]
        ]
      }
    },
    {
      "type": "Feature",
      "properties": {
        "osm_id": "104373476",
        "code": 1500,
        "fclass": "building",
        "name": "星湖园招待所",
        "type": "commercial"
      },
      "geometry": {
        "type": "Polygon",
        "coordinates": [
          [
            [
              114.36666557786822,
              30.536504983995613
            ],
            [
              114.36684323227469,
              30.53650421827162
            ],
            [
              114.36684233075013,
              30.53637850531817
            ],
            [
              114.36699205067441,
              30.536377879353914
            ],
            [
              114.36699311825569,
              30.536546596366648
            ],
            [
              114.36724109387943,
              30.536545436945374
            ],
            [
              114.36724029056651,
              30.536422224728742
            ],
            [
              114.36702726708852,
              30.536423221449752
            ],
            [
              114.36702700315865,
              30.536377216833422
            ],
            [
              114.36723992646655,
              30.536376220089032
            ],
            [
              114.36723903761232,
              30.536233805847015
            ],
            [
              114.36694609558562,
              30.536235114657153
            ],
            [
              114.36666378807338,
              30.536236356023096
            ],
            [
              114.36666557786822,
              30.536504983995613
            ]
          ]
        ]
      }
    },
    {
      "type": "Feature",
      "properties": {
        "osm_id": "1485821110",
        "code": 1500,
        "fclass": "building",
        "name": null,
        "type": null
      },
      "geometry": {
        "type": "Polygon",
        "coordinates": [
          [
            [
              114.36883567406271,
              30.536496771538864
            ],
            [
              114.36883647901924,
              30.536366358924905
            ],
            [
              114.36880371707935,
              30.53636618054192
            ],
            [
              114.36880281185948,
              30.53649669320831
            ],
            [
              114.36883567406271,
              30.536496771538864
            ]
          ]
        ]
      }
    },
    {
      "type": "Feature",
      "properties": {
        "osm_id": "104373483",
        "code": 1500,
        "fclass": "building",
        "name": "星园食堂",
        "type": null
      },
      "geometry": {
        "type": "Polygon",
        "coordinates": [
          [
            [
              114.36724714422321,
              30.53699298321534
            ],
            [
              114.36724995035617,
              30.536742162673814
            ],
            [
              114.36724900422107,
              30.536673055499737
            ],
            [
              114.36698340386279,
              30.536671897397206
            ],
            [
              114.36670890704889,
              30.53667055941859
            ],
            [
              114.36670985996606,
              30.536731066329658
            ],
            [
              114.36670750399776,
              30.53692098059904
            ],
            [
              114.36670704726413,
              30.536990486322
            ],
            [
              114.36724714422321,
              30.53699298321534
            ]
          ]
        ]
      }
    },
    {
      "type": "Feature",
      "properties": {
        "osm_id": "104373484",
        "code": 1500,
        "fclass": "building",
        "name": null,
        "type": "apartments"
      },
      "geometry": {
        "type": "Polygon",
        "coordinates": [
          [
            [
              114.36669656861605,
              30.537437812176314
            ],
            [
              114.36669624218769,
              30.537469514535605
            ],
            [
              114.36684315162793,
              30.53747070615154
            ],
            [
              114.36684292769195,
              30.53749950841786
            ],
            [
              114.36693486119593,
              30.537500317800703
            ],
            [
              114.36693518536576,
              30.537471415622946
            ],
            [
              114.36709672473641,
              30.53747268809351
            ],
            [
              114.36709705103029,
              30.537441185637718
            ],
            [
              114.36712048630135,
              30.537441308564517
            ],
            [
              114.36712157607106,
              30.537333500070407
            ],
            [
              114.36666541294404,
              30.537329759291524
            ],
            [
              114.36666422322794,
              30.537437467203578
            ],
            [
              114.36669656861605,
              30.537437812176314
            ]
          ]
        ]
      }
    },
    {
      "type": "Feature",
      "properties": {
        "osm_id": "104373485",
        "code": 1500,
        "fclass": "building",
        "name": null,
        "type": "apartments"
      },
      "geometry": {
        "type": "Polygon",
        "coordinates": [
          [
            [
              114.36877030854306,
              30.53717127450626
            ],
            [
              114.3690025549193,
              30.537167805994077
            ],
            [
              114.36900130635034,
              30.537101401171615
            ],
            [
              114.36876906004768,
              30.537104869395186
            ],
            [
              114.36877030854306,
              30.53717127450626
            ]
          ]
        ]
      }
    },
    {
      "type": "Feature",
      "properties": {
        "osm_id": "104373486",
        "code": 1500,
        "fclass": "building",
        "name": null,
        "type": "apartments"
      },
      "geometry": {
        "type": "Polygon",
        "coordinates": [
          [
            [
              114.36715677165274,
              30.53778068936357
            ],
            [
              114.36715722649187,
              30.53770356638601
            ],
            [
              114.36652641507906,
              30.537700587641048
            ],
            [
              114.36652594919389,
              30.537779593815216
            ],
            [
              114.36714882913559,
              30.53778253534181
            ],
            [
              114.36715677165274,
              30.53778068936357
            ]
          ]
        ]
      }
    },
    {
      "type": "Feature",
      "properties": {
        "osm_id": "104373488",
        "code": 1500,
        "fclass": "building",
        "name": null,
        "type": "kindergarten"
      },
      "geometry": {
        "type": "Polygon",
        "coordinates": [
          [
            [
              114.36875682218833,
              30.536625933684004
            ],
            [
              114.36875698800712,
              30.536918360077394
            ],
            [
              114.3688413475988,
              30.53691820600303
            ],
            [
              114.36884130009372,
              30.536977011298912
            ],
            [
              114.36905551246517,
              30.536976643502538
            ],
            [
              114.36905555625653,
              30.536922438622643
            ],
            [
              114.36918821676375,
              30.536922212794323
            ],
            [
              114.36918861041822,
              30.53668189075494
            ],
            [
              114.36905514826448,
              30.53668221732447
            ],
            [
              114.36905527298951,
              30.536776525757425
            ],
            [
              114.36901138762781,
              30.536776663682904
            ],
            [
              114.3690114526806,
              30.53682036757111
            ],
            [
              114.36888100155943,
              30.53682066947556
            ],
            [
              114.3688809045327,
              30.536691957886465
            ],
            [
              114.36890915864298,
              30.536691837191846
            ],
            [
              114.36890902237107,
              30.536611729989914
            ],
            [
              114.36885622146792,
              30.536611868027528
            ],
            [
              114.36885601249237,
              30.53649705763357
            ],
            [
              114.36883567406271,
              30.536496771538864
            ],
            [
              114.36880281185948,
              30.53649669320831
            ],
            [
              114.36875682471072,
              30.53649722186176
            ],
            [
              114.36875682218833,
              30.536625933684004
            ]
          ]
        ]
      }
    },
    {
      "type": "Feature",
      "properties": {
        "osm_id": "104373493",
        "code": 1500,
        "fclass": "building",
        "name": null,
        "type": "apartments"
      },
      "geometry": {
        "type": "Polygon",
        "coordinates": [
          [
            [
              114.36911228327844,
              30.537149807059333
            ],
            [
              114.36934751743685,
              30.537067252480114
            ],
            [
              114.36929430156955,
              30.53695470303809
            ],
            [
              114.369059070445,
              30.53703724573939
            ],
            [
              114.36911228327844,
              30.537149807059333
            ]
          ]
        ]
      }
    },
    {
      "type": "Feature",
      "properties": {
        "osm_id": "104373490",
        "code": 1500,
        "fclass": "building",
        "name": null,
        "type": "apartments"
      },
      "geometry": {
        "type": "Polygon",
        "coordinates": [
          [
            [
              114.36836529990468,
              30.537372662417447
            ],
            [
              114.36836545412339,
              30.53730655658307
            ],
            [
              114.36813945482433,
              30.53730628340973
            ],
            [
              114.3681392004365,
              30.537372389224952
            ],
            [
              114.36836529990468,
              30.537372662417447
            ]
          ]
        ]
      }
    },
    {
      "type": "Feature",
      "properties": {
        "osm_id": "1481024653",
        "code": 1500,
        "fclass": "building",
        "name": null,
        "type": "apartments"
      },
      "geometry": {
        "type": "Polygon",
        "coordinates": [
          [
            [
              114.36810302262958,
              30.53702155784286
            ],
            [
              114.36863307404946,
              30.537020736341315
            ],
            [
              114.36863303315033,
              30.536947429801618
            ],
            [
              114.36861339679673,
              30.53694743908902
            ],
            [
              114.3686133319737,
              30.53690363518411
            ],
            [
              114.36853067982832,
              30.536903770239032
            ],
            [
              114.36812164961796,
              30.536904247569584
            ],
            [
              114.36812161247742,
              30.53695025172099
            ],
            [
              114.36810298012827,
              30.53695025142944
            ],
            [
              114.36810302262958,
              30.53702155784286
            ]
          ]
        ]
      }
    },
    {
      "type": "Feature",
      "properties": {
        "osm_id": "104373494",
        "code": 1500,
        "fclass": "building",
        "name": null,
        "type": "apartments"
      },
      "geometry": {
        "type": "Polygon",
        "coordinates": [
          [
            [
              114.36719093215093,
              30.537637691492137
            ],
            [
              114.36763162796271,
              30.537637194296472
            ],
            [
              114.36763148727626,
              30.5375647879324
            ],
            [
              114.36719079148614,
              30.5375652850408
            ],
            [
              114.36719093215093,
              30.537637691492137
            ]
          ]
        ]
      }
    },
    {
      "type": "Feature",
      "properties": {
        "osm_id": "104373495",
        "code": 1500,
        "fclass": "building",
        "name": null,
        "type": "apartments"
      },
      "geometry": {
        "type": "Polygon",
        "coordinates": [
          [
            [
              114.36805230922285,
              30.537176769236147
            ],
            [
              114.36805297429265,
              30.537097962261353
            ],
            [
              114.36762485942715,
              30.537095443251715
            ],
            [
              114.36762419433876,
              30.537174349992842
            ],
            [
              114.36805230922285,
              30.537176769236147
            ]
          ]
        ]
      }
    },
    {
      "type": "Feature",
      "properties": {
        "osm_id": "104375160",
        "code": 1500,
        "fclass": "building",
        "name": "E11",
        "type": "dormitory"
      },
      "geometry": {
        "type": "Polygon",
        "coordinates": [
          [
            [
              114.36318884046446,
              30.535639017657413
            ],
            [
              114.3631851008182,
              30.535693792186237
            ],
            [
              114.36321841460837,
              30.535696063010363
            ],
            [
              114.36322356420864,
              30.535636081105284
            ],
            [
              114.36322746068662,
              30.53559047421917
            ],
            [
              114.36318884046446,
              30.535639017657413
            ]
          ]
        ]
      }
    },
    {
      "type": "Feature",
      "properties": {
        "osm_id": "104375168",
        "code": 1500,
        "fclass": "building",
        "name": null,
        "type": null
      },
      "geometry": {
        "type": "Polygon",
        "coordinates": [
          [
            [
              114.36132554315587,
              30.535438844742853
            ],
            [
              114.36134509051185,
              30.535442360254894
            ],
            [
              114.36133975391236,
              30.535428435651067
            ],
            [
              114.36131114319228,
              30.53543640996041
            ],
            [
              114.36132554315587,
              30.535438844742853
            ]
          ]
        ]
      }
    },
    {
      "type": "Feature",
      "properties": {
        "osm_id": "104376125",
        "code": 1500,
        "fclass": "building",
        "name": "青1栋",
        "type": "apartments"
      },
      "geometry": {
        "type": "Polygon",
        "coordinates": [
          [
            [
              114.363585702642,
              30.53550880765973
            ],
            [
              114.36358580963754,
              30.535499807201123
            ],
            [
              114.36361943312473,
              30.535500253156933
            ],
            [
              114.36361932612832,
              30.535509253618702
            ],
            [
              114.36369798215884,
              30.535510190852666
            ],
            [
              114.3636986225783,
              30.53545818822896
            ],
            [
              114.36366229653768,
              30.535457733232356
            ],
            [
              114.36366304737021,
              30.535392129678133
            ],
            [
              114.36354626570613,
              30.535390622961547
            ],
            [
              114.36354541236706,
              30.53545942631851
            ],
            [
              114.36350438438605,
              30.53545894519457
            ],
            [
              114.36350384652245,
              30.535507747833606
            ],
            [
              114.363585702642,
              30.53550880765973
            ]
          ]
        ]
      }
    },
    {
      "type": "Feature",
      "properties": {
        "osm_id": "104376126",
        "code": 1500,
        "fclass": "building",
        "name": "青2栋",
        "type": "apartments"
      },
      "geometry": {
        "type": "Polygon",
        "coordinates": [
          [
            [
              114.36329553455376,
              30.53573302672804
            ],
            [
              114.36366108459097,
              30.535731355975365
            ],
            [
              114.36365996187183,
              30.535630440918933
            ],
            [
              114.3632944119431,
              30.535632111253875
            ],
            [
              114.36329553455376,
              30.53573302672804
            ]
          ]
        ]
      }
    },
    {
      "type": "Feature",
      "properties": {
        "osm_id": "104376127",
        "code": 1500,
        "fclass": "building",
        "name": "青3栋",
        "type": "apartments"
      },
      "geometry": {
        "type": "Polygon",
        "coordinates": [
          [
            [
              114.36332838239305,
              30.535955600761124
            ],
            [
              114.3633513972466,
              30.535955706380168
            ],
            [
              114.36335147955022,
              30.53597840902669
            ],
            [
              114.3634090173719,
              30.53597847085247
            ],
            [
              114.36340893506687,
              30.53595576821149
            ],
            [
              114.3634437583077,
              30.53595582515331
            ],
            [
              114.3634437405466,
              30.535978527341577
            ],
            [
              114.36350047903642,
              30.535978580580462
            ],
            [
              114.36350039672921,
              30.535955877948304
            ],
            [
              114.36354522769359,
              30.535955875877725
            ],
            [
              114.36354530992367,
              30.535978678515182
            ],
            [
              114.36359144226343,
              30.535978680192052
            ],
            [
              114.36359136003217,
              30.53595587755903
            ],
            [
              114.36363649206592,
              30.53595597291857
            ],
            [
              114.36363657429817,
              30.535978775547207
            ],
            [
              114.36368580984826,
              30.535978786445813
            ],
            [
              114.36368572761475,
              30.535955983821932
            ],
            [
              114.36370874435043,
              30.535956081633664
            ],
            [
              114.36370840934588,
              30.535872471851185
            ],
            [
              114.36367118226364,
              30.53587241339516
            ],
            [
              114.36367127196203,
              30.535885715112293
            ],
            [
              114.36365045700074,
              30.535885625935652
            ],
            [
              114.36365046690666,
              30.535872924704446
            ],
            [
              114.36357421278795,
              30.535872794512137
            ],
            [
              114.36357430256184,
              30.535885996228835
            ],
            [
              114.36355228715117,
              30.535885999876477
            ],
            [
              114.36355229744724,
              30.53587279859672
            ],
            [
              114.36348334998976,
              30.53587269385038
            ],
            [
              114.36348343968353,
              30.53588599558549
            ],
            [
              114.36346202521281,
              30.53588590001051
            ],
            [
              114.36346193583145,
              30.535872198234536
            ],
            [
              114.3633902880238,
              30.53587207530996
            ],
            [
              114.36339037771552,
              30.535885377054047
            ],
            [
              114.36337016440575,
              30.535885385075282
            ],
            [
              114.36337007471451,
              30.535872083329267
            ],
            [
              114.3633281474893,
              30.53587199129221
            ],
            [
              114.36332838239305,
              30.535955600761124
            ]
          ]
        ]
      }
    },
    {
      "type": "Feature",
      "properties": {
        "osm_id": "104376128",
        "code": 1500,
        "fclass": "building",
        "name": null,
        "type": "apartments"
      },
      "geometry": {
        "type": "Polygon",
        "coordinates": [
          [
            [
              114.36378247672845,
              30.53598459438059
            ],
            [
              114.36381139857436,
              30.535984514521072
            ],
            [
              114.36381166699346,
              30.536025119667425
            ],
            [
              114.3639527761989,
              30.536024894379487
            ],
            [
              114.36395250808253,
              30.53598388923527
            ],
            [
              114.36399764400733,
              30.53598376906826
            ],
            [
              114.36399791220548,
              30.536024674189875
            ],
            [
              114.36414243025551,
              30.53602443688969
            ],
            [
              114.36414206251166,
              30.53598283135952
            ],
            [
              114.36417018607268,
              30.535982738552093
            ],
            [
              114.36416973460382,
              30.53592013061309
            ],
            [
              114.36414251179302,
              30.535920226852955
            ],
            [
              114.36414224643089,
              30.535875521377648
            ],
            [
              114.36399602696169,
              30.535875851900435
            ],
            [
              114.36399639200191,
              30.535921057863035
            ],
            [
              114.36395305750595,
              30.535921185191917
            ],
            [
              114.36395269247005,
              30.535875979212697
            ],
            [
              114.3638116832711,
              30.535876304896682
            ],
            [
              114.36381204798069,
              30.535921910968614
            ],
            [
              114.3637820253873,
              30.53592188624626
            ],
            [
              114.36378247672845,
              30.53598459438059
            ]
          ]
        ]
      }
    },
    {
      "type": "Feature",
      "properties": {
        "osm_id": "104376129",
        "code": 1500,
        "fclass": "building",
        "name": null,
        "type": null
      },
      "geometry": {
        "type": "Polygon",
        "coordinates": [
          [
            [
              114.36391742638399,
              30.53579682940413
            ],
            [
              114.36406484348869,
              30.535797414613626
            ],
            [
              114.3641363017342,
              30.53579809086599
            ],
            [
              114.36413702719663,
              30.535507164163803
            ],
            [
              114.36413776462908,
              30.53519733498487
            ],
            [
              114.3640658055727,
              30.535197156894895
            ],
            [
              114.36406498397217,
              30.53574540992804
            ],
            [
              114.36372542200469,
              30.53574363085247
            ],
            [
              114.36372528137461,
              30.535795835526947
            ],
            [
              114.36391742638399,
              30.53579682940413
            ]
          ]
        ]
      }
    },
    {
      "type": "Feature",
      "properties": {
        "osm_id": "104376425",
        "code": 1500,
        "fclass": "building",
        "name": null,
        "type": "apartments"
      },
      "geometry": {
        "type": "Polygon",
        "coordinates": [
          [
            [
              114.36363344104365,
              30.536899051230076
            ],
            [
              114.36396969530959,
              30.536898346300045
            ],
            [
              114.36396888239534,
              30.536789332781495
            ],
            [
              114.36363272835527,
              30.536789937843626
            ],
            [
              114.36363344104365,
              30.536899051230076
            ]
          ]
        ]
      }
    },
    {
      "type": "Feature",
      "properties": {
        "osm_id": "104376428",
        "code": 1500,
        "fclass": "building",
        "name": null,
        "type": "apartments"
      },
      "geometry": {
        "type": "Polygon",
        "coordinates": [
          [
            [
              114.3633525550519,
              30.536891402657147
            ],
            [
              114.36357770909858,
              30.536889608709426
            ],
            [
              114.36357647167486,
              30.536810795859154
            ],
            [
              114.36335121771585,
              30.536812489061457
            ],
            [
              114.3633525550519,
              30.536891402657147
            ]
          ]
        ]
      }
    },
    {
      "type": "Feature",
      "properties": {
        "osm_id": "104376426",
        "code": 1500,
        "fclass": "building",
        "name": null,
        "type": "apartments"
      },
      "geometry": {
        "type": "Polygon",
        "coordinates": [
          [
            [
              114.36382010978016,
              30.53661111170014
            ],
            [
              114.36410693872816,
              30.536608657345973
            ],
            [
              114.36410522718306,
              30.536495939939496
            ],
            [
              114.36381829836729,
              30.536498293378013
            ],
            [
              114.36382010978016,
              30.53661111170014
            ]
          ]
        ]
      }
    },
    {
      "type": "Feature",
      "properties": {
        "osm_id": "104376427",
        "code": 1500,
        "fclass": "building",
        "name": null,
        "type": "apartments"
      },
      "geometry": {
        "type": "Polygon",
        "coordinates": [
          [
            [
              114.36352406106815,
              30.537395120324412
            ],
            [
              114.3637399159893,
              30.53739465062299
            ],
            [
              114.36373928549558,
              30.537309040123493
            ],
            [
              114.36352333054263,
              30.537309509238586
            ],
            [
              114.36352406106815,
              30.537395120324412
            ]
          ]
        ]
      }
    },
    {
      "type": "Feature",
      "properties": {
        "osm_id": "104376429",
        "code": 1500,
        "fclass": "building",
        "name": "青5栋",
        "type": "apartments"
      },
      "geometry": {
        "type": "Polygon",
        "coordinates": [
          [
            [
              114.36386430054947,
              30.53628766209459
            ],
            [
              114.36388671792339,
              30.536287553528098
            ],
            [
              114.36388699179824,
              30.53632085788888
            ],
            [
              114.36396405233604,
              30.536320568528524
            ],
            [
              114.36396367861387,
              30.536286963761704
            ],
            [
              114.36398799800726,
              30.53628686062904
            ],
            [
              114.36398837173184,
              30.536320465386556
            ],
            [
              114.36406913698785,
              30.536320283023294
            ],
            [
              114.36406876341371,
              30.536286478277866
            ],
            [
              114.36409308339306,
              30.536286372709988
            ],
            [
              114.36409345696958,
              30.53632017744611
            ],
            [
              114.3641729230838,
              30.536319982054543
            ],
            [
              114.36417265013696,
              30.536285477662783
            ],
            [
              114.36419376800148,
              30.53628535759727
            ],
            [
              114.36419302610196,
              30.53621094753576
            ],
            [
              114.3641720083253,
              30.536211067965088
            ],
            [
              114.36417163976469,
              30.536170762618532
            ],
            [
              114.36409247384438,
              30.53617105907564
            ],
            [
              114.3640929420056,
              30.53621196489701
            ],
            [
              114.36406762121499,
              30.536212066561035
            ],
            [
              114.36406715313564,
              30.53617106071802
            ],
            [
              114.36398708839725,
              30.536171345712162
            ],
            [
              114.36398745630852,
              30.536212451205365
            ],
            [
              114.36396283660332,
              30.536212653133706
            ],
            [
              114.36396236869459,
              30.5361714472216
            ],
            [
              114.36388570857777,
              30.53617163806909
            ],
            [
              114.36388607616344,
              30.53621314363907
            ],
            [
              114.36386345864027,
              30.536213251371727
            ],
            [
              114.36386430054947,
              30.53628766209459
            ]
          ]
        ]
      }
    },
    {
      "type": "Feature",
      "properties": {
        "osm_id": "104376430",
        "code": 1500,
        "fclass": "building",
        "name": "青4栋",
        "type": "apartments"
      },
      "geometry": {
        "type": "Polygon",
        "coordinates": [
          [
            [
              114.36350671685858,
              30.536190629254246
            ],
            [
              114.36353493623926,
              30.53619075390355
            ],
            [
              114.36353492551339,
              30.53620435519488
            ],
            [
              114.36358395970134,
              30.536204469976262
            ],
            [
              114.36358397034834,
              30.53619096869449
            ],
            [
              114.36362079632688,
              30.53619112850537
            ],
            [
              114.36362078567987,
              30.536204629787104
            ],
            [
              114.36366801945464,
              30.536204832875747
            ],
            [
              114.36366803010168,
              30.536191331594082
            ],
            [
              114.36370145431029,
              30.536191474024086
            ],
            [
              114.3637015279949,
              30.536097865106964
            ],
            [
              114.36366760342572,
              30.536097720536418
            ],
            [
              114.36366759053229,
              30.53611412210282
            ],
            [
              114.36363776915226,
              30.53611399411388
            ],
            [
              114.3636377817313,
              30.536097992585663
            ],
            [
              114.36356663146435,
              30.53609778381274
            ],
            [
              114.36356661872803,
              30.53611398536015
            ],
            [
              114.36353459651787,
              30.536113844817464
            ],
            [
              114.3635346092542,
              30.53609764327002
            ],
            [
              114.3635066900812,
              30.53609751993989
            ],
            [
              114.36350671685858,
              30.536190629254246
            ]
          ]
        ]
      }
    },
    {
      "type": "Feature",
      "properties": {
        "osm_id": "104376431",
        "code": 1500,
        "fclass": "building",
        "name": null,
        "type": "apartments"
      },
      "geometry": {
        "type": "Polygon",
        "coordinates": [
          [
            [
              114.36318895098813,
              30.53713906459091
            ],
            [
              114.36326439839308,
              30.537138618782883
            ],
            [
              114.36383289757283,
              30.53713491380727
            ],
            [
              114.3638316650131,
              30.537050600889955
            ],
            [
              114.36358458251266,
              30.537052253936164
            ],
            [
              114.36326296596953,
              30.537054204220208
            ],
            [
              114.36318771871414,
              30.53705465086792
            ],
            [
              114.36318895098813,
              30.53713906459091
            ]
          ]
        ]
      }
    },
    {
      "type": "Feature",
      "properties": {
        "osm_id": "104449518",
        "code": 1500,
        "fclass": "building",
        "name": null,
        "type": null
      },
      "geometry": {
        "type": "Polygon",
        "coordinates": [
          [
            [
              114.36359346430409,
              30.5388528385166
            ],
            [
              114.36363909774124,
              30.538884852442514
            ],
            [
              114.3637831331763,
              30.538732249313373
            ],
            [
              114.36373113041046,
              30.53869579265485
            ],
            [
              114.36359346430409,
              30.5388528385166
            ]
          ]
        ]
      }
    },
    {
      "type": "Feature",
      "properties": {
        "osm_id": "104378159",
        "code": 1500,
        "fclass": "building",
        "name": null,
        "type": "apartments"
      },
      "geometry": {
        "type": "Polygon",
        "coordinates": [
          [
            [
              114.36341744977236,
              30.53792729255069
            ],
            [
              114.36343616222659,
              30.53792737684983
            ],
            [
              114.36343613069789,
              30.537965280075962
            ],
            [
              114.3635265920342,
              30.537965682911356
            ],
            [
              114.36352662356298,
              30.537927779685532
            ],
            [
              114.3635395324683,
              30.537927836536568
            ],
            [
              114.36353950102274,
              30.537965639753832
            ],
            [
              114.36363666927842,
              30.5379660625999
            ],
            [
              114.36363670055779,
              30.537928459399993
            ],
            [
              114.36364910942994,
              30.537928512753062
            ],
            [
              114.36364897807887,
              30.537966115523243
            ],
            [
              114.36373884346389,
              30.53796639753467
            ],
            [
              114.36373887466011,
              30.53792889434359
            ],
            [
              114.36375378567419,
              30.537928956987336
            ],
            [
              114.36375376191702,
              30.537837048717343
            ],
            [
              114.36370262435713,
              30.537836832992678
            ],
            [
              114.36370260062729,
              30.537865435440487
            ],
            [
              114.36367788268689,
              30.537865330275284
            ],
            [
              114.36367790641667,
              30.537836727827408
            ],
            [
              114.36360175193929,
              30.537836500174453
            ],
            [
              114.36360172754542,
              30.537865902690907
            ],
            [
              114.36357751052614,
              30.5378657973391
            ],
            [
              114.36357743484993,
              30.537836394386076
            ],
            [
              114.36349277640949,
              30.537836021705456
            ],
            [
              114.36349275209874,
              30.53786532421365
            ],
            [
              114.36346703458737,
              30.537865309661157
            ],
            [
              114.36346705898113,
              30.537835907144345
            ],
            [
              114.36341742568996,
              30.537835784280162
            ],
            [
              114.36341744977236,
              30.53792729255069
            ]
          ]
        ]
      }
    },
    {
      "type": "Feature",
      "properties": {
        "osm_id": "104378155",
        "code": 1500,
        "fclass": "building",
        "name": null,
        "type": "apartments"
      },
      "geometry": {
        "type": "Polygon",
        "coordinates": [
          [
            [
              114.36341781477829,
              30.538328629510527
            ],
            [
              114.36385913477048,
              30.53832472818067
            ],
            [
              114.3638579906015,
              30.53825711762671
            ],
            [
              114.36383967647525,
              30.53825724249633
            ],
            [
              114.36383863270709,
              30.538189132267565
            ],
            [
              114.36364788984775,
              30.538190830631173
            ],
            [
              114.36342963664703,
              30.538192670919102
            ],
            [
              114.36343077911324,
              30.538262282152083
            ],
            [
              114.36341666956402,
              30.538262418569253
            ],
            [
              114.36341781477829,
              30.538328629510527
            ]
          ]
        ]
      }
    },
    {
      "type": "Feature",
      "properties": {
        "osm_id": "104378160",
        "code": 1500,
        "fclass": "building",
        "name": null,
        "type": "apartments"
      },
      "geometry": {
        "type": "Polygon",
        "coordinates": [
          [
            [
              114.36315379225765,
              30.538154689722337
            ],
            [
              114.36336892949232,
              30.538153092411434
            ],
            [
              114.36336845408401,
              30.53812328762169
            ],
            [
              114.36344480530232,
              30.538122732952274
            ],
            [
              114.36344299966973,
              30.53800811473157
            ],
            [
              114.36317252417528,
              30.53801026601306
            ],
            [
              114.36317366718367,
              30.53807947756861
            ],
            [
              114.36315255423632,
              30.5380795771949
            ],
            [
              114.36315379225765,
              30.538154689722337
            ]
          ]
        ]
      }
    },
    {
      "type": "Feature",
      "properties": {
        "osm_id": "104449519",
        "code": 1500,
        "fclass": "building",
        "name": null,
        "type": "apartments"
      },
      "geometry": {
        "type": "Polygon",
        "coordinates": [
          [
            [
              114.36580084014811,
              30.538344374939626
            ],
            [
              114.36584776882533,
              30.538320361121315
            ],
            [
              114.36581032089776,
              30.538261789051546
            ],
            [
              114.36578332376325,
              30.53821932501033
            ],
            [
              114.36555927045882,
              30.538324905607542
            ],
            [
              114.36557956732459,
              30.538356658162385
            ],
            [
              114.36555783353693,
              30.538366905636245
            ],
            [
              114.3655105412371,
              30.53829288157214
            ],
            [
              114.36535159923014,
              30.53836777645282
            ],
            [
              114.3653973899432,
              30.53843950358398
            ],
            [
              114.36537245213475,
              30.5384513389204
            ],
            [
              114.36542284203057,
              30.538530277663888
            ],
            [
              114.36564084732413,
              30.53842753980314
            ],
            [
              114.36580084014811,
              30.538344374939626
            ]
          ]
        ]
      }
    },
    {
      "type": "Feature",
      "properties": {
        "osm_id": "104449520",
        "code": 1500,
        "fclass": "building",
        "name": null,
        "type": "apartments"
      },
      "geometry": {
        "type": "Polygon",
        "coordinates": [
          [
            [
              114.36410591953629,
              30.538576130841808
            ],
            [
              114.36474059014834,
              30.538574486547095
            ],
            [
              114.3647414651585,
              30.53848658192508
            ],
            [
              114.36410519312129,
              30.538488220524226
            ],
            [
              114.36410591953629,
              30.538576130841808
            ]
          ]
        ]
      }
    },
    {
      "type": "Feature",
      "properties": {
        "osm_id": "1481008775",
        "code": 1500,
        "fclass": "building",
        "name": null,
        "type": "apartments"
      },
      "geometry": {
        "type": "Polygon",
        "coordinates": [
          [
            [
              114.36529126357247,
              30.538568630915314
            ],
            [
              114.36529073705424,
              30.53848082206375
            ],
            [
              114.36481534125578,
              30.538482019026453
            ],
            [
              114.36481456642387,
              30.538569824016612
            ],
            [
              114.36529126357247,
              30.538568630915314
            ]
          ]
        ]
      }
    },
    {
      "type": "Feature",
      "properties": {
        "osm_id": "1481008776",
        "code": 1500,
        "fclass": "building",
        "name": null,
        "type": "roof"
      },
      "geometry": {
        "type": "Polygon",
        "coordinates": [
          [
            [
              114.36481435041479,
              30.538588524912672
            ],
            [
              114.36481456642387,
              30.538569824016612
            ],
            [
              114.36481534125578,
              30.538482019026453
            ],
            [
              114.3648156700501,
              30.53844821719283
            ],
            [
              114.364741798334,
              30.538447579683847
            ],
            [
              114.3647414651585,
              30.53848658192508
            ],
            [
              114.36474059014834,
              30.538574486547095
            ],
            [
              114.36474047880492,
              30.538587787311766
            ],
            [
              114.36481435041479,
              30.538588524912672
            ]
          ]
        ]
      }
    },
    {
      "type": "Feature",
      "properties": {
        "osm_id": "104449602",
        "code": 1500,
        "fclass": "building",
        "name": null,
        "type": "apartments"
      },
      "geometry": {
        "type": "Polygon",
        "coordinates": [
          [
            [
              114.36590410426793,
              30.5363376199535
            ],
            [
              114.36651580269735,
              30.53633704697339
            ],
            [
              114.36651547562889,
              30.536244137605426
            ],
            [
              114.3659038774617,
              30.536244610550483
            ],
            [
              114.36590410426793,
              30.5363376199535
            ]
          ]
        ]
      }
    },
    {
      "type": "Feature",
      "properties": {
        "osm_id": "104449604",
        "code": 1500,
        "fclass": "building",
        "name": null,
        "type": "house"
      },
      "geometry": {
        "type": "Polygon",
        "coordinates": [
          [
            [
              114.3648359533717,
              30.536163173284688
            ],
            [
              114.36483883610587,
              30.5360614724415
            ],
            [
              114.364839662314,
              30.536029071866714
            ],
            [
              114.36469292201507,
              30.536025597789287
            ],
            [
              114.36468911310997,
              30.536159698375023
            ],
            [
              114.3648359533717,
              30.536163173284688
            ]
          ]
        ]
      }
    },
    {
      "type": "Feature",
      "properties": {
        "osm_id": "104449606",
        "code": 1500,
        "fclass": "building",
        "name": null,
        "type": "house"
      },
      "geometry": {
        "type": "Polygon",
        "coordinates": [
          [
            [
              114.36506435378227,
              30.53620357432483
            ],
            [
              114.36509466376613,
              30.536104053382864
            ],
            [
              114.365002284309,
              30.536082978065842
            ],
            [
              114.36500800508739,
              30.53606399336553
            ],
            [
              114.36496656999853,
              30.536054567445913
            ],
            [
              114.36494539370882,
              30.53612430975819
            ],
            [
              114.36493568561195,
              30.53612207981992
            ],
            [
              114.36492083216584,
              30.53617093894088
            ],
            [
              114.36506435378227,
              30.53620357432483
            ]
          ]
        ]
      }
    },
    {
      "type": "Feature",
      "properties": {
        "osm_id": "104449615",
        "code": 1500,
        "fclass": "building",
        "name": null,
        "type": "house"
      },
      "geometry": {
        "type": "Polygon",
        "coordinates": [
          [
            [
              114.3652719083318,
              30.536288272620077
            ],
            [
              114.36532415618227,
              30.536173403541316
            ],
            [
              114.36518644319258,
              30.536126818980662
            ],
            [
              114.36513419705548,
              30.536241781214937
            ],
            [
              114.3652719083318,
              30.536288272620077
            ]
          ]
        ]
      }
    },
    {
      "type": "Feature",
      "properties": {
        "osm_id": "104449609",
        "code": 1500,
        "fclass": "building",
        "name": null,
        "type": "apartments"
      },
      "geometry": {
        "type": "Polygon",
        "coordinates": [
          [
            [
              114.36466753079216,
              30.537602261789566
            ],
            [
              114.36515362003537,
              30.537603163314476
            ],
            [
              114.36515352081963,
              30.537480352046874
            ],
            [
              114.3646674316817,
              30.53747935041509
            ],
            [
              114.36466753079216,
              30.537602261789566
            ]
          ]
        ]
      }
    },
    {
      "type": "Feature",
      "properties": {
        "osm_id": "1474085625",
        "code": 1500,
        "fclass": "building",
        "name": null,
        "type": "roof"
      },
      "geometry": {
        "type": "Polygon",
        "coordinates": [
          [
            [
              114.36526372048453,
              30.537625073882985
            ],
            [
              114.36526373878044,
              30.537602871958068
            ],
            [
              114.36526304038328,
              30.537478258902667
            ],
            [
              114.36526505913692,
              30.53745806264211
            ],
            [
              114.36515434071032,
              30.537457152304324
            ],
            [
              114.36515352081963,
              30.537480352046874
            ],
            [
              114.36515362003537,
              30.537603163314476
            ],
            [
              114.36515290198486,
              30.537624163133906
            ],
            [
              114.36526372048453,
              30.537625073882985
            ]
          ]
        ]
      }
    },
    {
      "type": "Feature",
      "properties": {
        "osm_id": "104449612",
        "code": 1500,
        "fclass": "building",
        "name": null,
        "type": "apartments"
      },
      "geometry": {
        "type": "Polygon",
        "coordinates": [
          [
            [
              114.36471180881777,
              30.53731478197791
            ],
            [
              114.36537860006082,
              30.53731645583883
            ],
            [
              114.3653786068584,
              30.53718534395154
            ],
            [
              114.36471181546753,
              30.537183870036824
            ],
            [
              114.36471180881777,
              30.53731478197791
            ]
          ]
        ]
      }
    },
    {
      "type": "Feature",
      "properties": {
        "osm_id": "104449614",
        "code": 1500,
        "fclass": "building",
        "name": null,
        "type": "apartments"
      },
      "geometry": {
        "type": "Polygon",
        "coordinates": [
          [
            [
              114.36592546468616,
              30.536921020127348
            ],
            [
              114.36594909416584,
              30.536920869831853
            ],
            [
              114.36594926670966,
              30.536955173350595
            ],
            [
              114.36650769826585,
              30.536954391971335
            ],
            [
              114.36650762623589,
              30.536919588672014
            ],
            [
              114.3665280543765,
              30.536919520250237
            ],
            [
              114.36652754018304,
              30.536812009572586
            ],
            [
              114.3659249506627,
              30.53681340908854
            ],
            [
              114.36592546468616,
              30.536921020127348
            ]
          ]
        ]
      }
    },
    {
      "type": "Feature",
      "properties": {
        "osm_id": "104449627",
        "code": 1500,
        "fclass": "building",
        "name": null,
        "type": "house"
      },
      "geometry": {
        "type": "Polygon",
        "coordinates": [
          [
            [
              114.36547530174103,
              30.536330114807832
            ],
            [
              114.36551481691168,
              30.536241406216607
            ],
            [
              114.36534436949186,
              30.536184858901144
            ],
            [
              114.36530485607729,
              30.536273461063594
            ],
            [
              114.36547530174103,
              30.536330114807832
            ]
          ]
        ]
      }
    },
    {
      "type": "Feature",
      "properties": {
        "osm_id": "266284516",
        "code": 1500,
        "fclass": "building",
        "name": null,
        "type": "apartments"
      },
      "geometry": {
        "type": "Polygon",
        "coordinates": [
          [
            [
              114.36548874217921,
              30.536675581779424
            ],
            [
              114.36581632724408,
              30.536676360788668
            ],
            [
              114.36581640123524,
              30.536583852262883
            ],
            [
              114.36548881616997,
              30.536583073250878
            ],
            [
              114.36548874217921,
              30.536675581779424
            ]
          ]
        ]
      }
    },
    {
      "type": "Feature",
      "properties": {
        "osm_id": "104449618",
        "code": 1500,
        "fclass": "building",
        "name": null,
        "type": "apartments"
      },
      "geometry": {
        "type": "Polygon",
        "coordinates": [
          [
            [
              114.36634568142269,
              30.53756518221202
            ],
            [
              114.3663463790858,
              30.537447272959533
            ],
            [
              114.36584974603234,
              30.537444504715957
            ],
            [
              114.3658491485652,
              30.537562413907324
            ],
            [
              114.36634568142269,
              30.53756518221202
            ]
          ]
        ]
      }
    },
    {
      "type": "Feature",
      "properties": {
        "osm_id": "104449619",
        "code": 1500,
        "fclass": "building",
        "name": "国际交流中心",
        "type": "university"
      },
      "geometry": {
        "type": "Polygon",
        "coordinates": [
          [
            [
              114.36444764693844,
              30.53733388401712
            ],
            [
              114.36444799409553,
              30.5372764800021
            ],
            [
              114.36456580122534,
              30.537277389534168
            ],
            [
              114.36456696854896,
              30.537072874727983
            ],
            [
              114.36444525779828,
              30.53707205152309
            ],
            [
              114.36444445737378,
              30.53719486002159
            ],
            [
              114.36430493465177,
              30.53719385736205
            ],
            [
              114.36430586975159,
              30.5370283454853
            ],
            [
              114.36444038800717,
              30.53702933033813
            ],
            [
              114.36444095633546,
              30.53694542454168
            ],
            [
              114.36424468513363,
              30.536944011412675
            ],
            [
              114.36424433805382,
              30.53700191552174
            ],
            [
              114.36420110156709,
              30.537001553463874
            ],
            [
              114.36420040984467,
              30.53711406130531
            ],
            [
              114.36420006382569,
              30.53717036520373
            ],
            [
              114.36413090627367,
              30.53716990223139
            ],
            [
              114.3641302281324,
              30.537265208403284
            ],
            [
              114.36412987373681,
              30.537331513118165
            ],
            [
              114.36444764693844,
              30.53733388401712
            ]
          ]
        ]
      }
    },
    {
      "type": "Feature",
      "properties": {
        "osm_id": "104449620",
        "code": 1500,
        "fclass": "building",
        "name": null,
        "type": "apartments"
      },
      "geometry": {
        "type": "Polygon",
        "coordinates": [
          [
            [
              114.36526373878044,
              30.537602871958068
            ],
            [
              114.36572786947629,
              30.537601944966614
            ],
            [
              114.36572717107035,
              30.53747723226295
            ],
            [
              114.36526304038328,
              30.537478258902667
            ],
            [
              114.36526373878044,
              30.537602871958068
            ]
          ]
        ]
      }
    },
    {
      "type": "Feature",
      "properties": {
        "osm_id": "104449621",
        "code": 1500,
        "fclass": "building",
        "name": null,
        "type": "apartments"
      },
      "geometry": {
        "type": "Polygon",
        "coordinates": [
          [
            [
              114.36535781156398,
              30.53690386295185
            ],
            [
              114.36537973590983,
              30.536903921057963
            ],
            [
              114.36537980865283,
              30.53693782439056
            ],
            [
              114.36549914334528,
              30.5369378325332
            ],
            [
              114.36549907059933,
              30.53690392921238
            ],
            [
              114.365538916299,
              30.536903929060095
            ],
            [
              114.36553898896517,
              30.53693793238603
            ],
            [
              114.36566113131785,
              30.53693792894626
            ],
            [
              114.36566105856798,
              30.53690402564143
            ],
            [
              114.36569559945585,
              30.536904006909435
            ],
            [
              114.3656956721258,
              30.53693801021989
            ],
            [
              114.3658191203689,
              30.536938091304407
            ],
            [
              114.36581904777667,
              30.536903987997107
            ],
            [
              114.36583997322333,
              30.536904034197157
            ],
            [
              114.3658396447699,
              30.536814625196712
            ],
            [
              114.36535758310657,
              30.536814654047333
            ],
            [
              114.36535781156398,
              30.53690386295185
            ]
          ]
        ]
      }
    },
    {
      "type": "Feature",
      "properties": {
        "osm_id": "104449622",
        "code": 1500,
        "fclass": "building",
        "name": null,
        "type": "apartments"
      },
      "geometry": {
        "type": "Polygon",
        "coordinates": [
          [
            [
              114.36538010466784,
              30.53656919067016
            ],
            [
              114.3654185198149,
              30.536478582758775
            ],
            [
              114.36497805720359,
              30.53633962998143
            ],
            [
              114.36493974644392,
              30.53643012207665
            ],
            [
              114.36538010466784,
              30.53656919067016
            ]
          ]
        ]
      }
    },
    {
      "type": "Feature",
      "properties": {
        "osm_id": "104449623",
        "code": 1500,
        "fclass": "building",
        "name": null,
        "type": "apartments"
      },
      "geometry": {
        "type": "Polygon",
        "coordinates": [
          [
            [
              114.36395535830889,
              30.53754404853844
            ],
            [
              114.36459130742696,
              30.537543200522727
            ],
            [
              114.3645905117575,
              30.537415086258598
            ],
            [
              114.36395456261495,
              30.537416133740095
            ],
            [
              114.36395535830889,
              30.53754404853844
            ]
          ]
        ]
      }
    },
    {
      "type": "Feature",
      "properties": {
        "osm_id": "104449624",
        "code": 1500,
        "fclass": "building",
        "name": null,
        "type": "apartments"
      },
      "geometry": {
        "type": "Polygon",
        "coordinates": [
          [
            [
              114.36584550134567,
              30.537247977756437
            ],
            [
              114.36587093252184,
              30.537247933186354
            ],
            [
              114.36587099274334,
              30.537296837731066
            ],
            [
              114.36599174257191,
              30.537296892450282
            ],
            [
              114.36599168202132,
              30.537248387953102
            ],
            [
              114.36602742704733,
              30.537248360668606
            ],
            [
              114.36602750490452,
              30.53727566328788
            ],
            [
              114.36613744505719,
              30.53727577924873
            ],
            [
              114.36613736662662,
              30.53724917670231
            ],
            [
              114.36617571621808,
              30.537249149299353
            ],
            [
              114.36617569468308,
              30.537275551636597
            ],
            [
              114.36627081902463,
              30.537275625621447
            ],
            [
              114.36627075493793,
              30.537231421527938
            ],
            [
              114.36630239672948,
              30.537231477480013
            ],
            [
              114.36630246089851,
              30.5372755815615
            ],
            [
              114.36638957730756,
              30.537275530610117
            ],
            [
              114.36638961335242,
              30.537231326695597
            ],
            [
              114.36641905310991,
              30.537231275412477
            ],
            [
              114.36641911809804,
              30.53727437939392
            ],
            [
              114.36651444801787,
              30.537274431439773
            ],
            [
              114.3665144833279,
              30.53723112760524
            ],
            [
              114.36653330921419,
              30.537231156600424
            ],
            [
              114.36653318291631,
              30.537140248210292
            ],
            [
              114.36584528873608,
              30.537140167510696
            ],
            [
              114.36584550134567,
              30.537247977756437
            ]
          ]
        ]
      }
    },
    {
      "type": "Feature",
      "properties": {
        "osm_id": "1481020751",
        "code": 1500,
        "fclass": "building",
        "name": null,
        "type": "apartments"
      },
      "geometry": {
        "type": "Polygon",
        "coordinates": [
          [
            [
              114.36590516988933,
              30.536508638491803
            ],
            [
              114.36590620143271,
              30.536596148947876
            ],
            [
              114.36651029198539,
              30.53659276254681
            ],
            [
              114.36650956021386,
              30.53650585325517
            ],
            [
              114.36650909041752,
              30.536467048869373
            ],
            [
              114.36590269936808,
              30.536467729339382
            ],
            [
              114.36590516988933,
              30.536508638491803
            ]
          ]
        ]
      }
    },
    {
      "type": "Feature",
      "properties": {
        "osm_id": "104449626",
        "code": 1500,
        "fclass": "building",
        "name": null,
        "type": "house"
      },
      "geometry": {
        "type": "Polygon",
        "coordinates": [
          [
            [
              114.36578261727404,
              30.536386457979713
            ],
            [
              114.36578709682477,
              30.536292759096863
            ],
            [
              114.36562030340183,
              30.536286570039625
            ],
            [
              114.36561572391747,
              30.536380267980164
            ],
            [
              114.36578261727404,
              30.536386457979713
            ]
          ]
        ]
      }
    },
    {
      "type": "Feature",
      "properties": {
        "osm_id": "104449642",
        "code": 1500,
        "fclass": "building",
        "name": null,
        "type": "apartments"
      },
      "geometry": {
        "type": "Polygon",
        "coordinates": [
          [
            [
              114.36420583559533,
              30.538299887795993
            ],
            [
              114.36420600905232,
              30.538331691196518
            ],
            [
              114.36466942740951,
              30.53833023193512
            ],
            [
              114.36466885296115,
              30.538299127353152
            ],
            [
              114.36466850325355,
              30.538238720983845
            ],
            [
              114.36420528526106,
              30.538240080544703
            ],
            [
              114.36420583559533,
              30.538299887795993
            ]
          ]
        ]
      }
    },
    {
      "type": "Feature",
      "properties": {
        "osm_id": "104449643",
        "code": 1500,
        "fclass": "building",
        "name": null,
        "type": "apartments"
      },
      "geometry": {
        "type": "Polygon",
        "coordinates": [
          [
            [
              114.36404998397495,
              30.53784705011038
            ],
            [
              114.364514687272,
              30.537845164554156
            ],
            [
              114.36451357943264,
              30.537732550721213
            ],
            [
              114.36404887627192,
              30.537734435742173
            ],
            [
              114.36404998397495,
              30.53784705011038
            ]
          ]
        ]
      }
    },
    {
      "type": "Feature",
      "properties": {
        "osm_id": "104449644",
        "code": 1500,
        "fclass": "building",
        "name": null,
        "type": "apartments"
      },
      "geometry": {
        "type": "Polygon",
        "coordinates": [
          [
            [
              114.3652755544442,
              30.537841725501206
            ],
            [
              114.36572957551283,
              30.537839369793165
            ],
            [
              114.36572846748143,
              30.537726557348247
            ],
            [
              114.3652744464639,
              30.537729012538982
            ],
            [
              114.3652755544442,
              30.537841725501206
            ]
          ]
        ]
      }
    },
    {
      "type": "Feature",
      "properties": {
        "osm_id": "1481020746",
        "code": 1500,
        "fclass": "building",
        "name": null,
        "type": "apartments"
      },
      "geometry": {
        "type": "Polygon",
        "coordinates": [
          [
            [
              114.3648239932193,
              30.538072311242548
            ],
            [
              114.36482426713017,
              30.538103914859335
            ],
            [
              114.36528765071348,
              30.53810268129481
            ],
            [
              114.36528717638346,
              30.538071277283017
            ],
            [
              114.36528672603784,
              30.538011070829793
            ],
            [
              114.36482354276316,
              30.53801230458237
            ],
            [
              114.3648239932193,
              30.538072311242548
            ]
          ]
        ]
      }
    },
    {
      "type": "Feature",
      "properties": {
        "osm_id": "104449646",
        "code": 1500,
        "fclass": "building",
        "name": null,
        "type": "apartments"
      },
      "geometry": {
        "type": "Polygon",
        "coordinates": [
          [
            [
              114.36482520784794,
              30.538295434392456
            ],
            [
              114.36482628012546,
              30.53832974073714
            ],
            [
              114.36528636076672,
              30.5383279971394
            ],
            [
              114.36528608890924,
              30.538294093499736
            ],
            [
              114.36528553648695,
              30.538236587064375
            ],
            [
              114.3648247553395,
              30.538238228032743
            ],
            [
              114.36482520784794,
              30.538295434392456
            ]
          ]
        ]
      }
    },
    {
      "type": "Feature",
      "properties": {
        "osm_id": "104449647",
        "code": 1500,
        "fclass": "building",
        "name": null,
        "type": "apartments"
      },
      "geometry": {
        "type": "Polygon",
        "coordinates": [
          [
            [
              114.36598457523579,
              30.537974937552388
            ],
            [
              114.36645709743635,
              30.537969602123965
            ],
            [
              114.36645566563836,
              30.537885092531845
            ],
            [
              114.36598314361216,
              30.53789042727754
            ],
            [
              114.36598457523579,
              30.537974937552388
            ]
          ]
        ]
      }
    },
    {
      "type": "Feature",
      "properties": {
        "osm_id": "104449648",
        "code": 1500,
        "fclass": "building",
        "name": null,
        "type": "apartments"
      },
      "geometry": {
        "type": "Polygon",
        "coordinates": [
          [
            [
              114.36465822183857,
              30.537844552373432
            ],
            [
              114.36512849583178,
              30.537842412439343
            ],
            [
              114.36512738789474,
              30.537729699306926
            ],
            [
              114.36465711395708,
              30.53773193870612
            ],
            [
              114.36465822183857,
              30.537844552373432
            ]
          ]
        ]
      }
    },
    {
      "type": "Feature",
      "properties": {
        "osm_id": "1481020748",
        "code": 1500,
        "fclass": "building",
        "name": null,
        "type": "apartments"
      },
      "geometry": {
        "type": "Polygon",
        "coordinates": [
          [
            [
              114.36543654270783,
              30.538070873917338
            ],
            [
              114.36543681691353,
              30.53810217733135
            ],
            [
              114.36590026566749,
              30.538100671497666
            ],
            [
              114.36589969089104,
              30.53806956759247
            ],
            [
              114.36589934076102,
              30.53800916163314
            ],
            [
              114.36543599223133,
              30.53801066727762
            ],
            [
              114.36543654270783,
              30.538070873917338
            ]
          ]
        ]
      }
    },
    {
      "type": "Feature",
      "properties": {
        "osm_id": "1481020744",
        "code": 1500,
        "fclass": "building",
        "name": null,
        "type": "apartments"
      },
      "geometry": {
        "type": "Polygon",
        "coordinates": [
          [
            [
              114.36420952817427,
              30.53807338197266
            ],
            [
              114.36420980187378,
              30.53810518578387
            ],
            [
              114.36467312008772,
              30.538104224643394
            ],
            [
              114.36467264599736,
              30.538072620318935
            ],
            [
              114.36467229565474,
              30.53801261391775
            ],
            [
              114.36420907762573,
              30.538013575033226
            ],
            [
              114.36420952817427,
              30.53807338197266
            ]
          ]
        ]
      }
    },
    {
      "type": "Feature",
      "properties": {
        "osm_id": "104450163",
        "code": 1500,
        "fclass": "building",
        "name": "老年活动中心",
        "type": null
      },
      "geometry": {
        "type": "Polygon",
        "coordinates": [
          [
            [
              114.36733434725868,
              30.53678453428064
            ],
            [
              114.36742348727921,
              30.5367844983681
            ],
            [
              114.36742335286938,
              30.53670239073093
            ],
            [
              114.36790804581972,
              30.536702005849172
            ],
            [
              114.36790790969432,
              30.536621798443722
            ],
            [
              114.36742191303118,
              30.536624282540622
            ],
            [
              114.36739837335486,
              30.536627466613133
            ],
            [
              114.36737793707705,
              30.536632652578437
            ],
            [
              114.36736000233265,
              30.53664094027727
            ],
            [
              114.36734907637174,
              30.536652033191103
            ],
            [
              114.36733854777691,
              30.536667226670062
            ],
            [
              114.36733412768449,
              30.53668372483505
            ],
            [
              114.36733434725868,
              30.53678453428064
            ]
          ]
        ]
      }
    },
    {
      "type": "Feature",
      "properties": {
        "osm_id": "104450740",
        "code": 1500,
        "fclass": "building",
        "name": null,
        "type": null
      },
      "geometry": {
        "type": "Polygon",
        "coordinates": [
          [
            [
              114.36141099610279,
              30.535261576452225
            ],
            [
              114.36141765893531,
              30.53518091051083
            ],
            [
              114.36119662852047,
              30.535165972698366
            ],
            [
              114.36118996597257,
              30.535246737307986
            ],
            [
              114.36141099610279,
              30.535261576452225
            ]
          ]
        ]
      }
    },
    {
      "type": "Feature",
      "properties": {
        "osm_id": "104450748",
        "code": 1500,
        "fclass": "building",
        "name": null,
        "type": null
      },
      "geometry": {
        "type": "Polygon",
        "coordinates": [
          [
            [
              114.36139796482166,
              30.53516768297093
            ],
            [
              114.36140897234593,
              30.53502883864295
            ],
            [
              114.36121354481874,
              30.53501616814533
            ],
            [
              114.36120243780573,
              30.535155009854314
            ],
            [
              114.36139796482166,
              30.53516768297093
            ]
          ]
        ]
      }
    },
    {
      "type": "Feature",
      "properties": {
        "osm_id": "1480944409",
        "code": 1500,
        "fclass": "building",
        "name": null,
        "type": "university"
      },
      "geometry": {
        "type": "Polygon",
        "coordinates": [
          [
            [
              114.36089278222073,
              30.534230656360883
            ],
            [
              114.36100349577163,
              30.53423447814402
            ],
            [
              114.36100706438869,
              30.53414109171179
            ],
            [
              114.360849567309,
              30.534135655489592
            ],
            [
              114.36089278222073,
              30.534230656360883
            ]
          ]
        ]
      }
    },
    {
      "type": "Feature",
      "properties": {
        "osm_id": "104451054",
        "code": 1500,
        "fclass": "building",
        "name": "青年宿舍楼",
        "type": "dormitory"
      },
      "geometry": {
        "type": "Polygon",
        "coordinates": [
          [
            [
              114.3635206110081,
              30.536422999199957
            ],
            [
              114.36353946696342,
              30.53640879516708
            ],
            [
              114.36352009012056,
              30.53638977705861
            ],
            [
              114.3635206110081,
              30.536422999199957
            ]
          ]
        ]
      }
    },
    {
      "type": "Feature",
      "properties": {
        "osm_id": "1483109341",
        "code": 1500,
        "fclass": "building",
        "name": null,
        "type": null
      },
      "geometry": {
        "type": "Polygon",
        "coordinates": [
          [
            [
              114.36316503826791,
              30.535987647985408
            ],
            [
              114.36316785431127,
              30.535990453661995
            ],
            [
              114.36316468581153,
              30.535992810407496
            ],
            [
              114.3631617146435,
              30.5360363290501
            ],
            [
              114.36319190864612,
              30.536057392606345
            ],
            [
              114.36320863668352,
              30.536044952101076
            ],
            [
              114.36325462952622,
              30.53609067241359
            ],
            [
              114.3633067930943,
              30.536051910847778
            ],
            [
              114.36326489909628,
              30.536010212308643
            ],
            [
              114.36328762674343,
              30.53599331628343
            ],
            [
              114.36320033992004,
              30.53590639910324
            ],
            [
              114.36316899216894,
              30.53592973527106
            ],
            [
              114.36316503826791,
              30.535987647985408
            ]
          ]
        ]
      }
    },
    {
      "type": "Feature",
      "properties": {
        "osm_id": "1383484770",
        "code": 1500,
        "fclass": "building",
        "name": null,
        "type": null
      },
      "geometry": {
        "type": "Polygon",
        "coordinates": [
          [
            [
              114.36352180505459,
              30.537704638470167
            ],
            [
              114.36366360505338,
              30.537704954921843
            ],
            [
              114.36366339765554,
              30.53759244388995
            ],
            [
              114.36352159766692,
              30.53759212739661
            ],
            [
              114.36352180505459,
              30.537704638470167
            ]
          ]
        ]
      }
    },
    {
      "type": "Feature",
      "properties": {
        "osm_id": "1408939182",
        "code": 1500,
        "fclass": "building",
        "name": null,
        "type": null
      },
      "geometry": {
        "type": "Polygon",
        "coordinates": [
          [
            [
              114.36592666910903,
              30.53159516750259
            ],
            [
              114.3659435388405,
              30.531638276986456
            ],
            [
              114.36609002944898,
              30.53159795404131
            ],
            [
              114.36592666910903,
              30.53159516750259
            ]
          ]
        ]
      }
    },
    {
      "type": "Feature",
      "properties": {
        "osm_id": "127025731",
        "code": 1500,
        "fclass": "building",
        "name": "信息学部3号教学楼",
        "type": "university"
      },
      "geometry": {
        "type": "Polygon",
        "coordinates": [
          [
            [
              114.36611000119935,
              30.532913873131726
            ],
            [
              114.36674736423325,
              30.532913515199848
            ],
            [
              114.36690829685209,
              30.53291331657248
            ],
            [
              114.36690781418378,
              30.532740695315898
            ],
            [
              114.36677852687345,
              30.532740835427678
            ],
            [
              114.36677851090731,
              30.532764238228427
            ],
            [
              114.3665621059201,
              30.532764434653114
            ],
            [
              114.36652515490285,
              30.532764478320377
            ],
            [
              114.36649080775564,
              30.532764524781182
            ],
            [
              114.36637424986563,
              30.532764534624132
            ],
            [
              114.3662384698087,
              30.53276459664832
            ],
            [
              114.36620072048753,
              30.532764627340484
            ],
            [
              114.36620057235625,
              30.53268811779261
            ],
            [
              114.36610945468314,
              30.532688144834296
            ],
            [
              114.36611000119935,
              30.532913873131726
            ]
          ]
        ]
      }
    },
    {
      "type": "Feature",
      "properties": {
        "osm_id": "273968040",
        "code": 1500,
        "fclass": "building",
        "name": "附3教学楼",
        "type": "university"
      },
      "geometry": {
        "type": "Polygon",
        "coordinates": [
          [
            [
              114.36623826764276,
              30.532620178740487
            ],
            [
              114.36623825367407,
              30.532640781227865
            ],
            [
              114.3662384698087,
              30.53276459664832
            ],
            [
              114.36637424986563,
              30.532764534624132
            ],
            [
              114.36637411939618,
              30.53266202198116
            ],
            [
              114.36637413392278,
              30.53264061940112
            ],
            [
              114.36637404741815,
              30.532620516805324
            ],
            [
              114.36637388105773,
              30.532421692113896
            ],
            [
              114.36637380692243,
              30.53238288718596
            ],
            [
              114.36623792682603,
              30.532382848920324
            ],
            [
              114.36623826764276,
              30.532620178740487
            ]
          ]
        ]
      }
    },
    {
      "type": "Feature",
      "properties": {
        "osm_id": "202058617",
        "code": 1500,
        "fclass": "building",
        "name": null,
        "type": "apartments"
      },
      "geometry": {
        "type": "Polygon",
        "coordinates": [
          [
            [
              114.36471929382976,
              30.536972675039728
            ],
            [
              114.36474411776838,
              30.536972755991282
            ],
            [
              114.36474418533679,
              30.537012959940434
            ],
            [
              114.36490033924703,
              30.537013355604476
            ],
            [
              114.36490027167507,
              30.53697315167083
            ],
            [
              114.36493670837339,
              30.536973263972506
            ],
            [
              114.36493667608782,
              30.537013167568745
            ],
            [
              114.36508612988189,
              30.537013514876296
            ],
            [
              114.36508606254799,
              30.53697301093398
            ],
            [
              114.36509917627966,
              30.536973049162867
            ],
            [
              114.36512360204236,
              30.536973019919422
            ],
            [
              114.36512366929625,
              30.53701362386701
            ],
            [
              114.36526271826794,
              30.53701381578305
            ],
            [
              114.36526265092989,
              30.536973311858276
            ],
            [
              114.36529548671722,
              30.536973401707755
            ],
            [
              114.365295448154,
              30.536897194544252
            ],
            [
              114.3652632130198,
              30.536897106344323
            ],
            [
              114.36526314483811,
              30.53685750247437
            ],
            [
              114.36512289467147,
              30.536857207121034
            ],
            [
              114.36512286242174,
              30.53689721075228
            ],
            [
              114.36508652427105,
              30.53689710523842
            ],
            [
              114.36508655660136,
              30.536857001597962
            ],
            [
              114.3649373029995,
              30.53685665494486
            ],
            [
              114.36493727066919,
              30.536896758585836
            ],
            [
              114.3649005336654,
              30.536896645370668
            ],
            [
              114.36490056583453,
              30.536856741747748
            ],
            [
              114.36474461211425,
              30.536856346746944
            ],
            [
              114.36474458002581,
              30.536896150361343
            ],
            [
              114.36471935569992,
              30.536896068108785
            ],
            [
              114.36471929382976,
              30.536972675039728
            ]
          ]
        ]
      }
    },
    {
      "type": "Feature",
      "properties": {
        "osm_id": "1443162572",
        "code": 1500,
        "fclass": "building",
        "name": null,
        "type": "university"
      },
      "geometry": {
        "type": "Polygon",
        "coordinates": [
          [
            [
              114.36837149336633,
              30.531845076236976
            ],
            [
              114.36837578945419,
              30.531862977521183
            ],
            [
              114.3683828931126,
              30.531876977622233
            ],
            [
              114.36839190228334,
              30.53188777679702
            ],
            [
              114.36840331736241,
              30.531896174969173
            ],
            [
              114.36841453484595,
              30.53190037253758
            ],
            [
              114.3684304610592,
              30.53190426861714
            ],
            [
              114.36847023304489,
              30.53190435654758
            ],
            [
              114.36852753735305,
              30.53190453650594
            ],
            [
              114.36852744688365,
              30.531889634654426
            ],
            [
              114.36851873147255,
              30.531888837806626
            ],
            [
              114.36850721311009,
              30.53188474147579
            ],
            [
              114.36849569653543,
              30.531877944675145
            ],
            [
              114.36848618493643,
              30.531869146817783
            ],
            [
              114.36847967920887,
              30.531859747804
            ],
            [
              114.36847547825957,
              30.531849447881683
            ],
            [
              114.36847388223703,
              30.531838847056797
            ],
            [
              114.36847459046213,
              30.531828145465
            ],
            [
              114.36847770272853,
              30.53181794314511
            ],
            [
              114.36848301848273,
              30.53180854018124
            ],
            [
              114.3684915401411,
              30.53179903608192
            ],
            [
              114.36850226466403,
              30.531791331366023
            ],
            [
              114.36851268678323,
              30.531786527019584
            ],
            [
              114.36852711605879,
              30.53178202110416
            ],
            [
              114.36852685469466,
              30.531721413456054
            ],
            [
              114.3686285420156,
              30.531721070164235
            ],
            [
              114.36863046765491,
              30.531530544699336
            ],
            [
              114.36846856986473,
              30.53153200936436
            ],
            [
              114.36837129450376,
              30.531531736021797
            ],
            [
              114.36837149336633,
              30.531845076236976
            ]
          ]
        ]
      }
    },
    {
      "type": "Feature",
      "properties": {
        "osm_id": "1037322792",
        "code": 1500,
        "fclass": "building",
        "name": null,
        "type": null
      },
      "geometry": {
        "type": "Polygon",
        "coordinates": [
          [
            [
              114.3645887576243,
              30.53686392954286
            ],
            [
              114.36474305637239,
              30.53654951272037
            ],
            [
              114.3647853661783,
              30.536463341147005
            ],
            [
              114.36466088229065,
              30.5364177297837
            ],
            [
              114.36462178205875,
              30.536497306523998
            ],
            [
              114.36446427973526,
              30.536818394927735
            ],
            [
              114.3645887576243,
              30.53686392954286
            ]
          ]
        ]
      }
    },
    {
      "type": "Feature",
      "properties": {
        "osm_id": "1037322793",
        "code": 1500,
        "fclass": "building",
        "name": "英国伦敦工商会考试局湖北省考试中心",
        "type": null
      },
      "geometry": {
        "type": "Polygon",
        "coordinates": [
          [
            [
              114.36464994967358,
              30.536319583864255
            ],
            [
              114.36464873364682,
              30.53633838162042
            ],
            [
              114.36465243112643,
              30.536345994701573
            ],
            [
              114.36466013168716,
              30.536354521194387
            ],
            [
              114.36473247827604,
              30.53638326235655
            ],
            [
              114.36471523367838,
              30.53641850937993
            ],
            [
              114.36477267120029,
              30.53644139821834
            ],
            [
              114.36482840828599,
              30.5363375663248
            ],
            [
              114.36476706727825,
              30.53631326780671
            ],
            [
              114.3646978009527,
              30.53631244187845
            ],
            [
              114.36469886641989,
              30.536230837470875
            ],
            [
              114.36455583319045,
              30.536228756500588
            ],
            [
              114.36455266075214,
              30.536316754162048
            ],
            [
              114.36464994967358,
              30.536319583864255
            ]
          ]
        ]
      }
    },
    {
      "type": "Feature",
      "properties": {
        "osm_id": "236801236",
        "code": 1500,
        "fclass": "building",
        "name": "信息学部5舍",
        "type": "dormitory"
      },
      "geometry": {
        "type": "Polygon",
        "coordinates": [
          [
            [
              114.36612685894777,
              30.535472887176272
            ],
            [
              114.36681539948825,
              30.535470983306087
            ],
            [
              114.3668145220633,
              30.53530906586557
            ],
            [
              114.36636189173574,
              30.535310296167
            ],
            [
              114.36612598176978,
              30.535310869056246
            ],
            [
              114.36612685894777,
              30.535472887176272
            ]
          ]
        ]
      }
    },
    {
      "type": "Feature",
      "properties": {
        "osm_id": "256668237",
        "code": 1500,
        "fclass": "building",
        "name": "信息学部7舍",
        "type": "dormitory"
      },
      "geometry": {
        "type": "Polygon",
        "coordinates": [
          [
            [
              114.36509050001982,
              30.532934097238492
            ],
            [
              114.36588650785752,
              30.532932417484588
            ],
            [
              114.3658856090439,
              30.532783097573933
            ],
            [
              114.36576836620152,
              30.53278343811688
            ],
            [
              114.36544649040849,
              30.532784057897643
            ],
            [
              114.36508970157776,
              30.53278467683701
            ],
            [
              114.36509050001982,
              30.532934097238492
            ]
          ]
        ]
      }
    },
    {
      "type": "Feature",
      "properties": {
        "osm_id": "256668241",
        "code": 1500,
        "fclass": "building",
        "name": "信息学部9舍",
        "type": "dormitory"
      },
      "geometry": {
        "type": "Polygon",
        "coordinates": [
          [
            [
              114.3640491422978,
              30.53262699966304
            ],
            [
              114.36414562131428,
              30.532627273112325
            ],
            [
              114.3641454820375,
              30.532537261429816
            ],
            [
              114.36420563233524,
              30.532537489782335
            ],
            [
              114.36472870503057,
              30.532538829722778
            ],
            [
              114.36472881740573,
              30.532520627834895
            ],
            [
              114.36472839866319,
              30.53239901132925
            ],
            [
              114.36404889674725,
              30.53239737010834
            ],
            [
              114.3640491422978,
              30.53262699966304
            ]
          ]
        ]
      }
    },
    {
      "type": "Feature",
      "properties": {
        "osm_id": "311927943",
        "code": 1500,
        "fclass": "building",
        "name": "信息学部8舍",
        "type": "dormitory"
      },
      "geometry": {
        "type": "Polygon",
        "coordinates": [
          [
            [
              114.36472839866319,
              30.53239901132925
            ],
            [
              114.36472881740573,
              30.532520627834895
            ],
            [
              114.36478967657476,
              30.53252062488691
            ],
            [
              114.36520260049387,
              30.532520468129984
            ],
            [
              114.36520268150446,
              30.532548771853637
            ],
            [
              114.36552533991305,
              30.532548629477972
            ],
            [
              114.36576752464438,
              30.532548407528587
            ],
            [
              114.36576786244783,
              30.53264101965017
            ],
            [
              114.36576836620152,
              30.53278343811688
            ],
            [
              114.3658856090439,
              30.532783097573933
            ],
            [
              114.36588418569787,
              30.532667880510548
            ],
            [
              114.36588410383845,
              30.532640977050924
            ],
            [
              114.36588401843015,
              30.532619274213886
            ],
            [
              114.36588316879977,
              30.53239424464438
            ],
            [
              114.3652033857932,
              30.53239465471905
            ],
            [
              114.3652033008158,
              30.532372051659923
            ],
            [
              114.36472821641519,
              30.53237220738091
            ],
            [
              114.36472839866319,
              30.53239901132925
            ]
          ]
        ]
      }
    },
    {
      "type": "Feature",
      "properties": {
        "osm_id": "286543789",
        "code": 1500,
        "fclass": "building",
        "name": "信息学部一食堂、二食堂",
        "type": null
      },
      "geometry": {
        "type": "Polygon",
        "coordinates": [
          [
            [
              114.36561546162442,
              30.534906319585836
            ],
            [
              114.36561548116336,
              30.534880316896974
            ],
            [
              114.36581131395788,
              30.534880871452287
            ],
            [
              114.36585937237318,
              30.53488107738053
            ],
            [
              114.36585970039599,
              30.534710360049566
            ],
            [
              114.36587471878363,
              30.534710392691405
            ],
            [
              114.36589193993176,
              30.53471042985411
            ],
            [
              114.36589256415392,
              30.534678927844116
            ],
            [
              114.36589280897513,
              30.53448390746473
            ],
            [
              114.36572270303031,
              30.534483527998965
            ],
            [
              114.36528390254807,
              30.534482220813786
            ],
            [
              114.36528338691423,
              30.53490536463169
            ],
            [
              114.36561546162442,
              30.534906319585836
            ]
          ]
        ]
      }
    },
    {
      "type": "Feature",
      "properties": {
        "osm_id": "1445907164",
        "code": 1500,
        "fclass": "building",
        "name": null,
        "type": "roof"
      },
      "geometry": {
        "type": "Polygon",
        "coordinates": [
          [
            [
              114.36561546162442,
              30.534906319585836
            ],
            [
              114.365876474551,
              30.534906117162848
            ],
            [
              114.36588448716408,
              30.53490243408619
            ],
            [
              114.3658904978547,
              30.534898046570262
            ],
            [
              114.36589070418813,
              30.534889946163478
            ],
            [
              114.36589193993176,
              30.53471042985411
            ],
            [
              114.36587471878363,
              30.534710392691405
            ],
            [
              114.36585970039599,
              30.534710360049566
            ],
            [
              114.36585937237318,
              30.53488107738053
            ],
            [
              114.36581131395788,
              30.534880871452287
            ],
            [
              114.36561548116336,
              30.534880316896974
            ],
            [
              114.36561546162442,
              30.534906319585836
            ]
          ]
        ]
      }
    },
    {
      "type": "Feature",
      "properties": {
        "osm_id": "1444077815",
        "code": 1500,
        "fclass": "building",
        "name": "星湖亭",
        "type": null
      },
      "geometry": {
        "type": "Polygon",
        "coordinates": [
          [
            [
              114.3659139352074,
              30.533656160832955
            ],
            [
              114.36594377863938,
              30.533647122915696
            ],
            [
              114.36594890321126,
              30.533621530745293
            ],
            [
              114.36592638693575,
              30.533605081436004
            ],
            [
              114.36589694434186,
              30.533613819682472
            ],
            [
              114.36589181983719,
              30.53363941159966
            ],
            [
              114.3659139352074,
              30.533656160832955
            ]
          ]
        ]
      }
    },
    {
      "type": "Feature",
      "properties": {
        "osm_id": "1444077816",
        "code": 1500,
        "fclass": "building",
        "name": null,
        "type": null
      },
      "geometry": {
        "type": "Polygon",
        "coordinates": [
          [
            [
              114.36646530815044,
              30.533576579653484
            ],
            [
              114.36650476543498,
              30.53357184146953
            ],
            [
              114.36649629001819,
              30.53352072235161
            ],
            [
              114.3664569328838,
              30.533525560386945
            ],
            [
              114.36646530815044,
              30.533576579653484
            ]
          ]
        ]
      }
    },
    {
      "type": "Feature",
      "properties": {
        "osm_id": "305553574",
        "code": 1500,
        "fclass": "building",
        "name": "信息学部2舍",
        "type": "dormitory"
      },
      "geometry": {
        "type": "Polygon",
        "coordinates": [
          [
            [
              114.36616981445201,
              30.534272242879172
            ],
            [
              114.36616996020312,
              30.534346551248746
            ],
            [
              114.36668315514497,
              30.534346090776125
            ],
            [
              114.36668337640413,
              30.534453602681612
            ],
            [
              114.36682177416371,
              30.534453385698292
            ],
            [
              114.36682128571204,
              30.534300568590357
            ],
            [
              114.36682120594185,
              30.534272765470842
            ],
            [
              114.36682112848835,
              30.534241762000008
            ],
            [
              114.36682022943342,
              30.534101345501938
            ],
            [
              114.36669595138403,
              30.534101981830435
            ],
            [
              114.3666961947818,
              30.534180290761284
            ],
            [
              114.36616958095199,
              30.534180732414743
            ],
            [
              114.36616981445201,
              30.534272242879172
            ]
          ]
        ]
      }
    },
    {
      "type": "Feature",
      "properties": {
        "osm_id": "1391147715",
        "code": 1500,
        "fclass": "building",
        "name": null,
        "type": null
      },
      "geometry": {
        "type": "Polygon",
        "coordinates": [
          [
            [
              114.36616958095199,
              30.534180732414743
            ],
            [
              114.3666961947818,
              30.534180290761284
            ],
            [
              114.36669595138403,
              30.534101981830435
            ],
            [
              114.36660832772382,
              30.534102757546044
            ],
            [
              114.36660840756493,
              30.53413066073252
            ],
            [
              114.3664249555646,
              30.53413057645888
            ],
            [
              114.36616931729438,
              30.53413032636997
            ],
            [
              114.36616958095199,
              30.534180732414743
            ]
          ]
        ]
      }
    },
    {
      "type": "Feature",
      "properties": {
        "osm_id": "1471868931",
        "code": 1500,
        "fclass": "building",
        "name": null,
        "type": null
      },
      "geometry": {
        "type": "Polygon",
        "coordinates": [
          [
            [
              114.36617435657726,
              30.534495075575595
            ],
            [
              114.3663325643359,
              30.534495260722448
            ],
            [
              114.3663326028157,
              30.534443155179588
            ],
            [
              114.36617439483575,
              30.53444327006398
            ],
            [
              114.36617435657726,
              30.534495075575595
            ]
          ]
        ]
      }
    },
    {
      "type": "Feature",
      "properties": {
        "osm_id": "306407524",
        "code": 1500,
        "fclass": "building",
        "name": "测绘遥感信息工程国家重点实验室大楼",
        "type": "university"
      },
      "geometry": {
        "type": "Polygon",
        "coordinates": [
          [
            [
              114.36654943541701,
              30.533275676096192
            ],
            [
              114.36654854357452,
              30.53340488973077
            ],
            [
              114.36659600919566,
              30.533405160801767
            ],
            [
              114.36659401813452,
              30.533671188305238
            ],
            [
              114.36668294239902,
              30.533671715777903
            ],
            [
              114.36683626081022,
              30.53367271772322
            ],
            [
              114.36683659964193,
              30.53361881203113
            ],
            [
              114.36690299592995,
              30.533619192451784
            ],
            [
              114.36690476724075,
              30.533380367196195
            ],
            [
              114.36683426506006,
              30.53337988176029
            ],
            [
              114.36683460007158,
              30.53333067648574
            ],
            [
              114.36683492708649,
              30.533292772495344
            ],
            [
              114.36683526111591,
              30.53324476732541
            ],
            [
              114.3667938015226,
              30.533244514892612
            ],
            [
              114.36679457783444,
              30.533136503251047
            ],
            [
              114.366754520627,
              30.53313625104832
            ],
            [
              114.36675440956152,
              30.533151952744994
            ],
            [
              114.36647872573718,
              30.533150251623436
            ],
            [
              114.36647773725447,
              30.533275264689426
            ],
            [
              114.36654943541701,
              30.533275676096192
            ]
          ]
        ]
      }
    },
    {
      "type": "Feature",
      "properties": {
        "osm_id": "311928697",
        "code": 1500,
        "fclass": "building",
        "name": "信息学部10舍",
        "type": "dormitory"
      },
      "geometry": {
        "type": "Polygon",
        "coordinates": [
          [
            [
              114.36408910865934,
              30.532870785303615
            ],
            [
              114.36484028915405,
              30.532869728809253
            ],
            [
              114.36483787433286,
              30.53274160560232
            ],
            [
              114.36461976264214,
              30.532743293279346
            ],
            [
              114.3641694612303,
              30.532744978492737
            ],
            [
              114.3640882946339,
              30.532744066677168
            ],
            [
              114.36408910865934,
              30.532870785303615
            ]
          ]
        ]
      }
    },
    {
      "type": "Feature",
      "properties": {
        "osm_id": "505746697",
        "code": 1500,
        "fclass": "building",
        "name": "星湖综合实验大楼",
        "type": "university"
      },
      "geometry": {
        "type": "Polygon",
        "coordinates": [
          [
            [
              114.36235385760948,
              30.533828639677896
            ],
            [
              114.36251192511268,
              30.533832001101448
            ],
            [
              114.36251533835285,
              30.533676001366594
            ],
            [
              114.36245081004134,
              30.53367465274501
            ],
            [
              114.36245184135497,
              30.53363135329507
            ],
            [
              114.36240011940244,
              30.53363017106954
            ],
            [
              114.36240125509127,
              30.53358067149771
            ],
            [
              114.36240445869566,
              30.533436272034624
            ],
            [
              114.36203832021219,
              30.533427903760458
            ],
            [
              114.36199400553913,
              30.53342684490124
            ],
            [
              114.36199007714201,
              30.533606243045067
            ],
            [
              114.3619865645334,
              30.533762340666556
            ],
            [
              114.3619853222976,
              30.533820640137247
            ],
            [
              114.36235385760948,
              30.533828639677896
            ]
          ]
        ]
      }
    },
    {
      "type": "Feature",
      "properties": {
        "osm_id": "1444077821",
        "code": 1500,
        "fclass": "building",
        "name": null,
        "type": "roof"
      },
      "geometry": {
        "type": "Polygon",
        "coordinates": [
          [
            [
              114.36199007714201,
              30.533606243045067
            ],
            [
              114.36199400553913,
              30.53342684490124
            ],
            [
              114.36203832021219,
              30.533427903760458
            ],
            [
              114.36204100379872,
              30.53331040537655
            ],
            [
              114.36199368807856,
              30.533309329040968
            ],
            [
              114.36194177135833,
              30.533308223433195
            ],
            [
              114.3619353595577,
              30.53360512071271
            ],
            [
              114.36199007714201,
              30.533606243045067
            ]
          ]
        ]
      }
    },
    {
      "type": "Feature",
      "properties": {
        "osm_id": "664756697",
        "code": 1500,
        "fclass": "building",
        "name": "主席台",
        "type": "grandstand"
      },
      "geometry": {
        "type": "Polygon",
        "coordinates": [
          [
            [
              114.36814286097211,
              30.534205180624024
            ],
            [
              114.36820827551948,
              30.534205077822943
            ],
            [
              114.36824303659812,
              30.534205274695225
            ],
            [
              114.36824289401649,
              30.533849035735773
            ],
            [
              114.36820743206599,
              30.533848338844383
            ],
            [
              114.36814181711512,
              30.53384854158769
            ],
            [
              114.36814286097211,
              30.534205180624024
            ]
          ]
        ]
      }
    },
    {
      "type": "Feature",
      "properties": {
        "osm_id": "1058069940",
        "code": 1500,
        "fclass": "building",
        "name": null,
        "type": null
      },
      "geometry": {
        "type": "Polygon",
        "coordinates": [
          [
            [
              114.36772520277391,
              30.53102191585694
            ],
            [
              114.36771243433206,
              30.531023608594015
            ],
            [
              114.36771047668044,
              30.53102491039603
            ],
            [
              114.36770887286853,
              30.531026810001013
            ],
            [
              114.36770726843748,
              30.531029709738156
            ],
            [
              114.3677067655694,
              30.53103300997777
            ],
            [
              114.36770646241027,
              30.531037310433625
            ],
            [
              114.367706552279,
              30.531053912707396
            ],
            [
              114.36769242902967,
              30.531054006846958
            ],
            [
              114.36769369529635,
              30.53111171513784
            ],
            [
              114.36776240923948,
              30.53111064168362
            ],
            [
              114.36784614945869,
              30.53110946793223
            ],
            [
              114.36784586538037,
              30.53108306431114
            ],
            [
              114.3678222257861,
              30.531083157543467
            ],
            [
              114.36782166393388,
              30.531020048880954
            ],
            [
              114.36776386757545,
              30.531020430065823
            ],
            [
              114.36772943265322,
              30.531020683071933
            ],
            [
              114.36772520277391,
              30.53102191585694
            ]
          ]
        ]
      }
    },
    {
      "type": "Feature",
      "properties": {
        "osm_id": "1480400146",
        "code": 1500,
        "fclass": "building",
        "name": null,
        "type": null
      },
      "geometry": {
        "type": "Polygon",
        "coordinates": [
          [
            [
              114.36755230706686,
              30.531044836975827
            ],
            [
              114.36753143919694,
              30.531129119915125
            ],
            [
              114.36755636131774,
              30.53112905055018
            ],
            [
              114.3676034374545,
              30.531128875501125
            ],
            [
              114.36760346490938,
              30.53108476959377
            ],
            [
              114.3676034718082,
              30.531073668104078
            ],
            [
              114.36758514215208,
              30.53107365863138
            ],
            [
              114.36758516273946,
              30.53104048123565
            ],
            [
              114.36755230706686,
              30.531044836975827
            ]
          ]
        ]
      }
    },
    {
      "type": "Feature",
      "properties": {
        "osm_id": "953298307",
        "code": 1500,
        "fclass": "building",
        "name": "信息学部18舍",
        "type": "dormitory"
      },
      "geometry": {
        "type": "Polygon",
        "coordinates": [
          [
            [
              114.36612845360881,
              30.53574181713665
            ],
            [
              114.36612965486503,
              30.535870932190374
            ],
            [
              114.36627744815758,
              30.535870005381504
            ],
            [
              114.36651757274306,
              30.535868604491387
            ],
            [
              114.36685384942905,
              30.53586657026313
            ],
            [
              114.36685320190034,
              30.535668750010657
            ],
            [
              114.36656699456117,
              30.53567056026034
            ],
            [
              114.36651882790233,
              30.535670786921095
            ],
            [
              114.36647817201423,
              30.535671023286923
            ],
            [
              114.36612780603242,
              30.535673009055632
            ],
            [
              114.36612845360881,
              30.53574181713665
            ]
          ]
        ]
      }
    },
    {
      "type": "Feature",
      "properties": {
        "osm_id": "990913729",
        "code": 1500,
        "fclass": "building",
        "name": "信息学部17舍",
        "type": "dormitory"
      },
      "geometry": {
        "type": "Polygon",
        "coordinates": [
          [
            [
              114.36518903953568,
              30.535229936324903
            ],
            [
              114.3658816365581,
              30.53522946188791
            ],
            [
              114.36591487848526,
              30.535228232998552
            ],
            [
              114.36591371843944,
              30.535041611247838
            ],
            [
              114.3656120551636,
              30.535042425599613
            ],
            [
              114.36556319832286,
              30.53504250632405
            ],
            [
              114.3654669879099,
              30.535042764753026
            ],
            [
              114.36518817996858,
              30.53504341451837
            ],
            [
              114.36518903953568,
              30.535229936324903
            ]
          ]
        ]
      }
    },
    {
      "type": "Feature",
      "properties": {
        "osm_id": "1036561024",
        "code": 1500,
        "fclass": "building",
        "name": "信息学部21舍",
        "type": "dormitory"
      },
      "geometry": {
        "type": "Polygon",
        "coordinates": [
          [
            [
              114.36408285682874,
              30.533792769769907
            ],
            [
              114.36408695699302,
              30.533657270117853
            ],
            [
              114.36381414709665,
              30.533650275426513
            ],
            [
              114.36381014728543,
              30.533785774462817
            ],
            [
              114.36408285682874,
              30.533792769769907
            ]
          ]
        ]
      }
    },
    {
      "type": "Feature",
      "properties": {
        "osm_id": "1442934092",
        "code": 1500,
        "fclass": "building",
        "name": null,
        "type": null
      },
      "geometry": {
        "type": "Polygon",
        "coordinates": [
          [
            [
              114.36575444736316,
              30.535923549295372
            ],
            [
              114.36590703543372,
              30.535920685818372
            ],
            [
              114.36590586750857,
              30.53587767909715
            ],
            [
              114.36583037380261,
              30.535879115311207
            ],
            [
              114.36575327948377,
              30.535880542398377
            ],
            [
              114.36575444736316,
              30.535923549295372
            ]
          ]
        ]
      }
    },
    {
      "type": "Feature",
      "properties": {
        "osm_id": "1037024049",
        "code": 1500,
        "fclass": "building",
        "name": "武汉大学宇航科学与技术研究院",
        "type": "school"
      },
      "geometry": {
        "type": "Polygon",
        "coordinates": [
          [
            [
              114.36407248070883,
              30.533607308079628
            ],
            [
              114.36407625978066,
              30.533500110330323
            ],
            [
              114.36402161658626,
              30.533498596170183
            ],
            [
              114.36402601175838,
              30.53336859825627
            ],
            [
              114.36382265697986,
              30.533362677042888
            ],
            [
              114.36381448327322,
              30.533599770967356
            ],
            [
              114.36407248070883,
              30.533607308079628
            ]
          ]
        ]
      }
    },
    {
      "type": "Feature",
      "properties": {
        "osm_id": "1047817723",
        "code": 1500,
        "fclass": "building",
        "name": "艺舟书画工作室",
        "type": "retail"
      },
      "geometry": {
        "type": "MultiPolygon",
        "coordinates": [
          [
            [
              [
                114.36106497322852,
                30.533739708274442
              ],
              [
                114.361067639078,
                30.53363184147492
              ],
              [
                114.36102382705074,
                30.53363076106571
              ],
              [
                114.36106497322852,
                30.533739708274442
              ]
            ]
          ],
          [
            [
              [
                114.36097892176024,
                30.533832671489442
              ],
              [
                114.36097832308526,
                30.533857419345065
              ],
              [
                114.36101794918615,
                30.533946097344515
              ],
              [
                114.36110321704844,
                30.533948216876546
              ],
              [
                114.36110167313291,
                30.53400861350648
              ],
              [
                114.36122108966079,
                30.534011506014323
              ],
              [
                114.36122438398424,
                30.53388171271309
              ],
              [
                114.36106156213802,
                30.533877729350614
              ],
              [
                114.36106321903796,
                30.53381068712111
              ],
              [
                114.36097892176024,
                30.533832671489442
              ]
            ]
          ]
        ]
      }
    },
    {
      "type": "Feature",
      "properties": {
        "osm_id": "1154975830",
        "code": 1500,
        "fclass": "building",
        "name": "信息学部6舍",
        "type": "dormitory"
      },
      "geometry": {
        "type": "Polygon",
        "coordinates": [
          [
            [
              114.36533343356575,
              30.53424172876371
            ],
            [
              114.36533486954865,
              30.53433134245587
            ],
            [
              114.3653341644431,
              30.53433724120804
            ],
            [
              114.36595529622386,
              30.534334623682415
            ],
            [
              114.36595410083879,
              30.534189505300695
            ],
            [
              114.36545240307241,
              30.53419163602123
            ],
            [
              114.36545166897295,
              30.5340999239803
            ],
            [
              114.36533263584394,
              30.5341001109566
            ],
            [
              114.36533343356575,
              30.53424172876371
            ]
          ]
        ]
      }
    },
    {
      "type": "Feature",
      "properties": {
        "osm_id": "1391147711",
        "code": 1500,
        "fclass": "building",
        "name": null,
        "type": null
      },
      "geometry": {
        "type": "Polygon",
        "coordinates": [
          [
            [
              114.36545240307241,
              30.53419163602123
            ],
            [
              114.36595410083879,
              30.534189505300695
            ],
            [
              114.36595354288038,
              30.534130797664446
            ],
            [
              114.36571895626007,
              30.534131780879832
            ],
            [
              114.3655373429951,
              30.534132544492824
            ],
            [
              114.36553706695076,
              30.534099140102242
            ],
            [
              114.36545166897295,
              30.5340999239803
            ],
            [
              114.36545240307241,
              30.53419163602123
            ]
          ]
        ]
      }
    },
    {
      "type": "Feature",
      "properties": {
        "osm_id": "1442934091",
        "code": 1500,
        "fclass": "building",
        "name": null,
        "type": null
      },
      "geometry": {
        "type": "Polygon",
        "coordinates": [
          [
            [
              114.36574319954165,
              30.53558088952665
            ],
            [
              114.3658291035191,
              30.535580582813715
            ],
            [
              114.365829465164,
              30.53563088865629
            ],
            [
              114.36589774887447,
              30.535630837232738
            ],
            [
              114.36589685049628,
              30.535497421901773
            ],
            [
              114.36587272077632,
              30.535497469890007
            ],
            [
              114.36587254121024,
              30.535470566783008
            ],
            [
              114.36585281707929,
              30.535470523839876
            ],
            [
              114.3657422828847,
              30.53547107635057
            ],
            [
              114.36574319954165,
              30.53558088952665
            ]
          ]
        ]
      }
    },
    {
      "type": "Feature",
      "properties": {
        "osm_id": "1442934093",
        "code": 1500,
        "fclass": "building",
        "name": null,
        "type": null
      },
      "geometry": {
        "type": "Polygon",
        "coordinates": [
          [
            [
              114.36508968685762,
              30.53568279715301
            ],
            [
              114.36509033560041,
              30.53562059279066
            ],
            [
              114.36509065962223,
              30.53558989063934
            ],
            [
              114.36502028693432,
              30.535589182850686
            ],
            [
              114.36501931418572,
              30.535682089304526
            ],
            [
              114.36508968685762,
              30.53568279715301
            ]
          ]
        ]
      }
    },
    {
      "type": "Feature",
      "properties": {
        "osm_id": "1471870358",
        "code": 1500,
        "fclass": "building",
        "name": null,
        "type": null
      },
      "geometry": {
        "type": "Polygon",
        "coordinates": [
          [
            [
              114.36574356117801,
              30.535631195402484
            ],
            [
              114.36578571195486,
              30.535631091117345
            ],
            [
              114.365829465164,
              30.53563088865629
            ],
            [
              114.3658291035191,
              30.535580582813715
            ],
            [
              114.36574319954165,
              30.53558088952665
            ],
            [
              114.36574356117801,
              30.535631195402484
            ]
          ]
        ]
      }
    },
    {
      "type": "Feature",
      "properties": {
        "osm_id": "1442929825",
        "code": 1500,
        "fclass": "building",
        "name": null,
        "type": "roof"
      },
      "geometry": {
        "type": "Polygon",
        "coordinates": [
          [
            [
              114.36506111651634,
              30.535475792450686
            ],
            [
              114.3651880511768,
              30.53547505864592
            ],
            [
              114.36518767294741,
              30.535446154636993
            ],
            [
              114.36506073829945,
              30.53544688839292
            ],
            [
              114.36506111651634,
              30.535475792450686
            ]
          ]
        ]
      }
    },
    {
      "type": "Feature",
      "properties": {
        "osm_id": "1442929831",
        "code": 1500,
        "fclass": "building",
        "name": null,
        "type": "roof"
      },
      "geometry": {
        "type": "Polygon",
        "coordinates": [
          [
            [
              114.36532179732316,
              30.535473927735005
            ],
            [
              114.36554184641768,
              30.535472397666968
            ],
            [
              114.36554156757725,
              30.53544439413272
            ],
            [
              114.3653214183894,
              30.535445923867197
            ],
            [
              114.36532179732316,
              30.535473927735005
            ]
          ]
        ]
      }
    },
    {
      "type": "Feature",
      "properties": {
        "osm_id": "1442929832",
        "code": 1500,
        "fclass": "building",
        "name": null,
        "type": "roof"
      },
      "geometry": {
        "type": "Polygon",
        "coordinates": [
          [
            [
              114.3656189364351,
              30.535471686318957
            ],
            [
              114.3657422828847,
              30.53547107635057
            ],
            [
              114.36585281707929,
              30.535470523839876
            ],
            [
              114.36585253767821,
              30.535443220465368
            ],
            [
              114.36561875716825,
              30.53544438311816
            ],
            [
              114.3656189364351,
              30.535471686318957
            ]
          ]
        ]
      }
    },
    {
      "type": "Feature",
      "properties": {
        "osm_id": "1443127365",
        "code": 1500,
        "fclass": "building",
        "name": null,
        "type": "roof"
      },
      "geometry": {
        "type": "Polygon",
        "coordinates": [
          [
            [
              114.36612730842762,
              30.535539394735792
            ],
            [
              114.36681554877323,
              30.535537290132797
            ],
            [
              114.36681527920359,
              30.535497185781125
            ],
            [
              114.36612713911413,
              30.5354991903664
            ],
            [
              114.36612730842762,
              30.535539394735792
            ]
          ]
        ]
      }
    },
    {
      "type": "Feature",
      "properties": {
        "osm_id": "1443127366",
        "code": 1500,
        "fclass": "building",
        "name": null,
        "type": "roof"
      },
      "geometry": {
        "type": "Polygon",
        "coordinates": [
          [
            [
              114.36607013569889,
              30.53540857003931
            ],
            [
              114.36611098796313,
              30.535408450018
            ],
            [
              114.36611019064458,
              30.535272634648873
            ],
            [
              114.36606923826226,
              30.535272754436363
            ],
            [
              114.36607013569889,
              30.53540857003931
            ]
          ]
        ]
      }
    },
    {
      "type": "Feature",
      "properties": {
        "osm_id": "1443127367",
        "code": 1500,
        "fclass": "building",
        "name": null,
        "type": "roof"
      },
      "geometry": {
        "type": "Polygon",
        "coordinates": [
          [
            [
              114.36502181433859,
              30.535425470782634
            ],
            [
              114.36502209246639,
              30.535454374560825
            ],
            [
              114.36505742918457,
              30.535454279389743
            ],
            [
              114.36505650257686,
              30.535357166730904
            ],
            [
              114.3650210656876,
              30.535357361579123
            ],
            [
              114.36502181433859,
              30.535425470782634
            ]
          ]
        ]
      }
    },
    {
      "type": "Feature",
      "properties": {
        "osm_id": "1443127368",
        "code": 1500,
        "fclass": "building",
        "name": null,
        "type": "roof"
      },
      "geometry": {
        "type": "Polygon",
        "coordinates": [
          [
            [
              114.36502089667587,
              30.53531655688459
            ],
            [
              114.36505733452653,
              30.535316465007238
            ],
            [
              114.36505655834064,
              30.535152645787832
            ],
            [
              114.36502002039522,
              30.535152737334464
            ],
            [
              114.36502089667587,
              30.53531655688459
            ]
          ]
        ]
      }
    },
    {
      "type": "Feature",
      "properties": {
        "osm_id": "1443127369",
        "code": 1500,
        "fclass": "building",
        "name": null,
        "type": "roof"
      },
      "geometry": {
        "type": "Polygon",
        "coordinates": [
          [
            [
              114.36501963743687,
              30.535129733798538
            ],
            [
              114.36505747673043,
              30.535129646106313
            ],
            [
              114.36505680540267,
              30.534958326200194
            ],
            [
              114.36501886608922,
              30.534958313553652
            ],
            [
              114.36501963743687,
              30.535129733798538
            ]
          ]
        ]
      }
    },
    {
      "type": "Feature",
      "properties": {
        "osm_id": "1473497631",
        "code": 1500,
        "fclass": "building",
        "name": null,
        "type": "roof"
      },
      "geometry": {
        "type": "Polygon",
        "coordinates": [
          [
            [
              114.3653212529928,
              30.53540051879569
            ],
            [
              114.3655427043543,
              30.53539809224833
            ],
            [
              114.36554222560662,
              30.535369588152772
            ],
            [
              114.36532077434944,
              30.53537191458376
            ],
            [
              114.3653212529928,
              30.53540051879569
            ]
          ]
        ]
      }
    },
    {
      "type": "Feature",
      "properties": {
        "osm_id": "1473497632",
        "code": 1500,
        "fclass": "building",
        "name": null,
        "type": "roof"
      },
      "geometry": {
        "type": "Polygon",
        "coordinates": [
          [
            [
              114.36562129721081,
              30.535395984320196
            ],
            [
              114.36584136165342,
              30.535394090980773
            ],
            [
              114.36584098214782,
              30.535366687358877
            ],
            [
              114.36562081761028,
              30.535368580372335
            ],
            [
              114.36562129721081,
              30.535395984320196
            ]
          ]
        ]
      }
    },
    {
      "type": "Feature",
      "properties": {
        "osm_id": "1473497633",
        "code": 1500,
        "fclass": "building",
        "name": null,
        "type": "roof"
      },
      "geometry": {
        "type": "Polygon",
        "coordinates": [
          [
            [
              114.36507989626199,
              30.535397339612913
            ],
            [
              114.3651935176588,
              30.535395966013358
            ],
            [
              114.36519313477024,
              30.535373062592317
            ],
            [
              114.36507951338491,
              30.535374436148288
            ],
            [
              114.36507989626199,
              30.535397339612913
            ]
          ]
        ]
      }
    },
    {
      "type": "Feature",
      "properties": {
        "osm_id": "1473497634",
        "code": 1500,
        "fclass": "building",
        "name": null,
        "type": "roof"
      },
      "geometry": {
        "type": "Polygon",
        "coordinates": [
          [
            [
              114.36508056723915,
              30.535436145540015
            ],
            [
              114.3651944889007,
              30.535434872720742
            ],
            [
              114.36519400738723,
              30.535410068834015
            ],
            [
              114.36508008573985,
              30.53541134159865
            ],
            [
              114.36508056723915,
              30.535436145540015
            ]
          ]
        ]
      }
    },
    {
      "type": "Feature",
      "properties": {
        "osm_id": "1480419197",
        "code": 1500,
        "fclass": "building",
        "name": null,
        "type": "retail"
      },
      "geometry": {
        "type": "Polygon",
        "coordinates": [
          [
            [
              114.36403068214288,
              30.532330322230163
            ],
            [
              114.36403072496081,
              30.532333190704314
            ],
            [
              114.36403139208983,
              30.532383199620185
            ],
            [
              114.36416560294862,
              30.532382218831078
            ],
            [
              114.36416486844757,
              30.53232987063273
            ],
            [
              114.36403068214288,
              30.532330322230163
            ]
          ]
        ]
      }
    },
    {
      "type": "Feature",
      "properties": {
        "osm_id": "1480439895",
        "code": 1500,
        "fclass": "building",
        "name": null,
        "type": null
      },
      "geometry": {
        "type": "Polygon",
        "coordinates": [
          [
            [
              114.36938274225015,
              30.534816996540115
            ],
            [
              114.3693832883819,
              30.534756689680062
            ],
            [
              114.36924751663575,
              30.534756043115607
            ],
            [
              114.36924697052056,
              30.534816349912056
            ],
            [
              114.36938274225015,
              30.534816996540115
            ]
          ]
        ]
      }
    },
    {
      "type": "Feature",
      "properties": {
        "osm_id": "1491524638",
        "code": 1500,
        "fclass": "building",
        "name": null,
        "type": "grandstand"
      },
      "geometry": {
        "type": "Polygon",
        "coordinates": [
          [
            [
              114.36820538973971,
              30.533195865052814
            ],
            [
              114.3682038201539,
              30.533148159624247
            ],
            [
              114.36710202036119,
              30.5331509540501
            ],
            [
              114.36710078545639,
              30.533198458382767
            ],
            [
              114.36820538973971,
              30.533195865052814
            ]
          ]
        ]
      }
    }
  ]
}