{
  "type": "FeatureCollection",
  "name": "WHUInfo_Area",
  "crs": {
    "type": "name",
    "properties": {
      "name": "urn:ogc:def:crs:OGC:1.3:CRS84"
    }
  },
  "features": [
    {
      "type": "Feature",
      "properties": {
        "GM_LAYER": "leisure - swimming_pool",
        "GM_TYPE": "City Park",
        "ELEVATION": 0,
        "visible": "true",
        "version": 6,
        "changeset": 70211436,
        "timestamp": "2019-05-13T22:55:47Z",
        "user": "mapman44",
        "uid": 2888253,
        "covered": "no",
        "leisure": "swimming_pool",
        "name": "武汉大学信息学部游泳池",
        "sport": "swimming",
        "id": 85985400.0,
        "building": null,
        "building_l": 0,
        "height": null,
        "shop": null,
        "landuse": null,
        "addr_city": null,
        "addr_house": null,
        "addr_postc": 0,
        "addr_stree": null,
        "name_en": null,
        "website": null,
        "amenity": null,
        "addr_distr": null,
        "addr_hous1": null,
        "addr_provi": null,
        "int_name": null,
        "natural": null,
        "descriptio": null,
        "cuisine": null,
        "fast_food": null,
        "level": 0,
        "opening_h9": null,
        "designatio": null,
        "layer": 0,
        "area": null,
        "location": null,
        "public_tra": null,
        "railway": null,
        "subway": null,
        "station": null,
        "surface": null,
        "name_zh": null,
        "admin_leve": 0,
        "boundary": null,
        "water": null,
        "place": null,
        "building_p": null,
        "min_height": 0,
        "min": 0,
        "name_zh_H1": null,
        "name_zh_Ha": null,
        "operator": null,
        "operator_t": null,
        "short_name": null,
        "short_nam1": null,
        "short_nam2": null,
        "wikidata": null,
        "wikipedia": null,
        "garden_typ": null,
        "access": null,
        "note": null,
        "female": null,
        "toilets_di": null,
        "male": null,
        "wheelchair": null,
        "alt_name": null,
        "old_name": null,
        "PERIMETER": null,
        "ENCLOSED_A": null
      },
      "geometry": {
        "type": "MultiPolygon",
        "coordinates": [
          [
            [
              [
                114.363780168943,
                30.535735559780285
              ],
              [
                114.3640485774394,
                30.535736644947193
              ],
              [
                114.36405962754961,
                30.53529304276928
              ],
              [
                114.36378051038858,
                30.535291915721075
              ],
              [
                114.363780168943,
                30.535735559780285
              ]
            ]
          ]
        ]
      }
    },
    {
      "type": "Feature",
      "properties": {
        "GM_LAYER": "building",
        "GM_TYPE": "Misc. Manmade Structure",
        "ELEVATION": 15,
        "visible": "true",
        "version": 8,
        "changeset": 64567929,
        "timestamp": "2018-11-16T13:52:40Z",
        "user": "二价氢",
        "uid": 3402944,
        "covered": null,
        "leisure": null,
        "name": "珞珈胡同",
        "sport": null,
        "id": 98965400.0,
        "building": "yes",
        "building_l": 18,
        "height": "15",
        "shop": null,
        "landuse": null,
        "addr_city": null,
        "addr_house": null,
        "addr_postc": 0,
        "addr_stree": null,
        "name_en": null,
        "website": null,
        "amenity": null,
        "addr_distr": null,
        "addr_hous1": null,
        "addr_provi": null,
        "int_name": null,
        "natural": null,
        "descriptio": null,
        "cuisine": null,
        "fast_food": null,
        "level": 0,
        "opening_h9": null,
        "designatio": null,
        "layer": 0,
        "area": null,
        "location": null,
        "public_tra": null,
        "railway": null,
        "subway": null,
        "station": null,
        "surface": null,
        "name_zh": null,
        "admin_leve": 0,
        "boundary": null,
        "water": null,
        "place": null,
        "building_p": null,
        "min_height": 0,
        "min": 0,
        "name_zh_H1": null,
        "name_zh_Ha": null,
        "operator": null,
        "operator_t": null,
        "short_name": null,
        "short_nam1": null,
        "short_nam2": null,
        "wikidata": null,
        "wikipedia": null,
        "garden_typ": null,
        "access": null,
        "note": null,
        "female": null,
        "toilets_di": null,
        "male": null,
        "wheelchair": null,
        "alt_name": null,
        "old_name": null,
        "PERIMETER": null,
        "ENCLOSED_A": null
      },
      "geometry": {
        "type": "MultiPolygon",
        "coordinates": [
          [
            [
              [
                114.36429569099245,
                30.532266291207552
              ],
              [
                114.36549119471805,
                30.53225900741886
              ],
              [
                114.36572396485116,
                30.532260972004227
              ],
              [
                114.36573521819776,
                30.531741931721246
              ],
              [
                114.3656995322832,
                30.531654037500953
              ],
              [
                114.36550627200171,
                30.531708675134805
              ],
              [
                114.36519537097128,
                30.531796556063327
              ],
              [
                114.3649720964635,
                30.53185961061735
              ],
              [
                114.3648209169548,
                30.531902346453155
              ],
              [
                114.36468025464092,
                30.531941994900098
              ],
              [
                114.3645417992274,
                30.531981031932638
              ],
              [
                114.36418211570262,
                30.532082443541537
              ],
              [
                114.36429569099245,
                30.532266291207552
              ]
            ]
          ]
        ]
      }
    },
    {
      "type": "Feature",
      "properties": {
        "GM_LAYER": "shop - mall",
        "GM_TYPE": "Misc. Manmade Structure",
        "ELEVATION": 15,
        "visible": "true",
        "version": 9,
        "changeset": 127678622,
        "timestamp": "2022-10-17T15:04:36Z",
        "user": "jiebarbarossa",
        "uid": 16220259,
        "covered": null,
        "leisure": null,
        "name": "新世界百货（武昌店）",
        "sport": null,
        "id": 98965700.0,
        "building": "yes",
        "building_l": 25,
        "height": "15",
        "shop": "mall",
        "landuse": null,
        "addr_city": null,
        "addr_house": null,
        "addr_postc": 0,
        "addr_stree": null,
        "name_en": null,
        "website": null,
        "amenity": null,
        "addr_distr": null,
        "addr_hous1": null,
        "addr_provi": null,
        "int_name": null,
        "natural": null,
        "descriptio": null,
        "cuisine": null,
        "fast_food": null,
        "level": 0,
        "opening_h9": null,
        "designatio": null,
        "layer": 0,
        "area": null,
        "location": null,
        "public_tra": null,
        "railway": null,
        "subway": null,
        "station": null,
        "surface": null,
        "name_zh": null,
        "admin_leve": 0,
        "boundary": null,
        "water": null,
        "place": null,
        "building_p": null,
        "min_height": 0,
        "min": 0,
        "name_zh_H1": null,
        "name_zh_Ha": null,
        "operator": null,
        "operator_t": null,
        "short_name": null,
        "short_nam1": null,
        "short_nam2": null,
        "wikidata": null,
        "wikipedia": null,
        "garden_typ": null,
        "access": null,
        "note": null,
        "female": null,
        "toilets_di": null,
        "male": null,
        "wheelchair": null,
        "alt_name": null,
        "old_name": null,
        "PERIMETER": null,
        "ENCLOSED_A": null
      },
      "geometry": {
        "type": "MultiPolygon",
        "coordinates": [
          [
            [
              [
                114.36019411092803,
                30.53319996802962
              ],
              [
                114.36050233178648,
                30.534003038371676
              ],
              [
                114.3605288372531,
                30.533995929140946
              ],
              [
                114.36079940464782,
                30.533919539193572
              ],
              [
                114.3609094331123,
                30.533893397248725
              ],
              [
                114.36084048420956,
                30.533391862512573
              ],
              [
                114.36093264365785,
                30.533319688639825
              ],
              [
                114.36080646360946,
                30.532987477136523
              ],
              [
                114.36079667728403,
                30.532966606393302
              ],
              [
                114.36025977424487,
                30.533104148328903
              ],
              [
                114.36023166587057,
                30.533118139915
              ],
              [
                114.360207249637,
                30.533143359887774
              ],
              [
                114.36019393354759,
                30.533167562748442
              ],
              [
                114.36019411092803,
                30.53319996802962
              ]
            ]
          ]
        ]
      }
    },
    {
      "type": "Feature",
      "properties": {
        "GM_LAYER": "landuse - retail",
        "GM_TYPE": "Metro Area",
        "ELEVATION": 0,
        "visible": "true",
        "version": 2,
        "changeset": 7612604,
        "timestamp": "2011-03-20T05:29:52Z",
        "user": "GeoSUN",
        "uid": 414582,
        "covered": null,
        "leisure": null,
        "name": "汇通大厦",
        "sport": null,
        "id": 102161000.0,
        "building": null,
        "building_l": 0,
        "height": null,
        "shop": null,
        "landuse": "retail",
        "addr_city": null,
        "addr_house": null,
        "addr_postc": 0,
        "addr_stree": null,
        "name_en": null,
        "website": null,
        "amenity": null,
        "addr_distr": null,
        "addr_hous1": null,
        "addr_provi": null,
        "int_name": null,
        "natural": null,
        "descriptio": null,
        "cuisine": null,
        "fast_food": null,
        "level": 0,
        "opening_h9": null,
        "designatio": null,
        "layer": 0,
        "area": null,
        "location": null,
        "public_tra": null,
        "railway": null,
        "subway": null,
        "station": null,
        "surface": null,
        "name_zh": null,
        "admin_leve": 0,
        "boundary": null,
        "water": null,
        "place": null,
        "building_p": null,
        "min_height": 0,
        "min": 0,
        "name_zh_H1": null,
        "name_zh_Ha": null,
        "operator": null,
        "operator_t": null,
        "short_name": null,
        "short_nam1": null,
        "short_nam2": null,
        "wikidata": null,
        "wikipedia": null,
        "garden_typ": null,
        "access": null,
        "note": null,
        "female": null,
        "toilets_di": null,
        "male": null,
        "wheelchair": null,
        "alt_name": null,
        "old_name": null,
        "PERIMETER": null,
        "ENCLOSED_A": null
      },
      "geometry": {
        "type": "MultiPolygon",
        "coordinates": [
          [
            [
              [
                114.36889397487124,
                30.53028672934488
              ],
              [
                114.368843814836,
                30.53031425716543
              ],
              [
                114.36904513139454,
                30.530599941096376
              ],
              [
                114.36905183355324,
                30.530596285284517
              ],
              [
                114.36889397487124,
                30.53028672934488
              ]
            ]
          ]
        ]
      }
    },
    {
      "type": "Feature",
      "properties": {
        "GM_LAYER": "building",
        "GM_TYPE": "Misc. Manmade Structure",
        "ELEVATION": 0,
        "visible": "true",
        "version": 1,
        "changeset": 7522215,
        "timestamp": "2011-03-11T11:33:39Z",
        "user": "GeoSUN",
        "uid": 414582,
        "covered": null,
        "leisure": null,
        "name": null,
        "sport": null,
        "id": 103640000.0,
        "building": "yes",
        "building_l": 0,
        "height": null,
        "shop": null,
        "landuse": null,
        "addr_city": null,
        "addr_house": null,
        "addr_postc": 0,
        "addr_stree": null,
        "name_en": null,
        "website": null,
        "amenity": null,
        "addr_distr": null,
        "addr_hous1": null,
        "addr_provi": null,
        "int_name": null,
        "natural": null,
        "descriptio": null,
        "cuisine": null,
        "fast_food": null,
        "level": 0,
        "opening_h9": null,
        "designatio": null,
        "layer": 0,
        "area": null,
        "location": null,
        "public_tra": null,
        "railway": null,
        "subway": null,
        "station": null,
        "surface": null,
        "name_zh": null,
        "admin_leve": 0,
        "boundary": null,
        "water": null,
        "place": null,
        "building_p": null,
        "min_height": 0,
        "min": 0,
        "name_zh_H1": null,
        "name_zh_Ha": null,
        "operator": null,
        "operator_t": null,
        "short_name": null,
        "short_nam1": null,
        "short_nam2": null,
        "wikidata": null,
        "wikipedia": null,
        "garden_typ": null,
        "access": null,
        "note": null,
        "female": null,
        "toilets_di": null,
        "male": null,
        "wheelchair": null,
        "alt_name": null,
        "old_name": null,
        "PERIMETER": null,
        "ENCLOSED_A": null
      },
      "geometry": {
        "type": "MultiPolygon",
        "coordinates": [
          [
            [
              [
                114.37093330696715,
                30.536917305919594
              ],
              [
                114.37095440771559,
                30.53696544055807
              ],
              [
                114.37153566930968,
                30.536741776928004
              ],
              [
                114.37152740338773,
                30.536722944721824
              ],
              [
                114.37093330696715,
                30.536917305919594
              ]
            ]
          ]
        ]
      }
    },
    {
      "type": "Feature",
      "properties": {
        "GM_LAYER": "building",
        "GM_TYPE": "Misc. Manmade Structure",
        "ELEVATION": 0,
        "visible": "true",
        "version": 2,
        "changeset": 26777508,
        "timestamp": "2014-11-14T13:55:42Z",
        "user": "SimpleLuke",
        "uid": 2092629,
        "covered": null,
        "leisure": null,
        "name": null,
        "sport": null,
        "id": 103747000.0,
        "building": "yes",
        "building_l": 0,
        "height": null,
        "shop": null,
        "landuse": null,
        "addr_city": null,
        "addr_house": null,
        "addr_postc": 0,
        "addr_stree": null,
        "name_en": null,
        "website": null,
        "amenity": null,
        "addr_distr": null,
        "addr_hous1": null,
        "addr_provi": null,
        "int_name": null,
        "natural": null,
        "descriptio": null,
        "cuisine": null,
        "fast_food": null,
        "level": 0,
        "opening_h9": null,
        "designatio": null,
        "layer": 0,
        "area": null,
        "location": null,
        "public_tra": null,
        "railway": null,
        "subway": null,
        "station": null,
        "surface": null,
        "name_zh": null,
        "admin_leve": 0,
        "boundary": null,
        "water": null,
        "place": null,
        "building_p": null,
        "min_height": 0,
        "min": 0,
        "name_zh_H1": null,
        "name_zh_Ha": null,
        "operator": null,
        "operator_t": null,
        "short_name": null,
        "short_nam1": null,
        "short_nam2": null,
        "wikidata": null,
        "wikipedia": null,
        "garden_typ": null,
        "access": null,
        "note": null,
        "female": null,
        "toilets_di": null,
        "male": null,
        "wheelchair": null,
        "alt_name": null,
        "old_name": null,
        "PERIMETER": null,
        "ENCLOSED_A": null
      },
      "geometry": {
        "type": "MultiPolygon",
        "coordinates": [
          [
            [
              [
                114.36891945413382,
                30.53770641879841
              ],
              [
                114.3689331910684,
                30.537740928786253
              ],
              [
                114.36937636622783,
                30.537571195959142
              ],
              [
                114.36891945413382,
                30.53770641879841
              ]
            ]
          ]
        ]
      }
    },
    {
      "type": "Feature",
      "properties": {
        "GM_LAYER": "building",
        "GM_TYPE": "Misc. Manmade Structure",
        "ELEVATION": 0,
        "visible": "true",
        "version": 9,
        "changeset": 53332871,
        "timestamp": "2017-10-29T05:44:21Z",
        "user": "FlyingXiang",
        "uid": 1018672,
        "covered": null,
        "leisure": null,
        "name": "测绘学院(4号教学楼)",
        "sport": null,
        "id": 104108000.0,
        "building": "yes",
        "building_l": 4,
        "height": null,
        "shop": null,
        "landuse": null,
        "addr_city": "武汉",
        "addr_house": "129",
        "addr_postc": 430079,
        "addr_stree": "珞喻路",
        "name_en": "School of Geodesy and Geomatics",
        "website": "http://main.sgg.whu.edu.cn/",
        "amenity": null,
        "addr_distr": null,
        "addr_hous1": null,
        "addr_provi": null,
        "int_name": null,
        "natural": null,
        "descriptio": null,
        "cuisine": null,
        "fast_food": null,
        "level": 0,
        "opening_h9": null,
        "designatio": null,
        "layer": 0,
        "area": null,
        "location": null,
        "public_tra": null,
        "railway": null,
        "subway": null,
        "station": null,
        "surface": null,
        "name_zh": null,
        "admin_leve": 0,
        "boundary": null,
        "water": null,
        "place": null,
        "building_p": null,
        "min_height": 0,
        "min": 0,
        "name_zh_H1": null,
        "name_zh_Ha": null,
        "operator": null,
        "operator_t": null,
        "short_name": null,
        "short_nam1": null,
        "short_nam2": null,
        "wikidata": null,
        "wikipedia": null,
        "garden_typ": null,
        "access": null,
        "note": null,
        "female": null,
        "toilets_di": null,
        "male": null,
        "wheelchair": null,
        "alt_name": null,
        "old_name": null,
        "PERIMETER": null,
        "ENCLOSED_A": null
      },
      "geometry": {
        "type": "MultiPolygon",
        "coordinates": [
          [
            [
              [
                114.36836485226874,
                30.53219492166883
              ],
              [
                114.36836402111233,
                30.532389945889054
              ],
              [
                114.36850818155273,
                30.53239030405703
              ],
              [
                114.3685083014073,
                30.532360900414012
              ],
              [
                114.36890784786493,
                30.532361480648312
              ],
              [
                114.36890658053399,
                30.53275442897663
              ],
              [
                114.36905116024118,
                30.532753411922965
              ],
              [
                114.36905060430229,
                30.53268700449922
              ],
              [
                114.36905198072958,
                30.53242927223696
              ],
              [
                114.36917281725823,
                30.5324296592174
              ],
              [
                114.3691743810481,
                30.532188128073113
              ],
              [
                114.369045528878,
                30.53218774827024
              ],
              [
                114.36904530939526,
                30.532216552019353
              ],
              [
                114.36848936395035,
                30.532214889062683
              ],
              [
                114.36848937694596,
                30.532195286629516
              ],
              [
                114.36836485226874,
                30.53219492166883
              ]
            ]
          ]
        ]
      }
    },
    {
      "type": "Feature",
      "properties": {
        "GM_LAYER": "building",
        "GM_TYPE": "Misc. Manmade Structure",
        "ELEVATION": 0,
        "visible": "true",
        "version": 6,
        "changeset": 48021629,
        "timestamp": "2017-04-22T03:58:21Z",
        "user": "samsung galaxy s6",
        "uid": 3691120,
        "covered": null,
        "leisure": null,
        "name": "武汉大学图书馆(信息分馆)",
        "sport": null,
        "id": 104108000.0,
        "building": "yes",
        "building_l": 3,
        "height": null,
        "shop": null,
        "landuse": null,
        "addr_city": null,
        "addr_house": null,
        "addr_postc": 0,
        "addr_stree": null,
        "name_en": null,
        "website": null,
        "amenity": "library",
        "addr_distr": null,
        "addr_hous1": null,
        "addr_provi": null,
        "int_name": null,
        "natural": null,
        "descriptio": null,
        "cuisine": null,
        "fast_food": null,
        "level": 0,
        "opening_h9": null,
        "designatio": null,
        "layer": 0,
        "area": null,
        "location": null,
        "public_tra": null,
        "railway": null,
        "subway": null,
        "station": null,
        "surface": null,
        "name_zh": null,
        "admin_leve": 0,
        "boundary": null,
        "water": null,
        "place": null,
        "building_p": null,
        "min_height": 0,
        "min": 0,
        "name_zh_H1": null,
        "name_zh_Ha": null,
        "operator": null,
        "operator_t": null,
        "short_name": null,
        "short_nam1": null,
        "short_nam2": null,
        "wikidata": null,
        "wikipedia": null,
        "garden_typ": null,
        "access": null,
        "note": null,
        "female": null,
        "toilets_di": null,
        "male": null,
        "wheelchair": null,
        "alt_name": null,
        "old_name": null,
        "PERIMETER": null,
        "ENCLOSED_A": null
      },
      "geometry": {
        "type": "MultiPolygon",
        "coordinates": [
          [
            [
              [
                114.3671226997081,
                30.535279606282717
              ],
              [
                114.36712580809217,
                30.535536135063182
              ],
              [
                114.36729276471537,
                30.53553498235738
              ],
              [
                114.36729521060158,
                30.535610191784045
              ],
              [
                114.36792333379941,
                30.535604804664317
              ],
              [
                114.36792419229289,
                30.535530697513323
              ],
              [
                114.36807445044377,
                30.535529216156604
              ],
              [
                114.36807544663179,
                30.535274990848
              ],
              [
                114.3671226997081,
                30.535279606282717
              ]
            ]
          ]
        ]
      }
    },
    {
      "type": "Feature",
      "properties": {
        "GM_LAYER": "leisure - pitch",
        "GM_TYPE": "Misc. Manmade Structure",
        "ELEVATION": 0,
        "visible": "true",
        "version": 1,
        "changeset": 7553345,
        "timestamp": "2011-03-14T07:46:33Z",
        "user": "GeoSUN",
        "uid": 414582,
        "covered": null,
        "leisure": "pitch",
        "name": null,
        "sport": null,
        "id": 104108000.0,
        "building": null,
        "building_l": 0,
        "height": null,
        "shop": null,
        "landuse": null,
        "addr_city": null,
        "addr_house": null,
        "addr_postc": 0,
        "addr_stree": null,
        "name_en": null,
        "website": null,
        "amenity": null,
        "addr_distr": null,
        "addr_hous1": null,
        "addr_provi": null,
        "int_name": null,
        "natural": null,
        "descriptio": null,
        "cuisine": null,
        "fast_food": null,
        "level": 0,
        "opening_h9": null,
        "designatio": null,
        "layer": 0,
        "area": null,
        "location": null,
        "public_tra": null,
        "railway": null,
        "subway": null,
        "station": null,
        "surface": null,
        "name_zh": null,
        "admin_leve": 0,
        "boundary": null,
        "water": null,
        "place": null,
        "building_p": null,
        "min_height": 0,
        "min": 0,
        "name_zh_H1": null,
        "name_zh_Ha": null,
        "operator": null,
        "operator_t": null,
        "short_name": null,
        "short_nam1": null,
        "short_nam2": null,
        "wikidata": null,
        "wikipedia": null,
        "garden_typ": null,
        "access": null,
        "note": null,
        "female": null,
        "toilets_di": null,
        "male": null,
        "wheelchair": null,
        "alt_name": null,
        "old_name": null,
        "PERIMETER": null,
        "ENCLOSED_A": null
      },
      "geometry": {
        "type": "MultiPolygon",
        "coordinates": [
          [
            [
              [
                114.36977922586766,
                30.536670626578594
              ],
              [
                114.37014211145366,
                30.53666299310407
              ],
              [
                114.3701317058741,
                30.536136264705302
              ],
              [
                114.3697553966856,
                30.536139214915686
              ],
              [
                114.3697497485979,
                30.5365643628775
              ],
              [
                114.36977922586766,
                30.536670626578594
              ]
            ]
          ]
        ]
      }
    },
    {
      "type": "Feature",
      "properties": {
        "GM_LAYER": "building",
        "GM_TYPE": "Misc. Manmade Structure",
        "ELEVATION": 0,
        "visible": "true",
        "version": 3,
        "changeset": 133852132,
        "timestamp": "2023-03-19T10:32:02Z",
        "user": "tanjieyi",
        "uid": 18711453,
        "covered": null,
        "leisure": null,
        "name": "双泽楼",
        "sport": null,
        "id": 104108000.0,
        "building": "yes",
        "building_l": 0,
        "height": null,
        "shop": null,
        "landuse": null,
        "addr_city": null,
        "addr_house": null,
        "addr_postc": 0,
        "addr_stree": null,
        "name_en": null,
        "website": null,
        "amenity": null,
        "addr_distr": null,
        "addr_hous1": null,
        "addr_provi": null,
        "int_name": null,
        "natural": null,
        "descriptio": null,
        "cuisine": null,
        "fast_food": null,
        "level": 0,
        "opening_h9": null,
        "designatio": null,
        "layer": 0,
        "area": null,
        "location": null,
        "public_tra": null,
        "railway": null,
        "subway": null,
        "station": null,
        "surface": null,
        "name_zh": null,
        "admin_leve": 0,
        "boundary": null,
        "water": null,
        "place": null,
        "building_p": null,
        "min_height": 0,
        "min": 0,
        "name_zh_H1": null,
        "name_zh_Ha": null,
        "operator": null,
        "operator_t": null,
        "short_name": null,
        "short_nam1": null,
        "short_nam2": null,
        "wikidata": null,
        "wikipedia": null,
        "garden_typ": null,
        "access": null,
        "note": null,
        "female": null,
        "toilets_di": null,
        "male": null,
        "wheelchair": null,
        "alt_name": null,
        "old_name": null,
        "PERIMETER": null,
        "ENCLOSED_A": null
      },
      "geometry": {
        "type": "MultiPolygon",
        "coordinates": [
          [
            [
              [
                114.36846239117352,
                30.53132278397251
              ],
              [
                114.3684635181319,
                30.53112315714688
              ],
              [
                114.36784543794285,
                30.531126069960592
              ],
              [
                114.3678517824033,
                30.531232085836393
              ],
              [
                114.36795645911567,
                30.531232108821285
              ],
              [
                114.36796191042512,
                30.53132442195695
              ],
              [
                114.36846239117352,
                30.53132278397251
              ]
            ]
          ]
        ]
      }
    },
    {
      "type": "Feature",
      "properties": {
        "GM_LAYER": "building - school",
        "GM_TYPE": "Misc. Manmade Structure",
        "ELEVATION": 0,
        "visible": "true",
        "version": 4,
        "changeset": 53718157,
        "timestamp": "2017-11-12T16:58:12Z",
        "user": "Supaplex",
        "uid": 274857,
        "covered": null,
        "leisure": null,
        "name": null,
        "sport": null,
        "id": 104108000.0,
        "building": "school",
        "building_l": 0,
        "height": null,
        "shop": null,
        "landuse": null,
        "addr_city": null,
        "addr_house": null,
        "addr_postc": 0,
        "addr_stree": null,
        "name_en": null,
        "website": null,
        "amenity": null,
        "addr_distr": null,
        "addr_hous1": null,
        "addr_provi": null,
        "int_name": null,
        "natural": null,
        "descriptio": null,
        "cuisine": null,
        "fast_food": null,
        "level": 0,
        "opening_h9": null,
        "designatio": null,
        "layer": 0,
        "area": null,
        "location": null,
        "public_tra": null,
        "railway": null,
        "subway": null,
        "station": null,
        "surface": null,
        "name_zh": null,
        "admin_leve": 0,
        "boundary": null,
        "water": null,
        "place": null,
        "building_p": null,
        "min_height": 0,
        "min": 0,
        "name_zh_H1": null,
        "name_zh_Ha": null,
        "operator": null,
        "operator_t": null,
        "short_name": null,
        "short_nam1": null,
        "short_nam2": null,
        "wikidata": null,
        "wikipedia": null,
        "garden_typ": null,
        "access": null,
        "note": null,
        "female": null,
        "toilets_di": null,
        "male": null,
        "wheelchair": null,
        "alt_name": null,
        "old_name": null,
        "PERIMETER": null,
        "ENCLOSED_A": null
      },
      "geometry": {
        "type": "MultiPolygon",
        "coordinates": [
          [
            [
              [
                114.36956092936974,
                30.535051792489067
              ],
              [
                114.36956133367697,
                30.535179404760417
              ],
              [
                114.37006860858845,
                30.53517719052856
              ],
              [
                114.3700694155981,
                30.535432814287308
              ],
              [
                114.36986537639321,
                30.535433671259483
              ],
              [
                114.36986931513944,
                30.535524473619347
              ],
              [
                114.3698658455889,
                30.535605287215063
              ],
              [
                114.36994150740466,
                30.53560495938788
              ],
              [
                114.36994205430692,
                30.535804477639008
              ],
              [
                114.36960955265096,
                30.53580579918496
              ],
              [
                114.3696099371822,
                30.53595521288767
              ],
              [
                114.37007753109297,
                30.53595314932219
              ],
              [
                114.37007714751404,
                30.535802435720303
              ],
              [
                114.37000679496772,
                30.53580266377595
              ],
              [
                114.37000625352681,
                30.535596044869266
              ],
              [
                114.37034940816137,
                30.53559447629032
              ],
              [
                114.37034885097214,
                30.53540675921623
              ],
              [
                114.37017095653239,
                30.535407619561365
              ],
              [
                114.37017056764921,
                30.535260805857185
              ],
              [
                114.37034204773803,
                30.535259959104145
              ],
              [
                114.37034140659188,
                30.535048339379088
              ],
              [
                114.36956092936974,
                30.535051792489067
              ]
            ]
          ]
        ]
      }
    },
    {
      "type": "Feature",
      "properties": {
        "GM_LAYER": "building",
        "GM_TYPE": "Misc. Manmade Structure",
        "ELEVATION": 0,
        "visible": "true",
        "version": 4,
        "changeset": 9080911,
        "timestamp": "2011-08-21T06:22:56Z",
        "user": "GeoSUN",
        "uid": 414582,
        "covered": null,
        "leisure": null,
        "name": "武汉电脑大世界",
        "sport": null,
        "id": 104108000.0,
        "building": "yes",
        "building_l": 0,
        "height": null,
        "shop": null,
        "landuse": null,
        "addr_city": null,
        "addr_house": null,
        "addr_postc": 0,
        "addr_stree": null,
        "name_en": null,
        "website": null,
        "amenity": null,
        "addr_distr": null,
        "addr_hous1": null,
        "addr_provi": null,
        "int_name": null,
        "natural": null,
        "descriptio": null,
        "cuisine": null,
        "fast_food": null,
        "level": 0,
        "opening_h9": null,
        "designatio": null,
        "layer": 0,
        "area": null,
        "location": null,
        "public_tra": null,
        "railway": null,
        "subway": null,
        "station": null,
        "surface": null,
        "name_zh": null,
        "admin_leve": 0,
        "boundary": null,
        "water": null,
        "place": null,
        "building_p": null,
        "min_height": 0,
        "min": 0,
        "name_zh_H1": null,
        "name_zh_Ha": null,
        "operator": null,
        "operator_t": null,
        "short_name": null,
        "short_nam1": null,
        "short_nam2": null,
        "wikidata": null,
        "wikipedia": null,
        "garden_typ": null,
        "access": null,
        "note": null,
        "female": null,
        "toilets_di": null,
        "male": null,
        "wheelchair": null,
        "alt_name": null,
        "old_name": null,
        "PERIMETER": null,
        "ENCLOSED_A": null
      },
      "geometry": {
        "type": "MultiPolygon",
        "coordinates": [
          [
            [
              [
                114.36789477000623,
                30.530884549802327
              ],
              [
                114.36797913538345,
                30.531010782789494
              ],
              [
                114.3684543108567,
                30.530782914053624
              ],
              [
                114.3686372727504,
                30.53106518010555
              ],
              [
                114.36880864463465,
                30.53098267246218
              ],
              [
                114.36863168221126,
                30.530706534158266
              ],
              [
                114.36859413661709,
                30.5306672459621
              ],
              [
                114.36852423055842,
                30.530630369321763
              ],
              [
                114.36845711398041,
                30.53062109095368
              ],
              [
                114.36840331393591,
                30.530625806863384
              ],
              [
                114.36789477000623,
                30.530884549802327
              ]
            ]
          ]
        ]
      }
    },
    {
      "type": "Feature",
      "properties": {
        "GM_LAYER": "building",
        "GM_TYPE": "Misc. Manmade Structure",
        "ELEVATION": 0,
        "visible": "true",
        "version": 3,
        "changeset": 9696786,
        "timestamp": "2011-10-30T18:40:33Z",
        "user": "xybot",
        "uid": 70696,
        "covered": null,
        "leisure": null,
        "name": "大学生活动中心",
        "sport": null,
        "id": 104108000.0,
        "building": "yes",
        "building_l": 0,
        "height": null,
        "shop": null,
        "landuse": null,
        "addr_city": null,
        "addr_house": null,
        "addr_postc": 0,
        "addr_stree": null,
        "name_en": null,
        "website": null,
        "amenity": null,
        "addr_distr": null,
        "addr_hous1": null,
        "addr_provi": null,
        "int_name": null,
        "natural": null,
        "descriptio": null,
        "cuisine": null,
        "fast_food": null,
        "level": 0,
        "opening_h9": null,
        "designatio": null,
        "layer": 0,
        "area": null,
        "location": null,
        "public_tra": null,
        "railway": null,
        "subway": null,
        "station": null,
        "surface": null,
        "name_zh": null,
        "admin_leve": 0,
        "boundary": null,
        "water": null,
        "place": null,
        "building_p": null,
        "min_height": 0,
        "min": 0,
        "name_zh_H1": null,
        "name_zh_Ha": null,
        "operator": null,
        "operator_t": null,
        "short_name": null,
        "short_nam1": null,
        "short_nam2": null,
        "wikidata": null,
        "wikipedia": null,
        "garden_typ": null,
        "access": null,
        "note": null,
        "female": null,
        "toilets_di": null,
        "male": null,
        "wheelchair": null,
        "alt_name": null,
        "old_name": null,
        "PERIMETER": null,
        "ENCLOSED_A": null
      },
      "geometry": {
        "type": "MultiPolygon",
        "coordinates": [
          [
            [
              [
                114.36914586064304,
                30.533594721600807
              ],
              [
                114.36914458615084,
                30.533270786135564
              ],
              [
                114.36906402816668,
                30.533271160987297
              ],
              [
                114.36906376847202,
                30.53321265449791
              ],
              [
                114.36849449361964,
                30.533215006932537
              ],
              [
                114.3684960275194,
                30.53359744999796
              ],
              [
                114.36914586064304,
                30.533594721600807
              ]
            ]
          ]
        ]
      }
    },
    {
      "type": "Feature",
      "properties": {
        "GM_LAYER": "building - college",
        "GM_TYPE": "Misc. Manmade Structure",
        "ELEVATION": 0,
        "visible": "true",
        "version": 10,
        "changeset": 118046482,
        "timestamp": "2022-03-03T08:31:21Z",
        "user": "FengDad",
        "uid": 15218687,
        "covered": null,
        "leisure": null,
        "name": "资源与环境科学学院（7号教学楼）",
        "sport": null,
        "id": 104108000.0,
        "building": "college",
        "building_l": 5,
        "height": null,
        "shop": null,
        "landuse": null,
        "addr_city": "武汉市",
        "addr_house": "129号",
        "addr_postc": 430079,
        "addr_stree": "珞喻路",
        "name_en": null,
        "website": null,
        "amenity": null,
        "addr_distr": "洪山区",
        "addr_hous1": "7号教学楼",
        "addr_provi": "湖北省",
        "int_name": "School of Resource and Environmental Science",
        "natural": null,
        "descriptio": null,
        "cuisine": null,
        "fast_food": null,
        "level": 0,
        "opening_h9": null,
        "designatio": null,
        "layer": 0,
        "area": null,
        "location": null,
        "public_tra": null,
        "railway": null,
        "subway": null,
        "station": null,
        "surface": null,
        "name_zh": null,
        "admin_leve": 0,
        "boundary": null,
        "water": null,
        "place": null,
        "building_p": null,
        "min_height": 0,
        "min": 0,
        "name_zh_H1": null,
        "name_zh_Ha": null,
        "operator": null,
        "operator_t": null,
        "short_name": null,
        "short_nam1": null,
        "short_nam2": null,
        "wikidata": null,
        "wikipedia": null,
        "garden_typ": null,
        "access": null,
        "note": null,
        "female": null,
        "toilets_di": null,
        "male": null,
        "wheelchair": null,
        "alt_name": null,
        "old_name": null,
        "PERIMETER": null,
        "ENCLOSED_A": null
      },
      "geometry": {
        "type": "MultiPolygon",
        "coordinates": [
          [
            [
              [
                114.36692465690224,
                30.53196421883647
              ],
              [
                114.36692647977046,
                30.53177929729499
              ],
              [
                114.36689903975625,
                30.53177906514247
              ],
              [
                114.36690163558373,
                30.531636149724765
              ],
              [
                114.36672217659772,
                30.531636822319445
              ],
              [
                114.36672276562408,
                30.53165522550965
              ],
              [
                114.36611594091752,
                30.531662528290187
              ],
              [
                114.3661118267285,
                30.531831242175233
              ],
              [
                114.36628144615285,
                30.531833057703643
              ],
              [
                114.3662783826677,
                30.532077183415733
              ],
              [
                114.36627288094792,
                30.53222029163726
              ],
              [
                114.3664205775401,
                30.532221144941676
              ],
              [
                114.36641676508876,
                30.53208072099517
              ],
              [
                114.366419049944,
                30.531802189197634
              ],
              [
                114.36679787648076,
                30.531804843782893
              ],
              [
                114.36679732877373,
                30.53187715235584
              ],
              [
                114.36676948899651,
                30.53187691627668
              ],
              [
                114.36676863171228,
                30.531962926129662
              ],
              [
                114.36692465690224,
                30.53196421883647
              ]
            ]
          ]
        ]
      }
    },
    {
      "type": "Feature",
      "properties": {
        "GM_LAYER": "building",
        "GM_TYPE": "Misc. Manmade Structure",
        "ELEVATION": 0,
        "visible": "true",
        "version": 1,
        "changeset": 7553345,
        "timestamp": "2011-03-14T07:46:34Z",
        "user": "GeoSUN",
        "uid": 414582,
        "covered": null,
        "leisure": null,
        "name": null,
        "sport": null,
        "id": 104108000.0,
        "building": "yes",
        "building_l": 0,
        "height": null,
        "shop": null,
        "landuse": null,
        "addr_city": null,
        "addr_house": null,
        "addr_postc": 0,
        "addr_stree": null,
        "name_en": null,
        "website": null,
        "amenity": null,
        "addr_distr": null,
        "addr_hous1": null,
        "addr_provi": null,
        "int_name": null,
        "natural": null,
        "descriptio": null,
        "cuisine": null,
        "fast_food": null,
        "level": 0,
        "opening_h9": null,
        "designatio": null,
        "layer": 0,
        "area": null,
        "location": null,
        "public_tra": null,
        "railway": null,
        "subway": null,
        "station": null,
        "surface": null,
        "name_zh": null,
        "admin_leve": 0,
        "boundary": null,
        "water": null,
        "place": null,
        "building_p": null,
        "min_height": 0,
        "min": 0,
        "name_zh_H1": null,
        "name_zh_Ha": null,
        "operator": null,
        "operator_t": null,
        "short_name": null,
        "short_nam1": null,
        "short_nam2": null,
        "wikidata": null,
        "wikipedia": null,
        "garden_typ": null,
        "access": null,
        "note": null,
        "female": null,
        "toilets_di": null,
        "male": null,
        "wheelchair": null,
        "alt_name": null,
        "old_name": null,
        "PERIMETER": null,
        "ENCLOSED_A": null
      },
      "geometry": {
        "type": "MultiPolygon",
        "coordinates": [
          [
            [
              [
                114.36878077043853,
                30.53101759477104
              ],
              [
                114.36882911895432,
                30.53108687302143
              ],
              [
                114.36887211211544,
                30.53106844109374
              ],
              [
                114.36940098539688,
                30.531957549620305
              ],
              [
                114.36970165064768,
                30.532490908518707
              ],
              [
                114.36975276872273,
                30.532474628877896
              ],
              [
                114.36948693001446,
                30.532003647908848
              ],
              [
                114.36889902493223,
                30.53096900841262
              ],
              [
                114.36878077043853,
                30.53101759477104
              ]
            ]
          ]
        ]
      }
    },
    {
      "type": "Feature",
      "properties": {
        "GM_LAYER": "building",
        "GM_TYPE": "Misc. Manmade Structure",
        "ELEVATION": 0,
        "visible": "true",
        "version": 2,
        "changeset": 32356045,
        "timestamp": "2015-07-02T14:57:38Z",
        "user": "SimpleLuke",
        "uid": 2092629,
        "covered": null,
        "leisure": null,
        "name": null,
        "sport": null,
        "id": 104108000.0,
        "building": "yes",
        "building_l": 0,
        "height": null,
        "shop": null,
        "landuse": null,
        "addr_city": null,
        "addr_house": null,
        "addr_postc": 0,
        "addr_stree": null,
        "name_en": null,
        "website": null,
        "amenity": null,
        "addr_distr": null,
        "addr_hous1": null,
        "addr_provi": null,
        "int_name": null,
        "natural": null,
        "descriptio": null,
        "cuisine": null,
        "fast_food": null,
        "level": 0,
        "opening_h9": null,
        "designatio": null,
        "layer": 0,
        "area": null,
        "location": null,
        "public_tra": null,
        "railway": null,
        "subway": null,
        "station": null,
        "surface": null,
        "name_zh": null,
        "admin_leve": 0,
        "boundary": null,
        "water": null,
        "place": null,
        "building_p": null,
        "min_height": 0,
        "min": 0,
        "name_zh_H1": null,
        "name_zh_Ha": null,
        "operator": null,
        "operator_t": null,
        "short_name": null,
        "short_nam1": null,
        "short_nam2": null,
        "wikidata": null,
        "wikipedia": null,
        "garden_typ": null,
        "access": null,
        "note": null,
        "female": null,
        "toilets_di": null,
        "male": null,
        "wheelchair": null,
        "alt_name": null,
        "old_name": null,
        "PERIMETER": null,
        "ENCLOSED_A": null
      },
      "geometry": {
        "type": "MultiPolygon",
        "coordinates": [
          [
            [
              [
                114.36994054738254,
                30.534758176588788
              ],
              [
                114.36994590808506,
                30.53428531797579
              ],
              [
                114.36953795348566,
                30.53428274384533
              ],
              [
                114.36953613485107,
                30.534439362868028
              ],
              [
                114.36984507854085,
                30.53444130386793
              ],
              [
                114.36984314996951,
                30.534609824615192
              ],
              [
                114.36961507284181,
                30.534608371824557
              ],
              [
                114.3696133593954,
                30.534756189545625
              ],
              [
                114.36994054738254,
                30.534758176588788
              ]
            ]
          ]
        ]
      }
    },
    {
      "type": "Feature",
      "properties": {
        "GM_LAYER": "building",
        "GM_TYPE": "Misc. Manmade Structure",
        "ELEVATION": 0,
        "visible": "true",
        "version": 1,
        "changeset": 7562962,
        "timestamp": "2011-03-15T02:43:05Z",
        "user": "GeoSUN",
        "uid": 414582,
        "covered": null,
        "leisure": null,
        "name": null,
        "sport": null,
        "id": 104219000.0,
        "building": "yes",
        "building_l": 0,
        "height": null,
        "shop": null,
        "landuse": null,
        "addr_city": null,
        "addr_house": null,
        "addr_postc": 0,
        "addr_stree": null,
        "name_en": null,
        "website": null,
        "amenity": null,
        "addr_distr": null,
        "addr_hous1": null,
        "addr_provi": null,
        "int_name": null,
        "natural": null,
        "descriptio": null,
        "cuisine": null,
        "fast_food": null,
        "level": 0,
        "opening_h9": null,
        "designatio": null,
        "layer": 0,
        "area": null,
        "location": null,
        "public_tra": null,
        "railway": null,
        "subway": null,
        "station": null,
        "surface": null,
        "name_zh": null,
        "admin_leve": 0,
        "boundary": null,
        "water": null,
        "place": null,
        "building_p": null,
        "min_height": 0,
        "min": 0,
        "name_zh_H1": null,
        "name_zh_Ha": null,
        "operator": null,
        "operator_t": null,
        "short_name": null,
        "short_nam1": null,
        "short_nam2": null,
        "wikidata": null,
        "wikipedia": null,
        "garden_typ": null,
        "access": null,
        "note": null,
        "female": null,
        "toilets_di": null,
        "male": null,
        "wheelchair": null,
        "alt_name": null,
        "old_name": null,
        "PERIMETER": null,
        "ENCLOSED_A": null
      },
      "geometry": {
        "type": "MultiPolygon",
        "coordinates": [
          [
            [
              [
                114.3699317823112,
                30.533157217692747
              ],
              [
                114.36986362505694,
                30.532884500646276
              ],
              [
                114.36975658503964,
                30.532904474073526
              ],
              [
                114.36982464027588,
                30.533177198164772
              ],
              [
                114.3699317823112,
                30.533157217692747
              ]
            ]
          ]
        ]
      }
    },
    {
      "type": "Feature",
      "properties": {
        "GM_LAYER": "building",
        "GM_TYPE": "Misc. Manmade Structure",
        "ELEVATION": 0,
        "visible": "true",
        "version": 4,
        "changeset": 62232286,
        "timestamp": "2018-09-03T00:58:51Z",
        "user": "John Bek",
        "uid": 3800987,
        "covered": null,
        "leisure": null,
        "name": "国软行政楼",
        "sport": null,
        "id": 104219000.0,
        "building": "yes",
        "building_l": 14,
        "height": null,
        "shop": null,
        "landuse": null,
        "addr_city": null,
        "addr_house": null,
        "addr_postc": 0,
        "addr_stree": null,
        "name_en": null,
        "website": null,
        "amenity": null,
        "addr_distr": null,
        "addr_hous1": null,
        "addr_provi": null,
        "int_name": null,
        "natural": null,
        "descriptio": null,
        "cuisine": null,
        "fast_food": null,
        "level": 0,
        "opening_h9": null,
        "designatio": null,
        "layer": 0,
        "area": null,
        "location": null,
        "public_tra": null,
        "railway": null,
        "subway": null,
        "station": null,
        "surface": null,
        "name_zh": null,
        "admin_leve": 0,
        "boundary": null,
        "water": null,
        "place": null,
        "building_p": null,
        "min_height": 0,
        "min": 0,
        "name_zh_H1": null,
        "name_zh_Ha": null,
        "operator": null,
        "operator_t": null,
        "short_name": null,
        "short_nam1": null,
        "short_nam2": null,
        "wikidata": null,
        "wikipedia": null,
        "garden_typ": null,
        "access": null,
        "note": null,
        "female": null,
        "toilets_di": null,
        "male": null,
        "wheelchair": null,
        "alt_name": null,
        "old_name": null,
        "PERIMETER": null,
        "ENCLOSED_A": null
      },
      "geometry": {
        "type": "MultiPolygon",
        "coordinates": [
          [
            [
              [
                114.36318049678586,
                30.53339143113979
              ],
              [
                114.36279448446379,
                30.533381529069505
              ],
              [
                114.36279169912261,
                30.53350042887203
              ],
              [
                114.36291917913648,
                30.533625287153864
              ],
              [
                114.36293027372345,
                30.533500627864516
              ],
              [
                114.3631781151693,
                30.53350503321132
              ],
              [
                114.36318049678586,
                30.53339143113979
              ]
            ]
          ]
        ]
      }
    },
    {
      "type": "Feature",
      "properties": {
        "GM_LAYER": "landuse - construction",
        "GM_TYPE": "Unknown Area Type",
        "ELEVATION": 0,
        "visible": "true",
        "version": 4,
        "changeset": 68540363,
        "timestamp": "2019-03-26T10:23:40Z",
        "user": "Yienlilu",
        "uid": 9332744,
        "covered": null,
        "leisure": null,
        "name": "国家网络安全学院操场",
        "sport": null,
        "id": 104219000.0,
        "building": null,
        "building_l": 0,
        "height": null,
        "shop": null,
        "landuse": "construction",
        "addr_city": null,
        "addr_house": null,
        "addr_postc": 0,
        "addr_stree": null,
        "name_en": null,
        "website": null,
        "amenity": null,
        "addr_distr": null,
        "addr_hous1": null,
        "addr_provi": null,
        "int_name": null,
        "natural": null,
        "descriptio": null,
        "cuisine": null,
        "fast_food": null,
        "level": 0,
        "opening_h9": null,
        "designatio": null,
        "layer": 0,
        "area": null,
        "location": null,
        "public_tra": null,
        "railway": null,
        "subway": null,
        "station": null,
        "surface": null,
        "name_zh": null,
        "admin_leve": 0,
        "boundary": null,
        "water": null,
        "place": null,
        "building_p": null,
        "min_height": 0,
        "min": 0,
        "name_zh_H1": null,
        "name_zh_Ha": null,
        "operator": null,
        "operator_t": null,
        "short_name": null,
        "short_nam1": null,
        "short_nam2": null,
        "wikidata": null,
        "wikipedia": null,
        "garden_typ": null,
        "access": null,
        "note": null,
        "female": null,
        "toilets_di": null,
        "male": null,
        "wheelchair": null,
        "alt_name": null,
        "old_name": null,
        "PERIMETER": null,
        "ENCLOSED_A": null
      },
      "geometry": {
        "type": "MultiPolygon",
        "coordinates": [
          [
            [
              [
                114.36190102706435,
                30.53405236887109
              ],
              [
                114.36183488860297,
                30.53407667635365
              ],
              [
                114.36175173059952,
                30.534122378751253
              ],
              [
                114.36168186077819,
                30.534191259122224
              ],
              [
                114.36163088316589,
                30.534278754267717
              ],
              [
                114.36160662782903,
                30.534345611181376
              ],
              [
                114.36158718884118,
                30.53519348268752
              ],
              [
                114.36161933527754,
                30.535274591325642
              ],
              [
                114.36173727677784,
                30.535393129469156
              ],
              [
                114.36183925873783,
                30.535456153062945
              ],
              [
                114.36193307404352,
                30.535475214060543
              ],
              [
                114.36202170376104,
                30.53547573466512
              ],
              [
                114.36212636242168,
                30.53544863706815
              ],
              [
                114.36222293103026,
                30.535407582124336
              ],
              [
                114.3623062227827,
                30.535331740976943
              ],
              [
                114.36236260791617,
                30.53525124481907
              ],
              [
                114.3623787675119,
                30.535182026465407
              ],
              [
                114.362384231231,
                30.53510114790793
              ],
              [
                114.36240080216321,
                30.534345656502527
              ],
              [
                114.36236605507531,
                30.53425305525841
              ],
              [
                114.36232048666581,
                30.534183495381523
              ],
              [
                114.36224810284301,
                30.53412068389588
              ],
              [
                114.3621756082833,
                30.53407406867004
              ],
              [
                114.36206298201812,
                30.534052619584347
              ],
              [
                114.36197535508767,
                30.53404760768447
              ],
              [
                114.36190102706435,
                30.53405236887109
              ]
            ]
          ]
        ]
      }
    },
    {
      "type": "Feature",
      "properties": {
        "GM_LAYER": "building - university",
        "GM_TYPE": "Misc. Manmade Structure",
        "ELEVATION": 0,
        "visible": "true",
        "version": 3,
        "changeset": 120659211,
        "timestamp": "2022-05-07T09:16:53Z",
        "user": "636663",
        "uid": 15396410,
        "covered": null,
        "leisure": null,
        "name": "地球空间环境与大地测量研究室",
        "sport": null,
        "id": 104219000.0,
        "building": "university",
        "building_l": 4,
        "height": null,
        "shop": null,
        "landuse": null,
        "addr_city": null,
        "addr_house": null,
        "addr_postc": 0,
        "addr_stree": null,
        "name_en": null,
        "website": null,
        "amenity": null,
        "addr_distr": null,
        "addr_hous1": null,
        "addr_provi": null,
        "int_name": null,
        "natural": null,
        "descriptio": null,
        "cuisine": null,
        "fast_food": null,
        "level": 0,
        "opening_h9": null,
        "designatio": null,
        "layer": 0,
        "area": null,
        "location": null,
        "public_tra": null,
        "railway": null,
        "subway": null,
        "station": null,
        "surface": null,
        "name_zh": null,
        "admin_leve": 0,
        "boundary": null,
        "water": null,
        "place": null,
        "building_p": null,
        "min_height": 0,
        "min": 0,
        "name_zh_H1": null,
        "name_zh_Ha": null,
        "operator": null,
        "operator_t": null,
        "short_name": null,
        "short_nam1": null,
        "short_nam2": null,
        "wikidata": null,
        "wikipedia": null,
        "garden_typ": null,
        "access": null,
        "note": null,
        "female": null,
        "toilets_di": null,
        "male": null,
        "wheelchair": null,
        "alt_name": null,
        "old_name": null,
        "PERIMETER": null,
        "ENCLOSED_A": null
      },
      "geometry": {
        "type": "MultiPolygon",
        "coordinates": [
          [
            [
              [
                114.36374918874236,
                30.533523089734153
              ],
              [
                114.36375488337904,
                30.53339499863765
              ],
              [
                114.36322623626164,
                30.533375445147403
              ],
              [
                114.36322054230783,
                30.53350363346757
              ],
              [
                114.36374918874236,
                30.533523089734153
              ]
            ]
          ]
        ]
      }
    },
    {
      "type": "Feature",
      "properties": {
        "GM_LAYER": "building - dormitory",
        "GM_TYPE": "Misc. Manmade Structure",
        "ELEVATION": 0,
        "visible": "true",
        "version": 3,
        "changeset": 48587049,
        "timestamp": "2017-05-11T10:02:36Z",
        "user": "samsung galaxy s6",
        "uid": 3691120,
        "covered": null,
        "leisure": null,
        "name": "学生宿舍15、16栋",
        "sport": null,
        "id": 104219000.0,
        "building": "dormitory",
        "building_l": 0,
        "height": null,
        "shop": null,
        "landuse": null,
        "addr_city": null,
        "addr_house": null,
        "addr_postc": 0,
        "addr_stree": null,
        "name_en": null,
        "website": null,
        "amenity": null,
        "addr_distr": null,
        "addr_hous1": null,
        "addr_provi": null,
        "int_name": null,
        "natural": null,
        "descriptio": null,
        "cuisine": null,
        "fast_food": null,
        "level": 0,
        "opening_h9": null,
        "designatio": null,
        "layer": 0,
        "area": null,
        "location": null,
        "public_tra": null,
        "railway": null,
        "subway": null,
        "station": null,
        "surface": null,
        "name_zh": null,
        "admin_leve": 0,
        "boundary": null,
        "water": null,
        "place": null,
        "building_p": null,
        "min_height": 0,
        "min": 0,
        "name_zh_H1": null,
        "name_zh_Ha": null,
        "operator": null,
        "operator_t": null,
        "short_name": null,
        "short_nam1": null,
        "short_nam2": null,
        "wikidata": null,
        "wikipedia": null,
        "garden_typ": null,
        "access": null,
        "note": null,
        "female": null,
        "toilets_di": null,
        "male": null,
        "wheelchair": null,
        "alt_name": null,
        "old_name": null,
        "PERIMETER": null,
        "ENCLOSED_A": null
      },
      "geometry": {
        "type": "MultiPolygon",
        "coordinates": [
          [
            [
              [
                114.36407425692192,
                30.53513858368441
              ],
              [
                114.36407606705122,
                30.534994875599626
              ],
              [
                114.36370438291375,
                30.534990063769516
              ],
              [
                114.36370682411604,
                30.53480445432046
              ],
              [
                114.3640836125544,
                30.5348093851858
              ],
              [
                114.3640856370696,
                30.534644675322497
              ],
              [
                114.36367412347421,
                30.534639297302597
              ],
              [
                114.36367295604762,
                30.534728701988577
              ],
              [
                114.36363723064589,
                30.53472824866947
              ],
              [
                114.36363202259396,
                30.53513286932981
              ],
              [
                114.36367225119717,
                30.53513334206993
              ],
              [
                114.36407425692192,
                30.53513858368441
              ]
            ]
          ]
        ]
      }
    },
    {
      "type": "Feature",
      "properties": {
        "GM_LAYER": "building",
        "GM_TYPE": "Misc. Manmade Structure",
        "ELEVATION": 0,
        "visible": "true",
        "version": 1,
        "changeset": 7562962,
        "timestamp": "2011-03-15T02:43:06Z",
        "user": "GeoSUN",
        "uid": 414582,
        "covered": null,
        "leisure": null,
        "name": null,
        "sport": null,
        "id": 104219000.0,
        "building": "yes",
        "building_l": 0,
        "height": null,
        "shop": null,
        "landuse": null,
        "addr_city": null,
        "addr_house": null,
        "addr_postc": 0,
        "addr_stree": null,
        "name_en": null,
        "website": null,
        "amenity": null,
        "addr_distr": null,
        "addr_hous1": null,
        "addr_provi": null,
        "int_name": null,
        "natural": null,
        "descriptio": null,
        "cuisine": null,
        "fast_food": null,
        "level": 0,
        "opening_h9": null,
        "designatio": null,
        "layer": 0,
        "area": null,
        "location": null,
        "public_tra": null,
        "railway": null,
        "subway": null,
        "station": null,
        "surface": null,
        "name_zh": null,
        "admin_leve": 0,
        "boundary": null,
        "water": null,
        "place": null,
        "building_p": null,
        "min_height": 0,
        "min": 0,
        "name_zh_H1": null,
        "name_zh_Ha": null,
        "operator": null,
        "operator_t": null,
        "short_name": null,
        "short_nam1": null,
        "short_nam2": null,
        "wikidata": null,
        "wikipedia": null,
        "garden_typ": null,
        "access": null,
        "note": null,
        "female": null,
        "toilets_di": null,
        "male": null,
        "wheelchair": null,
        "alt_name": null,
        "old_name": null,
        "PERIMETER": null,
        "ENCLOSED_A": null
      },
      "geometry": {
        "type": "MultiPolygon",
        "coordinates": [
          [
            [
              [
                114.3696752709355,
                30.53282248716026
              ],
              [
                114.36971289987115,
                30.53289503967613
              ],
              [
                114.36993603111256,
                30.532809169924626
              ],
              [
                114.3697731978233,
                30.53249529963485
              ],
              [
                114.36963016180425,
                30.532550320150424
              ],
              [
                114.36975535963902,
                30.532791662708735
              ],
              [
                114.3696752709355,
                30.53282248716026
              ]
            ]
          ]
        ]
      }
    },
    {
      "type": "Feature",
      "properties": {
        "GM_LAYER": "building",
        "GM_TYPE": "Misc. Manmade Structure",
        "ELEVATION": 0,
        "visible": "true",
        "version": 1,
        "changeset": 7562962,
        "timestamp": "2011-03-15T02:43:07Z",
        "user": "GeoSUN",
        "uid": 414582,
        "covered": null,
        "leisure": null,
        "name": null,
        "sport": null,
        "id": 104219000.0,
        "building": "yes",
        "building_l": 0,
        "height": null,
        "shop": null,
        "landuse": null,
        "addr_city": null,
        "addr_house": null,
        "addr_postc": 0,
        "addr_stree": null,
        "name_en": null,
        "website": null,
        "amenity": null,
        "addr_distr": null,
        "addr_hous1": null,
        "addr_provi": null,
        "int_name": null,
        "natural": null,
        "descriptio": null,
        "cuisine": null,
        "fast_food": null,
        "level": 0,
        "opening_h9": null,
        "designatio": null,
        "layer": 0,
        "area": null,
        "location": null,
        "public_tra": null,
        "railway": null,
        "subway": null,
        "station": null,
        "surface": null,
        "name_zh": null,
        "admin_leve": 0,
        "boundary": null,
        "water": null,
        "place": null,
        "building_p": null,
        "min_height": 0,
        "min": 0,
        "name_zh_H1": null,
        "name_zh_Ha": null,
        "operator": null,
        "operator_t": null,
        "short_name": null,
        "short_nam1": null,
        "short_nam2": null,
        "wikidata": null,
        "wikipedia": null,
        "garden_typ": null,
        "access": null,
        "note": null,
        "female": null,
        "toilets_di": null,
        "male": null,
        "wheelchair": null,
        "alt_name": null,
        "old_name": null,
        "PERIMETER": null,
        "ENCLOSED_A": null
      },
      "geometry": {
        "type": "MultiPolygon",
        "coordinates": [
          [
            [
              [
                114.36101697190603,
                30.53357649323993
              ],
              [
                114.36117169501802,
                30.53357462904927
              ],
              [
                114.3611704332831,
                30.533520414274456
              ],
              [
                114.36122814327368,
                30.533519695016608
              ],
              [
                114.36122678253827,
                30.53346387944603
              ],
              [
                114.36110176194158,
                30.533465350556263
              ],
              [
                114.36110263723039,
                30.53350046058471
              ],
              [
                114.36101512488719,
                30.533501471847714
              ],
              [
                114.36101697190603,
                30.53357649323993
              ]
            ]
          ]
        ]
      }
    },
    {
      "type": "Feature",
      "properties": {
        "GM_LAYER": "building",
        "GM_TYPE": "Misc. Manmade Structure",
        "ELEVATION": 0,
        "visible": "true",
        "version": 2,
        "changeset": 25998759,
        "timestamp": "2014-10-11T08:32:58Z",
        "user": "SimpleLuke",
        "uid": 2092629,
        "covered": null,
        "leisure": "sports_centre",
        "name": null,
        "sport": null,
        "id": 104219000.0,
        "building": "yes",
        "building_l": 0,
        "height": null,
        "shop": null,
        "landuse": null,
        "addr_city": null,
        "addr_house": null,
        "addr_postc": 0,
        "addr_stree": null,
        "name_en": null,
        "website": null,
        "amenity": null,
        "addr_distr": null,
        "addr_hous1": null,
        "addr_provi": null,
        "int_name": null,
        "natural": null,
        "descriptio": null,
        "cuisine": null,
        "fast_food": null,
        "level": 0,
        "opening_h9": null,
        "designatio": null,
        "layer": 0,
        "area": null,
        "location": null,
        "public_tra": null,
        "railway": null,
        "subway": null,
        "station": null,
        "surface": null,
        "name_zh": null,
        "admin_leve": 0,
        "boundary": null,
        "water": null,
        "place": null,
        "building_p": null,
        "min_height": 0,
        "min": 0,
        "name_zh_H1": null,
        "name_zh_Ha": null,
        "operator": null,
        "operator_t": null,
        "short_name": null,
        "short_nam1": null,
        "short_nam2": null,
        "wikidata": null,
        "wikipedia": null,
        "garden_typ": null,
        "access": null,
        "note": null,
        "female": null,
        "toilets_di": null,
        "male": null,
        "wheelchair": null,
        "alt_name": null,
        "old_name": null,
        "PERIMETER": null,
        "ENCLOSED_A": null
      },
      "geometry": {
        "type": "MultiPolygon",
        "coordinates": [
          [
            [
              [
                114.36307630686723,
                30.53426523232798
              ],
              [
                114.36306193137415,
                30.53462730261149
              ],
              [
                114.36301200365384,
                30.534625658945615
              ],
              [
                114.36300955709112,
                30.534686353563906
              ],
              [
                114.36335425961177,
                30.534697988526894
              ],
              [
                114.36337118306555,
                30.53427511938817
              ],
              [
                114.36307630686723,
                30.53426523232798
              ]
            ]
          ]
        ]
      }
    },
    {
      "type": "Feature",
      "properties": {
        "GM_LAYER": "building",
        "GM_TYPE": "Misc. Manmade Structure",
        "ELEVATION": 0,
        "visible": "true",
        "version": 1,
        "changeset": 7562962,
        "timestamp": "2011-03-15T02:43:07Z",
        "user": "GeoSUN",
        "uid": 414582,
        "covered": null,
        "leisure": null,
        "name": null,
        "sport": null,
        "id": 104219000.0,
        "building": "yes",
        "building_l": 0,
        "height": null,
        "shop": null,
        "landuse": null,
        "addr_city": null,
        "addr_house": null,
        "addr_postc": 0,
        "addr_stree": null,
        "name_en": null,
        "website": null,
        "amenity": null,
        "addr_distr": null,
        "addr_hous1": null,
        "addr_provi": null,
        "int_name": null,
        "natural": null,
        "descriptio": null,
        "cuisine": null,
        "fast_food": null,
        "level": 0,
        "opening_h9": null,
        "designatio": null,
        "layer": 0,
        "area": null,
        "location": null,
        "public_tra": null,
        "railway": null,
        "subway": null,
        "station": null,
        "surface": null,
        "name_zh": null,
        "admin_leve": 0,
        "boundary": null,
        "water": null,
        "place": null,
        "building_p": null,
        "min_height": 0,
        "min": 0,
        "name_zh_H1": null,
        "name_zh_Ha": null,
        "operator": null,
        "operator_t": null,
        "short_name": null,
        "short_nam1": null,
        "short_nam2": null,
        "wikidata": null,
        "wikipedia": null,
        "garden_typ": null,
        "access": null,
        "note": null,
        "female": null,
        "toilets_di": null,
        "male": null,
        "wheelchair": null,
        "alt_name": null,
        "old_name": null,
        "PERIMETER": null,
        "ENCLOSED_A": null
      },
      "geometry": {
        "type": "MultiPolygon",
        "coordinates": [
          [
            [
              [
                114.36998628579992,
                30.533320041481197
              ],
              [
                114.3699694368011,
                30.533480489206564
              ],
              [
                114.37016465028103,
                30.533495131326468
              ],
              [
                114.3701767581023,
                30.5333796948617
              ],
              [
                114.37005980905084,
                30.533370914900456
              ],
              [
                114.37006445067705,
                30.533325901276193
              ],
              [
                114.36998628579992,
                30.533320041481197
              ]
            ]
          ]
        ]
      }
    },
    {
      "type": "Feature",
      "properties": {
        "GM_LAYER": "building",
        "GM_TYPE": "Misc. Manmade Structure",
        "ELEVATION": 12,
        "visible": "true",
        "version": 3,
        "changeset": 62232286,
        "timestamp": "2018-09-03T00:58:51Z",
        "user": "John Bek",
        "uid": 3800987,
        "covered": null,
        "leisure": null,
        "name": "国软教学楼",
        "sport": null,
        "id": 104219000.0,
        "building": "yes",
        "building_l": 8,
        "height": "12",
        "shop": null,
        "landuse": null,
        "addr_city": null,
        "addr_house": null,
        "addr_postc": 0,
        "addr_stree": null,
        "name_en": null,
        "website": null,
        "amenity": null,
        "addr_distr": null,
        "addr_hous1": null,
        "addr_provi": null,
        "int_name": null,
        "natural": null,
        "descriptio": null,
        "cuisine": null,
        "fast_food": null,
        "level": 0,
        "opening_h9": null,
        "designatio": null,
        "layer": 0,
        "area": null,
        "location": null,
        "public_tra": null,
        "railway": null,
        "subway": null,
        "station": null,
        "surface": null,
        "name_zh": null,
        "admin_leve": 0,
        "boundary": null,
        "water": null,
        "place": null,
        "building_p": null,
        "min_height": 0,
        "min": 0,
        "name_zh_H1": null,
        "name_zh_Ha": null,
        "operator": null,
        "operator_t": null,
        "short_name": null,
        "short_nam1": null,
        "short_nam2": null,
        "wikidata": null,
        "wikipedia": null,
        "garden_typ": null,
        "access": null,
        "note": null,
        "female": null,
        "toilets_di": null,
        "male": null,
        "wheelchair": null,
        "alt_name": null,
        "old_name": null,
        "PERIMETER": null,
        "ENCLOSED_A": null
      },
      "geometry": {
        "type": "MultiPolygon",
        "coordinates": [
          [
            [
              [
                114.36290711590809,
                30.533844252233187
              ],
              [
                114.36291917913648,
                30.533625287153864
              ],
              [
                114.36279169912261,
                30.53350042887203
              ],
              [
                114.36278223255698,
                30.533867123056616
              ],
              [
                114.36273659360965,
                30.533888490940793
              ],
              [
                114.36269094877346,
                30.533918657834654
              ],
              [
                114.36265921138933,
                30.53394859561679
              ],
              [
                114.36263767024192,
                30.53399088747646
              ],
              [
                114.36262563371595,
                30.534033228983365
              ],
              [
                114.36262178896958,
                30.534092315434766
              ],
              [
                114.36293914979483,
                30.534098640895966
              ],
              [
                114.36323051774836,
                30.534104249373186
              ],
              [
                114.36324651315235,
                30.534124326593183
              ],
              [
                114.3635437066722,
                30.534128375623098
              ],
              [
                114.36357072988648,
                30.534122393414368
              ],
              [
                114.36359355649392,
                30.534107891310555
              ],
              [
                114.36360607781486,
                30.53409074376576
              ],
              [
                114.36361530030882,
                30.534068781253612
              ],
              [
                114.36361431752822,
                30.53404407421312
              ],
              [
                114.36360712686368,
                30.534024140805236
              ],
              [
                114.36359162651559,
                30.53400947181696
              ],
              [
                114.36361455361222,
                30.533994469628173
              ],
              [
                114.36361690763745,
                30.533921971589436
              ],
              [
                114.36349332146862,
                30.53392192954822
              ],
              [
                114.36349229587579,
                30.533956428912624
              ],
              [
                114.36335330343029,
                30.533956001790987
              ],
              [
                114.36335238288936,
                30.53398360071193
              ],
              [
                114.36294223893141,
                30.533978042568155
              ],
              [
                114.3629437360681,
                30.53384443472713
              ],
              [
                114.36290711590809,
                30.533844252233187
              ]
            ]
          ]
        ]
      }
    },
    {
      "type": "Feature",
      "properties": {
        "GM_LAYER": "building",
        "GM_TYPE": "Misc. Manmade Structure",
        "ELEVATION": 0,
        "visible": "true",
        "version": 1,
        "changeset": 7562962,
        "timestamp": "2011-03-15T02:43:08Z",
        "user": "GeoSUN",
        "uid": 414582,
        "covered": null,
        "leisure": null,
        "name": null,
        "sport": null,
        "id": 104219000.0,
        "building": "yes",
        "building_l": 0,
        "height": null,
        "shop": null,
        "landuse": null,
        "addr_city": null,
        "addr_house": null,
        "addr_postc": 0,
        "addr_stree": null,
        "name_en": null,
        "website": null,
        "amenity": null,
        "addr_distr": null,
        "addr_hous1": null,
        "addr_provi": null,
        "int_name": null,
        "natural": null,
        "descriptio": null,
        "cuisine": null,
        "fast_food": null,
        "level": 0,
        "opening_h9": null,
        "designatio": null,
        "layer": 0,
        "area": null,
        "location": null,
        "public_tra": null,
        "railway": null,
        "subway": null,
        "station": null,
        "surface": null,
        "name_zh": null,
        "admin_leve": 0,
        "boundary": null,
        "water": null,
        "place": null,
        "building_p": null,
        "min_height": 0,
        "min": 0,
        "name_zh_H1": null,
        "name_zh_Ha": null,
        "operator": null,
        "operator_t": null,
        "short_name": null,
        "short_nam1": null,
        "short_nam2": null,
        "wikidata": null,
        "wikipedia": null,
        "garden_typ": null,
        "access": null,
        "note": null,
        "female": null,
        "toilets_di": null,
        "male": null,
        "wheelchair": null,
        "alt_name": null,
        "old_name": null,
        "PERIMETER": null,
        "ENCLOSED_A": null
      },
      "geometry": {
        "type": "MultiPolygon",
        "coordinates": [
          [
            [
              [
                114.36360020603796,
                30.534725888289707
              ],
              [
                114.36376973609534,
                30.534174350238143
              ],
              [
                114.36367038186626,
                30.534148527193935
              ],
              [
                114.36356271543197,
                30.53454320497491
              ],
              [
                114.36354670772383,
                30.53453853425748
              ],
              [
                114.36350095444503,
                30.534702350069775
              ],
              [
                114.36360020603796,
                30.534725888289707
              ]
            ]
          ]
        ]
      }
    },
    {
      "type": "Feature",
      "properties": {
        "GM_LAYER": "building",
        "GM_TYPE": "Misc. Manmade Structure",
        "ELEVATION": 0,
        "visible": "true",
        "version": 1,
        "changeset": 7562962,
        "timestamp": "2011-03-15T02:43:08Z",
        "user": "GeoSUN",
        "uid": 414582,
        "covered": null,
        "leisure": null,
        "name": null,
        "sport": null,
        "id": 104219000.0,
        "building": "yes",
        "building_l": 0,
        "height": null,
        "shop": null,
        "landuse": null,
        "addr_city": null,
        "addr_house": null,
        "addr_postc": 0,
        "addr_stree": null,
        "name_en": null,
        "website": null,
        "amenity": null,
        "addr_distr": null,
        "addr_hous1": null,
        "addr_provi": null,
        "int_name": null,
        "natural": null,
        "descriptio": null,
        "cuisine": null,
        "fast_food": null,
        "level": 0,
        "opening_h9": null,
        "designatio": null,
        "layer": 0,
        "area": null,
        "location": null,
        "public_tra": null,
        "railway": null,
        "subway": null,
        "station": null,
        "surface": null,
        "name_zh": null,
        "admin_leve": 0,
        "boundary": null,
        "water": null,
        "place": null,
        "building_p": null,
        "min_height": 0,
        "min": 0,
        "name_zh_H1": null,
        "name_zh_Ha": null,
        "operator": null,
        "operator_t": null,
        "short_name": null,
        "short_nam1": null,
        "short_nam2": null,
        "wikidata": null,
        "wikipedia": null,
        "garden_typ": null,
        "access": null,
        "note": null,
        "female": null,
        "toilets_di": null,
        "male": null,
        "wheelchair": null,
        "alt_name": null,
        "old_name": null,
        "PERIMETER": null,
        "ENCLOSED_A": null
      },
      "geometry": {
        "type": "MultiPolygon",
        "coordinates": [
          [
            [
              [
                114.37003530485629,
                30.533865514549102
              ],
              [
                114.37000497489322,
                30.533955078827166
              ],
              [
                114.37027581885026,
                30.53402216842343
              ],
              [
                114.37030615081595,
                30.53393259645473
              ],
              [
                114.37003530485629,
                30.533865514549102
              ]
            ]
          ]
        ]
      }
    },
    {
      "type": "Feature",
      "properties": {
        "GM_LAYER": "building",
        "GM_TYPE": "Misc. Manmade Structure",
        "ELEVATION": 0,
        "visible": "true",
        "version": 1,
        "changeset": 7562962,
        "timestamp": "2011-03-15T02:43:08Z",
        "user": "GeoSUN",
        "uid": 414582,
        "covered": null,
        "leisure": null,
        "name": null,
        "sport": null,
        "id": 104219000.0,
        "building": "yes",
        "building_l": 0,
        "height": null,
        "shop": null,
        "landuse": null,
        "addr_city": null,
        "addr_house": null,
        "addr_postc": 0,
        "addr_stree": null,
        "name_en": null,
        "website": null,
        "amenity": null,
        "addr_distr": null,
        "addr_hous1": null,
        "addr_provi": null,
        "int_name": null,
        "natural": null,
        "descriptio": null,
        "cuisine": null,
        "fast_food": null,
        "level": 0,
        "opening_h9": null,
        "designatio": null,
        "layer": 0,
        "area": null,
        "location": null,
        "public_tra": null,
        "railway": null,
        "subway": null,
        "station": null,
        "surface": null,
        "name_zh": null,
        "admin_leve": 0,
        "boundary": null,
        "water": null,
        "place": null,
        "building_p": null,
        "min_height": 0,
        "min": 0,
        "name_zh_H1": null,
        "name_zh_Ha": null,
        "operator": null,
        "operator_t": null,
        "short_name": null,
        "short_nam1": null,
        "short_nam2": null,
        "wikidata": null,
        "wikipedia": null,
        "garden_typ": null,
        "access": null,
        "note": null,
        "female": null,
        "toilets_di": null,
        "male": null,
        "wheelchair": null,
        "alt_name": null,
        "old_name": null,
        "PERIMETER": null,
        "ENCLOSED_A": null
      },
      "geometry": {
        "type": "MultiPolygon",
        "coordinates": [
          [
            [
              [
                114.37004924681003,
                30.53356855642178
              ],
              [
                114.37004327816564,
                30.533647076030014
              ],
              [
                114.37028519935227,
                30.533660009700778
              ],
              [
                114.37029116834641,
                30.533581488752393
              ],
              [
                114.37004924681003,
                30.53356855642178
              ]
            ]
          ]
        ]
      }
    },
    {
      "type": "Feature",
      "properties": {
        "GM_LAYER": "landuse - construction",
        "GM_TYPE": "Unknown Area Type",
        "ELEVATION": 0,
        "visible": "true",
        "version": 2,
        "changeset": 118059411,
        "timestamp": "2022-03-03T15:07:05Z",
        "user": "Wei Yuanbiao",
        "uid": 12389142,
        "covered": null,
        "leisure": null,
        "name": null,
        "sport": null,
        "id": 104219000.0,
        "building": null,
        "building_l": 0,
        "height": null,
        "shop": null,
        "landuse": "construction",
        "addr_city": null,
        "addr_house": null,
        "addr_postc": 0,
        "addr_stree": null,
        "name_en": null,
        "website": null,
        "amenity": null,
        "addr_distr": null,
        "addr_hous1": null,
        "addr_provi": null,
        "int_name": null,
        "natural": null,
        "descriptio": null,
        "cuisine": null,
        "fast_food": null,
        "level": 0,
        "opening_h9": null,
        "designatio": null,
        "layer": 0,
        "area": null,
        "location": null,
        "public_tra": null,
        "railway": null,
        "subway": null,
        "station": null,
        "surface": null,
        "name_zh": null,
        "admin_leve": 0,
        "boundary": null,
        "water": null,
        "place": null,
        "building_p": null,
        "min_height": 0,
        "min": 0,
        "name_zh_H1": null,
        "name_zh_Ha": null,
        "operator": null,
        "operator_t": null,
        "short_name": null,
        "short_nam1": null,
        "short_nam2": null,
        "wikidata": null,
        "wikipedia": null,
        "garden_typ": null,
        "access": null,
        "note": null,
        "female": null,
        "toilets_di": null,
        "male": null,
        "wheelchair": null,
        "alt_name": null,
        "old_name": null,
        "PERIMETER": null,
        "ENCLOSED_A": null
      },
      "geometry": {
        "type": "MultiPolygon",
        "coordinates": [
          [
            [
              [
                114.36151560507464,
                30.534072410219327
              ],
              [
                114.36151206384018,
                30.53520231239572
              ],
              [
                114.36155758999779,
                30.535313510369146
              ],
              [
                114.36164344427789,
                30.535401854120533
              ],
              [
                114.36172922134926,
                30.53546238756946
              ],
              [
                114.36184181507437,
                30.53551397443044
              ],
              [
                114.36195183933572,
                30.53552843042426
              ],
              [
                114.362080696148,
                30.53551298094362
              ],
              [
                114.36219606565044,
                30.5354790376228
              ],
              [
                114.36229534574854,
                30.535426490295713
              ],
              [
                114.36238404649615,
                30.53534377249682
              ],
              [
                114.36245386677487,
                30.535226341325668
              ],
              [
                114.36250010697042,
                30.53439940174675
              ],
              [
                114.36247336113789,
                30.534309147361828
              ],
              [
                114.36243310590861,
                30.5342234192536
              ],
              [
                114.36237683727153,
                30.53414680264388
              ],
              [
                114.362296350812,
                30.534081649562435
              ],
              [
                114.36220254878947,
                30.53403261686813
              ],
              [
                114.36209253440916,
                30.53399508384362
              ],
              [
                114.36196639238536,
                30.53399194862048
              ],
              [
                114.3618564504501,
                30.53400059698312
              ],
              [
                114.36175178599143,
                30.534046170405727
              ],
              [
                114.36159606886056,
                30.534149223285354
              ],
              [
                114.36160682539804,
                30.534075281829633
              ],
              [
                114.36151560507464,
                30.534072410219327
              ]
            ]
          ]
        ]
      }
    },
    {
      "type": "Feature",
      "properties": {
        "GM_LAYER": "building",
        "GM_TYPE": "Misc. Manmade Structure",
        "ELEVATION": 0,
        "visible": "true",
        "version": 1,
        "changeset": 7562962,
        "timestamp": "2011-03-15T02:43:09Z",
        "user": "GeoSUN",
        "uid": 414582,
        "covered": null,
        "leisure": null,
        "name": null,
        "sport": null,
        "id": 104219000.0,
        "building": "yes",
        "building_l": 0,
        "height": null,
        "shop": null,
        "landuse": null,
        "addr_city": null,
        "addr_house": null,
        "addr_postc": 0,
        "addr_stree": null,
        "name_en": null,
        "website": null,
        "amenity": null,
        "addr_distr": null,
        "addr_hous1": null,
        "addr_provi": null,
        "int_name": null,
        "natural": null,
        "descriptio": null,
        "cuisine": null,
        "fast_food": null,
        "level": 0,
        "opening_h9": null,
        "designatio": null,
        "layer": 0,
        "area": null,
        "location": null,
        "public_tra": null,
        "railway": null,
        "subway": null,
        "station": null,
        "surface": null,
        "name_zh": null,
        "admin_leve": 0,
        "boundary": null,
        "water": null,
        "place": null,
        "building_p": null,
        "min_height": 0,
        "min": 0,
        "name_zh_H1": null,
        "name_zh_Ha": null,
        "operator": null,
        "operator_t": null,
        "short_name": null,
        "short_nam1": null,
        "short_nam2": null,
        "wikidata": null,
        "wikipedia": null,
        "garden_typ": null,
        "access": null,
        "note": null,
        "female": null,
        "toilets_di": null,
        "male": null,
        "wheelchair": null,
        "alt_name": null,
        "old_name": null,
        "PERIMETER": null,
        "ENCLOSED_A": null
      },
      "geometry": {
        "type": "MultiPolygon",
        "coordinates": [
          [
            [
              [
                114.36384900788315,
                30.534566321961158
              ],
              [
                114.36395343083113,
                30.534237709359207
              ],
              [
                114.36383395907231,
                30.534209220718594
              ],
              [
                114.36372953926391,
                30.534537821544927
              ],
              [
                114.36384900788315,
                30.534566321961158
              ]
            ]
          ]
        ]
      }
    },
    {
      "type": "Feature",
      "properties": {
        "GM_LAYER": "building - dormitory",
        "GM_TYPE": "Misc. Manmade Structure",
        "ELEVATION": 0,
        "visible": "true",
        "version": 3,
        "changeset": 32356045,
        "timestamp": "2015-07-02T14:57:42Z",
        "user": "SimpleLuke",
        "uid": 2092629,
        "covered": null,
        "leisure": null,
        "name": "C4",
        "sport": null,
        "id": 104219000.0,
        "building": "dormitory",
        "building_l": 0,
        "height": null,
        "shop": null,
        "landuse": null,
        "addr_city": null,
        "addr_house": null,
        "addr_postc": 0,
        "addr_stree": null,
        "name_en": null,
        "website": null,
        "amenity": null,
        "addr_distr": null,
        "addr_hous1": null,
        "addr_provi": null,
        "int_name": null,
        "natural": null,
        "descriptio": null,
        "cuisine": null,
        "fast_food": null,
        "level": 0,
        "opening_h9": null,
        "designatio": null,
        "layer": 0,
        "area": null,
        "location": null,
        "public_tra": null,
        "railway": null,
        "subway": null,
        "station": null,
        "surface": null,
        "name_zh": null,
        "admin_leve": 0,
        "boundary": null,
        "water": null,
        "place": null,
        "building_p": null,
        "min_height": 0,
        "min": 0,
        "name_zh_H1": null,
        "name_zh_Ha": null,
        "operator": null,
        "operator_t": null,
        "short_name": null,
        "short_nam1": null,
        "short_nam2": null,
        "wikidata": null,
        "wikipedia": null,
        "garden_typ": null,
        "access": null,
        "note": null,
        "female": null,
        "toilets_di": null,
        "male": null,
        "wheelchair": null,
        "alt_name": null,
        "old_name": null,
        "PERIMETER": null,
        "ENCLOSED_A": null
      },
      "geometry": {
        "type": "MultiPolygon",
        "coordinates": [
          [
            [
              [
                114.36116264083196,
                30.533648777771077
              ],
              [
                114.36115091590233,
                30.533820820057365
              ],
              [
                114.36175982634533,
                30.533855097346592
              ],
              [
                114.36177155304256,
                30.533683048554618
              ],
              [
                114.36116264083196,
                30.533648777771077
              ]
            ]
          ]
        ]
      }
    },
    {
      "type": "Feature",
      "properties": {
        "GM_LAYER": "building",
        "GM_TYPE": "Misc. Manmade Structure",
        "ELEVATION": 0,
        "visible": "true",
        "version": 3,
        "changeset": 83714870,
        "timestamp": "2020-04-17T15:28:59Z",
        "user": "Maps Man",
        "uid": 10216874,
        "covered": null,
        "leisure": null,
        "name": null,
        "sport": null,
        "id": 104219000.0,
        "building": "yes",
        "building_l": 0,
        "height": null,
        "shop": null,
        "landuse": null,
        "addr_city": null,
        "addr_house": null,
        "addr_postc": 0,
        "addr_stree": null,
        "name_en": null,
        "website": null,
        "amenity": null,
        "addr_distr": null,
        "addr_hous1": null,
        "addr_provi": null,
        "int_name": null,
        "natural": null,
        "descriptio": null,
        "cuisine": null,
        "fast_food": null,
        "level": 0,
        "opening_h9": null,
        "designatio": null,
        "layer": 0,
        "area": null,
        "location": null,
        "public_tra": null,
        "railway": null,
        "subway": null,
        "station": null,
        "surface": null,
        "name_zh": null,
        "admin_leve": 0,
        "boundary": null,
        "water": null,
        "place": null,
        "building_p": null,
        "min_height": 0,
        "min": 0,
        "name_zh_H1": null,
        "name_zh_Ha": null,
        "operator": null,
        "operator_t": null,
        "short_name": null,
        "short_nam1": null,
        "short_nam2": null,
        "wikidata": null,
        "wikipedia": null,
        "garden_typ": null,
        "access": null,
        "note": null,
        "female": null,
        "toilets_di": null,
        "male": null,
        "wheelchair": null,
        "alt_name": null,
        "old_name": null,
        "PERIMETER": null,
        "ENCLOSED_A": null
      },
      "geometry": {
        "type": "MultiPolygon",
        "coordinates": [
          [
            [
              [
                114.37073615205435,
                30.536534677773513
              ],
              [
                114.37075756682879,
                30.536578528538104
              ],
              [
                114.37088680222666,
                30.536536494640615
              ],
              [
                114.37137349730357,
                30.536378197145073
              ],
              [
                114.37142196965127,
                30.53631104120282
              ],
              [
                114.37138437716345,
                30.536184045973968
              ],
              [
                114.37102498461083,
                30.535045983099092
              ],
              [
                114.37096042077631,
                30.535060059638933
              ],
              [
                114.37132523385368,
                30.53618192623313
              ],
              [
                114.37134930001736,
                30.53629966398107
              ],
              [
                114.37132781087047,
                30.536345933439996
              ],
              [
                114.37073615205435,
                30.536534677773513
              ]
            ]
          ]
        ]
      }
    },
    {
      "type": "Feature",
      "properties": {
        "GM_LAYER": "building",
        "GM_TYPE": "Misc. Manmade Structure",
        "ELEVATION": 0,
        "visible": "true",
        "version": 2,
        "changeset": 20863012,
        "timestamp": "2014-03-02T12:12:17Z",
        "user": "wantmore",
        "uid": 1962091,
        "covered": null,
        "leisure": null,
        "name": "黄焖鸡",
        "sport": null,
        "id": 104219000.0,
        "building": "yes",
        "building_l": 0,
        "height": null,
        "shop": null,
        "landuse": null,
        "addr_city": null,
        "addr_house": null,
        "addr_postc": 0,
        "addr_stree": null,
        "name_en": null,
        "website": null,
        "amenity": null,
        "addr_distr": null,
        "addr_hous1": null,
        "addr_provi": null,
        "int_name": null,
        "natural": null,
        "descriptio": null,
        "cuisine": null,
        "fast_food": null,
        "level": 0,
        "opening_h9": null,
        "designatio": null,
        "layer": 0,
        "area": null,
        "location": null,
        "public_tra": null,
        "railway": null,
        "subway": null,
        "station": null,
        "surface": null,
        "name_zh": null,
        "admin_leve": 0,
        "boundary": null,
        "water": null,
        "place": null,
        "building_p": null,
        "min_height": 0,
        "min": 0,
        "name_zh_H1": null,
        "name_zh_Ha": null,
        "operator": null,
        "operator_t": null,
        "short_name": null,
        "short_nam1": null,
        "short_nam2": null,
        "wikidata": null,
        "wikipedia": null,
        "garden_typ": null,
        "access": null,
        "note": null,
        "female": null,
        "toilets_di": null,
        "male": null,
        "wheelchair": null,
        "alt_name": null,
        "old_name": null,
        "PERIMETER": null,
        "ENCLOSED_A": null
      },
      "geometry": {
        "type": "MultiPolygon",
        "coordinates": [
          [
            [
              [
                114.37032819298952,
                30.534080566621267
              ],
              [
                114.3703171030583,
                30.53417039933787
              ],
              [
                114.37028363080596,
                30.53416746805388
              ],
              [
                114.37027395160615,
                30.534246696251746
              ],
              [
                114.37052519914691,
                30.534268956993497
              ],
              [
                114.37053518085932,
                30.53418802566457
              ],
              [
                114.37050411231442,
                30.534185295855742
              ],
              [
                114.37051500112354,
                30.534097061837933
              ],
              [
                114.37032819298952,
                30.534080566621267
              ]
            ]
          ]
        ]
      }
    },
    {
      "type": "Feature",
      "properties": {
        "GM_LAYER": "building",
        "GM_TYPE": "Misc. Manmade Structure",
        "ELEVATION": 0,
        "visible": "true",
        "version": 1,
        "changeset": 7562962,
        "timestamp": "2011-03-15T02:43:10Z",
        "user": "GeoSUN",
        "uid": 414582,
        "covered": null,
        "leisure": null,
        "name": null,
        "sport": null,
        "id": 104219000.0,
        "building": "yes",
        "building_l": 0,
        "height": null,
        "shop": null,
        "landuse": null,
        "addr_city": null,
        "addr_house": null,
        "addr_postc": 0,
        "addr_stree": null,
        "name_en": null,
        "website": null,
        "amenity": null,
        "addr_distr": null,
        "addr_hous1": null,
        "addr_provi": null,
        "int_name": null,
        "natural": null,
        "descriptio": null,
        "cuisine": null,
        "fast_food": null,
        "level": 0,
        "opening_h9": null,
        "designatio": null,
        "layer": 0,
        "area": null,
        "location": null,
        "public_tra": null,
        "railway": null,
        "subway": null,
        "station": null,
        "surface": null,
        "name_zh": null,
        "admin_leve": 0,
        "boundary": null,
        "water": null,
        "place": null,
        "building_p": null,
        "min_height": 0,
        "min": 0,
        "name_zh_H1": null,
        "name_zh_Ha": null,
        "operator": null,
        "operator_t": null,
        "short_name": null,
        "short_nam1": null,
        "short_nam2": null,
        "wikidata": null,
        "wikipedia": null,
        "garden_typ": null,
        "access": null,
        "note": null,
        "female": null,
        "toilets_di": null,
        "male": null,
        "wheelchair": null,
        "alt_name": null,
        "old_name": null,
        "PERIMETER": null,
        "ENCLOSED_A": null
      },
      "geometry": {
        "type": "MultiPolygon",
        "coordinates": [
          [
            [
              [
                114.37001245582793,
                30.5328671427201
              ],
              [
                114.36995231088603,
                30.53288975129952
              ],
              [
                114.37014616643523,
                30.533272041721496
              ],
              [
                114.37020641446891,
                30.53324942198667
              ],
              [
                114.37001245582793,
                30.5328671427201
              ]
            ]
          ]
        ]
      }
    },
    {
      "type": "Feature",
      "properties": {
        "GM_LAYER": "building",
        "GM_TYPE": "Misc. Manmade Structure",
        "ELEVATION": 0,
        "visible": "true",
        "version": 2,
        "changeset": 118023811,
        "timestamp": "2022-03-02T15:23:46Z",
        "user": "WHY_in_WHU",
        "uid": 15192601,
        "covered": null,
        "leisure": null,
        "name": null,
        "sport": null,
        "id": 104219000.0,
        "building": "yes",
        "building_l": 0,
        "height": null,
        "shop": null,
        "landuse": null,
        "addr_city": null,
        "addr_house": null,
        "addr_postc": 0,
        "addr_stree": null,
        "name_en": null,
        "website": null,
        "amenity": null,
        "addr_distr": null,
        "addr_hous1": null,
        "addr_provi": null,
        "int_name": null,
        "natural": null,
        "descriptio": null,
        "cuisine": null,
        "fast_food": null,
        "level": 0,
        "opening_h9": null,
        "designatio": null,
        "layer": 0,
        "area": null,
        "location": null,
        "public_tra": null,
        "railway": null,
        "subway": null,
        "station": null,
        "surface": null,
        "name_zh": null,
        "admin_leve": 0,
        "boundary": null,
        "water": null,
        "place": null,
        "building_p": null,
        "min_height": 0,
        "min": 0,
        "name_zh_H1": null,
        "name_zh_Ha": null,
        "operator": null,
        "operator_t": null,
        "short_name": null,
        "short_nam1": null,
        "short_nam2": null,
        "wikidata": null,
        "wikipedia": null,
        "garden_typ": null,
        "access": null,
        "note": null,
        "female": null,
        "toilets_di": null,
        "male": null,
        "wheelchair": null,
        "alt_name": null,
        "old_name": null,
        "PERIMETER": null,
        "ENCLOSED_A": null
      },
      "geometry": {
        "type": "MultiPolygon",
        "coordinates": [
          [
            [
              [
                114.36381248294983,
                30.534154125855437
              ],
              [
                114.36399304554128,
                30.5339855390678
              ],
              [
                114.36399524538753,
                30.533849432347704
              ],
              [
                114.36389486752643,
                30.533847929179153
              ],
              [
                114.36389507313244,
                30.53397914492189
              ],
              [
                114.36376437725207,
                30.53411232086827
              ],
              [
                114.36381248294983,
                30.534154125855437
              ]
            ]
          ]
        ]
      }
    },
    {
      "type": "Feature",
      "properties": {
        "GM_LAYER": "building",
        "GM_TYPE": "Misc. Manmade Structure",
        "ELEVATION": 0,
        "visible": "true",
        "version": 1,
        "changeset": 7562962,
        "timestamp": "2011-03-15T02:43:10Z",
        "user": "GeoSUN",
        "uid": 414582,
        "covered": null,
        "leisure": null,
        "name": null,
        "sport": null,
        "id": 104219000.0,
        "building": "yes",
        "building_l": 0,
        "height": null,
        "shop": null,
        "landuse": null,
        "addr_city": null,
        "addr_house": null,
        "addr_postc": 0,
        "addr_stree": null,
        "name_en": null,
        "website": null,
        "amenity": null,
        "addr_distr": null,
        "addr_hous1": null,
        "addr_provi": null,
        "int_name": null,
        "natural": null,
        "descriptio": null,
        "cuisine": null,
        "fast_food": null,
        "level": 0,
        "opening_h9": null,
        "designatio": null,
        "layer": 0,
        "area": null,
        "location": null,
        "public_tra": null,
        "railway": null,
        "subway": null,
        "station": null,
        "surface": null,
        "name_zh": null,
        "admin_leve": 0,
        "boundary": null,
        "water": null,
        "place": null,
        "building_p": null,
        "min_height": 0,
        "min": 0,
        "name_zh_H1": null,
        "name_zh_Ha": null,
        "operator": null,
        "operator_t": null,
        "short_name": null,
        "short_nam1": null,
        "short_nam2": null,
        "wikidata": null,
        "wikipedia": null,
        "garden_typ": null,
        "access": null,
        "note": null,
        "female": null,
        "toilets_di": null,
        "male": null,
        "wheelchair": null,
        "alt_name": null,
        "old_name": null,
        "PERIMETER": null,
        "ENCLOSED_A": null
      },
      "geometry": {
        "type": "MultiPolygon",
        "coordinates": [
          [
            [
              [
                114.36311952617345,
                30.533860494846902
              ],
              [
                114.36364946892371,
                30.53386920597172
              ],
              [
                114.36365448721084,
                30.53356869288426
              ],
              [
                114.36312454373898,
                30.533560084154896
              ],
              [
                114.36311952617345,
                30.533860494846902
              ]
            ]
          ]
        ]
      }
    },
    {
      "type": "Feature",
      "properties": {
        "GM_LAYER": "building - dormitory",
        "GM_TYPE": "Misc. Manmade Structure",
        "ELEVATION": 0,
        "visible": "true",
        "version": 6,
        "changeset": 32356045,
        "timestamp": "2015-07-02T14:57:42Z",
        "user": "SimpleLuke",
        "uid": 2092629,
        "covered": null,
        "leisure": null,
        "name": "国软C3",
        "sport": null,
        "id": 104219000.0,
        "building": "dormitory",
        "building_l": 7,
        "height": null,
        "shop": null,
        "landuse": null,
        "addr_city": "Wuhan",
        "addr_house": null,
        "addr_postc": 0,
        "addr_stree": "LuoYu Road",
        "name_en": "C3 Wuhan University Student Accommodation",
        "website": null,
        "amenity": null,
        "addr_distr": null,
        "addr_hous1": null,
        "addr_provi": null,
        "int_name": null,
        "natural": null,
        "descriptio": null,
        "cuisine": null,
        "fast_food": null,
        "level": 0,
        "opening_h9": null,
        "designatio": null,
        "layer": 0,
        "area": null,
        "location": null,
        "public_tra": null,
        "railway": null,
        "subway": null,
        "station": null,
        "surface": null,
        "name_zh": null,
        "admin_leve": 0,
        "boundary": null,
        "water": null,
        "place": null,
        "building_p": null,
        "min_height": 0,
        "min": 0,
        "name_zh_H1": null,
        "name_zh_Ha": null,
        "operator": null,
        "operator_t": null,
        "short_name": null,
        "short_nam1": null,
        "short_nam2": null,
        "wikidata": null,
        "wikipedia": null,
        "garden_typ": null,
        "access": null,
        "note": null,
        "female": null,
        "toilets_di": null,
        "male": null,
        "wheelchair": null,
        "alt_name": null,
        "old_name": null,
        "PERIMETER": null,
        "ENCLOSED_A": null
      },
      "geometry": {
        "type": "MultiPolygon",
        "coordinates": [
          [
            [
              [
                114.36120109894132,
                30.53329238979567
              ],
              [
                114.36118217720463,
                30.533460984964297
              ],
              [
                114.36180190196069,
                30.53348610908766
              ],
              [
                114.36181201707974,
                30.533327051200427
              ],
              [
                114.36120109894132,
                30.53329238979567
              ]
            ]
          ]
        ]
      }
    },
    {
      "type": "Feature",
      "properties": {
        "GM_LAYER": "leisure - pitch",
        "GM_TYPE": "Misc. Manmade Structure",
        "ELEVATION": 0,
        "visible": "true",
        "version": 1,
        "changeset": 7562962,
        "timestamp": "2011-03-15T02:43:11Z",
        "user": "GeoSUN",
        "uid": 414582,
        "covered": null,
        "leisure": "pitch",
        "name": null,
        "sport": null,
        "id": 104219000.0,
        "building": null,
        "building_l": 0,
        "height": null,
        "shop": null,
        "landuse": null,
        "addr_city": null,
        "addr_house": null,
        "addr_postc": 0,
        "addr_stree": null,
        "name_en": null,
        "website": null,
        "amenity": null,
        "addr_distr": null,
        "addr_hous1": null,
        "addr_provi": null,
        "int_name": null,
        "natural": null,
        "descriptio": null,
        "cuisine": null,
        "fast_food": null,
        "level": 0,
        "opening_h9": null,
        "designatio": null,
        "layer": 0,
        "area": null,
        "location": null,
        "public_tra": null,
        "railway": null,
        "subway": null,
        "station": null,
        "surface": null,
        "name_zh": null,
        "admin_leve": 0,
        "boundary": null,
        "water": null,
        "place": null,
        "building_p": null,
        "min_height": 0,
        "min": 0,
        "name_zh_H1": null,
        "name_zh_Ha": null,
        "operator": null,
        "operator_t": null,
        "short_name": null,
        "short_nam1": null,
        "short_nam2": null,
        "wikidata": null,
        "wikipedia": null,
        "garden_typ": null,
        "access": null,
        "note": null,
        "female": null,
        "toilets_di": null,
        "male": null,
        "wheelchair": null,
        "alt_name": null,
        "old_name": null,
        "PERIMETER": null,
        "ENCLOSED_A": null
      },
      "geometry": {
        "type": "MultiPolygon",
        "coordinates": [
          [
            [
              [
                114.36105079666791,
                30.53491507329883
              ],
              [
                114.36142085529195,
                30.53492220316244
              ],
              [
                114.36143597963442,
                30.534082606390697
              ],
              [
                114.3610660196774,
                30.534075482106964
              ],
              [
                114.36105079666791,
                30.53491507329883
              ]
            ]
          ]
        ]
      }
    },
    {
      "type": "Feature",
      "properties": {
        "GM_LAYER": "leisure - pitch",
        "GM_TYPE": "Misc. Manmade Structure",
        "ELEVATION": 0,
        "visible": "true",
        "version": 3,
        "changeset": 118133253,
        "timestamp": "2022-03-05T16:48:25Z",
        "user": "whu131",
        "uid": 15239342,
        "covered": null,
        "leisure": "pitch",
        "name": "篮球场",
        "sport": "basketball",
        "id": 104219000.0,
        "building": null,
        "building_l": 0,
        "height": null,
        "shop": null,
        "landuse": null,
        "addr_city": null,
        "addr_house": null,
        "addr_postc": 0,
        "addr_stree": null,
        "name_en": null,
        "website": null,
        "amenity": null,
        "addr_distr": null,
        "addr_hous1": null,
        "addr_provi": null,
        "int_name": null,
        "natural": null,
        "descriptio": null,
        "cuisine": null,
        "fast_food": null,
        "level": 0,
        "opening_h9": null,
        "designatio": null,
        "layer": 0,
        "area": null,
        "location": null,
        "public_tra": null,
        "railway": null,
        "subway": null,
        "station": null,
        "surface": null,
        "name_zh": null,
        "admin_leve": 0,
        "boundary": null,
        "water": null,
        "place": null,
        "building_p": null,
        "min_height": 0,
        "min": 0,
        "name_zh_H1": null,
        "name_zh_Ha": null,
        "operator": null,
        "operator_t": null,
        "short_name": null,
        "short_nam1": null,
        "short_nam2": null,
        "wikidata": null,
        "wikipedia": null,
        "garden_typ": null,
        "access": null,
        "note": null,
        "female": null,
        "toilets_di": null,
        "male": null,
        "wheelchair": null,
        "alt_name": null,
        "old_name": null,
        "PERIMETER": null,
        "ENCLOSED_A": null
      },
      "geometry": {
        "type": "MultiPolygon",
        "coordinates": [
          [
            [
              [
                114.368328785245,
                30.534886233838947
              ],
              [
                114.36853705785586,
                30.53489147410995
              ],
              [
                114.36854862335971,
                30.53456353543217
              ],
              [
                114.36834035016447,
                30.534558297396828
              ],
              [
                114.368328785245,
                30.534886233838947
              ]
            ]
          ]
        ]
      }
    },
    {
      "type": "Feature",
      "properties": {
        "GM_LAYER": "building - university",
        "GM_TYPE": "Misc. Manmade Structure",
        "ELEVATION": 0,
        "visible": "true",
        "version": 2,
        "changeset": 120659211,
        "timestamp": "2022-05-07T09:16:53Z",
        "user": "636663",
        "uid": 15396410,
        "covered": null,
        "leisure": null,
        "name": "地球空间环境与大地测量研究室",
        "sport": null,
        "id": 104219000.0,
        "building": "university",
        "building_l": 0,
        "height": null,
        "shop": null,
        "landuse": null,
        "addr_city": null,
        "addr_house": null,
        "addr_postc": 0,
        "addr_stree": null,
        "name_en": null,
        "website": null,
        "amenity": null,
        "addr_distr": null,
        "addr_hous1": null,
        "addr_provi": null,
        "int_name": null,
        "natural": null,
        "descriptio": null,
        "cuisine": null,
        "fast_food": null,
        "level": 0,
        "opening_h9": null,
        "designatio": null,
        "layer": 0,
        "area": null,
        "location": null,
        "public_tra": null,
        "railway": null,
        "subway": null,
        "station": null,
        "surface": null,
        "name_zh": null,
        "admin_leve": 0,
        "boundary": null,
        "water": null,
        "place": null,
        "building_p": null,
        "min_height": 0,
        "min": 0,
        "name_zh_H1": null,
        "name_zh_Ha": null,
        "operator": null,
        "operator_t": null,
        "short_name": null,
        "short_nam1": null,
        "short_nam2": null,
        "wikidata": null,
        "wikipedia": null,
        "garden_typ": null,
        "access": null,
        "note": null,
        "female": null,
        "toilets_di": null,
        "male": null,
        "wheelchair": null,
        "alt_name": null,
        "old_name": null,
        "PERIMETER": null,
        "ENCLOSED_A": null
      },
      "geometry": {
        "type": "MultiPolygon",
        "coordinates": [
          [
            [
              [
                114.36873005709593,
                30.53562555481837
              ],
              [
                114.36872728841287,
                30.53570776441597
              ],
              [
                114.36915700656259,
                30.53571783189284
              ],
              [
                114.3691597755301,
                30.535635621195855
              ],
              [
                114.36873005709593,
                30.53562555481837
              ]
            ]
          ]
        ]
      }
    },
    {
      "type": "Feature",
      "properties": {
        "GM_LAYER": "natural - wood",
        "GM_TYPE": "Wooded Area",
        "ELEVATION": 0,
        "visible": "true",
        "version": 11,
        "changeset": 133829447,
        "timestamp": "2023-03-18T16:18:49Z",
        "user": "hhh@@",
        "uid": 18759919,
        "covered": null,
        "leisure": null,
        "name": null,
        "sport": null,
        "id": 104219000.0,
        "building": null,
        "building_l": 0,
        "height": null,
        "shop": null,
        "landuse": null,
        "addr_city": null,
        "addr_house": null,
        "addr_postc": 0,
        "addr_stree": null,
        "name_en": null,
        "website": null,
        "amenity": null,
        "addr_distr": null,
        "addr_hous1": null,
        "addr_provi": null,
        "int_name": null,
        "natural": "wood",
        "descriptio": null,
        "cuisine": null,
        "fast_food": null,
        "level": 0,
        "opening_h9": null,
        "designatio": null,
        "layer": 0,
        "area": null,
        "location": null,
        "public_tra": null,
        "railway": null,
        "subway": null,
        "station": null,
        "surface": null,
        "name_zh": null,
        "admin_leve": 0,
        "boundary": null,
        "water": null,
        "place": null,
        "building_p": null,
        "min_height": 0,
        "min": 0,
        "name_zh_H1": null,
        "name_zh_Ha": null,
        "operator": null,
        "operator_t": null,
        "short_name": null,
        "short_nam1": null,
        "short_nam2": null,
        "wikidata": null,
        "wikipedia": null,
        "garden_typ": null,
        "access": null,
        "note": null,
        "female": null,
        "toilets_di": null,
        "male": null,
        "wheelchair": null,
        "alt_name": null,
        "old_name": null,
        "PERIMETER": null,
        "ENCLOSED_A": null
      },
      "geometry": {
        "type": "MultiPolygon",
        "coordinates": [
          [
            [
              [
                114.36824780889474,
                30.534929650544033
              ],
              [
                114.36698786242212,
                30.534929931360264
              ],
              [
                114.3669865244069,
                30.53524216198746
              ],
              [
                114.3669864022323,
                30.53527106479076
              ],
              [
                114.36698543035068,
                30.535493986191128
              ],
              [
                114.36698493982273,
                30.53561069728388
              ],
              [
                114.36698372450688,
                30.535886223056337
              ],
              [
                114.36698360570888,
                30.535910125254453
              ],
              [
                114.36698237116796,
                30.536207152535432
              ],
              [
                114.36706018690806,
                30.53620733526656
              ],
              [
                114.36796613048801,
                30.53621567122347
              ],
              [
                114.36824070968817,
                30.536211777661826
              ],
              [
                114.3687122694257,
                30.53620862077128
              ],
              [
                114.3692633478622,
                30.53606395529752
              ],
              [
                114.3694061493183,
                30.53578876486439
              ],
              [
                114.36941701946652,
                30.53493996760804
              ],
              [
                114.36925669823545,
                30.534938652024216
              ],
              [
                114.36865424250821,
                30.534933426283317
              ],
              [
                114.36824780889474,
                30.534929650544033
              ]
            ]
          ]
        ]
      }
    },
    {
      "type": "Feature",
      "properties": {
        "GM_LAYER": "leisure - pitch",
        "GM_TYPE": "Misc. Manmade Structure",
        "ELEVATION": 0,
        "visible": "true",
        "version": 2,
        "changeset": 15191965,
        "timestamp": "2013-02-28T01:01:12Z",
        "user": "卢巍(Wei Lu)",
        "uid": 1242426,
        "covered": null,
        "leisure": "pitch",
        "name": "网球场",
        "sport": "tennis",
        "id": 104219000.0,
        "building": null,
        "building_l": 0,
        "height": null,
        "shop": null,
        "landuse": null,
        "addr_city": null,
        "addr_house": null,
        "addr_postc": 0,
        "addr_stree": null,
        "name_en": null,
        "website": null,
        "amenity": null,
        "addr_distr": null,
        "addr_hous1": null,
        "addr_provi": null,
        "int_name": null,
        "natural": null,
        "descriptio": null,
        "cuisine": null,
        "fast_food": null,
        "level": 0,
        "opening_h9": null,
        "designatio": null,
        "layer": 0,
        "area": null,
        "location": null,
        "public_tra": null,
        "railway": null,
        "subway": null,
        "station": null,
        "surface": null,
        "name_zh": null,
        "admin_leve": 0,
        "boundary": null,
        "water": null,
        "place": null,
        "building_p": null,
        "min_height": 0,
        "min": 0,
        "name_zh_H1": null,
        "name_zh_Ha": null,
        "operator": null,
        "operator_t": null,
        "short_name": null,
        "short_nam1": null,
        "short_nam2": null,
        "wikidata": null,
        "wikipedia": null,
        "garden_typ": null,
        "access": null,
        "note": null,
        "female": null,
        "toilets_di": null,
        "male": null,
        "wheelchair": null,
        "alt_name": null,
        "old_name": null,
        "PERIMETER": null,
        "ENCLOSED_A": null
      },
      "geometry": {
        "type": "MultiPolygon",
        "coordinates": [
          [
            [
              [
                114.368872161606,
                30.53410890768001
              ],
              [
                114.36887411545027,
                30.534586057122496
              ],
              [
                114.36927720351834,
                30.534584193201795
              ],
              [
                114.36927524944223,
                30.534107044656434
              ],
              [
                114.368872161606,
                30.53410890768001
              ]
            ]
          ]
        ]
      }
    },
    {
      "type": "Feature",
      "properties": {
        "GM_LAYER": "building",
        "GM_TYPE": "Misc. Manmade Structure",
        "ELEVATION": 0,
        "visible": "true",
        "version": 2,
        "changeset": 118115821,
        "timestamp": "2022-03-05T07:06:15Z",
        "user": "宋你一个小丸子",
        "uid": 15234607,
        "covered": null,
        "leisure": null,
        "name": "测绘学院-测量仪器陈列馆",
        "sport": null,
        "id": 104219000.0,
        "building": "yes",
        "building_l": 0,
        "height": null,
        "shop": null,
        "landuse": null,
        "addr_city": null,
        "addr_house": null,
        "addr_postc": 0,
        "addr_stree": null,
        "name_en": null,
        "website": null,
        "amenity": null,
        "addr_distr": null,
        "addr_hous1": null,
        "addr_provi": null,
        "int_name": null,
        "natural": null,
        "descriptio": null,
        "cuisine": null,
        "fast_food": null,
        "level": 0,
        "opening_h9": null,
        "designatio": null,
        "layer": 0,
        "area": null,
        "location": null,
        "public_tra": null,
        "railway": null,
        "subway": null,
        "station": null,
        "surface": null,
        "name_zh": null,
        "admin_leve": 0,
        "boundary": null,
        "water": null,
        "place": null,
        "building_p": null,
        "min_height": 0,
        "min": 0,
        "name_zh_H1": null,
        "name_zh_Ha": null,
        "operator": null,
        "operator_t": null,
        "short_name": null,
        "short_nam1": null,
        "short_nam2": null,
        "wikidata": null,
        "wikipedia": null,
        "garden_typ": null,
        "access": null,
        "note": null,
        "female": null,
        "toilets_di": null,
        "male": null,
        "wheelchair": null,
        "alt_name": null,
        "old_name": null,
        "PERIMETER": null,
        "ENCLOSED_A": null
      },
      "geometry": {
        "type": "MultiPolygon",
        "coordinates": [
          [
            [
              [
                114.36874414845504,
                30.53501578580604
              ],
              [
                114.36874057250574,
                30.535107497209342
              ],
              [
                114.36913381985777,
                30.535118095132365
              ],
              [
                114.36913729594866,
                30.535026382520975
              ],
              [
                114.36874414845504,
                30.53501578580604
              ]
            ]
          ]
        ]
      }
    },
    {
      "type": "Feature",
      "properties": {
        "GM_LAYER": "leisure - pitch",
        "GM_TYPE": "Misc. Manmade Structure",
        "ELEVATION": 0,
        "visible": "true",
        "version": 2,
        "changeset": 15191965,
        "timestamp": "2013-02-28T01:01:12Z",
        "user": "卢巍(Wei Lu)",
        "uid": 1242426,
        "covered": null,
        "leisure": "pitch",
        "name": "排球场",
        "sport": "排球",
        "id": 104219000.0,
        "building": null,
        "building_l": 0,
        "height": null,
        "shop": null,
        "landuse": null,
        "addr_city": null,
        "addr_house": null,
        "addr_postc": 0,
        "addr_stree": null,
        "name_en": null,
        "website": null,
        "amenity": null,
        "addr_distr": null,
        "addr_hous1": null,
        "addr_provi": null,
        "int_name": null,
        "natural": null,
        "descriptio": null,
        "cuisine": null,
        "fast_food": null,
        "level": 0,
        "opening_h9": null,
        "designatio": null,
        "layer": 0,
        "area": null,
        "location": null,
        "public_tra": null,
        "railway": null,
        "subway": null,
        "station": null,
        "surface": null,
        "name_zh": null,
        "admin_leve": 0,
        "boundary": null,
        "water": null,
        "place": null,
        "building_p": null,
        "min_height": 0,
        "min": 0,
        "name_zh_H1": null,
        "name_zh_Ha": null,
        "operator": null,
        "operator_t": null,
        "short_name": null,
        "short_nam1": null,
        "short_nam2": null,
        "wikidata": null,
        "wikipedia": null,
        "garden_typ": null,
        "access": null,
        "note": null,
        "female": null,
        "toilets_di": null,
        "male": null,
        "wheelchair": null,
        "alt_name": null,
        "old_name": null,
        "PERIMETER": null,
        "ENCLOSED_A": null
      },
      "geometry": {
        "type": "MultiPolygon",
        "coordinates": [
          [
            [
              [
                114.36833096065234,
                30.53438568093351
              ],
              [
                114.36832804305301,
                30.534538197672838
              ],
              [
                114.36880892215476,
                30.53454479707558
              ],
              [
                114.36881194027946,
                30.534392278996524
              ],
              [
                114.36833096065234,
                30.53438568093351
              ]
            ]
          ]
        ]
      }
    },
    {
      "type": "Feature",
      "properties": {
        "GM_LAYER": "building",
        "GM_TYPE": "Misc. Manmade Structure",
        "ELEVATION": 0,
        "visible": "true",
        "version": 1,
        "changeset": 7562962,
        "timestamp": "2011-03-15T02:54:30Z",
        "user": "GeoSUN",
        "uid": 414582,
        "covered": null,
        "leisure": null,
        "name": null,
        "sport": null,
        "id": 104219000.0,
        "building": "yes",
        "building_l": 0,
        "height": null,
        "shop": null,
        "landuse": null,
        "addr_city": null,
        "addr_house": null,
        "addr_postc": 0,
        "addr_stree": null,
        "name_en": null,
        "website": null,
        "amenity": null,
        "addr_distr": null,
        "addr_hous1": null,
        "addr_provi": null,
        "int_name": null,
        "natural": null,
        "descriptio": null,
        "cuisine": null,
        "fast_food": null,
        "level": 0,
        "opening_h9": null,
        "designatio": null,
        "layer": 0,
        "area": null,
        "location": null,
        "public_tra": null,
        "railway": null,
        "subway": null,
        "station": null,
        "surface": null,
        "name_zh": null,
        "admin_leve": 0,
        "boundary": null,
        "water": null,
        "place": null,
        "building_p": null,
        "min_height": 0,
        "min": 0,
        "name_zh_H1": null,
        "name_zh_Ha": null,
        "operator": null,
        "operator_t": null,
        "short_name": null,
        "short_nam1": null,
        "short_nam2": null,
        "wikidata": null,
        "wikipedia": null,
        "garden_typ": null,
        "access": null,
        "note": null,
        "female": null,
        "toilets_di": null,
        "male": null,
        "wheelchair": null,
        "alt_name": null,
        "old_name": null,
        "PERIMETER": null,
        "ENCLOSED_A": null
      },
      "geometry": {
        "type": "MultiPolygon",
        "coordinates": [
          [
            [
              [
                114.3698231565706,
                30.533717561430617
              ],
              [
                114.36982084575112,
                30.533585250458838
              ],
              [
                114.3698899933694,
                30.533584236821614
              ],
              [
                114.36988758263988,
                30.533450625885074
              ],
              [
                114.36937942264501,
                30.533458254135372
              ],
              [
                114.36938144446846,
                30.533574664816456
              ],
              [
                114.36976353628705,
                30.53356903930812
              ],
              [
                114.36976526878976,
                30.533669247770447
              ],
              [
                114.36947135664316,
                30.533673664807058
              ],
              [
                114.36947222342104,
                30.53372276914741
              ],
              [
                114.3698231565706,
                30.533717561430617
              ]
            ]
          ]
        ]
      }
    },
    {
      "type": "Feature",
      "properties": {
        "GM_LAYER": "building",
        "GM_TYPE": "Misc. Manmade Structure",
        "ELEVATION": 0,
        "visible": "true",
        "version": 1,
        "changeset": 7562962,
        "timestamp": "2011-03-15T02:54:30Z",
        "user": "GeoSUN",
        "uid": 414582,
        "covered": null,
        "leisure": null,
        "name": null,
        "sport": null,
        "id": 104219000.0,
        "building": "yes",
        "building_l": 0,
        "height": null,
        "shop": null,
        "landuse": null,
        "addr_city": null,
        "addr_house": null,
        "addr_postc": 0,
        "addr_stree": null,
        "name_en": null,
        "website": null,
        "amenity": null,
        "addr_distr": null,
        "addr_hous1": null,
        "addr_provi": null,
        "int_name": null,
        "natural": null,
        "descriptio": null,
        "cuisine": null,
        "fast_food": null,
        "level": 0,
        "opening_h9": null,
        "designatio": null,
        "layer": 0,
        "area": null,
        "location": null,
        "public_tra": null,
        "railway": null,
        "subway": null,
        "station": null,
        "surface": null,
        "name_zh": null,
        "admin_leve": 0,
        "boundary": null,
        "water": null,
        "place": null,
        "building_p": null,
        "min_height": 0,
        "min": 0,
        "name_zh_H1": null,
        "name_zh_Ha": null,
        "operator": null,
        "operator_t": null,
        "short_name": null,
        "short_nam1": null,
        "short_nam2": null,
        "wikidata": null,
        "wikipedia": null,
        "garden_typ": null,
        "access": null,
        "note": null,
        "female": null,
        "toilets_di": null,
        "male": null,
        "wheelchair": null,
        "alt_name": null,
        "old_name": null,
        "PERIMETER": null,
        "ENCLOSED_A": null
      },
      "geometry": {
        "type": "MultiPolygon",
        "coordinates": [
          [
            [
              [
                114.36955782097428,
                30.533122688371524
              ],
              [
                114.36956186588287,
                30.53335700969568
              ],
              [
                114.36975607205181,
                30.53335412669036
              ],
              [
                114.36975096750355,
                30.533058000631932
              ],
              [
                114.3694013428368,
                30.533063082580682
              ],
              [
                114.36940240217835,
                30.53312488845464
              ],
              [
                114.36955782097428,
                30.533122688371524
              ]
            ]
          ]
        ]
      }
    },
    {
      "type": "Feature",
      "properties": {
        "GM_LAYER": "leisure - pitch",
        "GM_TYPE": "Misc. Manmade Structure",
        "ELEVATION": 0,
        "visible": "true",
        "version": 2,
        "changeset": 15191965,
        "timestamp": "2013-02-28T01:01:12Z",
        "user": "卢巍(Wei Lu)",
        "uid": 1242426,
        "covered": null,
        "leisure": "pitch",
        "name": "篮球场",
        "sport": "basketball",
        "id": 104219000.0,
        "building": null,
        "building_l": 0,
        "height": null,
        "shop": null,
        "landuse": null,
        "addr_city": null,
        "addr_house": null,
        "addr_postc": 0,
        "addr_stree": null,
        "name_en": null,
        "website": null,
        "amenity": null,
        "addr_distr": null,
        "addr_hous1": null,
        "addr_provi": null,
        "int_name": null,
        "natural": null,
        "descriptio": null,
        "cuisine": null,
        "fast_food": null,
        "level": 0,
        "opening_h9": null,
        "designatio": null,
        "layer": 0,
        "area": null,
        "location": null,
        "public_tra": null,
        "railway": null,
        "subway": null,
        "station": null,
        "surface": null,
        "name_zh": null,
        "admin_leve": 0,
        "boundary": null,
        "water": null,
        "place": null,
        "building_p": null,
        "min_height": 0,
        "min": 0,
        "name_zh_H1": null,
        "name_zh_Ha": null,
        "operator": null,
        "operator_t": null,
        "short_name": null,
        "short_nam1": null,
        "short_nam2": null,
        "wikidata": null,
        "wikipedia": null,
        "garden_typ": null,
        "access": null,
        "note": null,
        "female": null,
        "toilets_di": null,
        "male": null,
        "wheelchair": null,
        "alt_name": null,
        "old_name": null,
        "PERIMETER": null,
        "ENCLOSED_A": null
      },
      "geometry": {
        "type": "MultiPolygon",
        "coordinates": [
          [
            [
              [
                114.36834090675208,
                30.5343470748584
              ],
              [
                114.3685867531843,
                30.53434669652108
              ],
              [
                114.36858619193667,
                30.533739030515754
              ],
              [
                114.36834034556604,
                30.53373940860517
              ],
              [
                114.36834090675208,
                30.5343470748584
              ]
            ]
          ]
        ]
      }
    },
    {
      "type": "Feature",
      "properties": {
        "GM_LAYER": "building",
        "GM_TYPE": "Misc. Manmade Structure",
        "ELEVATION": 0,
        "visible": "true",
        "version": 1,
        "changeset": 7562962,
        "timestamp": "2011-03-15T02:54:30Z",
        "user": "GeoSUN",
        "uid": 414582,
        "covered": null,
        "leisure": null,
        "name": null,
        "sport": null,
        "id": 104219000.0,
        "building": "yes",
        "building_l": 0,
        "height": null,
        "shop": null,
        "landuse": null,
        "addr_city": null,
        "addr_house": null,
        "addr_postc": 0,
        "addr_stree": null,
        "name_en": null,
        "website": null,
        "amenity": null,
        "addr_distr": null,
        "addr_hous1": null,
        "addr_provi": null,
        "int_name": null,
        "natural": null,
        "descriptio": null,
        "cuisine": null,
        "fast_food": null,
        "level": 0,
        "opening_h9": null,
        "designatio": null,
        "layer": 0,
        "area": null,
        "location": null,
        "public_tra": null,
        "railway": null,
        "subway": null,
        "station": null,
        "surface": null,
        "name_zh": null,
        "admin_leve": 0,
        "boundary": null,
        "water": null,
        "place": null,
        "building_p": null,
        "min_height": 0,
        "min": 0,
        "name_zh_H1": null,
        "name_zh_Ha": null,
        "operator": null,
        "operator_t": null,
        "short_name": null,
        "short_nam1": null,
        "short_nam2": null,
        "wikidata": null,
        "wikipedia": null,
        "garden_typ": null,
        "access": null,
        "note": null,
        "female": null,
        "toilets_di": null,
        "male": null,
        "wheelchair": null,
        "alt_name": null,
        "old_name": null,
        "PERIMETER": null,
        "ENCLOSED_A": null
      },
      "geometry": {
        "type": "MultiPolygon",
        "coordinates": [
          [
            [
              [
                114.36945948282401,
                30.534021618123603
              ],
              [
                114.36945890540751,
                30.534126830227247
              ],
              [
                114.36998430528106,
                30.534127934143307
              ],
              [
                114.3699848827617,
                30.534022721796763
              ],
              [
                114.36945948282401,
                30.534021618123603
              ]
            ]
          ]
        ]
      }
    },
    {
      "type": "Feature",
      "properties": {
        "GM_LAYER": "building - stadium",
        "GM_TYPE": "Misc. Manmade Structure",
        "ELEVATION": 0,
        "visible": "true",
        "version": 4,
        "changeset": 66467926,
        "timestamp": "2019-01-20T04:54:29Z",
        "user": "samsung galaxy s6",
        "uid": 3691120,
        "covered": null,
        "leisure": null,
        "name": "武汉大学信息学部体育馆",
        "sport": null,
        "id": 104219000.0,
        "building": "stadium",
        "building_l": 1,
        "height": null,
        "shop": null,
        "landuse": null,
        "addr_city": null,
        "addr_house": null,
        "addr_postc": 0,
        "addr_stree": null,
        "name_en": null,
        "website": null,
        "amenity": null,
        "addr_distr": null,
        "addr_hous1": null,
        "addr_provi": null,
        "int_name": null,
        "natural": null,
        "descriptio": null,
        "cuisine": null,
        "fast_food": null,
        "level": 0,
        "opening_h9": null,
        "designatio": null,
        "layer": 0,
        "area": null,
        "location": null,
        "public_tra": null,
        "railway": null,
        "subway": null,
        "station": null,
        "surface": null,
        "name_zh": null,
        "admin_leve": 0,
        "boundary": null,
        "water": null,
        "place": null,
        "building_p": null,
        "min_height": 0,
        "min": 0,
        "name_zh_H1": null,
        "name_zh_Ha": null,
        "operator": null,
        "operator_t": null,
        "short_name": null,
        "short_nam1": null,
        "short_nam2": null,
        "wikidata": null,
        "wikipedia": null,
        "garden_typ": null,
        "access": null,
        "note": null,
        "female": null,
        "toilets_di": null,
        "male": null,
        "wheelchair": null,
        "alt_name": null,
        "old_name": null,
        "PERIMETER": null,
        "ENCLOSED_A": null
      },
      "geometry": {
        "type": "MultiPolygon",
        "coordinates": [
          [
            [
              [
                114.36860289666961,
                30.534327987360687
              ],
              [
                114.36883222371017,
                30.534330959070108
              ],
              [
                114.36884430358278,
                30.533698781976966
              ],
              [
                114.36890431746602,
                30.533699539460624
              ],
              [
                114.36890556568949,
                30.533635131347882
              ],
              [
                114.36856072230016,
                30.533630629167515
              ],
              [
                114.36855926388439,
                30.533708938526917
              ],
              [
                114.36861476558255,
                30.533709714432014
              ],
              [
                114.36860289666961,
                30.534327987360687
              ]
            ]
          ]
        ]
      }
    },
    {
      "type": "Feature",
      "properties": {
        "GM_LAYER": "building",
        "GM_TYPE": "Misc. Manmade Structure",
        "ELEVATION": 0,
        "visible": "true",
        "version": 1,
        "changeset": 7562962,
        "timestamp": "2011-03-15T02:54:31Z",
        "user": "GeoSUN",
        "uid": 414582,
        "covered": null,
        "leisure": null,
        "name": null,
        "sport": null,
        "id": 104219000.0,
        "building": "yes",
        "building_l": 0,
        "height": null,
        "shop": null,
        "landuse": null,
        "addr_city": null,
        "addr_house": null,
        "addr_postc": 0,
        "addr_stree": null,
        "name_en": null,
        "website": null,
        "amenity": null,
        "addr_distr": null,
        "addr_hous1": null,
        "addr_provi": null,
        "int_name": null,
        "natural": null,
        "descriptio": null,
        "cuisine": null,
        "fast_food": null,
        "level": 0,
        "opening_h9": null,
        "designatio": null,
        "layer": 0,
        "area": null,
        "location": null,
        "public_tra": null,
        "railway": null,
        "subway": null,
        "station": null,
        "surface": null,
        "name_zh": null,
        "admin_leve": 0,
        "boundary": null,
        "water": null,
        "place": null,
        "building_p": null,
        "min_height": 0,
        "min": 0,
        "name_zh_H1": null,
        "name_zh_Ha": null,
        "operator": null,
        "operator_t": null,
        "short_name": null,
        "short_nam1": null,
        "short_nam2": null,
        "wikidata": null,
        "wikipedia": null,
        "garden_typ": null,
        "access": null,
        "note": null,
        "female": null,
        "toilets_di": null,
        "male": null,
        "wheelchair": null,
        "alt_name": null,
        "old_name": null,
        "PERIMETER": null,
        "ENCLOSED_A": null
      },
      "geometry": {
        "type": "MultiPolygon",
        "coordinates": [
          [
            [
              [
                114.36872803474088,
                30.535778870884226
              ],
              [
                114.36872748331572,
                30.535843777464617
              ],
              [
                114.36906031817605,
                30.53584543457712
              ],
              [
                114.3690608696418,
                30.535780527840483
              ],
              [
                114.36872803474088,
                30.535778870884226
              ]
            ]
          ]
        ]
      }
    },
    {
      "type": "Feature",
      "properties": {
        "GM_LAYER": "building - dormitory",
        "GM_TYPE": "Misc. Manmade Structure",
        "ELEVATION": 0,
        "visible": "true",
        "version": 4,
        "changeset": 118123123,
        "timestamp": "2022-03-05T11:41:00Z",
        "user": "红心柚柚子",
        "uid": 15194206,
        "covered": null,
        "leisure": null,
        "name": "学生宿舍11栋",
        "sport": null,
        "id": 104372000.0,
        "building": "dormitory",
        "building_l": 0,
        "height": null,
        "shop": null,
        "landuse": null,
        "addr_city": null,
        "addr_house": null,
        "addr_postc": 0,
        "addr_stree": null,
        "name_en": null,
        "website": null,
        "amenity": null,
        "addr_distr": null,
        "addr_hous1": null,
        "addr_provi": null,
        "int_name": null,
        "natural": null,
        "descriptio": null,
        "cuisine": null,
        "fast_food": null,
        "level": 0,
        "opening_h9": null,
        "designatio": null,
        "layer": 0,
        "area": null,
        "location": null,
        "public_tra": null,
        "railway": null,
        "subway": null,
        "station": null,
        "surface": null,
        "name_zh": null,
        "admin_leve": 0,
        "boundary": null,
        "water": null,
        "place": null,
        "building_p": null,
        "min_height": 0,
        "min": 0,
        "name_zh_H1": null,
        "name_zh_Ha": null,
        "operator": null,
        "operator_t": null,
        "short_name": null,
        "short_nam1": null,
        "short_nam2": null,
        "wikidata": null,
        "wikipedia": null,
        "garden_typ": null,
        "access": null,
        "note": null,
        "female": null,
        "toilets_di": null,
        "male": null,
        "wheelchair": null,
        "alt_name": null,
        "old_name": null,
        "PERIMETER": null,
        "ENCLOSED_A": null
      },
      "geometry": {
        "type": "MultiPolygon",
        "coordinates": [
          [
            [
              [
                114.36439869241242,
                30.534254300570193
              ],
              [
                114.36489125470112,
                30.534259649224243
              ],
              [
                114.36489242922379,
                30.53415914175384
              ],
              [
                114.36484448179432,
                30.534158591519777
              ],
              [
                114.36483156910566,
                30.53415845068476
              ],
              [
                114.36439986679738,
                30.53415379361107
              ],
              [
                114.36439869241242,
                30.534254300570193
              ]
            ]
          ]
        ]
      }
    },
    {
      "type": "Feature",
      "properties": {
        "GM_LAYER": "building - dormitory",
        "GM_TYPE": "Misc. Manmade Structure",
        "ELEVATION": 0,
        "visible": "true",
        "version": 3,
        "changeset": 48587049,
        "timestamp": "2017-05-11T10:02:36Z",
        "user": "samsung galaxy s6",
        "uid": 3691120,
        "covered": null,
        "leisure": null,
        "name": "学生宿舍12栋",
        "sport": null,
        "id": 104372000.0,
        "building": "dormitory",
        "building_l": 0,
        "height": null,
        "shop": null,
        "landuse": null,
        "addr_city": null,
        "addr_house": null,
        "addr_postc": 0,
        "addr_stree": null,
        "name_en": null,
        "website": null,
        "amenity": null,
        "addr_distr": null,
        "addr_hous1": null,
        "addr_provi": null,
        "int_name": "Student's Dorm No.12",
        "natural": null,
        "descriptio": null,
        "cuisine": null,
        "fast_food": null,
        "level": 0,
        "opening_h9": null,
        "designatio": null,
        "layer": 0,
        "area": null,
        "location": null,
        "public_tra": null,
        "railway": null,
        "subway": null,
        "station": null,
        "surface": null,
        "name_zh": null,
        "admin_leve": 0,
        "boundary": null,
        "water": null,
        "place": null,
        "building_p": null,
        "min_height": 0,
        "min": 0,
        "name_zh_H1": null,
        "name_zh_Ha": null,
        "operator": null,
        "operator_t": null,
        "short_name": null,
        "short_nam1": null,
        "short_nam2": null,
        "wikidata": null,
        "wikipedia": null,
        "garden_typ": null,
        "access": null,
        "note": null,
        "female": null,
        "toilets_di": null,
        "male": null,
        "wheelchair": null,
        "alt_name": null,
        "old_name": null,
        "PERIMETER": null,
        "ENCLOSED_A": null
      },
      "geometry": {
        "type": "MultiPolygon",
        "coordinates": [
          [
            [
              [
                114.3643752599787,
                30.534541947938248
              ],
              [
                114.3648812347524,
                30.534544949188817
              ],
              [
                114.36488172215283,
                30.534427237917452
              ],
              [
                114.36437584748818,
                30.534424137203953
              ],
              [
                114.3643752599787,
                30.534541947938248
              ]
            ]
          ]
        ]
      }
    },
    {
      "type": "Feature",
      "properties": {
        "GM_LAYER": "building - dormitory",
        "GM_TYPE": "Misc. Manmade Structure",
        "ELEVATION": 0,
        "visible": "true",
        "version": 6,
        "changeset": 117810297,
        "timestamp": "2022-02-24T12:25:12Z",
        "user": "mueschel",
        "uid": 616774,
        "covered": null,
        "leisure": null,
        "name": "学生宿舍14栋",
        "sport": null,
        "id": 104372000.0,
        "building": "dormitory",
        "building_l": 7,
        "height": null,
        "shop": null,
        "landuse": null,
        "addr_city": null,
        "addr_house": null,
        "addr_postc": 0,
        "addr_stree": null,
        "name_en": null,
        "website": null,
        "amenity": null,
        "addr_distr": null,
        "addr_hous1": null,
        "addr_provi": null,
        "int_name": null,
        "natural": null,
        "descriptio": "本科的宿舍",
        "cuisine": null,
        "fast_food": null,
        "level": 0,
        "opening_h9": null,
        "designatio": null,
        "layer": 0,
        "area": null,
        "location": null,
        "public_tra": null,
        "railway": null,
        "subway": null,
        "station": null,
        "surface": null,
        "name_zh": null,
        "admin_leve": 0,
        "boundary": null,
        "water": null,
        "place": null,
        "building_p": null,
        "min_height": 0,
        "min": 0,
        "name_zh_H1": null,
        "name_zh_Ha": null,
        "operator": null,
        "operator_t": null,
        "short_name": null,
        "short_nam1": null,
        "short_nam2": null,
        "wikidata": null,
        "wikipedia": null,
        "garden_typ": null,
        "access": null,
        "note": null,
        "female": null,
        "toilets_di": null,
        "male": null,
        "wheelchair": null,
        "alt_name": null,
        "old_name": null,
        "PERIMETER": null,
        "ENCLOSED_A": null
      },
      "geometry": {
        "type": "MultiPolygon",
        "coordinates": [
          [
            [
              [
                114.36435542360161,
                30.535101435976678
              ],
              [
                114.36486520017505,
                30.535104058480723
              ],
              [
                114.36486559926529,
                30.534973346030387
              ],
              [
                114.36435582257597,
                30.534970823676055
              ],
              [
                114.36435542360161,
                30.535101435976678
              ]
            ]
          ]
        ]
      }
    },
    {
      "type": "Feature",
      "properties": {
        "GM_LAYER": "landuse - grass",
        "GM_TYPE": "Unknown Area Type",
        "ELEVATION": 0,
        "visible": "true",
        "version": 2,
        "changeset": 39056682,
        "timestamp": "2016-05-03T01:57:38Z",
        "user": "samsung galaxy s6",
        "uid": 3691120,
        "covered": null,
        "leisure": null,
        "name": null,
        "sport": null,
        "id": 104372000.0,
        "building": null,
        "building_l": 0,
        "height": null,
        "shop": null,
        "landuse": "grass",
        "addr_city": null,
        "addr_house": null,
        "addr_postc": 0,
        "addr_stree": null,
        "name_en": null,
        "website": null,
        "amenity": null,
        "addr_distr": null,
        "addr_hous1": null,
        "addr_provi": null,
        "int_name": null,
        "natural": null,
        "descriptio": null,
        "cuisine": null,
        "fast_food": null,
        "level": 0,
        "opening_h9": null,
        "designatio": null,
        "layer": 0,
        "area": null,
        "location": null,
        "public_tra": null,
        "railway": null,
        "subway": null,
        "station": null,
        "surface": null,
        "name_zh": null,
        "admin_leve": 0,
        "boundary": null,
        "water": null,
        "place": null,
        "building_p": null,
        "min_height": 0,
        "min": 0,
        "name_zh_H1": null,
        "name_zh_Ha": null,
        "operator": null,
        "operator_t": null,
        "short_name": null,
        "short_nam1": null,
        "short_nam2": null,
        "wikidata": null,
        "wikipedia": null,
        "garden_typ": null,
        "access": null,
        "note": null,
        "female": null,
        "toilets_di": null,
        "male": null,
        "wheelchair": null,
        "alt_name": null,
        "old_name": null,
        "PERIMETER": null,
        "ENCLOSED_A": null
      },
      "geometry": {
        "type": "MultiPolygon",
        "coordinates": [
          [
            [
              [
                114.36754098561356,
                30.53259362882276
              ],
              [
                114.36754615968411,
                30.532346701532777
              ],
              [
                114.36748479859173,
                30.532290958346866
              ],
              [
                114.36708177341843,
                30.532292930369636
              ],
              [
                114.3670036052166,
                30.53237015821737
              ],
              [
                114.36700202436454,
                30.53263558901109
              ],
              [
                114.36749438307933,
                30.532634906368223
              ],
              [
                114.36754098561356,
                30.53259362882276
              ]
            ]
          ]
        ]
      }
    },
    {
      "type": "Feature",
      "properties": {
        "GM_LAYER": "amenity - restaurant",
        "GM_TYPE": "Misc. Manmade Structure",
        "ELEVATION": 0,
        "visible": "true",
        "version": 11,
        "changeset": 117940175,
        "timestamp": "2022-02-28T11:20:43Z",
        "user": "红心柚柚子",
        "uid": 15194206,
        "covered": null,
        "leisure": null,
        "name": "信息学部四食堂",
        "sport": null,
        "id": 104372000.0,
        "building": "yes",
        "building_l": 0,
        "height": null,
        "shop": null,
        "landuse": null,
        "addr_city": null,
        "addr_house": null,
        "addr_postc": 0,
        "addr_stree": null,
        "name_en": null,
        "website": null,
        "amenity": "restaurant",
        "addr_distr": null,
        "addr_hous1": null,
        "addr_provi": null,
        "int_name": null,
        "natural": null,
        "descriptio": "一楼只可刷校园卡、二楼可现金购餐票",
        "cuisine": "chinese",
        "fast_food": "cafeteria",
        "level": 2,
        "opening_h9": "Mo-Su 07:00-22:00",
        "designatio": null,
        "layer": 0,
        "area": null,
        "location": null,
        "public_tra": null,
        "railway": null,
        "subway": null,
        "station": null,
        "surface": null,
        "name_zh": null,
        "admin_leve": 0,
        "boundary": null,
        "water": null,
        "place": null,
        "building_p": null,
        "min_height": 0,
        "min": 0,
        "name_zh_H1": null,
        "name_zh_Ha": null,
        "operator": null,
        "operator_t": null,
        "short_name": null,
        "short_nam1": null,
        "short_nam2": null,
        "wikidata": null,
        "wikipedia": null,
        "garden_typ": null,
        "access": null,
        "note": null,
        "female": null,
        "toilets_di": null,
        "male": null,
        "wheelchair": null,
        "alt_name": null,
        "old_name": null,
        "PERIMETER": null,
        "ENCLOSED_A": null
      },
      "geometry": {
        "type": "MultiPolygon",
        "coordinates": [
          [
            [
              [
                114.36496142273691,
                30.53398853493729
              ],
              [
                114.36510429090005,
                30.533960456763676
              ],
              [
                114.36512343252593,
                30.533930708871658
              ],
              [
                114.3651847040065,
                30.5339218830194
              ],
              [
                114.36521476997588,
                30.53387506236672
              ],
              [
                114.36521584158993,
                30.53377685424302
              ],
              [
                114.36508680558683,
                30.533775384879412
              ],
              [
                114.36508503205893,
                30.533735775182173
              ],
              [
                114.36501616156997,
                30.533734271305168
              ],
              [
                114.3650163504107,
                30.53360985761342
              ],
              [
                114.36501649951477,
                30.53354085010066
              ],
              [
                114.36510389032821,
                30.533541107823986
              ],
              [
                114.3651018175194,
                30.533499596994165
              ],
              [
                114.36521884379515,
                30.533497130556658
              ],
              [
                114.36522400839706,
                30.533413435270116
              ],
              [
                114.36521403043729,
                30.53336680192809
              ],
              [
                114.3651459756816,
                30.533341206067824
              ],
              [
                114.36514519736356,
                30.533309100074266
              ],
              [
                114.36504729327719,
                30.533311014971467
              ],
              [
                114.36504883028124,
                30.533260413573213
              ],
              [
                114.36490057752673,
                30.53326226445168
              ],
              [
                114.36475733662735,
                30.53326131018785
              ],
              [
                114.36465063320767,
                30.5332627592822
              ],
              [
                114.36464878833361,
                30.53318124346845
              ],
              [
                114.36434240615417,
                30.53318517477405
              ],
              [
                114.36435122421808,
                30.534015402818866
              ],
              [
                114.36476010443218,
                30.53401320566388
              ],
              [
                114.36476115732981,
                30.533941400993868
              ],
              [
                114.36485032739935,
                30.533965788394433
              ],
              [
                114.36496142273691,
                30.53398853493729
              ]
            ]
          ]
        ]
      }
    },
    {
      "type": "Feature",
      "properties": {
        "GM_LAYER": "landuse - grass",
        "GM_TYPE": "Unknown Area Type",
        "ELEVATION": 0,
        "visible": "true",
        "version": 2,
        "changeset": 39056682,
        "timestamp": "2016-05-03T01:57:38Z",
        "user": "samsung galaxy s6",
        "uid": 3691120,
        "covered": null,
        "leisure": null,
        "name": null,
        "sport": null,
        "id": 104372000.0,
        "building": null,
        "building_l": 0,
        "height": null,
        "shop": null,
        "landuse": "grass",
        "addr_city": null,
        "addr_house": null,
        "addr_postc": 0,
        "addr_stree": null,
        "name_en": null,
        "website": null,
        "amenity": null,
        "addr_distr": null,
        "addr_hous1": null,
        "addr_provi": null,
        "int_name": null,
        "natural": null,
        "descriptio": null,
        "cuisine": null,
        "fast_food": null,
        "level": 0,
        "opening_h9": null,
        "designatio": null,
        "layer": 0,
        "area": null,
        "location": null,
        "public_tra": null,
        "railway": null,
        "subway": null,
        "station": null,
        "surface": null,
        "name_zh": null,
        "admin_leve": 0,
        "boundary": null,
        "water": null,
        "place": null,
        "building_p": null,
        "min_height": 0,
        "min": 0,
        "name_zh_H1": null,
        "name_zh_Ha": null,
        "operator": null,
        "operator_t": null,
        "short_name": null,
        "short_nam1": null,
        "short_nam2": null,
        "wikidata": null,
        "wikipedia": null,
        "garden_typ": null,
        "access": null,
        "note": null,
        "female": null,
        "toilets_di": null,
        "male": null,
        "wheelchair": null,
        "alt_name": null,
        "old_name": null,
        "PERIMETER": null,
        "ENCLOSED_A": null
      },
      "geometry": {
        "type": "MultiPolygon",
        "coordinates": [
          [
            [
              [
                114.36768888691297,
                30.532353472810854
              ],
              [
                114.36768602093164,
                30.53259370094719
              ],
              [
                114.36772535689714,
                30.532636122160813
              ],
              [
                114.36815258021569,
                30.53263820152285
              ],
              [
                114.36822344531315,
                30.532577690438664
              ],
              [
                114.36822892542165,
                30.532323458928776
              ],
              [
                114.36814841198837,
                30.532281858126616
              ],
              [
                114.36775884679484,
                30.53228649193454
              ],
              [
                114.36768888691297,
                30.532353472810854
              ]
            ]
          ]
        ]
      }
    },
    {
      "type": "Feature",
      "properties": {
        "GM_LAYER": "landuse - grass",
        "GM_TYPE": "Unknown Area Type",
        "ELEVATION": 0,
        "visible": "true",
        "version": 5,
        "changeset": 53332871,
        "timestamp": "2017-10-29T05:44:22Z",
        "user": "FlyingXiang",
        "uid": 1018672,
        "covered": null,
        "leisure": null,
        "name": null,
        "sport": null,
        "id": 104372000.0,
        "building": null,
        "building_l": 0,
        "height": null,
        "shop": null,
        "landuse": "grass",
        "addr_city": null,
        "addr_house": null,
        "addr_postc": 0,
        "addr_stree": null,
        "name_en": null,
        "website": null,
        "amenity": null,
        "addr_distr": null,
        "addr_hous1": null,
        "addr_provi": null,
        "int_name": null,
        "natural": null,
        "descriptio": null,
        "cuisine": null,
        "fast_food": null,
        "level": 0,
        "opening_h9": null,
        "designatio": null,
        "layer": 0,
        "area": null,
        "location": null,
        "public_tra": null,
        "railway": null,
        "subway": null,
        "station": null,
        "surface": null,
        "name_zh": null,
        "admin_leve": 0,
        "boundary": null,
        "water": null,
        "place": null,
        "building_p": null,
        "min_height": 0,
        "min": 0,
        "name_zh_H1": null,
        "name_zh_Ha": null,
        "operator": null,
        "operator_t": null,
        "short_name": null,
        "short_nam1": null,
        "short_nam2": null,
        "wikidata": null,
        "wikipedia": null,
        "garden_typ": null,
        "access": null,
        "note": null,
        "female": null,
        "toilets_di": null,
        "male": null,
        "wheelchair": null,
        "alt_name": null,
        "old_name": null,
        "PERIMETER": null,
        "ENCLOSED_A": null
      },
      "geometry": {
        "type": "MultiPolygon",
        "coordinates": [
          [
            [
              [
                114.36776649816717,
                30.53222818741744
              ],
              [
                114.3677978457845,
                30.53223489877527
              ],
              [
                114.36817529723477,
                30.53222415023271
              ],
              [
                114.36820486131045,
                30.532205646310832
              ],
              [
                114.36819551671299,
                30.531634974678397
              ],
              [
                114.3681674208062,
                30.531707685344955
              ],
              [
                114.36810427827035,
                30.531758292010387
              ],
              [
                114.36797161315626,
                30.531815687282883
              ],
              [
                114.3678471865415,
                30.53184096387155
              ],
              [
                114.367869317832,
                30.532003390288548
              ],
              [
                114.36779268008738,
                30.532018069984353
              ],
              [
                114.36772827298722,
                30.532018747096505
              ],
              [
                114.36773402552757,
                30.532105460208097
              ],
              [
                114.36775274967445,
                30.532115768483457
              ],
              [
                114.36775318924829,
                30.532208380201773
              ],
              [
                114.36776649816717,
                30.53222818741744
              ]
            ]
          ]
        ]
      }
    },
    {
      "type": "Feature",
      "properties": {
        "GM_LAYER": "building",
        "GM_TYPE": "Misc. Manmade Structure",
        "ELEVATION": 0,
        "visible": "true",
        "version": 2,
        "changeset": 13007185,
        "timestamp": "2012-09-06T08:53:55Z",
        "user": "wangwang",
        "uid": 862495,
        "covered": null,
        "leisure": null,
        "name": "澡堂",
        "sport": null,
        "id": 104372000.0,
        "building": "yes",
        "building_l": 0,
        "height": null,
        "shop": null,
        "landuse": null,
        "addr_city": null,
        "addr_house": null,
        "addr_postc": 0,
        "addr_stree": null,
        "name_en": null,
        "website": null,
        "amenity": null,
        "addr_distr": null,
        "addr_hous1": null,
        "addr_provi": null,
        "int_name": null,
        "natural": null,
        "descriptio": null,
        "cuisine": null,
        "fast_food": null,
        "level": 0,
        "opening_h9": null,
        "designatio": null,
        "layer": 0,
        "area": null,
        "location": null,
        "public_tra": null,
        "railway": null,
        "subway": null,
        "station": null,
        "surface": null,
        "name_zh": null,
        "admin_leve": 0,
        "boundary": null,
        "water": null,
        "place": null,
        "building_p": null,
        "min_height": 0,
        "min": 0,
        "name_zh_H1": null,
        "name_zh_Ha": null,
        "operator": null,
        "operator_t": null,
        "short_name": null,
        "short_nam1": null,
        "short_nam2": null,
        "wikidata": null,
        "wikipedia": null,
        "garden_typ": null,
        "access": null,
        "note": null,
        "female": null,
        "toilets_di": null,
        "male": null,
        "wheelchair": null,
        "alt_name": null,
        "old_name": null,
        "PERIMETER": null,
        "ENCLOSED_A": null
      },
      "geometry": {
        "type": "MultiPolygon",
        "coordinates": [
          [
            [
              [
                114.36507798802016,
                30.534338721965682
              ],
              [
                114.36507702556527,
                30.534557742971554
              ],
              [
                114.36520406067523,
                30.534557107611377
              ],
              [
                114.36519931688446,
                30.53433827048315
              ],
              [
                114.36507798802016,
                30.534338721965682
              ]
            ]
          ]
        ]
      }
    },
    {
      "type": "Feature",
      "properties": {
        "GM_LAYER": "building - dormitory",
        "GM_TYPE": "Misc. Manmade Structure",
        "ELEVATION": 0,
        "visible": "true",
        "version": 5,
        "changeset": 26354770,
        "timestamp": "2014-10-27T02:54:59Z",
        "user": "大头雨",
        "uid": 2029988,
        "covered": null,
        "leisure": null,
        "name": "学生宿舍4栋",
        "sport": null,
        "id": 104372000.0,
        "building": "dormitory",
        "building_l": 0,
        "height": null,
        "shop": null,
        "landuse": null,
        "addr_city": null,
        "addr_house": null,
        "addr_postc": 0,
        "addr_stree": null,
        "name_en": null,
        "website": null,
        "amenity": null,
        "addr_distr": null,
        "addr_hous1": null,
        "addr_provi": null,
        "int_name": null,
        "natural": null,
        "descriptio": null,
        "cuisine": null,
        "fast_food": null,
        "level": 0,
        "opening_h9": null,
        "designatio": null,
        "layer": 0,
        "area": null,
        "location": null,
        "public_tra": null,
        "railway": null,
        "subway": null,
        "station": null,
        "surface": null,
        "name_zh": null,
        "admin_leve": 0,
        "boundary": null,
        "water": null,
        "place": null,
        "building_p": null,
        "min_height": 0,
        "min": 0,
        "name_zh_H1": null,
        "name_zh_Ha": null,
        "operator": null,
        "operator_t": null,
        "short_name": null,
        "short_nam1": null,
        "short_nam2": null,
        "wikidata": null,
        "wikipedia": null,
        "garden_typ": null,
        "access": null,
        "note": null,
        "female": null,
        "toilets_di": null,
        "male": null,
        "wheelchair": null,
        "alt_name": null,
        "old_name": null,
        "PERIMETER": null,
        "ENCLOSED_A": null
      },
      "geometry": {
        "type": "MultiPolygon",
        "coordinates": [
          [
            [
              [
                114.36608798645513,
                30.53497656078012
              ],
              [
                114.36608866555405,
                30.53513777883208
              ],
              [
                114.36677629606135,
                30.535139399599775
              ],
              [
                114.36677902141601,
                30.53497858655019
              ],
              [
                114.36608798645513,
                30.53497656078012
              ]
            ]
          ]
        ]
      }
    },
    {
      "type": "Feature",
      "properties": {
        "GM_LAYER": "leisure - pitch",
        "GM_TYPE": "Misc. Manmade Structure",
        "ELEVATION": 0,
        "visible": "true",
        "version": 6,
        "changeset": 118059411,
        "timestamp": "2022-03-03T15:07:05Z",
        "user": "Wei Yuanbiao",
        "uid": 12389142,
        "covered": null,
        "leisure": "pitch",
        "name": "篮球场+羽毛球场+乒乓球场+排球场",
        "sport": null,
        "id": 104372000.0,
        "building": null,
        "building_l": 0,
        "height": null,
        "shop": null,
        "landuse": null,
        "addr_city": null,
        "addr_house": null,
        "addr_postc": 0,
        "addr_stree": null,
        "name_en": null,
        "website": null,
        "amenity": null,
        "addr_distr": null,
        "addr_hous1": null,
        "addr_provi": null,
        "int_name": null,
        "natural": null,
        "descriptio": null,
        "cuisine": null,
        "fast_food": null,
        "level": 0,
        "opening_h9": null,
        "designatio": null,
        "layer": 0,
        "area": null,
        "location": null,
        "public_tra": null,
        "railway": null,
        "subway": null,
        "station": null,
        "surface": null,
        "name_zh": null,
        "admin_leve": 0,
        "boundary": null,
        "water": null,
        "place": null,
        "building_p": null,
        "min_height": 0,
        "min": 0,
        "name_zh_H1": null,
        "name_zh_Ha": null,
        "operator": null,
        "operator_t": null,
        "short_name": null,
        "short_nam1": null,
        "short_nam2": null,
        "wikidata": null,
        "wikipedia": null,
        "garden_typ": null,
        "access": null,
        "note": null,
        "female": null,
        "toilets_di": null,
        "male": null,
        "wheelchair": null,
        "alt_name": null,
        "old_name": null,
        "PERIMETER": null,
        "ENCLOSED_A": null
      },
      "geometry": {
        "type": "MultiPolygon",
        "coordinates": [
          [
            [
              [
                114.36435002331504,
                30.535227329542234
              ],
              [
                114.36435696093683,
                30.535836216758117
              ],
              [
                114.36464942961739,
                30.53583463448287
              ],
              [
                114.36474722416887,
                30.535833656483927
              ],
              [
                114.36481599141365,
                30.53583367749629
              ],
              [
                114.36480915304611,
                30.53522479385917
              ],
              [
                114.36435002331504,
                30.535227329542234
              ]
            ]
          ]
        ]
      }
    },
    {
      "type": "Feature",
      "properties": {
        "GM_LAYER": "building - dormitory",
        "GM_TYPE": "Misc. Manmade Structure",
        "ELEVATION": 0,
        "visible": "true",
        "version": 3,
        "changeset": 25879259,
        "timestamp": "2014-10-05T16:21:09Z",
        "user": "SimpleLuke",
        "uid": 2092629,
        "covered": null,
        "leisure": null,
        "name": "学生宿舍3栋",
        "sport": null,
        "id": 104372000.0,
        "building": "dormitory",
        "building_l": 0,
        "height": null,
        "shop": null,
        "landuse": null,
        "addr_city": null,
        "addr_house": null,
        "addr_postc": 0,
        "addr_stree": null,
        "name_en": null,
        "website": null,
        "amenity": null,
        "addr_distr": null,
        "addr_hous1": null,
        "addr_provi": null,
        "int_name": null,
        "natural": null,
        "descriptio": null,
        "cuisine": null,
        "fast_food": null,
        "level": 0,
        "opening_h9": null,
        "designatio": null,
        "layer": 0,
        "area": null,
        "location": null,
        "public_tra": null,
        "railway": null,
        "subway": null,
        "station": null,
        "surface": null,
        "name_zh": null,
        "admin_leve": 0,
        "boundary": null,
        "water": null,
        "place": null,
        "building_p": null,
        "min_height": 0,
        "min": 0,
        "name_zh_H1": null,
        "name_zh_Ha": null,
        "operator": null,
        "operator_t": null,
        "short_name": null,
        "short_nam1": null,
        "short_nam2": null,
        "wikidata": null,
        "wikipedia": null,
        "garden_typ": null,
        "access": null,
        "note": null,
        "female": null,
        "toilets_di": null,
        "male": null,
        "wheelchair": null,
        "alt_name": null,
        "old_name": null,
        "PERIMETER": null,
        "ENCLOSED_A": null
      },
      "geometry": {
        "type": "MultiPolygon",
        "coordinates": [
          [
            [
              [
                114.3660861130666,
                30.534804639076313
              ],
              [
                114.36678055177173,
                30.534807770719212
              ],
              [
                114.36678306780509,
                30.53465695807738
              ],
              [
                114.36608622564407,
                30.534653823311622
              ],
              [
                114.3660861130666,
                30.534804639076313
              ]
            ]
          ]
        ]
      }
    },
    {
      "type": "Feature",
      "properties": {
        "GM_LAYER": "building - dormitory",
        "GM_TYPE": "Misc. Manmade Structure",
        "ELEVATION": 0,
        "visible": "true",
        "version": 5,
        "changeset": 89880829,
        "timestamp": "2020-08-24T23:31:52Z",
        "user": "FJTB",
        "uid": 11703521,
        "covered": null,
        "leisure": null,
        "name": "学生宿舍13栋",
        "sport": null,
        "id": 104372000.0,
        "building": "dormitory",
        "building_l": 7,
        "height": null,
        "shop": null,
        "landuse": null,
        "addr_city": null,
        "addr_house": null,
        "addr_postc": 0,
        "addr_stree": null,
        "name_en": null,
        "website": null,
        "amenity": null,
        "addr_distr": null,
        "addr_hous1": "信息学部13栋",
        "addr_provi": null,
        "int_name": null,
        "natural": null,
        "descriptio": null,
        "cuisine": null,
        "fast_food": null,
        "level": 0,
        "opening_h9": null,
        "designatio": null,
        "layer": 0,
        "area": null,
        "location": null,
        "public_tra": null,
        "railway": null,
        "subway": null,
        "station": null,
        "surface": null,
        "name_zh": null,
        "admin_leve": 0,
        "boundary": null,
        "water": null,
        "place": null,
        "building_p": null,
        "min_height": 0,
        "min": 0,
        "name_zh_H1": null,
        "name_zh_Ha": null,
        "operator": null,
        "operator_t": null,
        "short_name": null,
        "short_nam1": null,
        "short_nam2": null,
        "wikidata": null,
        "wikipedia": null,
        "garden_typ": null,
        "access": null,
        "note": null,
        "female": null,
        "toilets_di": null,
        "male": null,
        "wheelchair": null,
        "alt_name": null,
        "old_name": null,
        "PERIMETER": null,
        "ENCLOSED_A": null
      },
      "geometry": {
        "type": "MultiPolygon",
        "coordinates": [
          [
            [
              [
                114.36434062805219,
                30.534812551717298
              ],
              [
                114.36485740840826,
                30.534817103794825
              ],
              [
                114.36485840354425,
                30.53469099345359
              ],
              [
                114.3643417231563,
                30.534686442176568
              ],
              [
                114.36434062805219,
                30.534812551717298
              ]
            ]
          ]
        ]
      }
    },
    {
      "type": "Feature",
      "properties": {
        "GM_LAYER": "landuse - grass",
        "GM_TYPE": "Unknown Area Type",
        "ELEVATION": 0,
        "visible": "true",
        "version": 5,
        "changeset": 53332871,
        "timestamp": "2017-10-29T05:44:22Z",
        "user": "FlyingXiang",
        "uid": 1018672,
        "covered": null,
        "leisure": null,
        "name": null,
        "sport": null,
        "id": 104372000.0,
        "building": null,
        "building_l": 0,
        "height": null,
        "shop": null,
        "landuse": "grass",
        "addr_city": null,
        "addr_house": null,
        "addr_postc": 0,
        "addr_stree": null,
        "name_en": null,
        "website": null,
        "amenity": null,
        "addr_distr": null,
        "addr_hous1": null,
        "addr_provi": null,
        "int_name": null,
        "natural": null,
        "descriptio": null,
        "cuisine": null,
        "fast_food": null,
        "level": 0,
        "opening_h9": null,
        "designatio": "vegetation",
        "layer": 0,
        "area": null,
        "location": null,
        "public_tra": null,
        "railway": null,
        "subway": null,
        "station": null,
        "surface": null,
        "name_zh": null,
        "admin_leve": 0,
        "boundary": null,
        "water": null,
        "place": null,
        "building_p": null,
        "min_height": 0,
        "min": 0,
        "name_zh_H1": null,
        "name_zh_Ha": null,
        "operator": null,
        "operator_t": null,
        "short_name": null,
        "short_nam1": null,
        "short_nam2": null,
        "wikidata": null,
        "wikipedia": null,
        "garden_typ": null,
        "access": null,
        "note": null,
        "female": null,
        "toilets_di": null,
        "male": null,
        "wheelchair": null,
        "alt_name": null,
        "old_name": null,
        "PERIMETER": null,
        "ENCLOSED_A": null
      },
      "geometry": {
        "type": "MultiPolygon",
        "coordinates": [
          [
            [
              [
                114.36707679154257,
                30.53164154262327
              ],
              [
                114.36704612315819,
                30.531676515634995
              ],
              [
                114.36704074814216,
                30.532238481436003
              ],
              [
                114.36746840817008,
                30.532237241372034
              ],
              [
                114.3675090764477,
                30.532232065828662
              ],
              [
                114.36753322665334,
                30.532214677819283
              ],
              [
                114.36753078279047,
                30.532123765056916
              ],
              [
                114.36755282735483,
                30.532109875801183
              ],
              [
                114.36755358940958,
                30.532017264574325
              ],
              [
                114.3674852847669,
                30.532010023503723
              ],
              [
                114.367422993358,
                30.531998681545208
              ],
              [
                114.36745975862702,
                30.531834385026066
              ],
              [
                114.36735911504715,
                30.53181111223997
              ],
              [
                114.36725497055468,
                30.531784426341858
              ],
              [
                114.36717347027945,
                30.531746349635764
              ],
              [
                114.36710519607408,
                30.531700978713225
              ],
              [
                114.36707679154257,
                30.53164154262327
              ]
            ]
          ]
        ]
      }
    },
    {
      "type": "Feature",
      "properties": {
        "GM_LAYER": "building",
        "GM_TYPE": "Misc. Manmade Structure",
        "ELEVATION": 0,
        "visible": "true",
        "version": 2,
        "changeset": 14842473,
        "timestamp": "2013-01-30T01:04:33Z",
        "user": "kun3721",
        "uid": 1195808,
        "covered": null,
        "leisure": null,
        "name": "46栋",
        "sport": null,
        "id": 104373000.0,
        "building": "yes",
        "building_l": 0,
        "height": null,
        "shop": null,
        "landuse": null,
        "addr_city": null,
        "addr_house": null,
        "addr_postc": 0,
        "addr_stree": null,
        "name_en": null,
        "website": null,
        "amenity": null,
        "addr_distr": null,
        "addr_hous1": null,
        "addr_provi": null,
        "int_name": null,
        "natural": null,
        "descriptio": null,
        "cuisine": null,
        "fast_food": null,
        "level": 0,
        "opening_h9": null,
        "designatio": null,
        "layer": 0,
        "area": null,
        "location": null,
        "public_tra": null,
        "railway": null,
        "subway": null,
        "station": null,
        "surface": null,
        "name_zh": null,
        "admin_leve": 0,
        "boundary": null,
        "water": null,
        "place": null,
        "building_p": null,
        "min_height": 0,
        "min": 0,
        "name_zh_H1": null,
        "name_zh_Ha": null,
        "operator": null,
        "operator_t": null,
        "short_name": null,
        "short_nam1": null,
        "short_nam2": null,
        "wikidata": null,
        "wikipedia": null,
        "garden_typ": null,
        "access": null,
        "note": null,
        "female": null,
        "toilets_di": null,
        "male": null,
        "wheelchair": null,
        "alt_name": null,
        "old_name": null,
        "PERIMETER": null,
        "ENCLOSED_A": null
      },
      "geometry": {
        "type": "MultiPolygon",
        "coordinates": [
          [
            [
              [
                114.36799824921833,
                30.53750419272459
              ],
              [
                114.36800021327977,
                30.537430086493277
              ],
              [
                114.36756389536609,
                30.537421341005434
              ],
              [
                114.36756183142873,
                30.537495346383803
              ],
              [
                114.36799824921833,
                30.53750419272459
              ]
            ]
          ]
        ]
      }
    },
    {
      "type": "Feature",
      "properties": {
        "GM_LAYER": "building",
        "GM_TYPE": "Misc. Manmade Structure",
        "ELEVATION": 0,
        "visible": "true",
        "version": 2,
        "changeset": 14879911,
        "timestamp": "2013-02-02T08:02:48Z",
        "user": "kun3721",
        "uid": 1195808,
        "covered": null,
        "leisure": null,
        "name": "40栋",
        "sport": null,
        "id": 104373000.0,
        "building": "yes",
        "building_l": 0,
        "height": null,
        "shop": null,
        "landuse": null,
        "addr_city": null,
        "addr_house": null,
        "addr_postc": 0,
        "addr_stree": null,
        "name_en": null,
        "website": null,
        "amenity": null,
        "addr_distr": null,
        "addr_hous1": null,
        "addr_provi": null,
        "int_name": null,
        "natural": null,
        "descriptio": null,
        "cuisine": null,
        "fast_food": null,
        "level": 0,
        "opening_h9": null,
        "designatio": null,
        "layer": 0,
        "area": null,
        "location": null,
        "public_tra": null,
        "railway": null,
        "subway": null,
        "station": null,
        "surface": null,
        "name_zh": null,
        "admin_leve": 0,
        "boundary": null,
        "water": null,
        "place": null,
        "building_p": null,
        "min_height": 0,
        "min": 0,
        "name_zh_H1": null,
        "name_zh_Ha": null,
        "operator": null,
        "operator_t": null,
        "short_name": null,
        "short_nam1": null,
        "short_nam2": null,
        "wikidata": null,
        "wikipedia": null,
        "garden_typ": null,
        "access": null,
        "note": null,
        "female": null,
        "toilets_di": null,
        "male": null,
        "wheelchair": null,
        "alt_name": null,
        "old_name": null,
        "PERIMETER": null,
        "ENCLOSED_A": null
      },
      "geometry": {
        "type": "MultiPolygon",
        "coordinates": [
          [
            [
              [
                114.36727457300509,
                30.536384949881082
              ],
              [
                114.36727518951649,
                30.536491360371837
              ],
              [
                114.36792664734017,
                30.53648878992786
              ],
              [
                114.36792603071665,
                30.536382379879687
              ],
              [
                114.36727457300509,
                30.536384949881082
              ]
            ]
          ]
        ]
      }
    },
    {
      "type": "Feature",
      "properties": {
        "GM_LAYER": "building",
        "GM_TYPE": "Misc. Manmade Structure",
        "ELEVATION": 0,
        "visible": "true",
        "version": 2,
        "changeset": 14778484,
        "timestamp": "2013-01-25T09:40:29Z",
        "user": "kun3721",
        "uid": 1195808,
        "covered": null,
        "leisure": null,
        "name": "41栋",
        "sport": null,
        "id": 104373000.0,
        "building": "yes",
        "building_l": 0,
        "height": null,
        "shop": null,
        "landuse": null,
        "addr_city": null,
        "addr_house": null,
        "addr_postc": 0,
        "addr_stree": null,
        "name_en": null,
        "website": null,
        "amenity": null,
        "addr_distr": null,
        "addr_hous1": null,
        "addr_provi": null,
        "int_name": null,
        "natural": null,
        "descriptio": null,
        "cuisine": null,
        "fast_food": null,
        "level": 0,
        "opening_h9": null,
        "designatio": null,
        "layer": 0,
        "area": null,
        "location": null,
        "public_tra": null,
        "railway": null,
        "subway": null,
        "station": null,
        "surface": null,
        "name_zh": null,
        "admin_leve": 0,
        "boundary": null,
        "water": null,
        "place": null,
        "building_p": null,
        "min_height": 0,
        "min": 0,
        "name_zh_H1": null,
        "name_zh_Ha": null,
        "operator": null,
        "operator_t": null,
        "short_name": null,
        "short_nam1": null,
        "short_nam2": null,
        "wikidata": null,
        "wikipedia": null,
        "garden_typ": null,
        "access": null,
        "note": null,
        "female": null,
        "toilets_di": null,
        "male": null,
        "wheelchair": null,
        "alt_name": null,
        "old_name": null,
        "PERIMETER": null,
        "ENCLOSED_A": null
      },
      "geometry": {
        "type": "MultiPolygon",
        "coordinates": [
          [
            [
              [
                114.36807396184544,
                30.5367862354493
              ],
              [
                114.36858316778152,
                30.536789838452158
              ],
              [
                114.36858435600696,
                30.53668242816578
              ],
              [
                114.36807514993458,
                30.53667882569246
              ],
              [
                114.36807396184544,
                30.5367862354493
              ]
            ]
          ]
        ]
      }
    },
    {
      "type": "Feature",
      "properties": {
        "GM_LAYER": "building",
        "GM_TYPE": "Misc. Manmade Structure",
        "ELEVATION": 0,
        "visible": "true",
        "version": 2,
        "changeset": 14716252,
        "timestamp": "2013-01-20T06:17:38Z",
        "user": "kun3721",
        "uid": 1195808,
        "covered": null,
        "leisure": null,
        "name": "48栋",
        "sport": null,
        "id": 104373000.0,
        "building": "yes",
        "building_l": 0,
        "height": null,
        "shop": null,
        "landuse": null,
        "addr_city": null,
        "addr_house": null,
        "addr_postc": 0,
        "addr_stree": null,
        "name_en": null,
        "website": null,
        "amenity": null,
        "addr_distr": null,
        "addr_hous1": null,
        "addr_provi": null,
        "int_name": null,
        "natural": null,
        "descriptio": null,
        "cuisine": null,
        "fast_food": null,
        "level": 0,
        "opening_h9": null,
        "designatio": null,
        "layer": 0,
        "area": null,
        "location": null,
        "public_tra": null,
        "railway": null,
        "subway": null,
        "station": null,
        "surface": null,
        "name_zh": null,
        "admin_leve": 0,
        "boundary": null,
        "water": null,
        "place": null,
        "building_p": null,
        "min_height": 0,
        "min": 0,
        "name_zh_H1": null,
        "name_zh_Ha": null,
        "operator": null,
        "operator_t": null,
        "short_name": null,
        "short_nam1": null,
        "short_nam2": null,
        "wikidata": null,
        "wikipedia": null,
        "garden_typ": null,
        "access": null,
        "note": null,
        "female": null,
        "toilets_di": null,
        "male": null,
        "wheelchair": null,
        "alt_name": null,
        "old_name": null,
        "PERIMETER": null,
        "ENCLOSED_A": null
      },
      "geometry": {
        "type": "MultiPolygon",
        "coordinates": [
          [
            [
              [
                114.36717854940866,
                30.53734965496058
              ],
              [
                114.36758318028099,
                30.537355545458745
              ],
              [
                114.36758464325347,
                30.537281239644127
              ],
              [
                114.36718001224202,
                30.537275349685615
              ],
              [
                114.36717854940866,
                30.53734965496058
              ]
            ]
          ]
        ]
      }
    },
    {
      "type": "Feature",
      "properties": {
        "GM_LAYER": "building",
        "GM_TYPE": "Misc. Manmade Structure",
        "ELEVATION": 0,
        "visible": "true",
        "version": 2,
        "changeset": 14842473,
        "timestamp": "2013-01-30T01:04:33Z",
        "user": "kun3721",
        "uid": 1195808,
        "covered": null,
        "leisure": null,
        "name": "44栋",
        "sport": null,
        "id": 104373000.0,
        "building": "yes",
        "building_l": 0,
        "height": null,
        "shop": null,
        "landuse": null,
        "addr_city": null,
        "addr_house": null,
        "addr_postc": 0,
        "addr_stree": null,
        "name_en": null,
        "website": null,
        "amenity": null,
        "addr_distr": null,
        "addr_hous1": null,
        "addr_provi": null,
        "int_name": null,
        "natural": null,
        "descriptio": null,
        "cuisine": null,
        "fast_food": null,
        "level": 0,
        "opening_h9": null,
        "designatio": null,
        "layer": 0,
        "area": null,
        "location": null,
        "public_tra": null,
        "railway": null,
        "subway": null,
        "station": null,
        "surface": null,
        "name_zh": null,
        "admin_leve": 0,
        "boundary": null,
        "water": null,
        "place": null,
        "building_p": null,
        "min_height": 0,
        "min": 0,
        "name_zh_H1": null,
        "name_zh_Ha": null,
        "operator": null,
        "operator_t": null,
        "short_name": null,
        "short_nam1": null,
        "short_nam2": null,
        "wikidata": null,
        "wikipedia": null,
        "garden_typ": null,
        "access": null,
        "note": null,
        "female": null,
        "toilets_di": null,
        "male": null,
        "wheelchair": null,
        "alt_name": null,
        "old_name": null,
        "PERIMETER": null,
        "ENCLOSED_A": null
      },
      "geometry": {
        "type": "MultiPolygon",
        "coordinates": [
          [
            [
              [
                114.3684185263103,
                30.53721233489059
              ],
              [
                114.36841586102783,
                30.537286642179406
              ],
              [
                114.36863976603601,
                30.53729235713088
              ],
              [
                114.3686424326006,
                30.53721664916457
              ],
              [
                114.3684185263103,
                30.53721233489059
              ]
            ]
          ]
        ]
      }
    },
    {
      "type": "Feature",
      "properties": {
        "GM_LAYER": "building",
        "GM_TYPE": "Misc. Manmade Structure",
        "ELEVATION": 0,
        "visible": "true",
        "version": 2,
        "changeset": 14754413,
        "timestamp": "2013-01-23T09:07:14Z",
        "user": "kun3721",
        "uid": 1195808,
        "covered": null,
        "leisure": null,
        "name": "青年楼",
        "sport": null,
        "id": 104373000.0,
        "building": "yes",
        "building_l": 0,
        "height": null,
        "shop": null,
        "landuse": null,
        "addr_city": null,
        "addr_house": null,
        "addr_postc": 0,
        "addr_stree": null,
        "name_en": null,
        "website": null,
        "amenity": null,
        "addr_distr": null,
        "addr_hous1": null,
        "addr_provi": null,
        "int_name": null,
        "natural": null,
        "descriptio": null,
        "cuisine": null,
        "fast_food": null,
        "level": 0,
        "opening_h9": null,
        "designatio": null,
        "layer": 0,
        "area": null,
        "location": null,
        "public_tra": null,
        "railway": null,
        "subway": null,
        "station": null,
        "surface": null,
        "name_zh": null,
        "admin_leve": 0,
        "boundary": null,
        "water": null,
        "place": null,
        "building_p": null,
        "min_height": 0,
        "min": 0,
        "name_zh_H1": null,
        "name_zh_Ha": null,
        "operator": null,
        "operator_t": null,
        "short_name": null,
        "short_nam1": null,
        "short_nam2": null,
        "wikidata": null,
        "wikipedia": null,
        "garden_typ": null,
        "access": null,
        "note": null,
        "female": null,
        "toilets_di": null,
        "male": null,
        "wheelchair": null,
        "alt_name": null,
        "old_name": null,
        "PERIMETER": null,
        "ENCLOSED_A": null
      },
      "geometry": {
        "type": "MultiPolygon",
        "coordinates": [
          [
            [
              [
                114.36800555267011,
                30.536399393912223
              ],
              [
                114.36839153154128,
                30.53639776812547
              ],
              [
                114.36839204482932,
                30.53650817824275
              ],
              [
                114.36856936805081,
                30.536507318511823
              ],
              [
                114.36856816002019,
                30.536262096197756
              ],
              [
                114.36800485814433,
                30.536264481166086
              ],
              [
                114.36800555267011,
                30.536399393912223
              ]
            ]
          ]
        ]
      }
    },
    {
      "type": "Feature",
      "properties": {
        "GM_LAYER": "building - commercial",
        "GM_TYPE": "Misc. Manmade Structure",
        "ELEVATION": 0,
        "visible": "true",
        "version": 4,
        "changeset": 117083878,
        "timestamp": "2022-02-06T15:43:18Z",
        "user": "作小寒",
        "uid": 10076180,
        "covered": null,
        "leisure": null,
        "name": "星湖园招待所",
        "sport": null,
        "id": 104373000.0,
        "building": "commercial",
        "building_l": 5,
        "height": null,
        "shop": null,
        "landuse": null,
        "addr_city": null,
        "addr_house": null,
        "addr_postc": 0,
        "addr_stree": null,
        "name_en": null,
        "website": null,
        "amenity": null,
        "addr_distr": null,
        "addr_hous1": null,
        "addr_provi": null,
        "int_name": null,
        "natural": null,
        "descriptio": null,
        "cuisine": null,
        "fast_food": null,
        "level": 0,
        "opening_h9": null,
        "designatio": null,
        "layer": 0,
        "area": null,
        "location": null,
        "public_tra": null,
        "railway": null,
        "subway": null,
        "station": null,
        "surface": null,
        "name_zh": null,
        "admin_leve": 0,
        "boundary": null,
        "water": null,
        "place": null,
        "building_p": null,
        "min_height": 0,
        "min": 0,
        "name_zh_H1": null,
        "name_zh_Ha": null,
        "operator": null,
        "operator_t": null,
        "short_name": null,
        "short_nam1": null,
        "short_nam2": null,
        "wikidata": null,
        "wikipedia": null,
        "garden_typ": null,
        "access": null,
        "note": null,
        "female": null,
        "toilets_di": null,
        "male": null,
        "wheelchair": null,
        "alt_name": null,
        "old_name": null,
        "PERIMETER": null,
        "ENCLOSED_A": null
      },
      "geometry": {
        "type": "MultiPolygon",
        "coordinates": [
          [
            [
              [
                114.36698298548168,
                30.536568887356964
              ],
              [
                114.3672300548385,
                30.53657313006662
              ],
              [
                114.36723721375255,
                30.536260506825784
              ],
              [
                114.36665776848979,
                30.536250448886033
              ],
              [
                114.36665143809677,
                30.536529966386134
              ],
              [
                114.36682928911031,
                30.53653310368333
              ],
              [
                114.36683229999652,
                30.536398994821045
              ],
              [
                114.36698682407358,
                30.536401675885052
              ],
              [
                114.36698298548168,
                30.536568887356964
              ]
            ]
          ]
        ]
      }
    },
    {
      "type": "Feature",
      "properties": {
        "GM_LAYER": "building",
        "GM_TYPE": "Misc. Manmade Structure",
        "ELEVATION": 0,
        "visible": "true",
        "version": 2,
        "changeset": 32356045,
        "timestamp": "2015-07-02T14:57:42Z",
        "user": "SimpleLuke",
        "uid": 2092629,
        "covered": null,
        "leisure": null,
        "name": null,
        "sport": null,
        "id": 104373000.0,
        "building": "yes",
        "building_l": 0,
        "height": null,
        "shop": null,
        "landuse": null,
        "addr_city": null,
        "addr_house": null,
        "addr_postc": 0,
        "addr_stree": null,
        "name_en": null,
        "website": null,
        "amenity": null,
        "addr_distr": null,
        "addr_hous1": null,
        "addr_provi": null,
        "int_name": null,
        "natural": null,
        "descriptio": null,
        "cuisine": null,
        "fast_food": null,
        "level": 0,
        "opening_h9": null,
        "designatio": null,
        "layer": 0,
        "area": null,
        "location": null,
        "public_tra": null,
        "railway": null,
        "subway": null,
        "station": null,
        "surface": null,
        "name_zh": null,
        "admin_leve": 0,
        "boundary": null,
        "water": null,
        "place": null,
        "building_p": null,
        "min_height": 0,
        "min": 0,
        "name_zh_H1": null,
        "name_zh_Ha": null,
        "operator": null,
        "operator_t": null,
        "short_name": null,
        "short_nam1": null,
        "short_nam2": null,
        "wikidata": null,
        "wikipedia": null,
        "garden_typ": null,
        "access": null,
        "note": null,
        "female": null,
        "toilets_di": null,
        "male": null,
        "wheelchair": null,
        "alt_name": null,
        "old_name": null,
        "PERIMETER": null,
        "ENCLOSED_A": null
      },
      "geometry": {
        "type": "MultiPolygon",
        "coordinates": [
          [
            [
              [
                114.36881260094749,
                30.53640777863893
              ],
              [
                114.36898072233883,
                30.53640785535223
              ],
              [
                114.36898087195024,
                30.53634554945083
              ],
              [
                114.36910190720526,
                30.536345644012027
              ],
              [
                114.36910220983327,
                30.53621633167286
              ],
              [
                114.36895201835229,
                30.536216260456275
              ],
              [
                114.36895186081075,
                30.536288867372445
              ],
              [
                114.36881289563095,
                30.536288767368855
              ],
              [
                114.36881260094749,
                30.53640777863893
              ]
            ]
          ]
        ]
      }
    },
    {
      "type": "Feature",
      "properties": {
        "GM_LAYER": "building",
        "GM_TYPE": "Misc. Manmade Structure",
        "ELEVATION": 0,
        "visible": "true",
        "version": 2,
        "changeset": 9694111,
        "timestamp": "2011-10-30T14:16:13Z",
        "user": "mingli",
        "uid": 537153,
        "covered": null,
        "leisure": null,
        "name": "星湖园教工食堂",
        "sport": null,
        "id": 104373000.0,
        "building": "yes",
        "building_l": 0,
        "height": null,
        "shop": null,
        "landuse": null,
        "addr_city": null,
        "addr_house": null,
        "addr_postc": 0,
        "addr_stree": null,
        "name_en": null,
        "website": null,
        "amenity": null,
        "addr_distr": null,
        "addr_hous1": null,
        "addr_provi": null,
        "int_name": null,
        "natural": null,
        "descriptio": null,
        "cuisine": null,
        "fast_food": null,
        "level": 0,
        "opening_h9": null,
        "designatio": null,
        "layer": 0,
        "area": null,
        "location": null,
        "public_tra": null,
        "railway": null,
        "subway": null,
        "station": null,
        "surface": null,
        "name_zh": null,
        "admin_leve": 0,
        "boundary": null,
        "water": null,
        "place": null,
        "building_p": null,
        "min_height": 0,
        "min": 0,
        "name_zh_H1": null,
        "name_zh_Ha": null,
        "operator": null,
        "operator_t": null,
        "short_name": null,
        "short_nam1": null,
        "short_nam2": null,
        "wikidata": null,
        "wikipedia": null,
        "garden_typ": null,
        "access": null,
        "note": null,
        "female": null,
        "toilets_di": null,
        "male": null,
        "wheelchair": null,
        "alt_name": null,
        "old_name": null,
        "PERIMETER": null,
        "ENCLOSED_A": null
      },
      "geometry": {
        "type": "MultiPolygon",
        "coordinates": [
          [
            [
              [
                114.36667815782003,
                30.536677717727468
              ],
              [
                114.36668501027958,
                30.536997656678633
              ],
              [
                114.367225013106,
                30.53698936394398
              ],
              [
                114.36721815969773,
                30.53666942868026
              ],
              [
                114.36667815782003,
                30.536677717727468
              ]
            ]
          ]
        ]
      }
    },
    {
      "type": "Feature",
      "properties": {
        "GM_LAYER": "building",
        "GM_TYPE": "Misc. Manmade Structure",
        "ELEVATION": 0,
        "visible": "true",
        "version": 2,
        "changeset": 53063397,
        "timestamp": "2017-10-19T09:39:13Z",
        "user": "Houzhu",
        "uid": 6819446,
        "covered": null,
        "leisure": null,
        "name": "18栋",
        "sport": null,
        "id": 104373000.0,
        "building": "yes",
        "building_l": 0,
        "height": null,
        "shop": null,
        "landuse": null,
        "addr_city": null,
        "addr_house": null,
        "addr_postc": 0,
        "addr_stree": null,
        "name_en": null,
        "website": null,
        "amenity": null,
        "addr_distr": null,
        "addr_hous1": null,
        "addr_provi": null,
        "int_name": null,
        "natural": null,
        "descriptio": null,
        "cuisine": null,
        "fast_food": null,
        "level": 0,
        "opening_h9": null,
        "designatio": null,
        "layer": 0,
        "area": null,
        "location": null,
        "public_tra": null,
        "railway": null,
        "subway": null,
        "station": null,
        "surface": null,
        "name_zh": null,
        "admin_leve": 0,
        "boundary": null,
        "water": null,
        "place": null,
        "building_p": null,
        "min_height": 0,
        "min": 0,
        "name_zh_H1": null,
        "name_zh_Ha": null,
        "operator": null,
        "operator_t": null,
        "short_name": null,
        "short_nam1": null,
        "short_nam2": null,
        "wikidata": null,
        "wikipedia": null,
        "garden_typ": null,
        "access": null,
        "note": null,
        "female": null,
        "toilets_di": null,
        "male": null,
        "wheelchair": null,
        "alt_name": null,
        "old_name": null,
        "PERIMETER": null,
        "ENCLOSED_A": null
      },
      "geometry": {
        "type": "MultiPolygon",
        "coordinates": [
          [
            [
              [
                114.36662774386895,
                30.537471818355314
              ],
              [
                114.36708430129327,
                30.537478476237865
              ],
              [
                114.36708660784649,
                30.537352467401483
              ],
              [
                114.36663015031417,
                30.537345810619993
              ],
              [
                114.36662774386895,
                30.537471818355314
              ]
            ]
          ]
        ]
      }
    },
    {
      "type": "Feature",
      "properties": {
        "GM_LAYER": "building",
        "GM_TYPE": "Misc. Manmade Structure",
        "ELEVATION": 0,
        "visible": "true",
        "version": 2,
        "changeset": 14778484,
        "timestamp": "2013-01-25T09:40:29Z",
        "user": "kun3721",
        "uid": 1195808,
        "covered": null,
        "leisure": null,
        "name": "43栋",
        "sport": null,
        "id": 104373000.0,
        "building": "yes",
        "building_l": 0,
        "height": null,
        "shop": null,
        "landuse": null,
        "addr_city": null,
        "addr_house": null,
        "addr_postc": 0,
        "addr_stree": null,
        "name_en": null,
        "website": null,
        "amenity": null,
        "addr_distr": null,
        "addr_hous1": null,
        "addr_provi": null,
        "int_name": null,
        "natural": null,
        "descriptio": null,
        "cuisine": null,
        "fast_food": null,
        "level": 0,
        "opening_h9": null,
        "designatio": null,
        "layer": 0,
        "area": null,
        "location": null,
        "public_tra": null,
        "railway": null,
        "subway": null,
        "station": null,
        "surface": null,
        "name_zh": null,
        "admin_leve": 0,
        "boundary": null,
        "water": null,
        "place": null,
        "building_p": null,
        "min_height": 0,
        "min": 0,
        "name_zh_H1": null,
        "name_zh_Ha": null,
        "operator": null,
        "operator_t": null,
        "short_name": null,
        "short_nam1": null,
        "short_nam2": null,
        "wikidata": null,
        "wikipedia": null,
        "garden_typ": null,
        "access": null,
        "note": null,
        "female": null,
        "toilets_di": null,
        "male": null,
        "wheelchair": null,
        "alt_name": null,
        "old_name": null,
        "PERIMETER": null,
        "ENCLOSED_A": null
      },
      "geometry": {
        "type": "MultiPolygon",
        "coordinates": [
          [
            [
              [
                114.36874251862596,
                30.537094384379426
              ],
              [
                114.36873263128756,
                30.53717919764464
              ],
              [
                114.36892929082505,
                30.53719596708897
              ],
              [
                114.36893917863223,
                30.53711115199115
              ],
              [
                114.36874251862596,
                30.537094384379426
              ]
            ]
          ]
        ]
      }
    },
    {
      "type": "Feature",
      "properties": {
        "GM_LAYER": "building",
        "GM_TYPE": "Misc. Manmade Structure",
        "ELEVATION": 0,
        "visible": "true",
        "version": 3,
        "changeset": 53063397,
        "timestamp": "2017-10-19T09:39:12Z",
        "user": "Houzhu",
        "uid": 6819446,
        "covered": null,
        "leisure": null,
        "name": "36栋",
        "sport": null,
        "id": 104373000.0,
        "building": "yes",
        "building_l": 0,
        "height": null,
        "shop": null,
        "landuse": null,
        "addr_city": null,
        "addr_house": null,
        "addr_postc": 0,
        "addr_stree": null,
        "name_en": null,
        "website": null,
        "amenity": null,
        "addr_distr": null,
        "addr_hous1": null,
        "addr_provi": null,
        "int_name": null,
        "natural": null,
        "descriptio": null,
        "cuisine": null,
        "fast_food": null,
        "level": 0,
        "opening_h9": null,
        "designatio": null,
        "layer": 0,
        "area": null,
        "location": null,
        "public_tra": null,
        "railway": null,
        "subway": null,
        "station": null,
        "surface": null,
        "name_zh": null,
        "admin_leve": 0,
        "boundary": null,
        "water": null,
        "place": null,
        "building_p": null,
        "min_height": 0,
        "min": 0,
        "name_zh_H1": null,
        "name_zh_Ha": null,
        "operator": null,
        "operator_t": null,
        "short_name": null,
        "short_nam1": null,
        "short_nam2": null,
        "wikidata": null,
        "wikipedia": null,
        "garden_typ": null,
        "access": null,
        "note": null,
        "female": null,
        "toilets_di": null,
        "male": null,
        "wheelchair": null,
        "alt_name": null,
        "old_name": null,
        "PERIMETER": null,
        "ENCLOSED_A": null
      },
      "geometry": {
        "type": "MultiPolygon",
        "coordinates": [
          [
            [
              [
                114.36648995211401,
                30.537716232318406
              ],
              [
                114.3664888949059,
                30.537783736541737
              ],
              [
                114.36711398906357,
                30.53779063277662
              ],
              [
                114.36711515136932,
                30.537717327556265
              ],
              [
                114.36648995211401,
                30.537716232318406
              ]
            ]
          ]
        ]
      }
    },
    {
      "type": "Feature",
      "properties": {
        "GM_LAYER": "building - kindergarten",
        "GM_TYPE": "Misc. Manmade Structure",
        "ELEVATION": 0,
        "visible": "true",
        "version": 3,
        "changeset": 118133253,
        "timestamp": "2022-03-05T16:48:25Z",
        "user": "whu131",
        "uid": 15239342,
        "covered": null,
        "leisure": null,
        "name": null,
        "sport": null,
        "id": 104373000.0,
        "building": "kindergarten",
        "building_l": 0,
        "height": null,
        "shop": null,
        "landuse": null,
        "addr_city": null,
        "addr_house": null,
        "addr_postc": 0,
        "addr_stree": null,
        "name_en": null,
        "website": null,
        "amenity": null,
        "addr_distr": null,
        "addr_hous1": null,
        "addr_provi": null,
        "int_name": null,
        "natural": null,
        "descriptio": null,
        "cuisine": null,
        "fast_food": null,
        "level": 0,
        "opening_h9": null,
        "designatio": null,
        "layer": 0,
        "area": null,
        "location": null,
        "public_tra": null,
        "railway": null,
        "subway": null,
        "station": null,
        "surface": null,
        "name_zh": null,
        "admin_leve": 0,
        "boundary": null,
        "water": null,
        "place": null,
        "building_p": null,
        "min_height": 0,
        "min": 0,
        "name_zh_H1": null,
        "name_zh_Ha": null,
        "operator": null,
        "operator_t": null,
        "short_name": null,
        "short_nam1": null,
        "short_nam2": null,
        "wikidata": null,
        "wikipedia": null,
        "garden_typ": null,
        "access": null,
        "note": null,
        "female": null,
        "toilets_di": null,
        "male": null,
        "wheelchair": null,
        "alt_name": null,
        "old_name": null,
        "PERIMETER": null,
        "ENCLOSED_A": null
      },
      "geometry": {
        "type": "MultiPolygon",
        "coordinates": [
          [
            [
              [
                114.36908133660995,
                30.53700912321733
              ],
              [
                114.36907906996218,
                30.536962321107804
              ],
              [
                114.36917856834695,
                30.53695862575926
              ],
              [
                114.36917364164209,
                30.536855521462797
              ],
              [
                114.36889298805015,
                30.536865964870735
              ],
              [
                114.36887790895638,
                30.536553947424814
              ],
              [
                114.36877290677634,
                30.536557817664416
              ],
              [
                114.36879212426288,
                30.536955541717663
              ],
              [
                114.36886245971706,
                30.536952994527358
              ],
              [
                114.36886551378811,
                30.537017098104023
              ],
              [
                114.36908133660995,
                30.53700912321733
              ]
            ]
          ]
        ]
      }
    },
    {
      "type": "Feature",
      "properties": {
        "GM_LAYER": "building",
        "GM_TYPE": "Misc. Manmade Structure",
        "ELEVATION": 0,
        "visible": "true",
        "version": 2,
        "changeset": 14842473,
        "timestamp": "2013-01-30T01:04:33Z",
        "user": "kun3721",
        "uid": 1195808,
        "covered": null,
        "leisure": null,
        "name": "45栋",
        "sport": null,
        "id": 104373000.0,
        "building": "yes",
        "building_l": 0,
        "height": null,
        "shop": null,
        "landuse": null,
        "addr_city": null,
        "addr_house": null,
        "addr_postc": 0,
        "addr_stree": null,
        "name_en": null,
        "website": null,
        "amenity": null,
        "addr_distr": null,
        "addr_hous1": null,
        "addr_provi": null,
        "int_name": null,
        "natural": null,
        "descriptio": null,
        "cuisine": null,
        "fast_food": null,
        "level": 0,
        "opening_h9": null,
        "designatio": null,
        "layer": 0,
        "area": null,
        "location": null,
        "public_tra": null,
        "railway": null,
        "subway": null,
        "station": null,
        "surface": null,
        "name_zh": null,
        "admin_leve": 0,
        "boundary": null,
        "water": null,
        "place": null,
        "building_p": null,
        "min_height": 0,
        "min": 0,
        "name_zh_H1": null,
        "name_zh_Ha": null,
        "operator": null,
        "operator_t": null,
        "short_name": null,
        "short_nam1": null,
        "short_nam2": null,
        "wikidata": null,
        "wikipedia": null,
        "garden_typ": null,
        "access": null,
        "note": null,
        "female": null,
        "toilets_di": null,
        "male": null,
        "wheelchair": null,
        "alt_name": null,
        "old_name": null,
        "PERIMETER": null,
        "ENCLOSED_A": null
      },
      "geometry": {
        "type": "MultiPolygon",
        "coordinates": [
          [
            [
              [
                114.36809997201588,
                30.53732368461751
              ],
              [
                114.36809811482419,
                30.537389790374117
              ],
              [
                114.36830737900463,
                30.537393975816762
              ],
              [
                114.3683092362882,
                30.537327869701713
              ],
              [
                114.36809997201588,
                30.53732368461751
              ]
            ]
          ]
        ]
      }
    },
    {
      "type": "Feature",
      "properties": {
        "GM_LAYER": "building",
        "GM_TYPE": "Misc. Manmade Structure",
        "ELEVATION": 0,
        "visible": "true",
        "version": 2,
        "changeset": 53063397,
        "timestamp": "2017-10-19T09:39:12Z",
        "user": "Houzhu",
        "uid": 6819446,
        "covered": null,
        "leisure": null,
        "name": "42栋",
        "sport": null,
        "id": 104373000.0,
        "building": "yes",
        "building_l": 0,
        "height": null,
        "shop": null,
        "landuse": null,
        "addr_city": null,
        "addr_house": null,
        "addr_postc": 0,
        "addr_stree": null,
        "name_en": null,
        "website": null,
        "amenity": null,
        "addr_distr": null,
        "addr_hous1": null,
        "addr_provi": null,
        "int_name": null,
        "natural": null,
        "descriptio": null,
        "cuisine": null,
        "fast_food": null,
        "level": 0,
        "opening_h9": null,
        "designatio": null,
        "layer": 0,
        "area": null,
        "location": null,
        "public_tra": null,
        "railway": null,
        "subway": null,
        "station": null,
        "surface": null,
        "name_zh": null,
        "admin_leve": 0,
        "boundary": null,
        "water": null,
        "place": null,
        "building_p": null,
        "min_height": 0,
        "min": 0,
        "name_zh_H1": null,
        "name_zh_Ha": null,
        "operator": null,
        "operator_t": null,
        "short_name": null,
        "short_nam1": null,
        "short_nam2": null,
        "wikidata": null,
        "wikipedia": null,
        "garden_typ": null,
        "access": null,
        "note": null,
        "female": null,
        "toilets_di": null,
        "male": null,
        "wheelchair": null,
        "alt_name": null,
        "old_name": null,
        "PERIMETER": null,
        "ENCLOSED_A": null
      },
      "geometry": {
        "type": "MultiPolygon",
        "coordinates": [
          [
            [
              [
                114.36804863009685,
                30.53701975493376
              ],
              [
                114.3685535214035,
                30.537028072351138
              ],
              [
                114.36855590892313,
                30.536925062149464
              ],
              [
                114.3680510173326,
                30.536916745835494
              ],
              [
                114.36804863009685,
                30.53701975493376
              ]
            ]
          ]
        ]
      }
    },
    {
      "type": "Feature",
      "properties": {
        "GM_LAYER": "building",
        "GM_TYPE": "Misc. Manmade Structure",
        "ELEVATION": 0,
        "visible": "true",
        "version": 3,
        "changeset": 124106879,
        "timestamp": "2022-07-26T17:40:29Z",
        "user": "blkatbyhh",
        "uid": 14128740,
        "covered": null,
        "leisure": null,
        "name": "57栋",
        "sport": null,
        "id": 104373000.0,
        "building": "yes",
        "building_l": 0,
        "height": null,
        "shop": null,
        "landuse": null,
        "addr_city": null,
        "addr_house": null,
        "addr_postc": 0,
        "addr_stree": null,
        "name_en": null,
        "website": null,
        "amenity": null,
        "addr_distr": null,
        "addr_hous1": null,
        "addr_provi": null,
        "int_name": null,
        "natural": null,
        "descriptio": null,
        "cuisine": null,
        "fast_food": null,
        "level": 0,
        "opening_h9": null,
        "designatio": null,
        "layer": 0,
        "area": null,
        "location": null,
        "public_tra": null,
        "railway": null,
        "subway": null,
        "station": null,
        "surface": null,
        "name_zh": null,
        "admin_leve": 0,
        "boundary": null,
        "water": null,
        "place": null,
        "building_p": null,
        "min_height": 0,
        "min": 0,
        "name_zh_H1": null,
        "name_zh_Ha": null,
        "operator": null,
        "operator_t": null,
        "short_name": null,
        "short_nam1": null,
        "short_nam2": null,
        "wikidata": null,
        "wikipedia": null,
        "garden_typ": null,
        "access": null,
        "note": null,
        "female": null,
        "toilets_di": null,
        "male": null,
        "wheelchair": null,
        "alt_name": null,
        "old_name": null,
        "PERIMETER": null,
        "ENCLOSED_A": null
      },
      "geometry": {
        "type": "MultiPolygon",
        "coordinates": [
          [
            [
              [
                114.36902218876416,
                30.5370495789618
              ],
              [
                114.36907510078004,
                30.537161842391427
              ],
              [
                114.36931043296528,
                30.53707959604889
              ],
              [
                114.36925721789729,
                30.53696664469926
              ],
              [
                114.36902218876416,
                30.5370495789618
              ]
            ]
          ]
        ]
      }
    },
    {
      "type": "Feature",
      "properties": {
        "GM_LAYER": "building",
        "GM_TYPE": "Misc. Manmade Structure",
        "ELEVATION": 0,
        "visible": "true",
        "version": 2,
        "changeset": 53063397,
        "timestamp": "2017-10-19T09:39:12Z",
        "user": "Houzhu",
        "uid": 6819446,
        "covered": null,
        "leisure": null,
        "name": "47栋",
        "sport": null,
        "id": 104373000.0,
        "building": "yes",
        "building_l": 0,
        "height": null,
        "shop": null,
        "landuse": null,
        "addr_city": null,
        "addr_house": null,
        "addr_postc": 0,
        "addr_stree": null,
        "name_en": null,
        "website": null,
        "amenity": null,
        "addr_distr": null,
        "addr_hous1": null,
        "addr_provi": null,
        "int_name": null,
        "natural": null,
        "descriptio": null,
        "cuisine": null,
        "fast_food": null,
        "level": 0,
        "opening_h9": null,
        "designatio": null,
        "layer": 0,
        "area": null,
        "location": null,
        "public_tra": null,
        "railway": null,
        "subway": null,
        "station": null,
        "surface": null,
        "name_zh": null,
        "admin_leve": 0,
        "boundary": null,
        "water": null,
        "place": null,
        "building_p": null,
        "min_height": 0,
        "min": 0,
        "name_zh_H1": null,
        "name_zh_Ha": null,
        "operator": null,
        "operator_t": null,
        "short_name": null,
        "short_nam1": null,
        "short_nam2": null,
        "wikidata": null,
        "wikipedia": null,
        "garden_typ": null,
        "access": null,
        "note": null,
        "female": null,
        "toilets_di": null,
        "male": null,
        "wheelchair": null,
        "alt_name": null,
        "old_name": null,
        "PERIMETER": null,
        "ENCLOSED_A": null
      },
      "geometry": {
        "type": "MultiPolygon",
        "coordinates": [
          [
            [
              [
                114.36756621185827,
                30.53764946218788
              ],
              [
                114.36756816816647,
                30.537584857622782
              ],
              [
                114.36715592975352,
                30.53757575403473
              ],
              [
                114.36715397363714,
                30.537640357852148
              ],
              [
                114.36756621185827,
                30.53764946218788
              ]
            ]
          ]
        ]
      }
    },
    {
      "type": "Feature",
      "properties": {
        "GM_LAYER": "building",
        "GM_TYPE": "Misc. Manmade Structure",
        "ELEVATION": 0,
        "visible": "true",
        "version": 2,
        "changeset": 14842473,
        "timestamp": "2013-01-30T01:04:33Z",
        "user": "kun3721",
        "uid": 1195808,
        "covered": null,
        "leisure": null,
        "name": "49栋",
        "sport": null,
        "id": 104373000.0,
        "building": "yes",
        "building_l": 0,
        "height": null,
        "shop": null,
        "landuse": null,
        "addr_city": null,
        "addr_house": null,
        "addr_postc": 0,
        "addr_stree": null,
        "name_en": null,
        "website": null,
        "amenity": null,
        "addr_distr": null,
        "addr_hous1": null,
        "addr_provi": null,
        "int_name": null,
        "natural": null,
        "descriptio": null,
        "cuisine": null,
        "fast_food": null,
        "level": 0,
        "opening_h9": null,
        "designatio": null,
        "layer": 0,
        "area": null,
        "location": null,
        "public_tra": null,
        "railway": null,
        "subway": null,
        "station": null,
        "surface": null,
        "name_zh": null,
        "admin_leve": 0,
        "boundary": null,
        "water": null,
        "place": null,
        "building_p": null,
        "min_height": 0,
        "min": 0,
        "name_zh_H1": null,
        "name_zh_Ha": null,
        "operator": null,
        "operator_t": null,
        "short_name": null,
        "short_nam1": null,
        "short_nam2": null,
        "wikidata": null,
        "wikipedia": null,
        "garden_typ": null,
        "access": null,
        "note": null,
        "female": null,
        "toilets_di": null,
        "male": null,
        "wheelchair": null,
        "alt_name": null,
        "old_name": null,
        "PERIMETER": null,
        "ENCLOSED_A": null
      },
      "geometry": {
        "type": "MultiPolygon",
        "coordinates": [
          [
            [
              [
                114.36801352087934,
                30.537203468060557
              ],
              [
                114.36801459025625,
                30.537120260771047
              ],
              [
                114.36758748187628,
                30.537116326412512
              ],
              [
                114.36758641260394,
                30.5371995332968
              ],
              [
                114.36801352087934,
                30.537203468060557
              ]
            ]
          ]
        ]
      }
    },
    {
      "type": "Feature",
      "properties": {
        "GM_LAYER": "building",
        "GM_TYPE": "Misc. Manmade Structure",
        "ELEVATION": 0,
        "visible": "true",
        "version": 1,
        "changeset": 7575306,
        "timestamp": "2011-03-16T13:24:42Z",
        "user": "GeoSUN",
        "uid": 414582,
        "covered": null,
        "leisure": null,
        "name": null,
        "sport": null,
        "id": 104375000.0,
        "building": "yes",
        "building_l": 0,
        "height": null,
        "shop": null,
        "landuse": null,
        "addr_city": null,
        "addr_house": null,
        "addr_postc": 0,
        "addr_stree": null,
        "name_en": null,
        "website": null,
        "amenity": null,
        "addr_distr": null,
        "addr_hous1": null,
        "addr_provi": null,
        "int_name": null,
        "natural": null,
        "descriptio": null,
        "cuisine": null,
        "fast_food": null,
        "level": 0,
        "opening_h9": null,
        "designatio": null,
        "layer": 0,
        "area": null,
        "location": null,
        "public_tra": null,
        "railway": null,
        "subway": null,
        "station": null,
        "surface": null,
        "name_zh": null,
        "admin_leve": 0,
        "boundary": null,
        "water": null,
        "place": null,
        "building_p": null,
        "min_height": 0,
        "min": 0,
        "name_zh_H1": null,
        "name_zh_Ha": null,
        "operator": null,
        "operator_t": null,
        "short_name": null,
        "short_nam1": null,
        "short_nam2": null,
        "wikidata": null,
        "wikipedia": null,
        "garden_typ": null,
        "access": null,
        "note": null,
        "female": null,
        "toilets_di": null,
        "male": null,
        "wheelchair": null,
        "alt_name": null,
        "old_name": null,
        "PERIMETER": null,
        "ENCLOSED_A": null
      },
      "geometry": {
        "type": "MultiPolygon",
        "coordinates": [
          [
            [
              [
                114.36252137817264,
                30.53551293546708
              ],
              [
                114.36250556317304,
                30.53565256493021
              ],
              [
                114.36310383752001,
                30.5357056187808
              ],
              [
                114.36311975499916,
                30.535565880977252
              ],
              [
                114.36252137817264,
                30.53551293546708
              ]
            ]
          ]
        ]
      }
    },
    {
      "type": "Feature",
      "properties": {
        "GM_LAYER": "building",
        "GM_TYPE": "Misc. Manmade Structure",
        "ELEVATION": 0,
        "visible": "true",
        "version": 1,
        "changeset": 7575306,
        "timestamp": "2011-03-16T13:24:42Z",
        "user": "GeoSUN",
        "uid": 414582,
        "covered": null,
        "leisure": null,
        "name": null,
        "sport": null,
        "id": 104375000.0,
        "building": "yes",
        "building_l": 0,
        "height": null,
        "shop": null,
        "landuse": null,
        "addr_city": null,
        "addr_house": null,
        "addr_postc": 0,
        "addr_stree": null,
        "name_en": null,
        "website": null,
        "amenity": null,
        "addr_distr": null,
        "addr_hous1": null,
        "addr_provi": null,
        "int_name": null,
        "natural": null,
        "descriptio": null,
        "cuisine": null,
        "fast_food": null,
        "level": 0,
        "opening_h9": null,
        "designatio": null,
        "layer": 0,
        "area": null,
        "location": null,
        "public_tra": null,
        "railway": null,
        "subway": null,
        "station": null,
        "surface": null,
        "name_zh": null,
        "admin_leve": 0,
        "boundary": null,
        "water": null,
        "place": null,
        "building_p": null,
        "min_height": 0,
        "min": 0,
        "name_zh_H1": null,
        "name_zh_Ha": null,
        "operator": null,
        "operator_t": null,
        "short_name": null,
        "short_nam1": null,
        "short_nam2": null,
        "wikidata": null,
        "wikipedia": null,
        "garden_typ": null,
        "access": null,
        "note": null,
        "female": null,
        "toilets_di": null,
        "male": null,
        "wheelchair": null,
        "alt_name": null,
        "old_name": null,
        "PERIMETER": null,
        "ENCLOSED_A": null
      },
      "geometry": {
        "type": "MultiPolygon",
        "coordinates": [
          [
            [
              [
                114.36261971343664,
                30.535002904649392
              ],
              [
                114.3626109510351,
                30.535079866632167
              ],
              [
                114.36303254657786,
                30.53511721220953
              ],
              [
                114.36304120983966,
                30.535040246298962
              ],
              [
                114.36261971343664,
                30.535002904649392
              ]
            ]
          ]
        ]
      }
    },
    {
      "type": "Feature",
      "properties": {
        "GM_LAYER": "building",
        "GM_TYPE": "Misc. Manmade Structure",
        "ELEVATION": 0,
        "visible": "true",
        "version": 1,
        "changeset": 7575306,
        "timestamp": "2011-03-16T13:24:42Z",
        "user": "GeoSUN",
        "uid": 414582,
        "covered": null,
        "leisure": null,
        "name": null,
        "sport": null,
        "id": 104375000.0,
        "building": "yes",
        "building_l": 0,
        "height": null,
        "shop": null,
        "landuse": null,
        "addr_city": null,
        "addr_house": null,
        "addr_postc": 0,
        "addr_stree": null,
        "name_en": null,
        "website": null,
        "amenity": null,
        "addr_distr": null,
        "addr_hous1": null,
        "addr_provi": null,
        "int_name": null,
        "natural": null,
        "descriptio": null,
        "cuisine": null,
        "fast_food": null,
        "level": 0,
        "opening_h9": null,
        "designatio": null,
        "layer": 0,
        "area": null,
        "location": null,
        "public_tra": null,
        "railway": null,
        "subway": null,
        "station": null,
        "surface": null,
        "name_zh": null,
        "admin_leve": 0,
        "boundary": null,
        "water": null,
        "place": null,
        "building_p": null,
        "min_height": 0,
        "min": 0,
        "name_zh_H1": null,
        "name_zh_Ha": null,
        "operator": null,
        "operator_t": null,
        "short_name": null,
        "short_nam1": null,
        "short_nam2": null,
        "wikidata": null,
        "wikipedia": null,
        "garden_typ": null,
        "access": null,
        "note": null,
        "female": null,
        "toilets_di": null,
        "male": null,
        "wheelchair": null,
        "alt_name": null,
        "old_name": null,
        "PERIMETER": null,
        "ENCLOSED_A": null
      },
      "geometry": {
        "type": "MultiPolygon",
        "coordinates": [
          [
            [
              [
                114.3624418860588,
                30.536226378485456
              ],
              [
                114.36284293640944,
                30.536285089030333
              ],
              [
                114.36286041781969,
                30.536193868318914
              ],
              [
                114.36245926569475,
                30.536135163771075
              ],
              [
                114.3624418860588,
                30.536226378485456
              ]
            ]
          ]
        ]
      }
    },
    {
      "type": "Feature",
      "properties": {
        "GM_LAYER": "building",
        "GM_TYPE": "Misc. Manmade Structure",
        "ELEVATION": 0,
        "visible": "true",
        "version": 1,
        "changeset": 7575306,
        "timestamp": "2011-03-16T13:24:42Z",
        "user": "GeoSUN",
        "uid": 414582,
        "covered": null,
        "leisure": null,
        "name": null,
        "sport": null,
        "id": 104375000.0,
        "building": "yes",
        "building_l": 0,
        "height": null,
        "shop": null,
        "landuse": null,
        "addr_city": null,
        "addr_house": null,
        "addr_postc": 0,
        "addr_stree": null,
        "name_en": null,
        "website": null,
        "amenity": null,
        "addr_distr": null,
        "addr_hous1": null,
        "addr_provi": null,
        "int_name": null,
        "natural": null,
        "descriptio": null,
        "cuisine": null,
        "fast_food": null,
        "level": 0,
        "opening_h9": null,
        "designatio": null,
        "layer": 0,
        "area": null,
        "location": null,
        "public_tra": null,
        "railway": null,
        "subway": null,
        "station": null,
        "surface": null,
        "name_zh": null,
        "admin_leve": 0,
        "boundary": null,
        "water": null,
        "place": null,
        "building_p": null,
        "min_height": 0,
        "min": 0,
        "name_zh_H1": null,
        "name_zh_Ha": null,
        "operator": null,
        "operator_t": null,
        "short_name": null,
        "short_nam1": null,
        "short_nam2": null,
        "wikidata": null,
        "wikipedia": null,
        "garden_typ": null,
        "access": null,
        "note": null,
        "female": null,
        "toilets_di": null,
        "male": null,
        "wheelchair": null,
        "alt_name": null,
        "old_name": null,
        "PERIMETER": null,
        "ENCLOSED_A": null
      },
      "geometry": {
        "type": "MultiPolygon",
        "coordinates": [
          [
            [
              [
                114.36247637127559,
                30.535882530988303
              ],
              [
                114.36245996946484,
                30.536003354396748
              ],
              [
                114.36298759438242,
                30.536058988568808
              ],
              [
                114.3630040983882,
                30.53593815758823
              ],
              [
                114.36247637127559,
                30.535882530988303
              ]
            ]
          ]
        ]
      }
    },
    {
      "type": "Feature",
      "properties": {
        "GM_LAYER": "building",
        "GM_TYPE": "Misc. Manmade Structure",
        "ELEVATION": 0,
        "visible": "true",
        "version": 1,
        "changeset": 7575306,
        "timestamp": "2011-03-16T13:24:42Z",
        "user": "GeoSUN",
        "uid": 414582,
        "covered": null,
        "leisure": null,
        "name": null,
        "sport": null,
        "id": 104375000.0,
        "building": "yes",
        "building_l": 0,
        "height": null,
        "shop": null,
        "landuse": null,
        "addr_city": null,
        "addr_house": null,
        "addr_postc": 0,
        "addr_stree": null,
        "name_en": null,
        "website": null,
        "amenity": null,
        "addr_distr": null,
        "addr_hous1": null,
        "addr_provi": null,
        "int_name": null,
        "natural": null,
        "descriptio": null,
        "cuisine": null,
        "fast_food": null,
        "level": 0,
        "opening_h9": null,
        "designatio": null,
        "layer": 0,
        "area": null,
        "location": null,
        "public_tra": null,
        "railway": null,
        "subway": null,
        "station": null,
        "surface": null,
        "name_zh": null,
        "admin_leve": 0,
        "boundary": null,
        "water": null,
        "place": null,
        "building_p": null,
        "min_height": 0,
        "min": 0,
        "name_zh_H1": null,
        "name_zh_Ha": null,
        "operator": null,
        "operator_t": null,
        "short_name": null,
        "short_nam1": null,
        "short_nam2": null,
        "wikidata": null,
        "wikipedia": null,
        "garden_typ": null,
        "access": null,
        "note": null,
        "female": null,
        "toilets_di": null,
        "male": null,
        "wheelchair": null,
        "alt_name": null,
        "old_name": null,
        "PERIMETER": null,
        "ENCLOSED_A": null
      },
      "geometry": {
        "type": "MultiPolygon",
        "coordinates": [
          [
            [
              [
                114.36162170386758,
                30.53583506428762
              ],
              [
                114.36232686725884,
                30.535932317473097
              ],
              [
                114.36234907318486,
                30.535808427821017
              ],
              [
                114.36164390586121,
                30.535711289130692
              ],
              [
                114.36162170386758,
                30.53583506428762
              ]
            ]
          ]
        ]
      }
    },
    {
      "type": "Feature",
      "properties": {
        "GM_LAYER": "building",
        "GM_TYPE": "Misc. Manmade Structure",
        "ELEVATION": 0,
        "visible": "true",
        "version": 1,
        "changeset": 7575306,
        "timestamp": "2011-03-16T13:24:43Z",
        "user": "GeoSUN",
        "uid": 414582,
        "covered": null,
        "leisure": null,
        "name": null,
        "sport": null,
        "id": 104375000.0,
        "building": "yes",
        "building_l": 0,
        "height": null,
        "shop": null,
        "landuse": null,
        "addr_city": null,
        "addr_house": null,
        "addr_postc": 0,
        "addr_stree": null,
        "name_en": null,
        "website": null,
        "amenity": null,
        "addr_distr": null,
        "addr_hous1": null,
        "addr_provi": null,
        "int_name": null,
        "natural": null,
        "descriptio": null,
        "cuisine": null,
        "fast_food": null,
        "level": 0,
        "opening_h9": null,
        "designatio": null,
        "layer": 0,
        "area": null,
        "location": null,
        "public_tra": null,
        "railway": null,
        "subway": null,
        "station": null,
        "surface": null,
        "name_zh": null,
        "admin_leve": 0,
        "boundary": null,
        "water": null,
        "place": null,
        "building_p": null,
        "min_height": 0,
        "min": 0,
        "name_zh_H1": null,
        "name_zh_Ha": null,
        "operator": null,
        "operator_t": null,
        "short_name": null,
        "short_nam1": null,
        "short_nam2": null,
        "wikidata": null,
        "wikipedia": null,
        "garden_typ": null,
        "access": null,
        "note": null,
        "female": null,
        "toilets_di": null,
        "male": null,
        "wheelchair": null,
        "alt_name": null,
        "old_name": null,
        "PERIMETER": null,
        "ENCLOSED_A": null
      },
      "geometry": {
        "type": "MultiPolygon",
        "coordinates": [
          [
            [
              [
                114.36310054200948,
                30.53491111995692
              ],
              [
                114.36345334465129,
                30.53493926320941
              ],
              [
                114.36346292139487,
                30.5348456960827
              ],
              [
                114.36311001785155,
                30.53481755550608
              ],
              [
                114.36310054200948,
                30.53491111995692
              ]
            ]
          ]
        ]
      }
    },
    {
      "type": "Feature",
      "properties": {
        "GM_LAYER": "building",
        "GM_TYPE": "Misc. Manmade Structure",
        "ELEVATION": 0,
        "visible": "true",
        "version": 1,
        "changeset": 7575306,
        "timestamp": "2011-03-16T13:24:43Z",
        "user": "GeoSUN",
        "uid": 414582,
        "covered": null,
        "leisure": null,
        "name": null,
        "sport": null,
        "id": 104375000.0,
        "building": "yes",
        "building_l": 0,
        "height": null,
        "shop": null,
        "landuse": null,
        "addr_city": null,
        "addr_house": null,
        "addr_postc": 0,
        "addr_stree": null,
        "name_en": null,
        "website": null,
        "amenity": null,
        "addr_distr": null,
        "addr_hous1": null,
        "addr_provi": null,
        "int_name": null,
        "natural": null,
        "descriptio": null,
        "cuisine": null,
        "fast_food": null,
        "level": 0,
        "opening_h9": null,
        "designatio": null,
        "layer": 0,
        "area": null,
        "location": null,
        "public_tra": null,
        "railway": null,
        "subway": null,
        "station": null,
        "surface": null,
        "name_zh": null,
        "admin_leve": 0,
        "boundary": null,
        "water": null,
        "place": null,
        "building_p": null,
        "min_height": 0,
        "min": 0,
        "name_zh_H1": null,
        "name_zh_Ha": null,
        "operator": null,
        "operator_t": null,
        "short_name": null,
        "short_nam1": null,
        "short_nam2": null,
        "wikidata": null,
        "wikipedia": null,
        "garden_typ": null,
        "access": null,
        "note": null,
        "female": null,
        "toilets_di": null,
        "male": null,
        "wheelchair": null,
        "alt_name": null,
        "old_name": null,
        "PERIMETER": null,
        "ENCLOSED_A": null
      },
      "geometry": {
        "type": "MultiPolygon",
        "coordinates": [
          [
            [
              [
                114.36272357358149,
                30.53641189090541
              ],
              [
                114.3624278636803,
                30.536373216645277
              ],
              [
                114.36241178184528,
                30.536467338099612
              ],
              [
                114.36270759062646,
                30.536506017308717
              ],
              [
                114.36272357358149,
                30.53641189090541
              ]
            ]
          ]
        ]
      }
    },
    {
      "type": "Feature",
      "properties": {
        "GM_LAYER": "building",
        "GM_TYPE": "Misc. Manmade Structure",
        "ELEVATION": 0,
        "visible": "true",
        "version": 1,
        "changeset": 7575306,
        "timestamp": "2011-03-16T13:24:43Z",
        "user": "GeoSUN",
        "uid": 414582,
        "covered": null,
        "leisure": null,
        "name": null,
        "sport": null,
        "id": 104375000.0,
        "building": "yes",
        "building_l": 0,
        "height": null,
        "shop": null,
        "landuse": null,
        "addr_city": null,
        "addr_house": null,
        "addr_postc": 0,
        "addr_stree": null,
        "name_en": null,
        "website": null,
        "amenity": null,
        "addr_distr": null,
        "addr_hous1": null,
        "addr_provi": null,
        "int_name": null,
        "natural": null,
        "descriptio": null,
        "cuisine": null,
        "fast_food": null,
        "level": 0,
        "opening_h9": null,
        "designatio": null,
        "layer": 0,
        "area": null,
        "location": null,
        "public_tra": null,
        "railway": null,
        "subway": null,
        "station": null,
        "surface": null,
        "name_zh": null,
        "admin_leve": 0,
        "boundary": null,
        "water": null,
        "place": null,
        "building_p": null,
        "min_height": 0,
        "min": 0,
        "name_zh_H1": null,
        "name_zh_Ha": null,
        "operator": null,
        "operator_t": null,
        "short_name": null,
        "short_nam1": null,
        "short_nam2": null,
        "wikidata": null,
        "wikipedia": null,
        "garden_typ": null,
        "access": null,
        "note": null,
        "female": null,
        "toilets_di": null,
        "male": null,
        "wheelchair": null,
        "alt_name": null,
        "old_name": null,
        "PERIMETER": null,
        "ENCLOSED_A": null
      },
      "geometry": {
        "type": "MultiPolygon",
        "coordinates": [
          [
            [
              [
                114.3630688636045,
                30.53538521692231
              ],
              [
                114.36329898606046,
                30.535409609546566
              ],
              [
                114.36331236924725,
                30.53531206126419
              ],
              [
                114.36308224594877,
                30.535287771531852
              ],
              [
                114.3630688636045,
                30.53538521692231
              ]
            ]
          ]
        ]
      }
    },
    {
      "type": "Feature",
      "properties": {
        "GM_LAYER": "building",
        "GM_TYPE": "Misc. Manmade Structure",
        "ELEVATION": 0,
        "visible": "true",
        "version": 1,
        "changeset": 7575306,
        "timestamp": "2011-03-16T13:24:43Z",
        "user": "GeoSUN",
        "uid": 414582,
        "covered": null,
        "leisure": null,
        "name": null,
        "sport": null,
        "id": 104375000.0,
        "building": "yes",
        "building_l": 0,
        "height": null,
        "shop": null,
        "landuse": null,
        "addr_city": null,
        "addr_house": null,
        "addr_postc": 0,
        "addr_stree": null,
        "name_en": null,
        "website": null,
        "amenity": null,
        "addr_distr": null,
        "addr_hous1": null,
        "addr_provi": null,
        "int_name": null,
        "natural": null,
        "descriptio": null,
        "cuisine": null,
        "fast_food": null,
        "level": 0,
        "opening_h9": null,
        "designatio": null,
        "layer": 0,
        "area": null,
        "location": null,
        "public_tra": null,
        "railway": null,
        "subway": null,
        "station": null,
        "surface": null,
        "name_zh": null,
        "admin_leve": 0,
        "boundary": null,
        "water": null,
        "place": null,
        "building_p": null,
        "min_height": 0,
        "min": 0,
        "name_zh_H1": null,
        "name_zh_Ha": null,
        "operator": null,
        "operator_t": null,
        "short_name": null,
        "short_nam1": null,
        "short_nam2": null,
        "wikidata": null,
        "wikipedia": null,
        "garden_typ": null,
        "access": null,
        "note": null,
        "female": null,
        "toilets_di": null,
        "male": null,
        "wheelchair": null,
        "alt_name": null,
        "old_name": null,
        "PERIMETER": null,
        "ENCLOSED_A": null
      },
      "geometry": {
        "type": "MultiPolygon",
        "coordinates": [
          [
            [
              [
                114.36144194485294,
                30.535726922740597
              ],
              [
                114.36132554315587,
                30.535438844742853
              ],
              [
                114.36102292635566,
                30.535528050552756
              ],
              [
                114.36112165098326,
                30.535772138803445
              ],
              [
                114.36126770834848,
                30.535729098582635
              ],
              [
                114.36128547740687,
                30.535773119071333
              ],
              [
                114.36144194485294,
                30.535726922740597
              ]
            ]
          ]
        ]
      }
    },
    {
      "type": "Feature",
      "properties": {
        "GM_LAYER": "building",
        "GM_TYPE": "Misc. Manmade Structure",
        "ELEVATION": 0,
        "visible": "true",
        "version": 1,
        "changeset": 7575306,
        "timestamp": "2011-03-16T13:24:43Z",
        "user": "GeoSUN",
        "uid": 414582,
        "covered": null,
        "leisure": null,
        "name": null,
        "sport": null,
        "id": 104375000.0,
        "building": "yes",
        "building_l": 0,
        "height": null,
        "shop": null,
        "landuse": null,
        "addr_city": null,
        "addr_house": null,
        "addr_postc": 0,
        "addr_stree": null,
        "name_en": null,
        "website": null,
        "amenity": null,
        "addr_distr": null,
        "addr_hous1": null,
        "addr_provi": null,
        "int_name": null,
        "natural": null,
        "descriptio": null,
        "cuisine": null,
        "fast_food": null,
        "level": 0,
        "opening_h9": null,
        "designatio": null,
        "layer": 0,
        "area": null,
        "location": null,
        "public_tra": null,
        "railway": null,
        "subway": null,
        "station": null,
        "surface": null,
        "name_zh": null,
        "admin_leve": 0,
        "boundary": null,
        "water": null,
        "place": null,
        "building_p": null,
        "min_height": 0,
        "min": 0,
        "name_zh_H1": null,
        "name_zh_Ha": null,
        "operator": null,
        "operator_t": null,
        "short_name": null,
        "short_nam1": null,
        "short_nam2": null,
        "wikidata": null,
        "wikipedia": null,
        "garden_typ": null,
        "access": null,
        "note": null,
        "female": null,
        "toilets_di": null,
        "male": null,
        "wheelchair": null,
        "alt_name": null,
        "old_name": null,
        "PERIMETER": null,
        "ENCLOSED_A": null
      },
      "geometry": {
        "type": "MultiPolygon",
        "coordinates": [
          [
            [
              [
                114.36226231609818,
                30.53621838621768
              ],
              [
                114.36228030437874,
                30.536115576662414
              ],
              [
                114.36173047231604,
                30.536041254606022
              ],
              [
                114.36171238651681,
                30.536143954388784
              ],
              [
                114.36226231609818,
                30.53621838621768
              ]
            ]
          ]
        ]
      }
    },
    {
      "type": "Feature",
      "properties": {
        "GM_LAYER": "building",
        "GM_TYPE": "Misc. Manmade Structure",
        "ELEVATION": 0,
        "visible": "true",
        "version": 1,
        "changeset": 7575306,
        "timestamp": "2011-03-16T13:24:44Z",
        "user": "GeoSUN",
        "uid": 414582,
        "covered": null,
        "leisure": null,
        "name": null,
        "sport": null,
        "id": 104375000.0,
        "building": "yes",
        "building_l": 0,
        "height": null,
        "shop": null,
        "landuse": null,
        "addr_city": null,
        "addr_house": null,
        "addr_postc": 0,
        "addr_stree": null,
        "name_en": null,
        "website": null,
        "amenity": null,
        "addr_distr": null,
        "addr_hous1": null,
        "addr_provi": null,
        "int_name": null,
        "natural": null,
        "descriptio": null,
        "cuisine": null,
        "fast_food": null,
        "level": 0,
        "opening_h9": null,
        "designatio": null,
        "layer": 0,
        "area": null,
        "location": null,
        "public_tra": null,
        "railway": null,
        "subway": null,
        "station": null,
        "surface": null,
        "name_zh": null,
        "admin_leve": 0,
        "boundary": null,
        "water": null,
        "place": null,
        "building_p": null,
        "min_height": 0,
        "min": 0,
        "name_zh_H1": null,
        "name_zh_Ha": null,
        "operator": null,
        "operator_t": null,
        "short_name": null,
        "short_nam1": null,
        "short_nam2": null,
        "wikidata": null,
        "wikipedia": null,
        "garden_typ": null,
        "access": null,
        "note": null,
        "female": null,
        "toilets_di": null,
        "male": null,
        "wheelchair": null,
        "alt_name": null,
        "old_name": null,
        "PERIMETER": null,
        "ENCLOSED_A": null
      },
      "geometry": {
        "type": "MultiPolygon",
        "coordinates": [
          [
            [
              [
                114.362607229142,
                30.535238063712477
              ],
              [
                114.36259905375526,
                30.535331730327677
              ],
              [
                114.36300004366211,
                30.535359178469697
              ],
              [
                114.3630081198031,
                30.535265508318467
              ],
              [
                114.362607229142,
                30.535238063712477
              ]
            ]
          ]
        ]
      }
    },
    {
      "type": "Feature",
      "properties": {
        "GM_LAYER": "building",
        "GM_TYPE": "Misc. Manmade Structure",
        "ELEVATION": 0,
        "visible": "true",
        "version": 1,
        "changeset": 7575306,
        "timestamp": "2011-03-16T13:24:44Z",
        "user": "GeoSUN",
        "uid": 414582,
        "covered": null,
        "leisure": null,
        "name": null,
        "sport": null,
        "id": 104375000.0,
        "building": "yes",
        "building_l": 0,
        "height": null,
        "shop": null,
        "landuse": null,
        "addr_city": null,
        "addr_house": null,
        "addr_postc": 0,
        "addr_stree": null,
        "name_en": null,
        "website": null,
        "amenity": null,
        "addr_distr": null,
        "addr_hous1": null,
        "addr_provi": null,
        "int_name": null,
        "natural": null,
        "descriptio": null,
        "cuisine": null,
        "fast_food": null,
        "level": 0,
        "opening_h9": null,
        "designatio": null,
        "layer": 0,
        "area": null,
        "location": null,
        "public_tra": null,
        "railway": null,
        "subway": null,
        "station": null,
        "surface": null,
        "name_zh": null,
        "admin_leve": 0,
        "boundary": null,
        "water": null,
        "place": null,
        "building_p": null,
        "min_height": 0,
        "min": 0,
        "name_zh_H1": null,
        "name_zh_Ha": null,
        "operator": null,
        "operator_t": null,
        "short_name": null,
        "short_nam1": null,
        "short_nam2": null,
        "wikidata": null,
        "wikipedia": null,
        "garden_typ": null,
        "access": null,
        "note": null,
        "female": null,
        "toilets_di": null,
        "male": null,
        "wheelchair": null,
        "alt_name": null,
        "old_name": null,
        "PERIMETER": null,
        "ENCLOSED_A": null
      },
      "geometry": {
        "type": "MultiPolygon",
        "coordinates": [
          [
            [
              [
                114.36212564917771,
                30.536362225577296
              ],
              [
                114.36210487414843,
                30.536447014592323
              ],
              [
                114.36221670015811,
                30.53646795413906
              ],
              [
                114.36223757587732,
                30.53638306352006
              ],
              [
                114.36212564917771,
                30.536362225577296
              ]
            ]
          ]
        ]
      }
    },
    {
      "type": "Feature",
      "properties": {
        "GM_LAYER": "building",
        "GM_TYPE": "Misc. Manmade Structure",
        "ELEVATION": 0,
        "visible": "true",
        "version": 1,
        "changeset": 7575306,
        "timestamp": "2011-03-16T13:24:44Z",
        "user": "GeoSUN",
        "uid": 414582,
        "covered": null,
        "leisure": null,
        "name": null,
        "sport": null,
        "id": 104375000.0,
        "building": "yes",
        "building_l": 0,
        "height": null,
        "shop": null,
        "landuse": null,
        "addr_city": null,
        "addr_house": null,
        "addr_postc": 0,
        "addr_stree": null,
        "name_en": null,
        "website": null,
        "amenity": null,
        "addr_distr": null,
        "addr_hous1": null,
        "addr_provi": null,
        "int_name": null,
        "natural": null,
        "descriptio": null,
        "cuisine": null,
        "fast_food": null,
        "level": 0,
        "opening_h9": null,
        "designatio": null,
        "layer": 0,
        "area": null,
        "location": null,
        "public_tra": null,
        "railway": null,
        "subway": null,
        "station": null,
        "surface": null,
        "name_zh": null,
        "admin_leve": 0,
        "boundary": null,
        "water": null,
        "place": null,
        "building_p": null,
        "min_height": 0,
        "min": 0,
        "name_zh_H1": null,
        "name_zh_Ha": null,
        "operator": null,
        "operator_t": null,
        "short_name": null,
        "short_nam1": null,
        "short_nam2": null,
        "wikidata": null,
        "wikipedia": null,
        "garden_typ": null,
        "access": null,
        "note": null,
        "female": null,
        "toilets_di": null,
        "male": null,
        "wheelchair": null,
        "alt_name": null,
        "old_name": null,
        "PERIMETER": null,
        "ENCLOSED_A": null
      },
      "geometry": {
        "type": "MultiPolygon",
        "coordinates": [
          [
            [
              [
                114.36308648004899,
                30.535114673791874
              ],
              [
                114.36341325377902,
                30.535156305751485
              ],
              [
                114.36343104640646,
                30.535049674767798
              ],
              [
                114.36310427130175,
                30.53500794824753
              ],
              [
                114.36308648004899,
                30.535114673791874
              ]
            ]
          ]
        ]
      }
    },
    {
      "type": "Feature",
      "properties": {
        "GM_LAYER": "building",
        "GM_TYPE": "Misc. Manmade Structure",
        "ELEVATION": 0,
        "visible": "true",
        "version": 2,
        "changeset": 19475867,
        "timestamp": "2013-12-16T04:13:42Z",
        "user": "jiezheng",
        "uid": 1844620,
        "covered": null,
        "leisure": null,
        "name": "青一",
        "sport": null,
        "id": 104376000.0,
        "building": "yes",
        "building_l": 0,
        "height": null,
        "shop": null,
        "landuse": null,
        "addr_city": null,
        "addr_house": null,
        "addr_postc": 0,
        "addr_stree": null,
        "name_en": null,
        "website": null,
        "amenity": null,
        "addr_distr": null,
        "addr_hous1": null,
        "addr_provi": null,
        "int_name": null,
        "natural": null,
        "descriptio": null,
        "cuisine": null,
        "fast_food": null,
        "level": 0,
        "opening_h9": null,
        "designatio": null,
        "layer": 0,
        "area": null,
        "location": null,
        "public_tra": null,
        "railway": null,
        "subway": null,
        "station": null,
        "surface": null,
        "name_zh": null,
        "admin_leve": 0,
        "boundary": null,
        "water": null,
        "place": null,
        "building_p": null,
        "min_height": 0,
        "min": 0,
        "name_zh_H1": null,
        "name_zh_Ha": null,
        "operator": null,
        "operator_t": null,
        "short_name": null,
        "short_nam1": null,
        "short_nam2": null,
        "wikidata": null,
        "wikipedia": null,
        "garden_typ": null,
        "access": null,
        "note": null,
        "female": null,
        "toilets_di": null,
        "male": null,
        "wheelchair": null,
        "alt_name": null,
        "old_name": null,
        "PERIMETER": null,
        "ENCLOSED_A": null
      },
      "geometry": {
        "type": "MultiPolygon",
        "coordinates": [
          [
            [
              [
                114.36350075822914,
                30.535359318810254
              ],
              [
                114.36349530305121,
                30.53542650155011
              ],
              [
                114.36346898643977,
                30.53542478415633
              ],
              [
                114.36346433901963,
                30.535482469338778
              ],
              [
                114.36365696428625,
                30.535494714185674
              ],
              [
                114.36366151085876,
                30.535438327867624
              ],
              [
                114.3636294894145,
                30.535436290003705
              ],
              [
                114.36363504576653,
                30.535367906891057
              ],
              [
                114.36350075822914,
                30.535359318810254
              ]
            ]
          ]
        ]
      }
    },
    {
      "type": "Feature",
      "properties": {
        "GM_LAYER": "building",
        "GM_TYPE": "Misc. Manmade Structure",
        "ELEVATION": 0,
        "visible": "true",
        "version": 2,
        "changeset": 19475867,
        "timestamp": "2013-12-16T04:13:42Z",
        "user": "jiezheng",
        "uid": 1844620,
        "covered": null,
        "leisure": null,
        "name": "青二",
        "sport": null,
        "id": 104376000.0,
        "building": "yes",
        "building_l": 0,
        "height": null,
        "shop": null,
        "landuse": null,
        "addr_city": null,
        "addr_house": null,
        "addr_postc": 0,
        "addr_stree": null,
        "name_en": null,
        "website": null,
        "amenity": null,
        "addr_distr": null,
        "addr_hous1": null,
        "addr_provi": null,
        "int_name": null,
        "natural": null,
        "descriptio": null,
        "cuisine": null,
        "fast_food": null,
        "level": 0,
        "opening_h9": null,
        "designatio": null,
        "layer": 0,
        "area": null,
        "location": null,
        "public_tra": null,
        "railway": null,
        "subway": null,
        "station": null,
        "surface": null,
        "name_zh": null,
        "admin_leve": 0,
        "boundary": null,
        "water": null,
        "place": null,
        "building_p": null,
        "min_height": 0,
        "min": 0,
        "name_zh_H1": null,
        "name_zh_Ha": null,
        "operator": null,
        "operator_t": null,
        "short_name": null,
        "short_nam1": null,
        "short_nam2": null,
        "wikidata": null,
        "wikipedia": null,
        "garden_typ": null,
        "access": null,
        "note": null,
        "female": null,
        "toilets_di": null,
        "male": null,
        "wheelchair": null,
        "alt_name": null,
        "old_name": null,
        "PERIMETER": null,
        "ENCLOSED_A": null
      },
      "geometry": {
        "type": "MultiPolygon",
        "coordinates": [
          [
            [
              [
                114.36325981968687,
                30.535593646516823
              ],
              [
                114.363257840452,
                30.535694547583045
              ],
              [
                114.36362328067332,
                30.535701390316834
              ],
              [
                114.36362536015433,
                30.5356004890304
              ],
              [
                114.36350007430909,
                30.535598140367043
              ],
              [
                114.36325981968687,
                30.535593646516823
              ]
            ]
          ]
        ]
      }
    },
    {
      "type": "Feature",
      "properties": {
        "GM_LAYER": "building",
        "GM_TYPE": "Misc. Manmade Structure",
        "ELEVATION": 0,
        "visible": "true",
        "version": 2,
        "changeset": 16007315,
        "timestamp": "2013-05-07T07:46:48Z",
        "user": "贺楷锴",
        "uid": 1423210,
        "covered": null,
        "leisure": null,
        "name": "青三",
        "sport": null,
        "id": 104376000.0,
        "building": "yes",
        "building_l": 0,
        "height": null,
        "shop": null,
        "landuse": null,
        "addr_city": null,
        "addr_house": null,
        "addr_postc": 0,
        "addr_stree": null,
        "name_en": null,
        "website": null,
        "amenity": null,
        "addr_distr": null,
        "addr_hous1": null,
        "addr_provi": null,
        "int_name": null,
        "natural": null,
        "descriptio": null,
        "cuisine": null,
        "fast_food": null,
        "level": 0,
        "opening_h9": null,
        "designatio": null,
        "layer": 0,
        "area": null,
        "location": null,
        "public_tra": null,
        "railway": null,
        "subway": null,
        "station": null,
        "surface": null,
        "name_zh": null,
        "admin_leve": 0,
        "boundary": null,
        "water": null,
        "place": null,
        "building_p": null,
        "min_height": 0,
        "min": 0,
        "name_zh_H1": null,
        "name_zh_Ha": null,
        "operator": null,
        "operator_t": null,
        "short_name": null,
        "short_nam1": null,
        "short_nam2": null,
        "wikidata": null,
        "wikipedia": null,
        "garden_typ": null,
        "access": null,
        "note": null,
        "female": null,
        "toilets_di": null,
        "male": null,
        "wheelchair": null,
        "alt_name": null,
        "old_name": null,
        "PERIMETER": null,
        "ENCLOSED_A": null
      },
      "geometry": {
        "type": "MultiPolygon",
        "coordinates": [
          [
            [
              [
                114.36339896464484,
                30.535909418424158
              ],
              [
                114.36339888516929,
                30.53601102822313
              ],
              [
                114.36376113885599,
                30.536012608013316
              ],
              [
                114.36376121833278,
                30.535910998217688
              ],
              [
                114.36339896464484,
                30.535909418424158
              ]
            ]
          ]
        ]
      }
    },
    {
      "type": "Feature",
      "properties": {
        "GM_LAYER": "building",
        "GM_TYPE": "Misc. Manmade Structure",
        "ELEVATION": 0,
        "visible": "true",
        "version": 1,
        "changeset": 7575306,
        "timestamp": "2011-03-16T13:32:41Z",
        "user": "GeoSUN",
        "uid": 414582,
        "covered": null,
        "leisure": null,
        "name": null,
        "sport": null,
        "id": 104376000.0,
        "building": "yes",
        "building_l": 0,
        "height": null,
        "shop": null,
        "landuse": null,
        "addr_city": null,
        "addr_house": null,
        "addr_postc": 0,
        "addr_stree": null,
        "name_en": null,
        "website": null,
        "amenity": null,
        "addr_distr": null,
        "addr_hous1": null,
        "addr_provi": null,
        "int_name": null,
        "natural": null,
        "descriptio": null,
        "cuisine": null,
        "fast_food": null,
        "level": 0,
        "opening_h9": null,
        "designatio": null,
        "layer": 0,
        "area": null,
        "location": null,
        "public_tra": null,
        "railway": null,
        "subway": null,
        "station": null,
        "surface": null,
        "name_zh": null,
        "admin_leve": 0,
        "boundary": null,
        "water": null,
        "place": null,
        "building_p": null,
        "min_height": 0,
        "min": 0,
        "name_zh_H1": null,
        "name_zh_Ha": null,
        "operator": null,
        "operator_t": null,
        "short_name": null,
        "short_nam1": null,
        "short_nam2": null,
        "wikidata": null,
        "wikipedia": null,
        "garden_typ": null,
        "access": null,
        "note": null,
        "female": null,
        "toilets_di": null,
        "male": null,
        "wheelchair": null,
        "alt_name": null,
        "old_name": null,
        "PERIMETER": null,
        "ENCLOSED_A": null
      },
      "geometry": {
        "type": "MultiPolygon",
        "coordinates": [
          [
            [
              [
                114.36382485335453,
                30.536055277168508
              ],
              [
                114.36420585249442,
                30.53606398145788
              ],
              [
                114.36420967048673,
                30.535917281279495
              ],
              [
                114.36382867099289,
                30.53590857832263
              ],
              [
                114.36382485335453,
                30.536055277168508
              ]
            ]
          ]
        ]
      }
    },
    {
      "type": "Feature",
      "properties": {
        "GM_LAYER": "building",
        "GM_TYPE": "Misc. Manmade Structure",
        "ELEVATION": 0,
        "visible": "true",
        "version": 2,
        "changeset": 21663693,
        "timestamp": "2014-04-13T11:56:47Z",
        "user": "大头雨",
        "uid": 2029988,
        "covered": null,
        "leisure": null,
        "name": "教工活动中心（信息学部图书馆临时地址）",
        "sport": null,
        "id": 104376000.0,
        "building": "yes",
        "building_l": 0,
        "height": null,
        "shop": null,
        "landuse": null,
        "addr_city": null,
        "addr_house": null,
        "addr_postc": 0,
        "addr_stree": null,
        "name_en": null,
        "website": null,
        "amenity": null,
        "addr_distr": null,
        "addr_hous1": null,
        "addr_provi": null,
        "int_name": null,
        "natural": null,
        "descriptio": null,
        "cuisine": null,
        "fast_food": null,
        "level": 0,
        "opening_h9": null,
        "designatio": null,
        "layer": 0,
        "area": null,
        "location": null,
        "public_tra": null,
        "railway": null,
        "subway": null,
        "station": null,
        "surface": null,
        "name_zh": null,
        "admin_leve": 0,
        "boundary": null,
        "water": null,
        "place": null,
        "building_p": null,
        "min_height": 0,
        "min": 0,
        "name_zh_H1": null,
        "name_zh_Ha": null,
        "operator": null,
        "operator_t": null,
        "short_name": null,
        "short_nam1": null,
        "short_nam2": null,
        "wikidata": null,
        "wikipedia": null,
        "garden_typ": null,
        "access": null,
        "note": null,
        "female": null,
        "toilets_di": null,
        "male": null,
        "wheelchair": null,
        "alt_name": null,
        "old_name": null,
        "PERIMETER": null,
        "ENCLOSED_A": null
      },
      "geometry": {
        "type": "MultiPolygon",
        "coordinates": [
          [
            [
              [
                114.36369570651293,
                30.535735504136262
              ],
              [
                114.3636941587346,
                30.535795603623946
              ],
              [
                114.36410967433757,
                30.535804989213855
              ],
              [
                114.36412514842608,
                30.53520488737703
              ],
              [
                114.36406059656083,
                30.5352034372294
              ],
              [
                114.36404657054607,
                30.535743437774055
              ],
              [
                114.36369570651293,
                30.535735504136262
              ]
            ]
          ]
        ]
      }
    },
    {
      "type": "Feature",
      "properties": {
        "GM_LAYER": "building",
        "GM_TYPE": "Misc. Manmade Structure",
        "ELEVATION": 0,
        "visible": "true",
        "version": 1,
        "changeset": 7575306,
        "timestamp": "2011-03-16T13:35:54Z",
        "user": "GeoSUN",
        "uid": 414582,
        "covered": null,
        "leisure": null,
        "name": null,
        "sport": null,
        "id": 104376000.0,
        "building": "yes",
        "building_l": 0,
        "height": null,
        "shop": null,
        "landuse": null,
        "addr_city": null,
        "addr_house": null,
        "addr_postc": 0,
        "addr_stree": null,
        "name_en": null,
        "website": null,
        "amenity": null,
        "addr_distr": null,
        "addr_hous1": null,
        "addr_provi": null,
        "int_name": null,
        "natural": null,
        "descriptio": null,
        "cuisine": null,
        "fast_food": null,
        "level": 0,
        "opening_h9": null,
        "designatio": null,
        "layer": 0,
        "area": null,
        "location": null,
        "public_tra": null,
        "railway": null,
        "subway": null,
        "station": null,
        "surface": null,
        "name_zh": null,
        "admin_leve": 0,
        "boundary": null,
        "water": null,
        "place": null,
        "building_p": null,
        "min_height": 0,
        "min": 0,
        "name_zh_H1": null,
        "name_zh_Ha": null,
        "operator": null,
        "operator_t": null,
        "short_name": null,
        "short_nam1": null,
        "short_nam2": null,
        "wikidata": null,
        "wikipedia": null,
        "garden_typ": null,
        "access": null,
        "note": null,
        "female": null,
        "toilets_di": null,
        "male": null,
        "wheelchair": null,
        "alt_name": null,
        "old_name": null,
        "PERIMETER": null,
        "ENCLOSED_A": null
      },
      "geometry": {
        "type": "MultiPolygon",
        "coordinates": [
          [
            [
              [
                114.36356407564149,
                30.536795040204137
              ],
              [
                114.3635679906163,
                30.536904067635124
              ],
              [
                114.36390404541496,
                30.53689628218139
              ],
              [
                114.36390003003031,
                30.536787255621128
              ],
              [
                114.36356407564149,
                30.536795040204137
              ]
            ]
          ]
        ]
      }
    },
    {
      "type": "Feature",
      "properties": {
        "GM_LAYER": "building",
        "GM_TYPE": "Misc. Manmade Structure",
        "ELEVATION": 0,
        "visible": "true",
        "version": 1,
        "changeset": 7575306,
        "timestamp": "2011-03-16T13:35:54Z",
        "user": "GeoSUN",
        "uid": 414582,
        "covered": null,
        "leisure": null,
        "name": null,
        "sport": null,
        "id": 104376000.0,
        "building": "yes",
        "building_l": 0,
        "height": null,
        "shop": null,
        "landuse": null,
        "addr_city": null,
        "addr_house": null,
        "addr_postc": 0,
        "addr_stree": null,
        "name_en": null,
        "website": null,
        "amenity": null,
        "addr_distr": null,
        "addr_hous1": null,
        "addr_provi": null,
        "int_name": null,
        "natural": null,
        "descriptio": null,
        "cuisine": null,
        "fast_food": null,
        "level": 0,
        "opening_h9": null,
        "designatio": null,
        "layer": 0,
        "area": null,
        "location": null,
        "public_tra": null,
        "railway": null,
        "subway": null,
        "station": null,
        "surface": null,
        "name_zh": null,
        "admin_leve": 0,
        "boundary": null,
        "water": null,
        "place": null,
        "building_p": null,
        "min_height": 0,
        "min": 0,
        "name_zh_H1": null,
        "name_zh_Ha": null,
        "operator": null,
        "operator_t": null,
        "short_name": null,
        "short_nam1": null,
        "short_nam2": null,
        "wikidata": null,
        "wikipedia": null,
        "garden_typ": null,
        "access": null,
        "note": null,
        "female": null,
        "toilets_di": null,
        "male": null,
        "wheelchair": null,
        "alt_name": null,
        "old_name": null,
        "PERIMETER": null,
        "ENCLOSED_A": null
      },
      "geometry": {
        "type": "MultiPolygon",
        "coordinates": [
          [
            [
              [
                114.36413682471837,
                30.53653186487831
              ],
              [
                114.36384679520427,
                30.536529513788025
              ],
              [
                114.36384600103511,
                30.536646721759084
              ],
              [
                114.36413603049809,
                30.536649073039026
              ],
              [
                114.36413682471837,
                30.53653186487831
              ]
            ]
          ]
        ]
      }
    },
    {
      "type": "Feature",
      "properties": {
        "GM_LAYER": "building",
        "GM_TYPE": "Misc. Manmade Structure",
        "ELEVATION": 0,
        "visible": "true",
        "version": 1,
        "changeset": 7575306,
        "timestamp": "2011-03-16T13:35:54Z",
        "user": "GeoSUN",
        "uid": 414582,
        "covered": null,
        "leisure": null,
        "name": null,
        "sport": null,
        "id": 104376000.0,
        "building": "yes",
        "building_l": 0,
        "height": null,
        "shop": null,
        "landuse": null,
        "addr_city": null,
        "addr_house": null,
        "addr_postc": 0,
        "addr_stree": null,
        "name_en": null,
        "website": null,
        "amenity": null,
        "addr_distr": null,
        "addr_hous1": null,
        "addr_provi": null,
        "int_name": null,
        "natural": null,
        "descriptio": null,
        "cuisine": null,
        "fast_food": null,
        "level": 0,
        "opening_h9": null,
        "designatio": null,
        "layer": 0,
        "area": null,
        "location": null,
        "public_tra": null,
        "railway": null,
        "subway": null,
        "station": null,
        "surface": null,
        "name_zh": null,
        "admin_leve": 0,
        "boundary": null,
        "water": null,
        "place": null,
        "building_p": null,
        "min_height": 0,
        "min": 0,
        "name_zh_H1": null,
        "name_zh_Ha": null,
        "operator": null,
        "operator_t": null,
        "short_name": null,
        "short_nam1": null,
        "short_nam2": null,
        "wikidata": null,
        "wikipedia": null,
        "garden_typ": null,
        "access": null,
        "note": null,
        "female": null,
        "toilets_di": null,
        "male": null,
        "wheelchair": null,
        "alt_name": null,
        "old_name": null,
        "PERIMETER": null,
        "ENCLOSED_A": null
      },
      "geometry": {
        "type": "MultiPolygon",
        "coordinates": [
          [
            [
              [
                114.36347798882451,
                30.537322509347064
              ],
              [
                114.36348002019602,
                30.53740812625763
              ],
              [
                114.36369587498993,
                30.537405165365062
              ],
              [
                114.36369384350705,
                30.537319548885165
              ],
              [
                114.36347798882451,
                30.537322509347064
              ]
            ]
          ]
        ]
      }
    },
    {
      "type": "Feature",
      "properties": {
        "GM_LAYER": "building",
        "GM_TYPE": "Misc. Manmade Structure",
        "ELEVATION": 0,
        "visible": "true",
        "version": 1,
        "changeset": 7575306,
        "timestamp": "2011-03-16T13:35:54Z",
        "user": "GeoSUN",
        "uid": 414582,
        "covered": null,
        "leisure": null,
        "name": null,
        "sport": null,
        "id": 104376000.0,
        "building": "yes",
        "building_l": 0,
        "height": null,
        "shop": null,
        "landuse": null,
        "addr_city": null,
        "addr_house": null,
        "addr_postc": 0,
        "addr_stree": null,
        "name_en": null,
        "website": null,
        "amenity": null,
        "addr_distr": null,
        "addr_hous1": null,
        "addr_provi": null,
        "int_name": null,
        "natural": null,
        "descriptio": null,
        "cuisine": null,
        "fast_food": null,
        "level": 0,
        "opening_h9": null,
        "designatio": null,
        "layer": 0,
        "area": null,
        "location": null,
        "public_tra": null,
        "railway": null,
        "subway": null,
        "station": null,
        "surface": null,
        "name_zh": null,
        "admin_leve": 0,
        "boundary": null,
        "water": null,
        "place": null,
        "building_p": null,
        "min_height": 0,
        "min": 0,
        "name_zh_H1": null,
        "name_zh_Ha": null,
        "operator": null,
        "operator_t": null,
        "short_name": null,
        "short_nam1": null,
        "short_nam2": null,
        "wikidata": null,
        "wikipedia": null,
        "garden_typ": null,
        "access": null,
        "note": null,
        "female": null,
        "toilets_di": null,
        "male": null,
        "wheelchair": null,
        "alt_name": null,
        "old_name": null,
        "PERIMETER": null,
        "ENCLOSED_A": null
      },
      "geometry": {
        "type": "MultiPolygon",
        "coordinates": [
          [
            [
              [
                114.3633069902403,
                30.536811085559446
              ],
              [
                114.3633064228018,
                30.536894390832188
              ],
              [
                114.36349214464762,
                30.53689593258807
              ],
              [
                114.36349271202884,
                30.536812727238058
              ],
              [
                114.3633069902403,
                30.536811085559446
              ]
            ]
          ]
        ]
      }
    },
    {
      "type": "Feature",
      "properties": {
        "GM_LAYER": "building",
        "GM_TYPE": "Misc. Manmade Structure",
        "ELEVATION": 0,
        "visible": "true",
        "version": 2,
        "changeset": 14730472,
        "timestamp": "2013-01-21T08:54:54Z",
        "user": "kun3721",
        "uid": 1195808,
        "covered": null,
        "leisure": null,
        "name": "青5",
        "sport": null,
        "id": 104376000.0,
        "building": "yes",
        "building_l": 0,
        "height": null,
        "shop": null,
        "landuse": null,
        "addr_city": null,
        "addr_house": null,
        "addr_postc": 0,
        "addr_stree": null,
        "name_en": null,
        "website": null,
        "amenity": null,
        "addr_distr": null,
        "addr_hous1": null,
        "addr_provi": null,
        "int_name": null,
        "natural": null,
        "descriptio": null,
        "cuisine": null,
        "fast_food": null,
        "level": 0,
        "opening_h9": null,
        "designatio": null,
        "layer": 0,
        "area": null,
        "location": null,
        "public_tra": null,
        "railway": null,
        "subway": null,
        "station": null,
        "surface": null,
        "name_zh": null,
        "admin_leve": 0,
        "boundary": null,
        "water": null,
        "place": null,
        "building_p": null,
        "min_height": 0,
        "min": 0,
        "name_zh_H1": null,
        "name_zh_Ha": null,
        "operator": null,
        "operator_t": null,
        "short_name": null,
        "short_nam1": null,
        "short_nam2": null,
        "wikidata": null,
        "wikipedia": null,
        "garden_typ": null,
        "access": null,
        "note": null,
        "female": null,
        "toilets_di": null,
        "male": null,
        "wheelchair": null,
        "alt_name": null,
        "old_name": null,
        "PERIMETER": null,
        "ENCLOSED_A": null
      },
      "geometry": {
        "type": "MultiPolygon",
        "coordinates": [
          [
            [
              [
                114.36387406669158,
                30.53621339472657
              ],
              [
                114.36386934608656,
                30.5363613898971
              ],
              [
                114.36420460986069,
                30.536370406732487
              ],
              [
                114.36420923084573,
                30.53622230971666
              ],
              [
                114.36387406669158,
                30.53621339472657
              ]
            ]
          ]
        ]
      }
    },
    {
      "type": "Feature",
      "properties": {
        "GM_LAYER": "building",
        "GM_TYPE": "Misc. Manmade Structure",
        "ELEVATION": 0,
        "visible": "true",
        "version": 2,
        "changeset": 19230163,
        "timestamp": "2013-12-02T09:44:40Z",
        "user": "邹华_可视化",
        "uid": 1826159,
        "covered": null,
        "leisure": null,
        "name": "青四",
        "sport": null,
        "id": 104376000.0,
        "building": "yes",
        "building_l": 0,
        "height": null,
        "shop": null,
        "landuse": null,
        "addr_city": null,
        "addr_house": null,
        "addr_postc": 0,
        "addr_stree": null,
        "name_en": null,
        "website": null,
        "amenity": null,
        "addr_distr": null,
        "addr_hous1": null,
        "addr_provi": null,
        "int_name": null,
        "natural": null,
        "descriptio": null,
        "cuisine": null,
        "fast_food": null,
        "level": 0,
        "opening_h9": null,
        "designatio": null,
        "layer": 0,
        "area": null,
        "location": null,
        "public_tra": null,
        "railway": null,
        "subway": null,
        "station": null,
        "surface": null,
        "name_zh": null,
        "admin_leve": 0,
        "boundary": null,
        "water": null,
        "place": null,
        "building_p": null,
        "min_height": 0,
        "min": 0,
        "name_zh_H1": null,
        "name_zh_Ha": null,
        "operator": null,
        "operator_t": null,
        "short_name": null,
        "short_nam1": null,
        "short_nam2": null,
        "wikidata": null,
        "wikipedia": null,
        "garden_typ": null,
        "access": null,
        "note": null,
        "female": null,
        "toilets_di": null,
        "male": null,
        "wheelchair": null,
        "alt_name": null,
        "old_name": null,
        "PERIMETER": null,
        "ENCLOSED_A": null
      },
      "geometry": {
        "type": "MultiPolygon",
        "coordinates": [
          [
            [
              [
                114.36355839129902,
                30.536141552071438
              ],
              [
                114.36355761685827,
                30.53623535791355
              ],
              [
                114.36375285616126,
                30.536237195452706
              ],
              [
                114.36375353056236,
                30.536143389062975
              ],
              [
                114.36355839129902,
                30.536141552071438
              ]
            ]
          ]
        ]
      }
    },
    {
      "type": "Feature",
      "properties": {
        "GM_LAYER": "building",
        "GM_TYPE": "Misc. Manmade Structure",
        "ELEVATION": 0,
        "visible": "true",
        "version": 2,
        "changeset": 19475867,
        "timestamp": "2013-12-16T04:13:42Z",
        "user": "jiezheng",
        "uid": 1844620,
        "covered": null,
        "leisure": null,
        "name": "51栋",
        "sport": null,
        "id": 104376000.0,
        "building": "yes",
        "building_l": 0,
        "height": null,
        "shop": null,
        "landuse": null,
        "addr_city": null,
        "addr_house": null,
        "addr_postc": 0,
        "addr_stree": null,
        "name_en": null,
        "website": null,
        "amenity": null,
        "addr_distr": null,
        "addr_hous1": null,
        "addr_provi": null,
        "int_name": null,
        "natural": null,
        "descriptio": null,
        "cuisine": null,
        "fast_food": null,
        "level": 0,
        "opening_h9": null,
        "designatio": null,
        "layer": 0,
        "area": null,
        "location": null,
        "public_tra": null,
        "railway": null,
        "subway": null,
        "station": null,
        "surface": null,
        "name_zh": null,
        "admin_leve": 0,
        "boundary": null,
        "water": null,
        "place": null,
        "building_p": null,
        "min_height": 0,
        "min": 0,
        "name_zh_H1": null,
        "name_zh_Ha": null,
        "operator": null,
        "operator_t": null,
        "short_name": null,
        "short_nam1": null,
        "short_nam2": null,
        "wikidata": null,
        "wikipedia": null,
        "garden_typ": null,
        "access": null,
        "note": null,
        "female": null,
        "toilets_di": null,
        "male": null,
        "wheelchair": null,
        "alt_name": null,
        "old_name": null,
        "PERIMETER": null,
        "ENCLOSED_A": null
      },
      "geometry": {
        "type": "MultiPolygon",
        "coordinates": [
          [
            [
              [
                114.36314618981766,
                30.53705905394492
              ],
              [
                114.36314702182905,
                30.53714346580767
              ],
              [
                114.36379096061096,
                30.537141340825617
              ],
              [
                114.36379022853296,
                30.537056929931953
              ],
              [
                114.36314618981766,
                30.53705905394492
              ]
            ]
          ]
        ]
      }
    },
    {
      "type": "Feature",
      "properties": {
        "GM_LAYER": "building - school",
        "GM_TYPE": "Misc. Manmade Structure",
        "ELEVATION": 0,
        "visible": "true",
        "version": 2,
        "changeset": 48612905,
        "timestamp": "2017-05-12T06:17:32Z",
        "user": "samsung galaxy s6",
        "uid": 3691120,
        "covered": null,
        "leisure": null,
        "name": null,
        "sport": null,
        "id": 104378000.0,
        "building": "school",
        "building_l": 0,
        "height": null,
        "shop": null,
        "landuse": null,
        "addr_city": null,
        "addr_house": null,
        "addr_postc": 0,
        "addr_stree": null,
        "name_en": null,
        "website": null,
        "amenity": null,
        "addr_distr": null,
        "addr_hous1": null,
        "addr_provi": null,
        "int_name": null,
        "natural": null,
        "descriptio": null,
        "cuisine": null,
        "fast_food": null,
        "level": 0,
        "opening_h9": null,
        "designatio": null,
        "layer": 0,
        "area": null,
        "location": null,
        "public_tra": null,
        "railway": null,
        "subway": null,
        "station": null,
        "surface": null,
        "name_zh": null,
        "admin_leve": 0,
        "boundary": null,
        "water": null,
        "place": null,
        "building_p": null,
        "min_height": 0,
        "min": 0,
        "name_zh_H1": null,
        "name_zh_Ha": null,
        "operator": null,
        "operator_t": null,
        "short_name": null,
        "short_nam1": null,
        "short_nam2": null,
        "wikidata": null,
        "wikipedia": null,
        "garden_typ": null,
        "access": null,
        "note": null,
        "female": null,
        "toilets_di": null,
        "male": null,
        "wheelchair": null,
        "alt_name": null,
        "old_name": null,
        "PERIMETER": null,
        "ENCLOSED_A": null
      },
      "geometry": {
        "type": "MultiPolygon",
        "coordinates": [
          [
            [
              [
                114.36269948241171,
                30.538223334141826
              ],
              [
                114.36275757073744,
                30.538153227998272
              ],
              [
                114.36265757138648,
                30.53809190405159
              ],
              [
                114.36275421808139,
                30.53797449488471
              ],
              [
                114.36287472046932,
                30.538048314137278
              ],
              [
                114.36293531513527,
                30.53797471048973
              ],
              [
                114.36272870993201,
                30.53784815210914
              ],
              [
                114.3626695203478,
                30.537920151182405
              ],
              [
                114.36262192123809,
                30.53789089896377
              ],
              [
                114.36257064488632,
                30.537953133281114
              ],
              [
                114.36260494376258,
                30.53797421689043
              ],
              [
                114.36256899016558,
                30.538017930278837
              ],
              [
                114.36250069315999,
                30.537976061281192
              ],
              [
                114.36243289397066,
                30.538058401702134
              ],
              [
                114.36269948241171,
                30.538223334141826
              ]
            ]
          ]
        ]
      }
    },
    {
      "type": "Feature",
      "properties": {
        "GM_LAYER": "leisure - track",
        "GM_TYPE": "Misc. Manmade Structure",
        "ELEVATION": 0,
        "visible": "true",
        "version": 1,
        "changeset": 7575306,
        "timestamp": "2011-03-16T13:51:07Z",
        "user": "GeoSUN",
        "uid": 414582,
        "covered": null,
        "leisure": "track",
        "name": null,
        "sport": null,
        "id": 104378000.0,
        "building": null,
        "building_l": 0,
        "height": null,
        "shop": null,
        "landuse": null,
        "addr_city": null,
        "addr_house": null,
        "addr_postc": 0,
        "addr_stree": null,
        "name_en": null,
        "website": null,
        "amenity": null,
        "addr_distr": null,
        "addr_hous1": null,
        "addr_provi": null,
        "int_name": null,
        "natural": null,
        "descriptio": null,
        "cuisine": null,
        "fast_food": null,
        "level": 0,
        "opening_h9": null,
        "designatio": null,
        "layer": 0,
        "area": null,
        "location": null,
        "public_tra": null,
        "railway": null,
        "subway": null,
        "station": null,
        "surface": null,
        "name_zh": null,
        "admin_leve": 0,
        "boundary": null,
        "water": null,
        "place": null,
        "building_p": null,
        "min_height": 0,
        "min": 0,
        "name_zh_H1": null,
        "name_zh_Ha": null,
        "operator": null,
        "operator_t": null,
        "short_name": null,
        "short_nam1": null,
        "short_nam2": null,
        "wikidata": null,
        "wikipedia": null,
        "garden_typ": null,
        "access": null,
        "note": null,
        "female": null,
        "toilets_di": null,
        "male": null,
        "wheelchair": null,
        "alt_name": null,
        "old_name": null,
        "PERIMETER": null,
        "ENCLOSED_A": null
      },
      "geometry": {
        "type": "MultiPolygon",
        "coordinates": [
          [
            [
              [
                114.36293480600024,
                30.537864998149367
              ],
              [
                114.36299651941236,
                30.537890805425036
              ],
              [
                114.36306645964672,
                30.53789114671688
              ],
              [
                114.3631254136821,
                30.53786822872671
              ],
              [
                114.36340742959237,
                30.537580816148182
              ],
              [
                114.36342898764396,
                30.537527708615563
              ],
              [
                114.36344774566183,
                30.53747238787226
              ],
              [
                114.36343438033416,
                30.537419122973777
              ],
              [
                114.36339689330075,
                30.537372749444078
              ],
              [
                114.36335929322742,
                30.537342575540986
              ],
              [
                114.36328146032042,
                30.537321415086588
              ],
              [
                114.36320900947656,
                30.53732797681329
              ],
              [
                114.36314725104621,
                30.53735318634409
              ],
              [
                114.3628813696947,
                30.5376314100815
              ],
              [
                114.36284640133574,
                30.537691339351266
              ],
              [
                114.36284096217072,
                30.53773521581722
              ],
              [
                114.36284902825038,
                30.53778146077311
              ],
              [
                114.36288120536716,
                30.53783012722174
              ],
              [
                114.36293480600024,
                30.537864998149367
              ]
            ]
          ]
        ]
      }
    },
    {
      "type": "Feature",
      "properties": {
        "GM_LAYER": "building",
        "GM_TYPE": "Misc. Manmade Structure",
        "ELEVATION": 0,
        "visible": "true",
        "version": 2,
        "changeset": 14777520,
        "timestamp": "2013-01-25T07:29:45Z",
        "user": "kun3721",
        "uid": 1195808,
        "covered": null,
        "leisure": null,
        "name": "55栋",
        "sport": null,
        "id": 104378000.0,
        "building": "yes",
        "building_l": 0,
        "height": null,
        "shop": null,
        "landuse": null,
        "addr_city": null,
        "addr_house": null,
        "addr_postc": 0,
        "addr_stree": null,
        "name_en": null,
        "website": null,
        "amenity": null,
        "addr_distr": null,
        "addr_hous1": null,
        "addr_provi": null,
        "int_name": null,
        "natural": null,
        "descriptio": null,
        "cuisine": null,
        "fast_food": null,
        "level": 0,
        "opening_h9": null,
        "designatio": null,
        "layer": 0,
        "area": null,
        "location": null,
        "public_tra": null,
        "railway": null,
        "subway": null,
        "station": null,
        "surface": null,
        "name_zh": null,
        "admin_leve": 0,
        "boundary": null,
        "water": null,
        "place": null,
        "building_p": null,
        "min_height": 0,
        "min": 0,
        "name_zh_H1": null,
        "name_zh_Ha": null,
        "operator": null,
        "operator_t": null,
        "short_name": null,
        "short_nam1": null,
        "short_nam2": null,
        "wikidata": null,
        "wikipedia": null,
        "garden_typ": null,
        "access": null,
        "note": null,
        "female": null,
        "toilets_di": null,
        "male": null,
        "wheelchair": null,
        "alt_name": null,
        "old_name": null,
        "PERIMETER": null,
        "ENCLOSED_A": null
      },
      "geometry": {
        "type": "MultiPolygon",
        "coordinates": [
          [
            [
              [
                114.36348492832151,
                30.538366433524093
              ],
              [
                114.36391303851306,
                30.53836995133896
              ],
              [
                114.36391385057625,
                30.538237143104098
              ],
              [
                114.3634857403099,
                30.53823362556822
              ],
              [
                114.36348492832151,
                30.538366433524093
              ]
            ]
          ]
        ]
      }
    },
    {
      "type": "Feature",
      "properties": {
        "GM_LAYER": "leisure - pitch",
        "GM_TYPE": "Misc. Manmade Structure",
        "ELEVATION": 0,
        "visible": "true",
        "version": 1,
        "changeset": 7575306,
        "timestamp": "2011-03-16T13:51:07Z",
        "user": "GeoSUN",
        "uid": 414582,
        "covered": null,
        "leisure": "pitch",
        "name": null,
        "sport": null,
        "id": 104378000.0,
        "building": null,
        "building_l": 0,
        "height": null,
        "shop": null,
        "landuse": null,
        "addr_city": null,
        "addr_house": null,
        "addr_postc": 0,
        "addr_stree": null,
        "name_en": null,
        "website": null,
        "amenity": null,
        "addr_distr": null,
        "addr_hous1": null,
        "addr_provi": null,
        "int_name": null,
        "natural": null,
        "descriptio": null,
        "cuisine": null,
        "fast_food": null,
        "level": 0,
        "opening_h9": null,
        "designatio": null,
        "layer": 0,
        "area": null,
        "location": null,
        "public_tra": null,
        "railway": null,
        "subway": null,
        "station": null,
        "surface": null,
        "name_zh": null,
        "admin_leve": 0,
        "boundary": null,
        "water": null,
        "place": null,
        "building_p": null,
        "min_height": 0,
        "min": 0,
        "name_zh_H1": null,
        "name_zh_Ha": null,
        "operator": null,
        "operator_t": null,
        "short_name": null,
        "short_nam1": null,
        "short_nam2": null,
        "wikidata": null,
        "wikipedia": null,
        "garden_typ": null,
        "access": null,
        "note": null,
        "female": null,
        "toilets_di": null,
        "male": null,
        "wheelchair": null,
        "alt_name": null,
        "old_name": null,
        "PERIMETER": null,
        "ENCLOSED_A": null
      },
      "geometry": {
        "type": "MultiPolygon",
        "coordinates": [
          [
            [
              [
                114.3631012356389,
                30.537824308689657
              ],
              [
                114.36335381158777,
                30.537559770343623
              ],
              [
                114.36337795395355,
                30.537527477561497
              ],
              [
                114.36339942305425,
                30.537460568953524
              ],
              [
                114.3633673493088,
                30.53740271784419
              ],
              [
                114.36330833390562,
                30.537374744426792
              ],
              [
                114.36324389708862,
                30.537369744462463
              ],
              [
                114.36316872433515,
                30.537401793029044
              ],
              [
                114.36293227468842,
                30.537659367014776
              ],
              [
                114.36289470637054,
                30.537716984727698
              ],
              [
                114.36289736200659,
                30.537772403031454
              ],
              [
                114.36293484623278,
                30.53781649399336
              ],
              [
                114.3629965597561,
                30.537842201267047
              ],
              [
                114.36306099487624,
                30.537844816069658
              ],
              [
                114.3631012356389,
                30.537824308689657
              ]
            ]
          ]
        ]
      }
    },
    {
      "type": "Feature",
      "properties": {
        "GM_LAYER": "building - school",
        "GM_TYPE": "Misc. Manmade Structure",
        "ELEVATION": 0,
        "visible": "true",
        "version": 2,
        "changeset": 48612905,
        "timestamp": "2017-05-12T06:17:32Z",
        "user": "samsung galaxy s6",
        "uid": 3691120,
        "covered": null,
        "leisure": null,
        "name": null,
        "sport": null,
        "id": 104378000.0,
        "building": "school",
        "building_l": 0,
        "height": null,
        "shop": null,
        "landuse": null,
        "addr_city": null,
        "addr_house": null,
        "addr_postc": 0,
        "addr_stree": null,
        "name_en": null,
        "website": null,
        "amenity": null,
        "addr_distr": null,
        "addr_hous1": null,
        "addr_provi": null,
        "int_name": null,
        "natural": null,
        "descriptio": null,
        "cuisine": null,
        "fast_food": null,
        "level": 0,
        "opening_h9": null,
        "designatio": null,
        "layer": 0,
        "area": null,
        "location": null,
        "public_tra": null,
        "railway": null,
        "subway": null,
        "station": null,
        "surface": null,
        "name_zh": null,
        "admin_leve": 0,
        "boundary": null,
        "water": null,
        "place": null,
        "building_p": null,
        "min_height": 0,
        "min": 0,
        "name_zh_H1": null,
        "name_zh_Ha": null,
        "operator": null,
        "operator_t": null,
        "short_name": null,
        "short_nam1": null,
        "short_nam2": null,
        "wikidata": null,
        "wikipedia": null,
        "garden_typ": null,
        "access": null,
        "note": null,
        "female": null,
        "toilets_di": null,
        "male": null,
        "wheelchair": null,
        "alt_name": null,
        "old_name": null,
        "PERIMETER": null,
        "ENCLOSED_A": null
      },
      "geometry": {
        "type": "MultiPolygon",
        "coordinates": [
          [
            [
              [
                114.36278550997885,
                30.537641725320576
              ],
              [
                114.36313629478776,
                30.53729152833161
              ],
              [
                114.36304839592651,
                30.53722619840465
              ],
              [
                114.36277422073393,
                30.53749995460361
              ],
              [
                114.36263513530609,
                30.53739652344864
              ],
              [
                114.36255853587858,
                30.53747292526995
              ],
              [
                114.36278550997885,
                30.537641725320576
              ]
            ]
          ]
        ]
      }
    },
    {
      "type": "Feature",
      "properties": {
        "GM_LAYER": "building",
        "GM_TYPE": "Misc. Manmade Structure",
        "ELEVATION": 0,
        "visible": "true",
        "version": 2,
        "changeset": 14777520,
        "timestamp": "2013-01-25T07:29:45Z",
        "user": "kun3721",
        "uid": 1195808,
        "covered": null,
        "leisure": null,
        "name": "53栋",
        "sport": null,
        "id": 104378000.0,
        "building": "yes",
        "building_l": 0,
        "height": null,
        "shop": null,
        "landuse": null,
        "addr_city": null,
        "addr_house": null,
        "addr_postc": 0,
        "addr_stree": null,
        "name_en": null,
        "website": null,
        "amenity": null,
        "addr_distr": null,
        "addr_hous1": null,
        "addr_provi": null,
        "int_name": null,
        "natural": null,
        "descriptio": null,
        "cuisine": null,
        "fast_food": null,
        "level": 0,
        "opening_h9": null,
        "designatio": null,
        "layer": 0,
        "area": null,
        "location": null,
        "public_tra": null,
        "railway": null,
        "subway": null,
        "station": null,
        "surface": null,
        "name_zh": null,
        "admin_leve": 0,
        "boundary": null,
        "water": null,
        "place": null,
        "building_p": null,
        "min_height": 0,
        "min": 0,
        "name_zh_H1": null,
        "name_zh_Ha": null,
        "operator": null,
        "operator_t": null,
        "short_name": null,
        "short_nam1": null,
        "short_nam2": null,
        "wikidata": null,
        "wikipedia": null,
        "garden_typ": null,
        "access": null,
        "note": null,
        "female": null,
        "toilets_di": null,
        "male": null,
        "wheelchair": null,
        "alt_name": null,
        "old_name": null,
        "PERIMETER": null,
        "ENCLOSED_A": null
      },
      "geometry": {
        "type": "MultiPolygon",
        "coordinates": [
          [
            [
              [
                114.36348673871828,
                30.537876498481662
              ],
              [
                114.363486242395,
                30.53799200653942
              ],
              [
                114.36381497735388,
                30.53799421759718
              ],
              [
                114.3638154737103,
                30.537878709418198
              ],
              [
                114.36348673871828,
                30.537876498481662
              ]
            ]
          ]
        ]
      }
    },
    {
      "type": "Feature",
      "properties": {
        "GM_LAYER": "building",
        "GM_TYPE": "Misc. Manmade Structure",
        "ELEVATION": 0,
        "visible": "true",
        "version": 2,
        "changeset": 14777520,
        "timestamp": "2013-01-25T07:29:45Z",
        "user": "kun3721",
        "uid": 1195808,
        "covered": null,
        "leisure": null,
        "name": "54栋",
        "sport": null,
        "id": 104378000.0,
        "building": "yes",
        "building_l": 0,
        "height": null,
        "shop": null,
        "landuse": null,
        "addr_city": null,
        "addr_house": null,
        "addr_postc": 0,
        "addr_stree": null,
        "name_en": null,
        "website": null,
        "amenity": null,
        "addr_distr": null,
        "addr_hous1": null,
        "addr_provi": null,
        "int_name": null,
        "natural": null,
        "descriptio": null,
        "cuisine": null,
        "fast_food": null,
        "level": 0,
        "opening_h9": null,
        "designatio": null,
        "layer": 0,
        "area": null,
        "location": null,
        "public_tra": null,
        "railway": null,
        "subway": null,
        "station": null,
        "surface": null,
        "name_zh": null,
        "admin_leve": 0,
        "boundary": null,
        "water": null,
        "place": null,
        "building_p": null,
        "min_height": 0,
        "min": 0,
        "name_zh_H1": null,
        "name_zh_Ha": null,
        "operator": null,
        "operator_t": null,
        "short_name": null,
        "short_nam1": null,
        "short_nam2": null,
        "wikidata": null,
        "wikipedia": null,
        "garden_typ": null,
        "access": null,
        "note": null,
        "female": null,
        "toilets_di": null,
        "male": null,
        "wheelchair": null,
        "alt_name": null,
        "old_name": null,
        "PERIMETER": null,
        "ENCLOSED_A": null
      },
      "geometry": {
        "type": "MultiPolygon",
        "coordinates": [
          [
            [
              [
                114.36321801229282,
                30.538058185151236
              ],
              [
                114.36321369190928,
                30.538199077245988
              ],
              [
                114.36343002669618,
                30.53820487374425
              ],
              [
                114.36343167129083,
                30.538152876584245
              ],
              [
                114.36350081659964,
                30.538154785618875
              ],
              [
                114.36350359280843,
                30.53806579009405
              ],
              [
                114.36321801229282,
                30.538058185151236
              ]
            ]
          ]
        ]
      }
    },
    {
      "type": "Feature",
      "properties": {
        "GM_LAYER": "building",
        "GM_TYPE": "Misc. Manmade Structure",
        "ELEVATION": 0,
        "visible": "true",
        "version": 1,
        "changeset": 7581442,
        "timestamp": "2011-03-17T01:30:46Z",
        "user": "GeoSUN",
        "uid": 414582,
        "covered": null,
        "leisure": null,
        "name": null,
        "sport": null,
        "id": 104450000.0,
        "building": "yes",
        "building_l": 0,
        "height": null,
        "shop": null,
        "landuse": null,
        "addr_city": null,
        "addr_house": null,
        "addr_postc": 0,
        "addr_stree": null,
        "name_en": null,
        "website": null,
        "amenity": null,
        "addr_distr": null,
        "addr_hous1": null,
        "addr_provi": null,
        "int_name": null,
        "natural": null,
        "descriptio": null,
        "cuisine": null,
        "fast_food": null,
        "level": 0,
        "opening_h9": null,
        "designatio": null,
        "layer": 0,
        "area": null,
        "location": null,
        "public_tra": null,
        "railway": null,
        "subway": null,
        "station": null,
        "surface": null,
        "name_zh": null,
        "admin_leve": 0,
        "boundary": null,
        "water": null,
        "place": null,
        "building_p": null,
        "min_height": 0,
        "min": 0,
        "name_zh_H1": null,
        "name_zh_Ha": null,
        "operator": null,
        "operator_t": null,
        "short_name": null,
        "short_nam1": null,
        "short_nam2": null,
        "wikidata": null,
        "wikipedia": null,
        "garden_typ": null,
        "access": null,
        "note": null,
        "female": null,
        "toilets_di": null,
        "male": null,
        "wheelchair": null,
        "alt_name": null,
        "old_name": null,
        "PERIMETER": null,
        "ENCLOSED_A": null
      },
      "geometry": {
        "type": "MultiPolygon",
        "coordinates": [
          [
            [
              [
                114.36291500828673,
                30.538209030123483
              ],
              [
                114.36280294515124,
                30.538331375829202
              ],
              [
                114.36353067089796,
                30.538826475465378
              ],
              [
                114.3636427539405,
                30.53870405284813
              ],
              [
                114.36291500828673,
                30.538209030123483
              ]
            ]
          ]
        ]
      }
    },
    {
      "type": "Feature",
      "properties": {
        "GM_LAYER": "building",
        "GM_TYPE": "Misc. Manmade Structure",
        "ELEVATION": 0,
        "visible": "true",
        "version": 4,
        "changeset": 119981334,
        "timestamp": "2022-04-21T05:27:33Z",
        "user": "CENTRALHUB",
        "uid": 6447498,
        "covered": null,
        "leisure": null,
        "name": "39栋",
        "sport": null,
        "id": 104450000.0,
        "building": "yes",
        "building_l": 0,
        "height": null,
        "shop": null,
        "landuse": null,
        "addr_city": null,
        "addr_house": null,
        "addr_postc": 0,
        "addr_stree": null,
        "name_en": null,
        "website": null,
        "amenity": null,
        "addr_distr": null,
        "addr_hous1": null,
        "addr_provi": null,
        "int_name": null,
        "natural": null,
        "descriptio": null,
        "cuisine": null,
        "fast_food": null,
        "level": 0,
        "opening_h9": null,
        "designatio": null,
        "layer": 0,
        "area": null,
        "location": null,
        "public_tra": null,
        "railway": null,
        "subway": null,
        "station": null,
        "surface": null,
        "name_zh": null,
        "admin_leve": 0,
        "boundary": null,
        "water": null,
        "place": null,
        "building_p": null,
        "min_height": 0,
        "min": 0,
        "name_zh_H1": null,
        "name_zh_Ha": null,
        "operator": null,
        "operator_t": null,
        "short_name": null,
        "short_nam1": null,
        "short_nam2": null,
        "wikidata": null,
        "wikipedia": null,
        "garden_typ": null,
        "access": null,
        "note": null,
        "female": null,
        "toilets_di": null,
        "male": null,
        "wheelchair": null,
        "alt_name": null,
        "old_name": null,
        "PERIMETER": null,
        "ENCLOSED_A": null
      },
      "geometry": {
        "type": "MultiPolygon",
        "coordinates": [
          [
            [
              [
                114.36539839080909,
                30.538439806232685
              ],
              [
                114.36537335296778,
                30.53845154132002
              ],
              [
                114.36541664401436,
                30.53851966065508
              ],
              [
                114.36584581703026,
                30.538317972201718
              ],
              [
                114.36578322339119,
                30.538219624810026
              ],
              [
                114.36553653529279,
                30.538335550202042
              ],
              [
                114.36551013977197,
                30.53829408066563
              ],
              [
                114.36535270019677,
                30.538368079412407
              ],
              [
                114.36539839080909,
                30.538439806232685
              ]
            ]
          ]
        ]
      }
    },
    {
      "type": "Feature",
      "properties": {
        "GM_LAYER": "building",
        "GM_TYPE": "Misc. Manmade Structure",
        "ELEVATION": 0,
        "visible": "true",
        "version": 3,
        "changeset": 119981334,
        "timestamp": "2022-04-21T05:27:33Z",
        "user": "CENTRALHUB",
        "uid": 6447498,
        "covered": null,
        "leisure": null,
        "name": "37栋",
        "sport": null,
        "id": 104450000.0,
        "building": "yes",
        "building_l": 0,
        "height": null,
        "shop": null,
        "landuse": null,
        "addr_city": null,
        "addr_house": null,
        "addr_postc": 0,
        "addr_stree": null,
        "name_en": null,
        "website": null,
        "amenity": null,
        "addr_distr": null,
        "addr_hous1": null,
        "addr_provi": null,
        "int_name": null,
        "natural": null,
        "descriptio": null,
        "cuisine": null,
        "fast_food": null,
        "level": 0,
        "opening_h9": null,
        "designatio": null,
        "layer": 0,
        "area": null,
        "location": null,
        "public_tra": null,
        "railway": null,
        "subway": null,
        "station": null,
        "surface": null,
        "name_zh": null,
        "admin_leve": 0,
        "boundary": null,
        "water": null,
        "place": null,
        "building_p": null,
        "min_height": 0,
        "min": 0,
        "name_zh_H1": null,
        "name_zh_Ha": null,
        "operator": null,
        "operator_t": null,
        "short_name": null,
        "short_nam1": null,
        "short_nam2": null,
        "wikidata": null,
        "wikipedia": null,
        "garden_typ": null,
        "access": null,
        "note": null,
        "female": null,
        "toilets_di": null,
        "male": null,
        "wheelchair": null,
        "alt_name": null,
        "old_name": null,
        "PERIMETER": null,
        "ENCLOSED_A": null
      },
      "geometry": {
        "type": "MultiPolygon",
        "coordinates": [
          [
            [
              [
                114.36411040911315,
                30.538592849576034
              ],
              [
                114.36473977432158,
                30.538592285402125
              ],
              [
                114.36473934557476,
                30.538507376803576
              ],
              [
                114.3641099805272,
                30.538507840664778
              ],
              [
                114.36411040911315,
                30.538592849576034
              ]
            ]
          ]
        ]
      }
    },
    {
      "type": "Feature",
      "properties": {
        "GM_LAYER": "building",
        "GM_TYPE": "Misc. Manmade Structure",
        "ELEVATION": 0,
        "visible": "true",
        "version": 3,
        "changeset": 119981334,
        "timestamp": "2022-04-21T05:27:33Z",
        "user": "CENTRALHUB",
        "uid": 6447498,
        "covered": null,
        "leisure": null,
        "name": "38栋",
        "sport": null,
        "id": 104450000.0,
        "building": "yes",
        "building_l": 0,
        "height": null,
        "shop": null,
        "landuse": null,
        "addr_city": null,
        "addr_house": null,
        "addr_postc": 0,
        "addr_stree": null,
        "name_en": null,
        "website": null,
        "amenity": null,
        "addr_distr": null,
        "addr_hous1": null,
        "addr_provi": null,
        "int_name": null,
        "natural": null,
        "descriptio": null,
        "cuisine": null,
        "fast_food": null,
        "level": 0,
        "opening_h9": null,
        "designatio": null,
        "layer": 0,
        "area": null,
        "location": null,
        "public_tra": null,
        "railway": null,
        "subway": null,
        "station": null,
        "surface": null,
        "name_zh": null,
        "admin_leve": 0,
        "boundary": null,
        "water": null,
        "place": null,
        "building_p": null,
        "min_height": 0,
        "min": 0,
        "name_zh_H1": null,
        "name_zh_Ha": null,
        "operator": null,
        "operator_t": null,
        "short_name": null,
        "short_nam1": null,
        "short_nam2": null,
        "wikidata": null,
        "wikipedia": null,
        "garden_typ": null,
        "access": null,
        "note": null,
        "female": null,
        "toilets_di": null,
        "male": null,
        "wheelchair": null,
        "alt_name": null,
        "old_name": null,
        "PERIMETER": null,
        "ENCLOSED_A": null
      },
      "geometry": {
        "type": "MultiPolygon",
        "coordinates": [
          [
            [
              [
                114.36480974275887,
                30.53859221056112
              ],
              [
                114.36529644990183,
                30.538591546954635
              ],
              [
                114.3652960211716,
                30.538506538617995
              ],
              [
                114.36480931408792,
                30.53850720198826
              ],
              [
                114.36480974275887,
                30.53859221056112
              ]
            ]
          ]
        ]
      }
    },
    {
      "type": "Feature",
      "properties": {
        "GM_LAYER": "building",
        "GM_TYPE": "Misc. Manmade Structure",
        "ELEVATION": 0,
        "visible": "true",
        "version": 2,
        "changeset": 14729110,
        "timestamp": "2013-01-21T04:22:01Z",
        "user": "kun3721",
        "uid": 1195808,
        "covered": null,
        "leisure": null,
        "name": "1栋",
        "sport": null,
        "id": 104450000.0,
        "building": "yes",
        "building_l": 0,
        "height": null,
        "shop": null,
        "landuse": null,
        "addr_city": null,
        "addr_house": null,
        "addr_postc": 0,
        "addr_stree": null,
        "name_en": null,
        "website": null,
        "amenity": null,
        "addr_distr": null,
        "addr_hous1": null,
        "addr_provi": null,
        "int_name": null,
        "natural": null,
        "descriptio": null,
        "cuisine": null,
        "fast_food": null,
        "level": 0,
        "opening_h9": null,
        "designatio": null,
        "layer": 0,
        "area": null,
        "location": null,
        "public_tra": null,
        "railway": null,
        "subway": null,
        "station": null,
        "surface": null,
        "name_zh": null,
        "admin_leve": 0,
        "boundary": null,
        "water": null,
        "place": null,
        "building_p": null,
        "min_height": 0,
        "min": 0,
        "name_zh_H1": null,
        "name_zh_Ha": null,
        "operator": null,
        "operator_t": null,
        "short_name": null,
        "short_nam1": null,
        "short_nam2": null,
        "wikidata": null,
        "wikipedia": null,
        "garden_typ": null,
        "access": null,
        "note": null,
        "female": null,
        "toilets_di": null,
        "male": null,
        "wheelchair": null,
        "alt_name": null,
        "old_name": null,
        "PERIMETER": null,
        "ENCLOSED_A": null
      },
      "geometry": {
        "type": "MultiPolygon",
        "coordinates": [
          [
            [
              [
                114.36592860541138,
                30.536374475529318
              ],
              [
                114.36654350955757,
                30.536376593265736
              ],
              [
                114.36654378024953,
                30.536287685222465
              ],
              [
                114.36592887607225,
                30.536285567598835
              ],
              [
                114.36592860541138,
                30.536374475529318
              ]
            ]
          ]
        ]
      }
    },
    {
      "type": "Feature",
      "properties": {
        "GM_LAYER": "building",
        "GM_TYPE": "Misc. Manmade Structure",
        "ELEVATION": 0,
        "visible": "true",
        "version": 2,
        "changeset": 118123123,
        "timestamp": "2022-03-05T11:41:00Z",
        "user": "红心柚柚子",
        "uid": 15194206,
        "covered": null,
        "leisure": null,
        "name": "院士楼4号",
        "sport": null,
        "id": 104450000.0,
        "building": "yes",
        "building_l": 0,
        "height": null,
        "shop": null,
        "landuse": null,
        "addr_city": null,
        "addr_house": null,
        "addr_postc": 0,
        "addr_stree": null,
        "name_en": null,
        "website": null,
        "amenity": null,
        "addr_distr": null,
        "addr_hous1": null,
        "addr_provi": null,
        "int_name": null,
        "natural": null,
        "descriptio": null,
        "cuisine": null,
        "fast_food": null,
        "level": 0,
        "opening_h9": null,
        "designatio": null,
        "layer": 0,
        "area": null,
        "location": null,
        "public_tra": null,
        "railway": null,
        "subway": null,
        "station": null,
        "surface": null,
        "name_zh": null,
        "admin_leve": 0,
        "boundary": null,
        "water": null,
        "place": null,
        "building_p": null,
        "min_height": 0,
        "min": 0,
        "name_zh_H1": null,
        "name_zh_Ha": null,
        "operator": null,
        "operator_t": null,
        "short_name": null,
        "short_nam1": null,
        "short_nam2": null,
        "wikidata": null,
        "wikipedia": null,
        "garden_typ": null,
        "access": null,
        "note": null,
        "female": null,
        "toilets_di": null,
        "male": null,
        "wheelchair": null,
        "alt_name": null,
        "old_name": null,
        "PERIMETER": null,
        "ENCLOSED_A": null
      },
      "geometry": {
        "type": "MultiPolygon",
        "coordinates": [
          [
            [
              [
                114.36486214294698,
                30.536209460264388
              ],
              [
                114.36487145506794,
                30.536078676659397
              ],
              [
                114.36471530873698,
                30.536069975760597
              ],
              [
                114.36470599697556,
                30.536200757997904
              ],
              [
                114.36486214294698,
                30.536209460264388
              ]
            ]
          ]
        ]
      }
    },
    {
      "type": "Feature",
      "properties": {
        "GM_LAYER": "building",
        "GM_TYPE": "Misc. Manmade Structure",
        "ELEVATION": 0,
        "visible": "true",
        "version": 2,
        "changeset": 118123123,
        "timestamp": "2022-03-05T11:41:00Z",
        "user": "红心柚柚子",
        "uid": 15194206,
        "covered": null,
        "leisure": null,
        "name": "院士楼2号",
        "sport": null,
        "id": 104450000.0,
        "building": "yes",
        "building_l": 0,
        "height": null,
        "shop": null,
        "landuse": null,
        "addr_city": null,
        "addr_house": null,
        "addr_postc": 0,
        "addr_stree": null,
        "name_en": null,
        "website": null,
        "amenity": null,
        "addr_distr": null,
        "addr_hous1": null,
        "addr_provi": null,
        "int_name": null,
        "natural": null,
        "descriptio": null,
        "cuisine": null,
        "fast_food": null,
        "level": 0,
        "opening_h9": null,
        "designatio": null,
        "layer": 0,
        "area": null,
        "location": null,
        "public_tra": null,
        "railway": null,
        "subway": null,
        "station": null,
        "surface": null,
        "name_zh": null,
        "admin_leve": 0,
        "boundary": null,
        "water": null,
        "place": null,
        "building_p": null,
        "min_height": 0,
        "min": 0,
        "name_zh_H1": null,
        "name_zh_Ha": null,
        "operator": null,
        "operator_t": null,
        "short_name": null,
        "short_nam1": null,
        "short_nam2": null,
        "wikidata": null,
        "wikipedia": null,
        "garden_typ": null,
        "access": null,
        "note": null,
        "female": null,
        "toilets_di": null,
        "male": null,
        "wheelchair": null,
        "alt_name": null,
        "old_name": null,
        "PERIMETER": null,
        "ENCLOSED_A": null
      },
      "geometry": {
        "type": "MultiPolygon",
        "coordinates": [
          [
            [
              [
                114.36510075632934,
                30.536248685183352
              ],
              [
                114.36514200630847,
                30.53611349117064
              ],
              [
                114.36501189355339,
                30.536083806952163
              ],
              [
                114.36497064491068,
                30.53621899586106
              ],
              [
                114.36510075632934,
                30.536248685183352
              ]
            ]
          ]
        ]
      }
    },
    {
      "type": "Feature",
      "properties": {
        "GM_LAYER": "building",
        "GM_TYPE": "Misc. Manmade Structure",
        "ELEVATION": 0,
        "visible": "true",
        "version": 3,
        "changeset": 53063434,
        "timestamp": "2017-10-19T09:40:21Z",
        "user": "Houzhu",
        "uid": 6819446,
        "covered": null,
        "leisure": null,
        "name": "21栋",
        "sport": null,
        "id": 104450000.0,
        "building": "yes",
        "building_l": 0,
        "height": null,
        "shop": null,
        "landuse": null,
        "addr_city": null,
        "addr_house": null,
        "addr_postc": 0,
        "addr_stree": null,
        "name_en": null,
        "website": null,
        "amenity": null,
        "addr_distr": null,
        "addr_hous1": null,
        "addr_provi": null,
        "int_name": null,
        "natural": null,
        "descriptio": null,
        "cuisine": null,
        "fast_food": null,
        "level": 0,
        "opening_h9": null,
        "designatio": null,
        "layer": 0,
        "area": null,
        "location": null,
        "public_tra": null,
        "railway": null,
        "subway": null,
        "station": null,
        "surface": null,
        "name_zh": null,
        "admin_leve": 0,
        "boundary": null,
        "water": null,
        "place": null,
        "building_p": null,
        "min_height": 0,
        "min": 0,
        "name_zh_H1": null,
        "name_zh_Ha": null,
        "operator": null,
        "operator_t": null,
        "short_name": null,
        "short_nam1": null,
        "short_nam2": null,
        "wikidata": null,
        "wikipedia": null,
        "garden_typ": null,
        "access": null,
        "note": null,
        "female": null,
        "toilets_di": null,
        "male": null,
        "wheelchair": null,
        "alt_name": null,
        "old_name": null,
        "PERIMETER": null,
        "ENCLOSED_A": null
      },
      "geometry": {
        "type": "MultiPolygon",
        "coordinates": [
          [
            [
              [
                114.36469662675985,
                30.537519350590284
              ],
              [
                114.36469532664314,
                30.537639557082127
              ],
              [
                114.36517841232319,
                30.537644637514088
              ],
              [
                114.36517971258415,
                30.53752443047402
              ],
              [
                114.36469662675985,
                30.537519350590284
              ]
            ]
          ]
        ]
      }
    },
    {
      "type": "Feature",
      "properties": {
        "GM_LAYER": "building",
        "GM_TYPE": "Misc. Manmade Structure",
        "ELEVATION": 0,
        "visible": "true",
        "version": 2,
        "changeset": 14717694,
        "timestamp": "2013-01-20T10:01:33Z",
        "user": "kun3721",
        "uid": 1195808,
        "covered": null,
        "leisure": null,
        "name": "25栋",
        "sport": null,
        "id": 104450000.0,
        "building": "yes",
        "building_l": 0,
        "height": null,
        "shop": null,
        "landuse": null,
        "addr_city": null,
        "addr_house": null,
        "addr_postc": 0,
        "addr_stree": null,
        "name_en": null,
        "website": null,
        "amenity": null,
        "addr_distr": null,
        "addr_hous1": null,
        "addr_provi": null,
        "int_name": null,
        "natural": null,
        "descriptio": null,
        "cuisine": null,
        "fast_food": null,
        "level": 0,
        "opening_h9": null,
        "designatio": null,
        "layer": 0,
        "area": null,
        "location": null,
        "public_tra": null,
        "railway": null,
        "subway": null,
        "station": null,
        "surface": null,
        "name_zh": null,
        "admin_leve": 0,
        "boundary": null,
        "water": null,
        "place": null,
        "building_p": null,
        "min_height": 0,
        "min": 0,
        "name_zh_H1": null,
        "name_zh_Ha": null,
        "operator": null,
        "operator_t": null,
        "short_name": null,
        "short_nam1": null,
        "short_nam2": null,
        "wikidata": null,
        "wikipedia": null,
        "garden_typ": null,
        "access": null,
        "note": null,
        "female": null,
        "toilets_di": null,
        "male": null,
        "wheelchair": null,
        "alt_name": null,
        "old_name": null,
        "PERIMETER": null,
        "ENCLOSED_A": null
      },
      "geometry": {
        "type": "MultiPolygon",
        "coordinates": [
          [
            [
              [
                114.36477925656017,
                30.537213791779294
              ],
              [
                114.36477804136696,
                30.537353600613706
              ],
              [
                114.36544283706208,
                30.537359427341027
              ],
              [
                114.3654440524379,
                30.53721961781644
              ],
              [
                114.36477925656017,
                30.537213791779294
              ]
            ]
          ]
        ]
      }
    },
    {
      "type": "Feature",
      "properties": {
        "GM_LAYER": "building",
        "GM_TYPE": "Misc. Manmade Structure",
        "ELEVATION": 0,
        "visible": "true",
        "version": 2,
        "changeset": 14729110,
        "timestamp": "2013-01-21T04:18:23Z",
        "user": "kun3721",
        "uid": 1195808,
        "covered": null,
        "leisure": null,
        "name": "16栋",
        "sport": null,
        "id": 104450000.0,
        "building": "yes",
        "building_l": 0,
        "height": null,
        "shop": null,
        "landuse": null,
        "addr_city": null,
        "addr_house": null,
        "addr_postc": 0,
        "addr_stree": null,
        "name_en": null,
        "website": null,
        "amenity": null,
        "addr_distr": null,
        "addr_hous1": null,
        "addr_provi": null,
        "int_name": null,
        "natural": null,
        "descriptio": null,
        "cuisine": null,
        "fast_food": null,
        "level": 0,
        "opening_h9": null,
        "designatio": null,
        "layer": 0,
        "area": null,
        "location": null,
        "public_tra": null,
        "railway": null,
        "subway": null,
        "station": null,
        "surface": null,
        "name_zh": null,
        "admin_leve": 0,
        "boundary": null,
        "water": null,
        "place": null,
        "building_p": null,
        "min_height": 0,
        "min": 0,
        "name_zh_H1": null,
        "name_zh_Ha": null,
        "operator": null,
        "operator_t": null,
        "short_name": null,
        "short_nam1": null,
        "short_nam2": null,
        "wikidata": null,
        "wikipedia": null,
        "garden_typ": null,
        "access": null,
        "note": null,
        "female": null,
        "toilets_di": null,
        "male": null,
        "wheelchair": null,
        "alt_name": null,
        "old_name": null,
        "PERIMETER": null,
        "ENCLOSED_A": null
      },
      "geometry": {
        "type": "MultiPolygon",
        "coordinates": [
          [
            [
              [
                114.36596427183072,
                30.536972006187987
              ],
              [
                114.36656936081292,
                30.536982288629737
              ],
              [
                114.36657206830749,
                30.536853580884326
              ],
              [
                114.36596697885365,
                30.53684339995136
              ],
              [
                114.36596427183072,
                30.536972006187987
              ]
            ]
          ]
        ]
      }
    },
    {
      "type": "Feature",
      "properties": {
        "GM_LAYER": "building",
        "GM_TYPE": "Misc. Manmade Structure",
        "ELEVATION": 0,
        "visible": "true",
        "version": 1,
        "changeset": 7581442,
        "timestamp": "2011-03-17T01:35:50Z",
        "user": "GeoSUN",
        "uid": 414582,
        "covered": null,
        "leisure": null,
        "name": null,
        "sport": null,
        "id": 104450000.0,
        "building": "yes",
        "building_l": 0,
        "height": null,
        "shop": null,
        "landuse": null,
        "addr_city": null,
        "addr_house": null,
        "addr_postc": 0,
        "addr_stree": null,
        "name_en": null,
        "website": null,
        "amenity": null,
        "addr_distr": null,
        "addr_hous1": null,
        "addr_provi": null,
        "int_name": null,
        "natural": null,
        "descriptio": null,
        "cuisine": null,
        "fast_food": null,
        "level": 0,
        "opening_h9": null,
        "designatio": null,
        "layer": 0,
        "area": null,
        "location": null,
        "public_tra": null,
        "railway": null,
        "subway": null,
        "station": null,
        "surface": null,
        "name_zh": null,
        "admin_leve": 0,
        "boundary": null,
        "water": null,
        "place": null,
        "building_p": null,
        "min_height": 0,
        "min": 0,
        "name_zh_H1": null,
        "name_zh_Ha": null,
        "operator": null,
        "operator_t": null,
        "short_name": null,
        "short_nam1": null,
        "short_nam2": null,
        "wikidata": null,
        "wikipedia": null,
        "garden_typ": null,
        "access": null,
        "note": null,
        "female": null,
        "toilets_di": null,
        "male": null,
        "wheelchair": null,
        "alt_name": null,
        "old_name": null,
        "PERIMETER": null,
        "ENCLOSED_A": null
      },
      "geometry": {
        "type": "MultiPolygon",
        "coordinates": [
          [
            [
              [
                114.36529640667614,
                30.53632424300798
              ],
              [
                114.36535977228003,
                30.53620300173426
              ],
              [
                114.36522826843026,
                30.536151938770935
              ],
              [
                114.36516500500856,
                30.536273172388636
              ],
              [
                114.36529640667614,
                30.53632424300798
              ]
            ]
          ]
        ]
      }
    },
    {
      "type": "Feature",
      "properties": {
        "GM_LAYER": "building",
        "GM_TYPE": "Misc. Manmade Structure",
        "ELEVATION": 0,
        "visible": "true",
        "version": 2,
        "changeset": 14717694,
        "timestamp": "2013-01-20T10:01:33Z",
        "user": "kun3721",
        "uid": 1195808,
        "covered": null,
        "leisure": null,
        "name": "13栋",
        "sport": null,
        "id": 104450000.0,
        "building": "yes",
        "building_l": 0,
        "height": null,
        "shop": null,
        "landuse": null,
        "addr_city": null,
        "addr_house": null,
        "addr_postc": 0,
        "addr_stree": null,
        "name_en": null,
        "website": null,
        "amenity": null,
        "addr_distr": null,
        "addr_hous1": null,
        "addr_provi": null,
        "int_name": null,
        "natural": null,
        "descriptio": null,
        "cuisine": null,
        "fast_food": null,
        "level": 0,
        "opening_h9": null,
        "designatio": null,
        "layer": 0,
        "area": null,
        "location": null,
        "public_tra": null,
        "railway": null,
        "subway": null,
        "station": null,
        "surface": null,
        "name_zh": null,
        "admin_leve": 0,
        "boundary": null,
        "water": null,
        "place": null,
        "building_p": null,
        "min_height": 0,
        "min": 0,
        "name_zh_H1": null,
        "name_zh_Ha": null,
        "operator": null,
        "operator_t": null,
        "short_name": null,
        "short_nam1": null,
        "short_nam2": null,
        "wikidata": null,
        "wikipedia": null,
        "garden_typ": null,
        "access": null,
        "note": null,
        "female": null,
        "toilets_di": null,
        "male": null,
        "wheelchair": null,
        "alt_name": null,
        "old_name": null,
        "PERIMETER": null,
        "ENCLOSED_A": null
      },
      "geometry": {
        "type": "MultiPolygon",
        "coordinates": [
          [
            [
              [
                114.3655397301661,
                30.53663860631469
              ],
              [
                114.36553965604337,
                30.53673111481256
              ],
              [
                114.36586724493871,
                30.5367318777946
              ],
              [
                114.36586731906183,
                30.536639369299465
              ],
              [
                114.3655397301661,
                30.53663860631469
              ]
            ]
          ]
        ]
      }
    },
    {
      "type": "Feature",
      "properties": {
        "GM_LAYER": "building",
        "GM_TYPE": "Misc. Manmade Structure",
        "ELEVATION": 0,
        "visible": "true",
        "version": 4,
        "changeset": 118158165,
        "timestamp": "2022-03-06T13:10:16Z",
        "user": "日日安",
        "uid": 15245757,
        "covered": null,
        "leisure": null,
        "name": "19栋",
        "sport": null,
        "id": 104450000.0,
        "building": "yes",
        "building_l": 0,
        "height": null,
        "shop": null,
        "landuse": null,
        "addr_city": null,
        "addr_house": null,
        "addr_postc": 0,
        "addr_stree": null,
        "name_en": null,
        "website": null,
        "amenity": null,
        "addr_distr": null,
        "addr_hous1": null,
        "addr_provi": null,
        "int_name": null,
        "natural": null,
        "descriptio": null,
        "cuisine": null,
        "fast_food": null,
        "level": 0,
        "opening_h9": null,
        "designatio": null,
        "layer": 0,
        "area": null,
        "location": null,
        "public_tra": null,
        "railway": null,
        "subway": null,
        "station": null,
        "surface": null,
        "name_zh": null,
        "admin_leve": 0,
        "boundary": null,
        "water": null,
        "place": null,
        "building_p": null,
        "min_height": 0,
        "min": 0,
        "name_zh_H1": null,
        "name_zh_Ha": null,
        "operator": null,
        "operator_t": null,
        "short_name": null,
        "short_nam1": null,
        "short_nam2": null,
        "wikidata": null,
        "wikipedia": null,
        "garden_typ": null,
        "access": null,
        "note": null,
        "female": null,
        "toilets_di": null,
        "male": null,
        "wheelchair": null,
        "alt_name": null,
        "old_name": null,
        "PERIMETER": null,
        "ENCLOSED_A": null
      },
      "geometry": {
        "type": "MultiPolygon",
        "coordinates": [
          [
            [
              [
                114.36591359514452,
                30.537602156454305
              ],
              [
                114.36635095606506,
                30.537604594698927
              ],
              [
                114.36641013533882,
                30.537604893998196
              ],
              [
                114.36641048472323,
                30.537545389327565
              ],
              [
                114.36641083312107,
                30.537486984734052
              ],
              [
                114.36591419272943,
                30.537484247257513
              ],
              [
                114.36591359514452,
                30.537602156454305
              ]
            ]
          ]
        ]
      }
    },
    {
      "type": "Feature",
      "properties": {
        "GM_LAYER": "building",
        "GM_TYPE": "Misc. Manmade Structure",
        "ELEVATION": 0,
        "visible": "true",
        "version": 2,
        "changeset": 14740440,
        "timestamp": "2013-01-22T00:47:11Z",
        "user": "kun3721",
        "uid": 1195808,
        "covered": null,
        "leisure": null,
        "name": "国际交流中心",
        "sport": null,
        "id": 104450000.0,
        "building": "yes",
        "building_l": 0,
        "height": null,
        "shop": null,
        "landuse": null,
        "addr_city": null,
        "addr_house": null,
        "addr_postc": 0,
        "addr_stree": null,
        "name_en": null,
        "website": null,
        "amenity": null,
        "addr_distr": null,
        "addr_hous1": null,
        "addr_provi": null,
        "int_name": null,
        "natural": null,
        "descriptio": null,
        "cuisine": null,
        "fast_food": null,
        "level": 0,
        "opening_h9": null,
        "designatio": null,
        "layer": 0,
        "area": null,
        "location": null,
        "public_tra": null,
        "railway": null,
        "subway": null,
        "station": null,
        "surface": null,
        "name_zh": null,
        "admin_leve": 0,
        "boundary": null,
        "water": null,
        "place": null,
        "building_p": null,
        "min_height": 0,
        "min": 0,
        "name_zh_H1": null,
        "name_zh_Ha": null,
        "operator": null,
        "operator_t": null,
        "short_name": null,
        "short_nam1": null,
        "short_nam2": null,
        "wikidata": null,
        "wikipedia": null,
        "garden_typ": null,
        "access": null,
        "note": null,
        "female": null,
        "toilets_di": null,
        "male": null,
        "wheelchair": null,
        "alt_name": null,
        "old_name": null,
        "PERIMETER": null,
        "ENCLOSED_A": null
      },
      "geometry": {
        "type": "MultiPolygon",
        "coordinates": [
          [
            [
              [
                114.36443999543117,
                30.537388461929595
              ],
              [
                114.36443973599248,
                30.537338556470036
              ],
              [
                114.3645998832269,
                30.537338411075964
              ],
              [
                114.36459840670486,
                30.53706198071292
              ],
              [
                114.36445547501397,
                30.53706218667457
              ],
              [
                114.36445513596772,
                30.53698647845091
              ],
              [
                114.36423003817532,
                30.53698666071037
              ],
              [
                114.36423124138535,
                30.53723048777888
              ],
              [
                114.36415147409845,
                30.537230486486294
              ],
              [
                114.3641522456025,
                30.53738870391137
              ],
              [
                114.36443999543117,
                30.537388461929595
              ]
            ]
          ]
        ]
      }
    },
    {
      "type": "Feature",
      "properties": {
        "GM_LAYER": "building",
        "GM_TYPE": "Misc. Manmade Structure",
        "ELEVATION": 0,
        "visible": "true",
        "version": 3,
        "changeset": 53063434,
        "timestamp": "2017-10-19T09:40:20Z",
        "user": "Houzhu",
        "uid": 6819446,
        "covered": null,
        "leisure": null,
        "name": "20栋",
        "sport": null,
        "id": 104450000.0,
        "building": "yes",
        "building_l": 0,
        "height": null,
        "shop": null,
        "landuse": null,
        "addr_city": null,
        "addr_house": null,
        "addr_postc": 0,
        "addr_stree": null,
        "name_en": null,
        "website": null,
        "amenity": null,
        "addr_distr": null,
        "addr_hous1": null,
        "addr_provi": null,
        "int_name": null,
        "natural": null,
        "descriptio": null,
        "cuisine": null,
        "fast_food": null,
        "level": 0,
        "opening_h9": null,
        "designatio": null,
        "layer": 0,
        "area": null,
        "location": null,
        "public_tra": null,
        "railway": null,
        "subway": null,
        "station": null,
        "surface": null,
        "name_zh": null,
        "admin_leve": 0,
        "boundary": null,
        "water": null,
        "place": null,
        "building_p": null,
        "min_height": 0,
        "min": 0,
        "name_zh_H1": null,
        "name_zh_Ha": null,
        "operator": null,
        "operator_t": null,
        "short_name": null,
        "short_nam1": null,
        "short_nam2": null,
        "wikidata": null,
        "wikipedia": null,
        "garden_typ": null,
        "access": null,
        "note": null,
        "female": null,
        "toilets_di": null,
        "male": null,
        "wheelchair": null,
        "alt_name": null,
        "old_name": null,
        "PERIMETER": null,
        "ENCLOSED_A": null
      },
      "geometry": {
        "type": "MultiPolygon",
        "coordinates": [
          [
            [
              [
                114.36532166030365,
                30.537532223347892
              ],
              [
                114.36531906993501,
                30.537638625841396
              ],
              [
                114.36580091943587,
                30.537648014834527
              ],
              [
                114.36580351010224,
                30.53754161119281
              ],
              [
                114.36532166030365,
                30.537532223347892
              ]
            ]
          ]
        ]
      }
    },
    {
      "type": "Feature",
      "properties": {
        "GM_LAYER": "building",
        "GM_TYPE": "Misc. Manmade Structure",
        "ELEVATION": 0,
        "visible": "true",
        "version": 2,
        "changeset": 14716252,
        "timestamp": "2013-01-20T06:17:37Z",
        "user": "kun3721",
        "uid": 1195808,
        "covered": null,
        "leisure": null,
        "name": "15栋",
        "sport": null,
        "id": 104450000.0,
        "building": "yes",
        "building_l": 0,
        "height": null,
        "shop": null,
        "landuse": null,
        "addr_city": null,
        "addr_house": null,
        "addr_postc": 0,
        "addr_stree": null,
        "name_en": null,
        "website": null,
        "amenity": null,
        "addr_distr": null,
        "addr_hous1": null,
        "addr_provi": null,
        "int_name": null,
        "natural": null,
        "descriptio": null,
        "cuisine": null,
        "fast_food": null,
        "level": 0,
        "opening_h9": null,
        "designatio": null,
        "layer": 0,
        "area": null,
        "location": null,
        "public_tra": null,
        "railway": null,
        "subway": null,
        "station": null,
        "surface": null,
        "name_zh": null,
        "admin_leve": 0,
        "boundary": null,
        "water": null,
        "place": null,
        "building_p": null,
        "min_height": 0,
        "min": 0,
        "name_zh_H1": null,
        "name_zh_Ha": null,
        "operator": null,
        "operator_t": null,
        "short_name": null,
        "short_nam1": null,
        "short_nam2": null,
        "wikidata": null,
        "wikipedia": null,
        "garden_typ": null,
        "access": null,
        "note": null,
        "female": null,
        "toilets_di": null,
        "male": null,
        "wheelchair": null,
        "alt_name": null,
        "old_name": null,
        "PERIMETER": null,
        "ENCLOSED_A": null
      },
      "geometry": {
        "type": "MultiPolygon",
        "coordinates": [
          [
            [
              [
                114.36541621711372,
                30.536977823547932
              ],
              [
                114.36589958365097,
                30.536981770646097
              ],
              [
                114.36590047700388,
                30.536867362012746
              ],
              [
                114.36541711028853,
                30.536863515288452
              ],
              [
                114.36541621711372,
                30.536977823547932
              ]
            ]
          ]
        ]
      }
    },
    {
      "type": "Feature",
      "properties": {
        "GM_LAYER": "building",
        "GM_TYPE": "Misc. Manmade Structure",
        "ELEVATION": 0,
        "visible": "true",
        "version": 2,
        "changeset": 14717694,
        "timestamp": "2013-01-20T10:01:33Z",
        "user": "kun3721",
        "uid": 1195808,
        "covered": null,
        "leisure": null,
        "name": "12栋",
        "sport": null,
        "id": 104450000.0,
        "building": "yes",
        "building_l": 0,
        "height": null,
        "shop": null,
        "landuse": null,
        "addr_city": null,
        "addr_house": null,
        "addr_postc": 0,
        "addr_stree": null,
        "name_en": null,
        "website": null,
        "amenity": null,
        "addr_distr": null,
        "addr_hous1": null,
        "addr_provi": null,
        "int_name": null,
        "natural": null,
        "descriptio": null,
        "cuisine": null,
        "fast_food": null,
        "level": 0,
        "opening_h9": null,
        "designatio": null,
        "layer": 0,
        "area": null,
        "location": null,
        "public_tra": null,
        "railway": null,
        "subway": null,
        "station": null,
        "surface": null,
        "name_zh": null,
        "admin_leve": 0,
        "boundary": null,
        "water": null,
        "place": null,
        "building_p": null,
        "min_height": 0,
        "min": 0,
        "name_zh_H1": null,
        "name_zh_Ha": null,
        "operator": null,
        "operator_t": null,
        "short_name": null,
        "short_nam1": null,
        "short_nam2": null,
        "wikidata": null,
        "wikipedia": null,
        "garden_typ": null,
        "access": null,
        "note": null,
        "female": null,
        "toilets_di": null,
        "male": null,
        "wheelchair": null,
        "alt_name": null,
        "old_name": null,
        "PERIMETER": null,
        "ENCLOSED_A": null
      },
      "geometry": {
        "type": "MultiPolygon",
        "coordinates": [
          [
            [
              [
                114.3654186077063,
                30.536619396329744
              ],
              [
                114.36546052312762,
                30.536533996495315
              ],
              [
                114.36502687871935,
                30.536375880025066
              ],
              [
                114.3649850679984,
                30.536461162834154
              ],
              [
                114.3654186077063,
                30.536619396329744
              ]
            ]
          ]
        ]
      }
    },
    {
      "type": "Feature",
      "properties": {
        "GM_LAYER": "building",
        "GM_TYPE": "Misc. Manmade Structure",
        "ELEVATION": 0,
        "visible": "true",
        "version": 3,
        "changeset": 14730472,
        "timestamp": "2013-01-21T08:54:53Z",
        "user": "kun3721",
        "uid": 1195808,
        "covered": null,
        "leisure": null,
        "name": "26栋",
        "sport": null,
        "id": 104450000.0,
        "building": "yes",
        "building_l": 0,
        "height": null,
        "shop": null,
        "landuse": null,
        "addr_city": null,
        "addr_house": null,
        "addr_postc": 0,
        "addr_stree": null,
        "name_en": null,
        "website": null,
        "amenity": null,
        "addr_distr": null,
        "addr_hous1": null,
        "addr_provi": null,
        "int_name": null,
        "natural": null,
        "descriptio": null,
        "cuisine": null,
        "fast_food": null,
        "level": 0,
        "opening_h9": null,
        "designatio": null,
        "layer": 0,
        "area": null,
        "location": null,
        "public_tra": null,
        "railway": null,
        "subway": null,
        "station": null,
        "surface": null,
        "name_zh": null,
        "admin_leve": 0,
        "boundary": null,
        "water": null,
        "place": null,
        "building_p": null,
        "min_height": 0,
        "min": 0,
        "name_zh_H1": null,
        "name_zh_Ha": null,
        "operator": null,
        "operator_t": null,
        "short_name": null,
        "short_nam1": null,
        "short_nam2": null,
        "wikidata": null,
        "wikipedia": null,
        "garden_typ": null,
        "access": null,
        "note": null,
        "female": null,
        "toilets_di": null,
        "male": null,
        "wheelchair": null,
        "alt_name": null,
        "old_name": null,
        "PERIMETER": null,
        "ENCLOSED_A": null
      },
      "geometry": {
        "type": "MultiPolygon",
        "coordinates": [
          [
            [
              [
                114.36463641138879,
                30.537589956856703
              ],
              [
                114.3646360125358,
                30.537466344400087
              ],
              [
                114.36400916524146,
                30.53746595541823
              ],
              [
                114.36400956401849,
                30.537589568179992
              ],
              [
                114.36463641138879,
                30.537589956856703
              ]
            ]
          ]
        ]
      }
    },
    {
      "type": "Feature",
      "properties": {
        "GM_LAYER": "building",
        "GM_TYPE": "Misc. Manmade Structure",
        "ELEVATION": 0,
        "visible": "true",
        "version": 2,
        "changeset": 14729110,
        "timestamp": "2013-01-21T04:18:23Z",
        "user": "kun3721",
        "uid": 1195808,
        "covered": null,
        "leisure": null,
        "name": "17栋",
        "sport": null,
        "id": 104450000.0,
        "building": "yes",
        "building_l": 0,
        "height": null,
        "shop": null,
        "landuse": null,
        "addr_city": null,
        "addr_house": null,
        "addr_postc": 0,
        "addr_stree": null,
        "name_en": null,
        "website": null,
        "amenity": null,
        "addr_distr": null,
        "addr_hous1": null,
        "addr_provi": null,
        "int_name": null,
        "natural": null,
        "descriptio": null,
        "cuisine": null,
        "fast_food": null,
        "level": 0,
        "opening_h9": null,
        "designatio": null,
        "layer": 0,
        "area": null,
        "location": null,
        "public_tra": null,
        "railway": null,
        "subway": null,
        "station": null,
        "surface": null,
        "name_zh": null,
        "admin_leve": 0,
        "boundary": null,
        "water": null,
        "place": null,
        "building_p": null,
        "min_height": 0,
        "min": 0,
        "name_zh_H1": null,
        "name_zh_Ha": null,
        "operator": null,
        "operator_t": null,
        "short_name": null,
        "short_nam1": null,
        "short_nam2": null,
        "wikidata": null,
        "wikipedia": null,
        "garden_typ": null,
        "access": null,
        "note": null,
        "female": null,
        "toilets_di": null,
        "male": null,
        "wheelchair": null,
        "alt_name": null,
        "old_name": null,
        "PERIMETER": null,
        "ENCLOSED_A": null
      },
      "geometry": {
        "type": "MultiPolygon",
        "coordinates": [
          [
            [
              [
                114.36584708258141,
                30.537273383516574
              ],
              [
                114.36652115478587,
                30.537277442077475
              ],
              [
                114.36652196772928,
                30.537139930948566
              ],
              [
                114.36584789540663,
                30.53713587283107
              ],
              [
                114.36584708258141,
                30.537273383516574
              ]
            ]
          ]
        ]
      }
    },
    {
      "type": "Feature",
      "properties": {
        "GM_LAYER": "building",
        "GM_TYPE": "Misc. Manmade Structure",
        "ELEVATION": 0,
        "visible": "true",
        "version": 2,
        "changeset": 14729110,
        "timestamp": "2013-01-21T04:22:01Z",
        "user": "kun3721",
        "uid": 1195808,
        "covered": null,
        "leisure": null,
        "name": "14栋",
        "sport": null,
        "id": 104450000.0,
        "building": "yes",
        "building_l": 0,
        "height": null,
        "shop": null,
        "landuse": null,
        "addr_city": null,
        "addr_house": null,
        "addr_postc": 0,
        "addr_stree": null,
        "name_en": null,
        "website": null,
        "amenity": null,
        "addr_distr": null,
        "addr_hous1": null,
        "addr_provi": null,
        "int_name": null,
        "natural": null,
        "descriptio": null,
        "cuisine": null,
        "fast_food": null,
        "level": 0,
        "opening_h9": null,
        "designatio": null,
        "layer": 0,
        "area": null,
        "location": null,
        "public_tra": null,
        "railway": null,
        "subway": null,
        "station": null,
        "surface": null,
        "name_zh": null,
        "admin_leve": 0,
        "boundary": null,
        "water": null,
        "place": null,
        "building_p": null,
        "min_height": 0,
        "min": 0,
        "name_zh_H1": null,
        "name_zh_Ha": null,
        "operator": null,
        "operator_t": null,
        "short_name": null,
        "short_nam1": null,
        "short_nam2": null,
        "wikidata": null,
        "wikipedia": null,
        "garden_typ": null,
        "access": null,
        "note": null,
        "female": null,
        "toilets_di": null,
        "male": null,
        "wheelchair": null,
        "alt_name": null,
        "old_name": null,
        "PERIMETER": null,
        "ENCLOSED_A": null
      },
      "geometry": {
        "type": "MultiPolygon",
        "coordinates": [
          [
            [
              [
                114.36592978906098,
                30.536648203909085
              ],
              [
                114.3665366785086,
                30.536655109028793
              ],
              [
                114.3665380597466,
                30.536555701847014
              ],
              [
                114.36593117010261,
                30.53654879747741
              ],
              [
                114.36592978906098,
                30.536648203909085
              ]
            ]
          ]
        ]
      }
    },
    {
      "type": "Feature",
      "properties": {
        "GM_LAYER": "building",
        "GM_TYPE": "Misc. Manmade Structure",
        "ELEVATION": 0,
        "visible": "true",
        "version": 2,
        "changeset": 118123123,
        "timestamp": "2022-03-05T11:41:00Z",
        "user": "红心柚柚子",
        "uid": 15194206,
        "covered": null,
        "leisure": null,
        "name": "2栋",
        "sport": null,
        "id": 104450000.0,
        "building": "yes",
        "building_l": 0,
        "height": null,
        "shop": null,
        "landuse": null,
        "addr_city": null,
        "addr_house": null,
        "addr_postc": 0,
        "addr_stree": null,
        "name_en": null,
        "website": null,
        "amenity": null,
        "addr_distr": null,
        "addr_hous1": null,
        "addr_provi": null,
        "int_name": null,
        "natural": null,
        "descriptio": null,
        "cuisine": null,
        "fast_food": null,
        "level": 0,
        "opening_h9": null,
        "designatio": null,
        "layer": 0,
        "area": null,
        "location": null,
        "public_tra": null,
        "railway": null,
        "subway": null,
        "station": null,
        "surface": null,
        "name_zh": null,
        "admin_leve": 0,
        "boundary": null,
        "water": null,
        "place": null,
        "building_p": null,
        "min_height": 0,
        "min": 0,
        "name_zh_H1": null,
        "name_zh_Ha": null,
        "operator": null,
        "operator_t": null,
        "short_name": null,
        "short_nam1": null,
        "short_nam2": null,
        "wikidata": null,
        "wikipedia": null,
        "garden_typ": null,
        "access": null,
        "note": null,
        "female": null,
        "toilets_di": null,
        "male": null,
        "wheelchair": null,
        "alt_name": null,
        "old_name": null,
        "PERIMETER": null,
        "ENCLOSED_A": null
      },
      "geometry": {
        "type": "MultiPolygon",
        "coordinates": [
          [
            [
              [
                114.36582917879099,
                30.536380061237
              ],
              [
                114.3658292529349,
                30.536286452442887
              ],
              [
                114.36566155225002,
                30.536286068547156
              ],
              [
                114.36566147810633,
                30.536379677342698
              ],
              [
                114.36582917879099,
                30.536380061237
              ]
            ]
          ]
        ]
      }
    },
    {
      "type": "Feature",
      "properties": {
        "GM_LAYER": "building",
        "GM_TYPE": "Misc. Manmade Structure",
        "ELEVATION": 0,
        "visible": "true",
        "version": 1,
        "changeset": 7581442,
        "timestamp": "2011-03-17T01:35:53Z",
        "user": "GeoSUN",
        "uid": 414582,
        "covered": null,
        "leisure": null,
        "name": null,
        "sport": null,
        "id": 104450000.0,
        "building": "yes",
        "building_l": 0,
        "height": null,
        "shop": null,
        "landuse": null,
        "addr_city": null,
        "addr_house": null,
        "addr_postc": 0,
        "addr_stree": null,
        "name_en": null,
        "website": null,
        "amenity": null,
        "addr_distr": null,
        "addr_hous1": null,
        "addr_provi": null,
        "int_name": null,
        "natural": null,
        "descriptio": null,
        "cuisine": null,
        "fast_food": null,
        "level": 0,
        "opening_h9": null,
        "designatio": null,
        "layer": 0,
        "area": null,
        "location": null,
        "public_tra": null,
        "railway": null,
        "subway": null,
        "station": null,
        "surface": null,
        "name_zh": null,
        "admin_leve": 0,
        "boundary": null,
        "water": null,
        "place": null,
        "building_p": null,
        "min_height": 0,
        "min": 0,
        "name_zh_H1": null,
        "name_zh_Ha": null,
        "operator": null,
        "operator_t": null,
        "short_name": null,
        "short_nam1": null,
        "short_nam2": null,
        "wikidata": null,
        "wikipedia": null,
        "garden_typ": null,
        "access": null,
        "note": null,
        "female": null,
        "toilets_di": null,
        "male": null,
        "wheelchair": null,
        "alt_name": null,
        "old_name": null,
        "PERIMETER": null,
        "ENCLOSED_A": null
      },
      "geometry": {
        "type": "MultiPolygon",
        "coordinates": [
          [
            [
              [
                114.36550680498547,
                30.536371398568235
              ],
              [
                114.36554632053895,
                30.536282688805862
              ],
              [
                114.36537587194695,
                30.53622614666377
              ],
              [
                114.36533635814914,
                30.536314749996567
              ],
              [
                114.36550680498547,
                30.536371398568235
              ]
            ]
          ]
        ]
      }
    },
    {
      "type": "Feature",
      "properties": {
        "GM_LAYER": "building",
        "GM_TYPE": "Misc. Manmade Structure",
        "ELEVATION": 0,
        "visible": "true",
        "version": 3,
        "changeset": 119981334,
        "timestamp": "2022-04-21T05:27:33Z",
        "user": "CENTRALHUB",
        "uid": 6447498,
        "covered": null,
        "leisure": null,
        "name": "34栋",
        "sport": null,
        "id": 104450000.0,
        "building": "yes",
        "building_l": 0,
        "height": null,
        "shop": null,
        "landuse": null,
        "addr_city": null,
        "addr_house": null,
        "addr_postc": 0,
        "addr_stree": null,
        "name_en": null,
        "website": null,
        "amenity": null,
        "addr_distr": null,
        "addr_hous1": null,
        "addr_provi": null,
        "int_name": null,
        "natural": null,
        "descriptio": null,
        "cuisine": null,
        "fast_food": null,
        "level": 0,
        "opening_h9": null,
        "designatio": null,
        "layer": 0,
        "area": null,
        "location": null,
        "public_tra": null,
        "railway": null,
        "subway": null,
        "station": null,
        "surface": null,
        "name_zh": null,
        "admin_leve": 0,
        "boundary": null,
        "water": null,
        "place": null,
        "building_p": null,
        "min_height": 0,
        "min": 0,
        "name_zh_H1": null,
        "name_zh_Ha": null,
        "operator": null,
        "operator_t": null,
        "short_name": null,
        "short_nam1": null,
        "short_nam2": null,
        "wikidata": null,
        "wikipedia": null,
        "garden_typ": null,
        "access": null,
        "note": null,
        "female": null,
        "toilets_di": null,
        "male": null,
        "wheelchair": null,
        "alt_name": null,
        "old_name": null,
        "PERIMETER": null,
        "ENCLOSED_A": null
      },
      "geometry": {
        "type": "MultiPolygon",
        "coordinates": [
          [
            [
              [
                114.36468923368149,
                30.538345298781742
              ],
              [
                114.36468890853071,
                30.538255689997463
              ],
              [
                114.36424590699379,
                30.53825543394668
              ],
              [
                114.36424623218603,
                30.53834494289506
              ],
              [
                114.36468923368149,
                30.538345298781742
              ]
            ]
          ]
        ]
      }
    },
    {
      "type": "Feature",
      "properties": {
        "GM_LAYER": "building",
        "GM_TYPE": "Misc. Manmade Structure",
        "ELEVATION": 0,
        "visible": "true",
        "version": 2,
        "changeset": 14730472,
        "timestamp": "2013-01-21T08:54:53Z",
        "user": "kun3721",
        "uid": 1195808,
        "covered": null,
        "leisure": null,
        "name": "29栋",
        "sport": null,
        "id": 104450000.0,
        "building": "yes",
        "building_l": 0,
        "height": null,
        "shop": null,
        "landuse": null,
        "addr_city": null,
        "addr_house": null,
        "addr_postc": 0,
        "addr_stree": null,
        "name_en": null,
        "website": null,
        "amenity": null,
        "addr_distr": null,
        "addr_hous1": null,
        "addr_provi": null,
        "int_name": null,
        "natural": null,
        "descriptio": null,
        "cuisine": null,
        "fast_food": null,
        "level": 0,
        "opening_h9": null,
        "designatio": null,
        "layer": 0,
        "area": null,
        "location": null,
        "public_tra": null,
        "railway": null,
        "subway": null,
        "station": null,
        "surface": null,
        "name_zh": null,
        "admin_leve": 0,
        "boundary": null,
        "water": null,
        "place": null,
        "building_p": null,
        "min_height": 0,
        "min": 0,
        "name_zh_H1": null,
        "name_zh_Ha": null,
        "operator": null,
        "operator_t": null,
        "short_name": null,
        "short_nam1": null,
        "short_nam2": null,
        "wikidata": null,
        "wikipedia": null,
        "garden_typ": null,
        "access": null,
        "note": null,
        "female": null,
        "toilets_di": null,
        "male": null,
        "wheelchair": null,
        "alt_name": null,
        "old_name": null,
        "PERIMETER": null,
        "ENCLOSED_A": null
      },
      "geometry": {
        "type": "MultiPolygon",
        "coordinates": [
          [
            [
              [
                114.36406972723499,
                30.537814224232932
              ],
              [
                114.36407053399577,
                30.537927437413508
              ],
              [
                114.36453623966915,
                30.537926446237943
              ],
              [
                114.36453543280616,
                30.53781323346093
              ],
              [
                114.36406972723499,
                30.537814224232932
              ]
            ]
          ]
        ]
      }
    },
    {
      "type": "Feature",
      "properties": {
        "GM_LAYER": "building",
        "GM_TYPE": "Misc. Manmade Structure",
        "ELEVATION": 0,
        "visible": "true",
        "version": 2,
        "changeset": 118123123,
        "timestamp": "2022-03-05T11:41:00Z",
        "user": "红心柚柚子",
        "uid": 15194206,
        "covered": null,
        "leisure": null,
        "name": "27栋",
        "sport": null,
        "id": 104450000.0,
        "building": "yes",
        "building_l": 0,
        "height": null,
        "shop": null,
        "landuse": null,
        "addr_city": null,
        "addr_house": null,
        "addr_postc": 0,
        "addr_stree": null,
        "name_en": null,
        "website": null,
        "amenity": null,
        "addr_distr": null,
        "addr_hous1": null,
        "addr_provi": null,
        "int_name": null,
        "natural": null,
        "descriptio": null,
        "cuisine": null,
        "fast_food": null,
        "level": 0,
        "opening_h9": null,
        "designatio": null,
        "layer": 0,
        "area": null,
        "location": null,
        "public_tra": null,
        "railway": null,
        "subway": null,
        "station": null,
        "surface": null,
        "name_zh": null,
        "admin_leve": 0,
        "boundary": null,
        "water": null,
        "place": null,
        "building_p": null,
        "min_height": 0,
        "min": 0,
        "name_zh_H1": null,
        "name_zh_Ha": null,
        "operator": null,
        "operator_t": null,
        "short_name": null,
        "short_nam1": null,
        "short_nam2": null,
        "wikidata": null,
        "wikipedia": null,
        "garden_typ": null,
        "access": null,
        "note": null,
        "female": null,
        "toilets_di": null,
        "male": null,
        "wheelchair": null,
        "alt_name": null,
        "old_name": null,
        "PERIMETER": null,
        "ENCLOSED_A": null
      },
      "geometry": {
        "type": "MultiPolygon",
        "coordinates": [
          [
            [
              [
                114.36531803166048,
                30.537925348288258
              ],
              [
                114.36572619235015,
                30.537934770312482
              ],
              [
                114.36573000608023,
                30.537803067608326
              ],
              [
                114.36532184501787,
                30.537793647024536
              ],
              [
                114.36531803166048,
                30.537925348288258
              ]
            ]
          ]
        ]
      }
    },
    {
      "type": "Feature",
      "properties": {
        "GM_LAYER": "building",
        "GM_TYPE": "Misc. Manmade Structure",
        "ELEVATION": 0,
        "visible": "true",
        "version": 3,
        "changeset": 119981334,
        "timestamp": "2022-04-21T05:27:33Z",
        "user": "CENTRALHUB",
        "uid": 6447498,
        "covered": null,
        "leisure": null,
        "name": "31栋",
        "sport": null,
        "id": 104450000.0,
        "building": "yes",
        "building_l": 0,
        "height": null,
        "shop": null,
        "landuse": null,
        "addr_city": null,
        "addr_house": null,
        "addr_postc": 0,
        "addr_stree": null,
        "name_en": null,
        "website": null,
        "amenity": null,
        "addr_distr": null,
        "addr_hous1": null,
        "addr_provi": null,
        "int_name": null,
        "natural": null,
        "descriptio": null,
        "cuisine": null,
        "fast_food": null,
        "level": 0,
        "opening_h9": null,
        "designatio": null,
        "layer": 0,
        "area": null,
        "location": null,
        "public_tra": null,
        "railway": null,
        "subway": null,
        "station": null,
        "surface": null,
        "name_zh": null,
        "admin_leve": 0,
        "boundary": null,
        "water": null,
        "place": null,
        "building_p": null,
        "min_height": 0,
        "min": 0,
        "name_zh_H1": null,
        "name_zh_Ha": null,
        "operator": null,
        "operator_t": null,
        "short_name": null,
        "short_nam1": null,
        "short_nam2": null,
        "wikidata": null,
        "wikipedia": null,
        "garden_typ": null,
        "access": null,
        "note": null,
        "female": null,
        "toilets_di": null,
        "male": null,
        "wheelchair": null,
        "alt_name": null,
        "old_name": null,
        "PERIMETER": null,
        "ENCLOSED_A": null
      },
      "geometry": {
        "type": "MultiPolygon",
        "coordinates": [
          [
            [
              [
                114.36527678546767,
                30.538046746764707
              ],
              [
                114.36487166188769,
                30.538046759106297
              ],
              [
                114.36487188661445,
                30.538137267673584
              ],
              [
                114.36527701014074,
                30.53813735522108
              ],
              [
                114.36527678546767,
                30.538046746764707
              ]
            ]
          ]
        ]
      }
    },
    {
      "type": "Feature",
      "properties": {
        "GM_LAYER": "building",
        "GM_TYPE": "Misc. Manmade Structure",
        "ELEVATION": 0,
        "visible": "true",
        "version": 3,
        "changeset": 119981334,
        "timestamp": "2022-04-21T05:27:33Z",
        "user": "CENTRALHUB",
        "uid": 6447498,
        "covered": null,
        "leisure": null,
        "name": "33栋",
        "sport": null,
        "id": 104450000.0,
        "building": "yes",
        "building_l": 0,
        "height": null,
        "shop": null,
        "landuse": null,
        "addr_city": null,
        "addr_house": null,
        "addr_postc": 0,
        "addr_stree": null,
        "name_en": null,
        "website": null,
        "amenity": null,
        "addr_distr": null,
        "addr_hous1": null,
        "addr_provi": null,
        "int_name": null,
        "natural": null,
        "descriptio": null,
        "cuisine": null,
        "fast_food": null,
        "level": 0,
        "opening_h9": null,
        "designatio": null,
        "layer": 0,
        "area": null,
        "location": null,
        "public_tra": null,
        "railway": null,
        "subway": null,
        "station": null,
        "surface": null,
        "name_zh": null,
        "admin_leve": 0,
        "boundary": null,
        "water": null,
        "place": null,
        "building_p": null,
        "min_height": 0,
        "min": 0,
        "name_zh_H1": null,
        "name_zh_Ha": null,
        "operator": null,
        "operator_t": null,
        "short_name": null,
        "short_nam1": null,
        "short_nam2": null,
        "wikidata": null,
        "wikipedia": null,
        "garden_typ": null,
        "access": null,
        "note": null,
        "female": null,
        "toilets_di": null,
        "male": null,
        "wheelchair": null,
        "alt_name": null,
        "old_name": null,
        "PERIMETER": null,
        "ENCLOSED_A": null
      },
      "geometry": {
        "type": "MultiPolygon",
        "coordinates": [
          [
            [
              [
                114.36525008176484,
                30.538255791361447
              ],
              [
                114.36485066638733,
                30.538255711369345
              ],
              [
                114.36485089145447,
                30.538345319775694
              ],
              [
                114.36525030694534,
                30.538345299641865
              ],
              [
                114.36525008176484,
                30.538255791361447
              ]
            ]
          ]
        ]
      }
    },
    {
      "type": "Feature",
      "properties": {
        "GM_LAYER": "building",
        "GM_TYPE": "Misc. Manmade Structure",
        "ELEVATION": 0,
        "visible": "true",
        "version": 2,
        "changeset": 53063397,
        "timestamp": "2017-10-19T09:39:13Z",
        "user": "Houzhu",
        "uid": 6819446,
        "covered": null,
        "leisure": null,
        "name": "35栋",
        "sport": null,
        "id": 104450000.0,
        "building": "yes",
        "building_l": 0,
        "height": null,
        "shop": null,
        "landuse": null,
        "addr_city": null,
        "addr_house": null,
        "addr_postc": 0,
        "addr_stree": null,
        "name_en": null,
        "website": null,
        "amenity": null,
        "addr_distr": null,
        "addr_hous1": null,
        "addr_provi": null,
        "int_name": null,
        "natural": null,
        "descriptio": null,
        "cuisine": null,
        "fast_food": null,
        "level": 0,
        "opening_h9": null,
        "designatio": null,
        "layer": 0,
        "area": null,
        "location": null,
        "public_tra": null,
        "railway": null,
        "subway": null,
        "station": null,
        "surface": null,
        "name_zh": null,
        "admin_leve": 0,
        "boundary": null,
        "water": null,
        "place": null,
        "building_p": null,
        "min_height": 0,
        "min": 0,
        "name_zh_H1": null,
        "name_zh_Ha": null,
        "operator": null,
        "operator_t": null,
        "short_name": null,
        "short_nam1": null,
        "short_nam2": null,
        "wikidata": null,
        "wikipedia": null,
        "garden_typ": null,
        "access": null,
        "note": null,
        "female": null,
        "toilets_di": null,
        "male": null,
        "wheelchair": null,
        "alt_name": null,
        "old_name": null,
        "PERIMETER": null,
        "ENCLOSED_A": null
      },
      "geometry": {
        "type": "MultiPolygon",
        "coordinates": [
          [
            [
              [
                114.36593460806851,
                30.537980734035862
              ],
              [
                114.36640711728421,
                30.537984522060295
              ],
              [
                114.3664078885025,
                30.537900016041768
              ],
              [
                114.36593537912218,
                30.537896328339208
              ],
              [
                114.36593460806851,
                30.537980734035862
              ]
            ]
          ]
        ]
      }
    },
    {
      "type": "Feature",
      "properties": {
        "GM_LAYER": "building",
        "GM_TYPE": "Misc. Manmade Structure",
        "ELEVATION": 0,
        "visible": "true",
        "version": 2,
        "changeset": 118123123,
        "timestamp": "2022-03-05T11:41:00Z",
        "user": "红心柚柚子",
        "uid": 15194206,
        "covered": null,
        "leisure": null,
        "name": "28栋",
        "sport": null,
        "id": 104450000.0,
        "building": "yes",
        "building_l": 0,
        "height": null,
        "shop": null,
        "landuse": null,
        "addr_city": null,
        "addr_house": null,
        "addr_postc": 0,
        "addr_stree": null,
        "name_en": null,
        "website": null,
        "amenity": null,
        "addr_distr": null,
        "addr_hous1": null,
        "addr_provi": null,
        "int_name": null,
        "natural": null,
        "descriptio": null,
        "cuisine": null,
        "fast_food": null,
        "level": 0,
        "opening_h9": null,
        "designatio": null,
        "layer": 0,
        "area": null,
        "location": null,
        "public_tra": null,
        "railway": null,
        "subway": null,
        "station": null,
        "surface": null,
        "name_zh": null,
        "admin_leve": 0,
        "boundary": null,
        "water": null,
        "place": null,
        "building_p": null,
        "min_height": 0,
        "min": 0,
        "name_zh_H1": null,
        "name_zh_Ha": null,
        "operator": null,
        "operator_t": null,
        "short_name": null,
        "short_nam1": null,
        "short_nam2": null,
        "wikidata": null,
        "wikipedia": null,
        "garden_typ": null,
        "access": null,
        "note": null,
        "female": null,
        "toilets_di": null,
        "male": null,
        "wheelchair": null,
        "alt_name": null,
        "old_name": null,
        "PERIMETER": null,
        "ENCLOSED_A": null
      },
      "geometry": {
        "type": "MultiPolygon",
        "coordinates": [
          [
            [
              [
                114.36470068536629,
                30.537937401102113
              ],
              [
                114.3651731618996,
                30.53794054870956
              ],
              [
                114.36517386416389,
                30.537818139967875
              ],
              [
                114.36470138764277,
                30.53781489261738
              ],
              [
                114.36470068536629,
                30.537937401102113
              ]
            ]
          ]
        ]
      }
    },
    {
      "type": "Feature",
      "properties": {
        "GM_LAYER": "building",
        "GM_TYPE": "Misc. Manmade Structure",
        "ELEVATION": 0,
        "visible": "true",
        "version": 2,
        "changeset": 118123123,
        "timestamp": "2022-03-05T11:41:00Z",
        "user": "红心柚柚子",
        "uid": 15194206,
        "covered": null,
        "leisure": null,
        "name": "30栋",
        "sport": null,
        "id": 104450000.0,
        "building": "yes",
        "building_l": 0,
        "height": null,
        "shop": null,
        "landuse": null,
        "addr_city": null,
        "addr_house": null,
        "addr_postc": 0,
        "addr_stree": null,
        "name_en": null,
        "website": null,
        "amenity": null,
        "addr_distr": null,
        "addr_hous1": null,
        "addr_provi": null,
        "int_name": null,
        "natural": null,
        "descriptio": null,
        "cuisine": null,
        "fast_food": null,
        "level": 0,
        "opening_h9": null,
        "designatio": null,
        "layer": 0,
        "area": null,
        "location": null,
        "public_tra": null,
        "railway": null,
        "subway": null,
        "station": null,
        "surface": null,
        "name_zh": null,
        "admin_leve": 0,
        "boundary": null,
        "water": null,
        "place": null,
        "building_p": null,
        "min_height": 0,
        "min": 0,
        "name_zh_H1": null,
        "name_zh_Ha": null,
        "operator": null,
        "operator_t": null,
        "short_name": null,
        "short_nam1": null,
        "short_nam2": null,
        "wikidata": null,
        "wikipedia": null,
        "garden_typ": null,
        "access": null,
        "note": null,
        "female": null,
        "toilets_di": null,
        "male": null,
        "wheelchair": null,
        "alt_name": null,
        "old_name": null,
        "PERIMETER": null,
        "ENCLOSED_A": null
      },
      "geometry": {
        "type": "MultiPolygon",
        "coordinates": [
          [
            [
              [
                114.36544618557267,
                30.538032495466666
              ],
              [
                114.36544701698132,
                30.53811590482027
              ],
              [
                114.36588773806406,
                30.538115245882796
              ],
              [
                114.36588650715277,
                30.53803053594129
              ],
              [
                114.36544618557267,
                30.538032495466666
              ]
            ]
          ]
        ]
      }
    },
    {
      "type": "Feature",
      "properties": {
        "GM_LAYER": "building",
        "GM_TYPE": "Misc. Manmade Structure",
        "ELEVATION": 0,
        "visible": "true",
        "version": 3,
        "changeset": 119981334,
        "timestamp": "2022-04-21T05:27:33Z",
        "user": "CENTRALHUB",
        "uid": 6447498,
        "covered": null,
        "leisure": null,
        "name": "32栋",
        "sport": null,
        "id": 104450000.0,
        "building": "yes",
        "building_l": 0,
        "height": null,
        "shop": null,
        "landuse": null,
        "addr_city": null,
        "addr_house": null,
        "addr_postc": 0,
        "addr_stree": null,
        "name_en": null,
        "website": null,
        "amenity": null,
        "addr_distr": null,
        "addr_hous1": null,
        "addr_provi": null,
        "int_name": null,
        "natural": null,
        "descriptio": null,
        "cuisine": null,
        "fast_food": null,
        "level": 0,
        "opening_h9": null,
        "designatio": null,
        "layer": 0,
        "area": null,
        "location": null,
        "public_tra": null,
        "railway": null,
        "subway": null,
        "station": null,
        "surface": null,
        "name_zh": null,
        "admin_leve": 0,
        "boundary": null,
        "water": null,
        "place": null,
        "building_p": null,
        "min_height": 0,
        "min": 0,
        "name_zh_H1": null,
        "name_zh_Ha": null,
        "operator": null,
        "operator_t": null,
        "short_name": null,
        "short_nam1": null,
        "short_nam2": null,
        "wikidata": null,
        "wikipedia": null,
        "garden_typ": null,
        "access": null,
        "note": null,
        "female": null,
        "toilets_di": null,
        "male": null,
        "wheelchair": null,
        "alt_name": null,
        "old_name": null,
        "PERIMETER": null,
        "ENCLOSED_A": null
      },
      "geometry": {
        "type": "MultiPolygon",
        "coordinates": [
          [
            [
              [
                114.3642352970175,
                30.538136984080598
              ],
              [
                114.36469311167902,
                30.538137193606403
              ],
              [
                114.36469278686972,
                30.538046684656482
              ],
              [
                114.36423507242093,
                30.53804637531787
              ],
              [
                114.3642352970175,
                30.538136984080598
              ]
            ]
          ]
        ]
      }
    },
    {
      "type": "Feature",
      "properties": {
        "GM_LAYER": "building",
        "GM_TYPE": "Misc. Manmade Structure",
        "ELEVATION": 0,
        "visible": "true",
        "version": 3,
        "changeset": 14879911,
        "timestamp": "2013-02-02T08:02:47Z",
        "user": "kun3721",
        "uid": 1195808,
        "covered": null,
        "leisure": null,
        "name": "老年活动中心",
        "sport": null,
        "id": 104450000.0,
        "building": "yes",
        "building_l": 0,
        "height": null,
        "shop": null,
        "landuse": null,
        "addr_city": null,
        "addr_house": null,
        "addr_postc": 0,
        "addr_stree": null,
        "name_en": null,
        "website": null,
        "amenity": null,
        "addr_distr": null,
        "addr_hous1": null,
        "addr_provi": null,
        "int_name": null,
        "natural": null,
        "descriptio": null,
        "cuisine": null,
        "fast_food": null,
        "level": 0,
        "opening_h9": null,
        "designatio": null,
        "layer": 0,
        "area": null,
        "location": null,
        "public_tra": null,
        "railway": null,
        "subway": null,
        "station": null,
        "surface": null,
        "name_zh": null,
        "admin_leve": 0,
        "boundary": null,
        "water": null,
        "place": null,
        "building_p": null,
        "min_height": 0,
        "min": 0,
        "name_zh_H1": null,
        "name_zh_Ha": null,
        "operator": null,
        "operator_t": null,
        "short_name": null,
        "short_nam1": null,
        "short_nam2": null,
        "wikidata": null,
        "wikipedia": null,
        "garden_typ": null,
        "access": null,
        "note": null,
        "female": null,
        "toilets_di": null,
        "male": null,
        "wheelchair": null,
        "alt_name": null,
        "old_name": null,
        "PERIMETER": null,
        "ENCLOSED_A": null
      },
      "geometry": {
        "type": "MultiPolygon",
        "coordinates": [
          [
            [
              [
                114.3673324227397,
                30.536811335269604
              ],
              [
                114.36742156167578,
                30.536812599637965
              ],
              [
                114.3674231300147,
                30.53673049316741
              ],
              [
                114.3679077170764,
                30.53673720900528
              ],
              [
                114.36790918373217,
                30.536657001954964
              ],
              [
                114.36742018954091,
                30.53665028377685
              ],
              [
                114.36737681558199,
                30.53665735405574
              ],
              [
                114.36734985600354,
                30.536679036269557
              ],
              [
                114.3673343065146,
                30.536710527443955
              ],
              [
                114.3673324227397,
                30.536811335269604
              ]
            ]
          ]
        ]
      }
    },
    {
      "type": "Feature",
      "properties": {
        "GM_LAYER": "building",
        "GM_TYPE": "Misc. Manmade Structure",
        "ELEVATION": 0,
        "visible": "true",
        "version": 1,
        "changeset": 7581442,
        "timestamp": "2011-03-17T01:56:10Z",
        "user": "GeoSUN",
        "uid": 414582,
        "covered": null,
        "leisure": null,
        "name": null,
        "sport": null,
        "id": 104451000.0,
        "building": "yes",
        "building_l": 0,
        "height": null,
        "shop": null,
        "landuse": null,
        "addr_city": null,
        "addr_house": null,
        "addr_postc": 0,
        "addr_stree": null,
        "name_en": null,
        "website": null,
        "amenity": null,
        "addr_distr": null,
        "addr_hous1": null,
        "addr_provi": null,
        "int_name": null,
        "natural": null,
        "descriptio": null,
        "cuisine": null,
        "fast_food": null,
        "level": 0,
        "opening_h9": null,
        "designatio": null,
        "layer": 0,
        "area": null,
        "location": null,
        "public_tra": null,
        "railway": null,
        "subway": null,
        "station": null,
        "surface": null,
        "name_zh": null,
        "admin_leve": 0,
        "boundary": null,
        "water": null,
        "place": null,
        "building_p": null,
        "min_height": 0,
        "min": 0,
        "name_zh_H1": null,
        "name_zh_Ha": null,
        "operator": null,
        "operator_t": null,
        "short_name": null,
        "short_nam1": null,
        "short_nam2": null,
        "wikidata": null,
        "wikipedia": null,
        "garden_typ": null,
        "access": null,
        "note": null,
        "female": null,
        "toilets_di": null,
        "male": null,
        "wheelchair": null,
        "alt_name": null,
        "old_name": null,
        "PERIMETER": null,
        "ENCLOSED_A": null
      },
      "geometry": {
        "type": "MultiPolygon",
        "coordinates": [
          [
            [
              [
                114.36115556113727,
                30.535245909381278
              ],
              [
                114.36137679173312,
                30.53525795656839
              ],
              [
                114.36138205430122,
                30.5351771818225
              ],
              [
                114.36116082342072,
                30.535165135692708
              ],
              [
                114.36115556113727,
                30.535245909381278
              ]
            ]
          ]
        ]
      }
    },
    {
      "type": "Feature",
      "properties": {
        "GM_LAYER": "building",
        "GM_TYPE": "Misc. Manmade Structure",
        "ELEVATION": 0,
        "visible": "true",
        "version": 2,
        "changeset": 62208604,
        "timestamp": "2018-09-01T23:27:15Z",
        "user": "John Bek",
        "uid": 3800987,
        "covered": null,
        "leisure": null,
        "name": null,
        "sport": null,
        "id": 104451000.0,
        "building": "yes",
        "building_l": 8,
        "height": null,
        "shop": null,
        "landuse": null,
        "addr_city": null,
        "addr_house": null,
        "addr_postc": 0,
        "addr_stree": null,
        "name_en": null,
        "website": null,
        "amenity": null,
        "addr_distr": null,
        "addr_hous1": null,
        "addr_provi": null,
        "int_name": null,
        "natural": null,
        "descriptio": null,
        "cuisine": null,
        "fast_food": null,
        "level": 0,
        "opening_h9": null,
        "designatio": null,
        "layer": 0,
        "area": null,
        "location": null,
        "public_tra": null,
        "railway": null,
        "subway": null,
        "station": null,
        "surface": null,
        "name_zh": null,
        "admin_leve": 0,
        "boundary": null,
        "water": null,
        "place": null,
        "building_p": null,
        "min_height": 0,
        "min": 0,
        "name_zh_H1": null,
        "name_zh_Ha": null,
        "operator": null,
        "operator_t": null,
        "short_name": null,
        "short_nam1": null,
        "short_nam2": null,
        "wikidata": null,
        "wikipedia": null,
        "garden_typ": null,
        "access": null,
        "note": null,
        "female": null,
        "toilets_di": null,
        "male": null,
        "wheelchair": null,
        "alt_name": null,
        "old_name": null,
        "PERIMETER": null,
        "ENCLOSED_A": null
      },
      "geometry": {
        "type": "MultiPolygon",
        "coordinates": [
          [
            [
              [
                114.36050812355039,
                30.5340144816115
              ],
              [
                114.36073231467952,
                30.534582544885055
              ],
              [
                114.36102770512811,
                30.53449767159068
              ],
              [
                114.3609439516257,
                30.534285478605298
              ],
              [
                114.36082911653581,
                30.53431849143235
              ],
              [
                114.36068866654391,
                30.533962666945225
              ],
              [
                114.36050812355039,
                30.5340144816115
              ]
            ]
          ]
        ]
      }
    },
    {
      "type": "Feature",
      "properties": {
        "GM_LAYER": "building",
        "GM_TYPE": "Misc. Manmade Structure",
        "ELEVATION": 0,
        "visible": "true",
        "version": 1,
        "changeset": 7581442,
        "timestamp": "2011-03-17T01:56:10Z",
        "user": "GeoSUN",
        "uid": 414582,
        "covered": null,
        "leisure": null,
        "name": null,
        "sport": null,
        "id": 104451000.0,
        "building": "yes",
        "building_l": 0,
        "height": null,
        "shop": null,
        "landuse": null,
        "addr_city": null,
        "addr_house": null,
        "addr_postc": 0,
        "addr_stree": null,
        "name_en": null,
        "website": null,
        "amenity": null,
        "addr_distr": null,
        "addr_hous1": null,
        "addr_provi": null,
        "int_name": null,
        "natural": null,
        "descriptio": null,
        "cuisine": null,
        "fast_food": null,
        "level": 0,
        "opening_h9": null,
        "designatio": null,
        "layer": 0,
        "area": null,
        "location": null,
        "public_tra": null,
        "railway": null,
        "subway": null,
        "station": null,
        "surface": null,
        "name_zh": null,
        "admin_leve": 0,
        "boundary": null,
        "water": null,
        "place": null,
        "building_p": null,
        "min_height": 0,
        "min": 0,
        "name_zh_H1": null,
        "name_zh_Ha": null,
        "operator": null,
        "operator_t": null,
        "short_name": null,
        "short_nam1": null,
        "short_nam2": null,
        "wikidata": null,
        "wikipedia": null,
        "garden_typ": null,
        "access": null,
        "note": null,
        "female": null,
        "toilets_di": null,
        "male": null,
        "wheelchair": null,
        "alt_name": null,
        "old_name": null,
        "PERIMETER": null,
        "ENCLOSED_A": null
      },
      "geometry": {
        "type": "MultiPolygon",
        "coordinates": [
          [
            [
              [
                114.36096669147278,
                30.535040917179277
              ],
              [
                114.36085625825446,
                30.535070162343594
              ],
              [
                114.36102352696716,
                30.535527354540285
              ],
              [
                114.36113396480363,
                30.53549799239866
              ],
              [
                114.36096669147278,
                30.535040917179277
              ]
            ]
          ]
        ]
      }
    },
    {
      "type": "Feature",
      "properties": {
        "GM_LAYER": "building",
        "GM_TYPE": "Misc. Manmade Structure",
        "ELEVATION": 0,
        "visible": "true",
        "version": 1,
        "changeset": 7581442,
        "timestamp": "2011-03-17T01:56:10Z",
        "user": "GeoSUN",
        "uid": 414582,
        "covered": null,
        "leisure": null,
        "name": null,
        "sport": null,
        "id": 104451000.0,
        "building": "yes",
        "building_l": 0,
        "height": null,
        "shop": null,
        "landuse": null,
        "addr_city": null,
        "addr_house": null,
        "addr_postc": 0,
        "addr_stree": null,
        "name_en": null,
        "website": null,
        "amenity": null,
        "addr_distr": null,
        "addr_hous1": null,
        "addr_provi": null,
        "int_name": null,
        "natural": null,
        "descriptio": null,
        "cuisine": null,
        "fast_food": null,
        "level": 0,
        "opening_h9": null,
        "designatio": null,
        "layer": 0,
        "area": null,
        "location": null,
        "public_tra": null,
        "railway": null,
        "subway": null,
        "station": null,
        "surface": null,
        "name_zh": null,
        "admin_leve": 0,
        "boundary": null,
        "water": null,
        "place": null,
        "building_p": null,
        "min_height": 0,
        "min": 0,
        "name_zh_H1": null,
        "name_zh_Ha": null,
        "operator": null,
        "operator_t": null,
        "short_name": null,
        "short_nam1": null,
        "short_nam2": null,
        "wikidata": null,
        "wikipedia": null,
        "garden_typ": null,
        "access": null,
        "note": null,
        "female": null,
        "toilets_di": null,
        "male": null,
        "wheelchair": null,
        "alt_name": null,
        "old_name": null,
        "PERIMETER": null,
        "ENCLOSED_A": null
      },
      "geometry": {
        "type": "MultiPolygon",
        "coordinates": [
          [
            [
              [
                114.36134961380881,
                30.53316654421673
              ],
              [
                114.36151724415807,
                30.53317511508668
              ],
              [
                114.36152098769138,
                30.53311383125257
              ],
              [
                114.36135335718629,
                30.533105260953423
              ],
              [
                114.36134961380881,
                30.53316654421673
              ]
            ]
          ]
        ]
      }
    },
    {
      "type": "Feature",
      "properties": {
        "GM_LAYER": "building",
        "GM_TYPE": "Misc. Manmade Structure",
        "ELEVATION": 0,
        "visible": "true",
        "version": 1,
        "changeset": 7581442,
        "timestamp": "2011-03-17T01:56:10Z",
        "user": "GeoSUN",
        "uid": 414582,
        "covered": null,
        "leisure": null,
        "name": null,
        "sport": null,
        "id": 104451000.0,
        "building": "yes",
        "building_l": 0,
        "height": null,
        "shop": null,
        "landuse": null,
        "addr_city": null,
        "addr_house": null,
        "addr_postc": 0,
        "addr_stree": null,
        "name_en": null,
        "website": null,
        "amenity": null,
        "addr_distr": null,
        "addr_hous1": null,
        "addr_provi": null,
        "int_name": null,
        "natural": null,
        "descriptio": null,
        "cuisine": null,
        "fast_food": null,
        "level": 0,
        "opening_h9": null,
        "designatio": null,
        "layer": 0,
        "area": null,
        "location": null,
        "public_tra": null,
        "railway": null,
        "subway": null,
        "station": null,
        "surface": null,
        "name_zh": null,
        "admin_leve": 0,
        "boundary": null,
        "water": null,
        "place": null,
        "building_p": null,
        "min_height": 0,
        "min": 0,
        "name_zh_H1": null,
        "name_zh_Ha": null,
        "operator": null,
        "operator_t": null,
        "short_name": null,
        "short_nam1": null,
        "short_nam2": null,
        "wikidata": null,
        "wikipedia": null,
        "garden_typ": null,
        "access": null,
        "note": null,
        "female": null,
        "toilets_di": null,
        "male": null,
        "wheelchair": null,
        "alt_name": null,
        "old_name": null,
        "PERIMETER": null,
        "ENCLOSED_A": null
      },
      "geometry": {
        "type": "MultiPolygon",
        "coordinates": [
          [
            [
              [
                114.3611785407627,
                30.53501393684603
              ],
              [
                114.36116743384463,
                30.5351527782014
              ],
              [
                114.3613629593222,
                30.53516545765355
              ],
              [
                114.36137396675211,
                30.53502661367699
              ],
              [
                114.3611785407627,
                30.53501393684603
              ]
            ]
          ]
        ]
      }
    },
    {
      "type": "Feature",
      "properties": {
        "GM_LAYER": "building",
        "GM_TYPE": "Misc. Manmade Structure",
        "ELEVATION": 0,
        "visible": "true",
        "version": 2,
        "changeset": 62208604,
        "timestamp": "2018-09-01T23:27:15Z",
        "user": "John Bek",
        "uid": 3800987,
        "covered": null,
        "leisure": null,
        "name": null,
        "sport": null,
        "id": 104451000.0,
        "building": "yes",
        "building_l": 3,
        "height": null,
        "shop": null,
        "landuse": null,
        "addr_city": null,
        "addr_house": null,
        "addr_postc": 0,
        "addr_stree": null,
        "name_en": null,
        "website": null,
        "amenity": null,
        "addr_distr": null,
        "addr_hous1": null,
        "addr_provi": null,
        "int_name": null,
        "natural": null,
        "descriptio": null,
        "cuisine": null,
        "fast_food": null,
        "level": 0,
        "opening_h9": null,
        "designatio": null,
        "layer": 0,
        "area": null,
        "location": null,
        "public_tra": null,
        "railway": null,
        "subway": null,
        "station": null,
        "surface": null,
        "name_zh": null,
        "admin_leve": 0,
        "boundary": null,
        "water": null,
        "place": null,
        "building_p": null,
        "min_height": 0,
        "min": 0,
        "name_zh_H1": null,
        "name_zh_Ha": null,
        "operator": null,
        "operator_t": null,
        "short_name": null,
        "short_nam1": null,
        "short_nam2": null,
        "wikidata": null,
        "wikipedia": null,
        "garden_typ": null,
        "access": null,
        "note": null,
        "female": null,
        "toilets_di": null,
        "male": null,
        "wheelchair": null,
        "alt_name": null,
        "old_name": null,
        "PERIMETER": null,
        "ENCLOSED_A": null
      },
      "geometry": {
        "type": "MultiPolygon",
        "coordinates": [
          [
            [
              [
                114.36068789625622,
                30.534604034146874
              ],
              [
                114.36083409610724,
                30.535017603203894
              ],
              [
                114.36094652863447,
                30.534988773993845
              ],
              [
                114.36080032473612,
                30.53457521998953
              ],
              [
                114.36068789625622,
                30.534604034146874
              ]
            ]
          ]
        ]
      }
    },
    {
      "type": "Feature",
      "properties": {
        "GM_LAYER": "building",
        "GM_TYPE": "Misc. Manmade Structure",
        "ELEVATION": 0,
        "visible": "true",
        "version": 3,
        "changeset": 9163445,
        "timestamp": "2011-08-30T02:42:57Z",
        "user": "GeoSUN",
        "uid": 414582,
        "covered": null,
        "leisure": null,
        "name": "中科开物",
        "sport": null,
        "id": 104451000.0,
        "building": "yes",
        "building_l": 0,
        "height": null,
        "shop": null,
        "landuse": null,
        "addr_city": null,
        "addr_house": null,
        "addr_postc": 0,
        "addr_stree": null,
        "name_en": null,
        "website": null,
        "amenity": null,
        "addr_distr": null,
        "addr_hous1": null,
        "addr_provi": null,
        "int_name": null,
        "natural": null,
        "descriptio": null,
        "cuisine": null,
        "fast_food": null,
        "level": 0,
        "opening_h9": null,
        "designatio": null,
        "layer": 0,
        "area": null,
        "location": null,
        "public_tra": null,
        "railway": null,
        "subway": null,
        "station": null,
        "surface": null,
        "name_zh": null,
        "admin_leve": 0,
        "boundary": null,
        "water": null,
        "place": null,
        "building_p": null,
        "min_height": 0,
        "min": 0,
        "name_zh_H1": null,
        "name_zh_Ha": null,
        "operator": null,
        "operator_t": null,
        "short_name": null,
        "short_nam1": null,
        "short_nam2": null,
        "wikidata": null,
        "wikipedia": null,
        "garden_typ": null,
        "access": null,
        "note": null,
        "female": null,
        "toilets_di": null,
        "male": null,
        "wheelchair": null,
        "alt_name": null,
        "old_name": null,
        "PERIMETER": null,
        "ENCLOSED_A": null
      },
      "geometry": {
        "type": "MultiPolygon",
        "coordinates": [
          [
            [
              [
                114.36273128390738,
                30.539417000787086
              ],
              [
                114.36295993964981,
                30.539725981723542
              ],
              [
                114.36364017365746,
                30.53938109839805
              ],
              [
                114.36345685756731,
                30.539134473615714
              ],
              [
                114.36273128390738,
                30.539417000787086
              ]
            ]
          ]
        ]
      }
    },
    {
      "type": "Feature",
      "properties": {
        "GM_LAYER": "building",
        "GM_TYPE": "Misc. Manmade Structure",
        "ELEVATION": 0,
        "visible": "true",
        "version": 2,
        "changeset": 15191965,
        "timestamp": "2013-02-28T01:01:12Z",
        "user": "卢巍(Wei Lu)",
        "uid": 1242426,
        "covered": null,
        "leisure": null,
        "name": "四眼井小区3栋",
        "sport": null,
        "id": 104451000.0,
        "building": "yes",
        "building_l": 0,
        "height": null,
        "shop": null,
        "landuse": null,
        "addr_city": null,
        "addr_house": null,
        "addr_postc": 0,
        "addr_stree": null,
        "name_en": null,
        "website": null,
        "amenity": null,
        "addr_distr": null,
        "addr_hous1": null,
        "addr_provi": null,
        "int_name": null,
        "natural": null,
        "descriptio": null,
        "cuisine": null,
        "fast_food": null,
        "level": 0,
        "opening_h9": null,
        "designatio": null,
        "layer": 0,
        "area": null,
        "location": null,
        "public_tra": null,
        "railway": null,
        "subway": null,
        "station": null,
        "surface": null,
        "name_zh": null,
        "admin_leve": 0,
        "boundary": null,
        "water": null,
        "place": null,
        "building_p": null,
        "min_height": 0,
        "min": 0,
        "name_zh_H1": null,
        "name_zh_Ha": null,
        "operator": null,
        "operator_t": null,
        "short_name": null,
        "short_nam1": null,
        "short_nam2": null,
        "wikidata": null,
        "wikipedia": null,
        "garden_typ": null,
        "access": null,
        "note": null,
        "female": null,
        "toilets_di": null,
        "male": null,
        "wheelchair": null,
        "alt_name": null,
        "old_name": null,
        "PERIMETER": null,
        "ENCLOSED_A": null
      },
      "geometry": {
        "type": "MultiPolygon",
        "coordinates": [
          [
            [
              [
                114.36288545921664,
                30.536662440009735
              ],
              [
                114.3632479915082,
                30.536386970552197
              ],
              [
                114.3633069902455,
                30.536435749498626
              ],
              [
                114.36334184016982,
                30.53640120655373
              ],
              [
                114.36339822921337,
                30.536461569535867
              ],
              [
                114.36350024900406,
                30.53639732080792
              ],
              [
                114.3631864996594,
                30.536074750500898
              ],
              [
                114.36303871929938,
                30.53619185217565
              ],
              [
                114.36309241233671,
                30.536240617316828
              ],
              [
                114.36296346888312,
                30.536327796124954
              ],
              [
                114.36301715161653,
                30.536388166130017
              ],
              [
                114.36279687863389,
                30.536578783694228
              ],
              [
                114.36288545921664,
                30.536662440009735
              ]
            ]
          ]
        ]
      }
    },
    {
      "type": "Feature",
      "properties": {
        "GM_LAYER": "landuse - residential",
        "GM_TYPE": "Metro Area",
        "ELEVATION": 0,
        "visible": "true",
        "version": 2,
        "changeset": 7589002,
        "timestamp": "2011-03-17T20:21:04Z",
        "user": "xybot",
        "uid": 70696,
        "covered": null,
        "leisure": null,
        "name": "四眼井社区",
        "sport": null,
        "id": 104451000.0,
        "building": null,
        "building_l": 0,
        "height": null,
        "shop": null,
        "landuse": "residential",
        "addr_city": null,
        "addr_house": null,
        "addr_postc": 0,
        "addr_stree": null,
        "name_en": null,
        "website": null,
        "amenity": null,
        "addr_distr": null,
        "addr_hous1": null,
        "addr_provi": null,
        "int_name": null,
        "natural": null,
        "descriptio": null,
        "cuisine": null,
        "fast_food": null,
        "level": 0,
        "opening_h9": null,
        "designatio": null,
        "layer": 0,
        "area": null,
        "location": null,
        "public_tra": null,
        "railway": null,
        "subway": null,
        "station": null,
        "surface": null,
        "name_zh": null,
        "admin_leve": 0,
        "boundary": null,
        "water": null,
        "place": null,
        "building_p": null,
        "min_height": 0,
        "min": 0,
        "name_zh_H1": null,
        "name_zh_Ha": null,
        "operator": null,
        "operator_t": null,
        "short_name": null,
        "short_nam1": null,
        "short_nam2": null,
        "wikidata": null,
        "wikipedia": null,
        "garden_typ": null,
        "access": null,
        "note": null,
        "female": null,
        "toilets_di": null,
        "male": null,
        "wheelchair": null,
        "alt_name": null,
        "old_name": null,
        "PERIMETER": null,
        "ENCLOSED_A": null
      },
      "geometry": {
        "type": "MultiPolygon",
        "coordinates": [
          [
            [
              [
                114.36165691600301,
                30.537334228659986
              ],
              [
                114.36168785483532,
                30.53741922706351
              ],
              [
                114.36175349845351,
                30.53751053671318
              ],
              [
                114.36176508162939,
                30.537535109356845
              ],
              [
                114.36189906594058,
                30.53772543172649
              ],
              [
                114.36198619672876,
                30.537723245949227
              ],
              [
                114.3620183883643,
                30.537746836362082
              ],
              [
                114.36234771498802,
                30.53798882836242
              ],
              [
                114.3624059991746,
                30.538037953123812
              ],
              [
                114.36260534257507,
                30.537855508346723
              ],
              [
                114.36270466194357,
                30.5377706206275
              ],
              [
                114.36270667958321,
                30.537750529277204
              ],
              [
                114.36276835481331,
                30.537697742571126
              ],
              [
                114.3626961695361,
                30.53763516424672
              ],
              [
                114.36266926625507,
                30.537622822982836
              ],
              [
                114.36269650002316,
                30.537598362609735
              ],
              [
                114.36250453844661,
                30.53743913318367
              ],
              [
                114.36252727409368,
                30.5374084523595
              ],
              [
                114.36276426170217,
                30.537198875692432
              ],
              [
                114.36294892462747,
                30.536997588505137
              ],
              [
                114.36302132713001,
                30.5370453495026
              ],
              [
                114.36338883681759,
                30.536694849376605
              ],
              [
                114.36374099995719,
                30.536674287905104
              ],
              [
                114.36375189041604,
                30.536445611693555
              ],
              [
                114.36352102208751,
                30.53644921779209
              ],
              [
                114.36351845031476,
                30.5362851904538
              ],
              [
                114.3631617146435,
                30.5360363290501
              ],
              [
                114.36235333181041,
                30.536872956235005
              ],
              [
                114.36230844811271,
                30.536829303370613
              ],
              [
                114.36165691600301,
                30.537334228659986
              ]
            ]
          ]
        ]
      }
    },
    {
      "type": "Feature",
      "properties": {
        "GM_LAYER": "building",
        "GM_TYPE": "Misc. Manmade Structure",
        "ELEVATION": 0,
        "visible": "true",
        "version": 1,
        "changeset": 7581442,
        "timestamp": "2011-03-17T02:14:46Z",
        "user": "GeoSUN",
        "uid": 414582,
        "covered": null,
        "leisure": null,
        "name": null,
        "sport": null,
        "id": 104451000.0,
        "building": "yes",
        "building_l": 0,
        "height": null,
        "shop": null,
        "landuse": null,
        "addr_city": null,
        "addr_house": null,
        "addr_postc": 0,
        "addr_stree": null,
        "name_en": null,
        "website": null,
        "amenity": null,
        "addr_distr": null,
        "addr_hous1": null,
        "addr_provi": null,
        "int_name": null,
        "natural": null,
        "descriptio": null,
        "cuisine": null,
        "fast_food": null,
        "level": 0,
        "opening_h9": null,
        "designatio": null,
        "layer": 0,
        "area": null,
        "location": null,
        "public_tra": null,
        "railway": null,
        "subway": null,
        "station": null,
        "surface": null,
        "name_zh": null,
        "admin_leve": 0,
        "boundary": null,
        "water": null,
        "place": null,
        "building_p": null,
        "min_height": 0,
        "min": 0,
        "name_zh_H1": null,
        "name_zh_Ha": null,
        "operator": null,
        "operator_t": null,
        "short_name": null,
        "short_nam1": null,
        "short_nam2": null,
        "wikidata": null,
        "wikipedia": null,
        "garden_typ": null,
        "access": null,
        "note": null,
        "female": null,
        "toilets_di": null,
        "male": null,
        "wheelchair": null,
        "alt_name": null,
        "old_name": null,
        "PERIMETER": null,
        "ENCLOSED_A": null
      },
      "geometry": {
        "type": "MultiPolygon",
        "coordinates": [
          [
            [
              [
                114.36260534257507,
                30.537855508346723
              ],
              [
                114.36270466194357,
                30.5377706206275
              ],
              [
                114.36262427972088,
                30.537700894224756
              ],
              [
                114.36259744777203,
                30.537723854724224
              ],
              [
                114.36250886946505,
                30.537647075527605
              ],
              [
                114.36243638548662,
                30.537709089260083
              ],
              [
                114.36260534257507,
                30.537855508346723
              ]
            ]
          ]
        ]
      }
    },
    {
      "type": "Feature",
      "properties": {
        "GM_LAYER": "building",
        "GM_TYPE": "Misc. Manmade Structure",
        "ELEVATION": 0,
        "visible": "true",
        "version": 1,
        "changeset": 7581442,
        "timestamp": "2011-03-17T02:14:46Z",
        "user": "GeoSUN",
        "uid": 414582,
        "covered": null,
        "leisure": null,
        "name": null,
        "sport": null,
        "id": 104451000.0,
        "building": "yes",
        "building_l": 0,
        "height": null,
        "shop": null,
        "landuse": null,
        "addr_city": null,
        "addr_house": null,
        "addr_postc": 0,
        "addr_stree": null,
        "name_en": null,
        "website": null,
        "amenity": null,
        "addr_distr": null,
        "addr_hous1": null,
        "addr_provi": null,
        "int_name": null,
        "natural": null,
        "descriptio": null,
        "cuisine": null,
        "fast_food": null,
        "level": 0,
        "opening_h9": null,
        "designatio": null,
        "layer": 0,
        "area": null,
        "location": null,
        "public_tra": null,
        "railway": null,
        "subway": null,
        "station": null,
        "surface": null,
        "name_zh": null,
        "admin_leve": 0,
        "boundary": null,
        "water": null,
        "place": null,
        "building_p": null,
        "min_height": 0,
        "min": 0,
        "name_zh_H1": null,
        "name_zh_Ha": null,
        "operator": null,
        "operator_t": null,
        "short_name": null,
        "short_nam1": null,
        "short_nam2": null,
        "wikidata": null,
        "wikipedia": null,
        "garden_typ": null,
        "access": null,
        "note": null,
        "female": null,
        "toilets_di": null,
        "male": null,
        "wheelchair": null,
        "alt_name": null,
        "old_name": null,
        "PERIMETER": null,
        "ENCLOSED_A": null
      },
      "geometry": {
        "type": "MultiPolygon",
        "coordinates": [
          [
            [
              [
                114.36270667958321,
                30.537750529277204
              ],
              [
                114.36276835481331,
                30.537697742571126
              ],
              [
                114.3626961695361,
                30.53763516424672
              ],
              [
                114.36263439534818,
                30.537687946250045
              ],
              [
                114.36270667958321,
                30.537750529277204
              ]
            ]
          ]
        ]
      }
    },
    {
      "type": "Feature",
      "properties": {
        "GM_LAYER": "building",
        "GM_TYPE": "Misc. Manmade Structure",
        "ELEVATION": 0,
        "visible": "true",
        "version": 1,
        "changeset": 7581442,
        "timestamp": "2011-03-17T02:14:46Z",
        "user": "GeoSUN",
        "uid": 414582,
        "covered": null,
        "leisure": null,
        "name": null,
        "sport": null,
        "id": 104451000.0,
        "building": "yes",
        "building_l": 0,
        "height": null,
        "shop": null,
        "landuse": null,
        "addr_city": null,
        "addr_house": null,
        "addr_postc": 0,
        "addr_stree": null,
        "name_en": null,
        "website": null,
        "amenity": null,
        "addr_distr": null,
        "addr_hous1": null,
        "addr_provi": null,
        "int_name": null,
        "natural": null,
        "descriptio": null,
        "cuisine": null,
        "fast_food": null,
        "level": 0,
        "opening_h9": null,
        "designatio": null,
        "layer": 0,
        "area": null,
        "location": null,
        "public_tra": null,
        "railway": null,
        "subway": null,
        "station": null,
        "surface": null,
        "name_zh": null,
        "admin_leve": 0,
        "boundary": null,
        "water": null,
        "place": null,
        "building_p": null,
        "min_height": 0,
        "min": 0,
        "name_zh_H1": null,
        "name_zh_Ha": null,
        "operator": null,
        "operator_t": null,
        "short_name": null,
        "short_nam1": null,
        "short_nam2": null,
        "wikidata": null,
        "wikipedia": null,
        "garden_typ": null,
        "access": null,
        "note": null,
        "female": null,
        "toilets_di": null,
        "male": null,
        "wheelchair": null,
        "alt_name": null,
        "old_name": null,
        "PERIMETER": null,
        "ENCLOSED_A": null
      },
      "geometry": {
        "type": "MultiPolygon",
        "coordinates": [
          [
            [
              [
                114.36210964368932,
                30.537598451212702
              ],
              [
                114.36198619672876,
                30.537723245949227
              ],
              [
                114.36234771498802,
                30.53798882836242
              ],
              [
                114.36242361161476,
                30.537912138034944
              ],
              [
                114.36215736428036,
                30.537716435215643
              ],
              [
                114.36220482228785,
                30.53766840043163
              ],
              [
                114.36210964368932,
                30.537598451212702
              ]
            ]
          ]
        ]
      }
    },
    {
      "type": "Feature",
      "properties": {
        "GM_LAYER": "building",
        "GM_TYPE": "Misc. Manmade Structure",
        "ELEVATION": 0,
        "visible": "true",
        "version": 1,
        "changeset": 7581442,
        "timestamp": "2011-03-17T02:14:46Z",
        "user": "GeoSUN",
        "uid": 414582,
        "covered": null,
        "leisure": null,
        "name": null,
        "sport": null,
        "id": 104451000.0,
        "building": "yes",
        "building_l": 0,
        "height": null,
        "shop": null,
        "landuse": null,
        "addr_city": null,
        "addr_house": null,
        "addr_postc": 0,
        "addr_stree": null,
        "name_en": null,
        "website": null,
        "amenity": null,
        "addr_distr": null,
        "addr_hous1": null,
        "addr_provi": null,
        "int_name": null,
        "natural": null,
        "descriptio": null,
        "cuisine": null,
        "fast_food": null,
        "level": 0,
        "opening_h9": null,
        "designatio": null,
        "layer": 0,
        "area": null,
        "location": null,
        "public_tra": null,
        "railway": null,
        "subway": null,
        "station": null,
        "surface": null,
        "name_zh": null,
        "admin_leve": 0,
        "boundary": null,
        "water": null,
        "place": null,
        "building_p": null,
        "min_height": 0,
        "min": 0,
        "name_zh_H1": null,
        "name_zh_Ha": null,
        "operator": null,
        "operator_t": null,
        "short_name": null,
        "short_nam1": null,
        "short_nam2": null,
        "wikidata": null,
        "wikipedia": null,
        "garden_typ": null,
        "access": null,
        "note": null,
        "female": null,
        "toilets_di": null,
        "male": null,
        "wheelchair": null,
        "alt_name": null,
        "old_name": null,
        "PERIMETER": null,
        "ENCLOSED_A": null
      },
      "geometry": {
        "type": "MultiPolygon",
        "coordinates": [
          [
            [
              [
                114.36294892462747,
                30.536997588505137
              ],
              [
                114.36304694844033,
                30.536913662057955
              ],
              [
                114.36272909593347,
                30.536638341442206
              ],
              [
                114.3626310798895,
                30.536722138621332
              ],
              [
                114.36294892462747,
                30.536997588505137
              ]
            ]
          ]
        ]
      }
    },
    {
      "type": "Feature",
      "properties": {
        "GM_LAYER": "building",
        "GM_TYPE": "Misc. Manmade Structure",
        "ELEVATION": 0,
        "visible": "true",
        "version": 1,
        "changeset": 7581442,
        "timestamp": "2011-03-17T02:14:46Z",
        "user": "GeoSUN",
        "uid": 414582,
        "covered": null,
        "leisure": null,
        "name": null,
        "sport": null,
        "id": 104451000.0,
        "building": "yes",
        "building_l": 0,
        "height": null,
        "shop": null,
        "landuse": null,
        "addr_city": null,
        "addr_house": null,
        "addr_postc": 0,
        "addr_stree": null,
        "name_en": null,
        "website": null,
        "amenity": null,
        "addr_distr": null,
        "addr_hous1": null,
        "addr_provi": null,
        "int_name": null,
        "natural": null,
        "descriptio": null,
        "cuisine": null,
        "fast_food": null,
        "level": 0,
        "opening_h9": null,
        "designatio": null,
        "layer": 0,
        "area": null,
        "location": null,
        "public_tra": null,
        "railway": null,
        "subway": null,
        "station": null,
        "surface": null,
        "name_zh": null,
        "admin_leve": 0,
        "boundary": null,
        "water": null,
        "place": null,
        "building_p": null,
        "min_height": 0,
        "min": 0,
        "name_zh_H1": null,
        "name_zh_Ha": null,
        "operator": null,
        "operator_t": null,
        "short_name": null,
        "short_nam1": null,
        "short_nam2": null,
        "wikidata": null,
        "wikipedia": null,
        "garden_typ": null,
        "access": null,
        "note": null,
        "female": null,
        "toilets_di": null,
        "male": null,
        "wheelchair": null,
        "alt_name": null,
        "old_name": null,
        "PERIMETER": null,
        "ENCLOSED_A": null
      },
      "geometry": {
        "type": "MultiPolygon",
        "coordinates": [
          [
            [
              [
                114.36246447981573,
                30.536873764010892
              ],
              [
                114.36277150496339,
                30.537150308306202
              ],
              [
                114.36288303891435,
                30.53705846551098
              ],
              [
                114.36257600525302,
                30.53678205333263
              ],
              [
                114.36246447981573,
                30.536873764010892
              ]
            ]
          ]
        ]
      }
    },
    {
      "type": "Feature",
      "properties": {
        "GM_LAYER": "building",
        "GM_TYPE": "Misc. Manmade Structure",
        "ELEVATION": 0,
        "visible": "true",
        "version": 1,
        "changeset": 7581442,
        "timestamp": "2011-03-17T02:14:46Z",
        "user": "GeoSUN",
        "uid": 414582,
        "covered": null,
        "leisure": null,
        "name": null,
        "sport": null,
        "id": 104451000.0,
        "building": "yes",
        "building_l": 0,
        "height": null,
        "shop": null,
        "landuse": null,
        "addr_city": null,
        "addr_house": null,
        "addr_postc": 0,
        "addr_stree": null,
        "name_en": null,
        "website": null,
        "amenity": null,
        "addr_distr": null,
        "addr_hous1": null,
        "addr_provi": null,
        "int_name": null,
        "natural": null,
        "descriptio": null,
        "cuisine": null,
        "fast_food": null,
        "level": 0,
        "opening_h9": null,
        "designatio": null,
        "layer": 0,
        "area": null,
        "location": null,
        "public_tra": null,
        "railway": null,
        "subway": null,
        "station": null,
        "surface": null,
        "name_zh": null,
        "admin_leve": 0,
        "boundary": null,
        "water": null,
        "place": null,
        "building_p": null,
        "min_height": 0,
        "min": 0,
        "name_zh_H1": null,
        "name_zh_Ha": null,
        "operator": null,
        "operator_t": null,
        "short_name": null,
        "short_nam1": null,
        "short_nam2": null,
        "wikidata": null,
        "wikipedia": null,
        "garden_typ": null,
        "access": null,
        "note": null,
        "female": null,
        "toilets_di": null,
        "male": null,
        "wheelchair": null,
        "alt_name": null,
        "old_name": null,
        "PERIMETER": null,
        "ENCLOSED_A": null
      },
      "geometry": {
        "type": "MultiPolygon",
        "coordinates": [
          [
            [
              [
                114.36176508162939,
                30.537535109356845
              ],
              [
                114.36189906594058,
                30.53772543172649
              ],
              [
                114.36200651197206,
                30.537592052864436
              ],
              [
                114.3619046846798,
                30.537462040901875
              ],
              [
                114.36176508162939,
                30.537535109356845
              ]
            ]
          ]
        ]
      }
    },
    {
      "type": "Feature",
      "properties": {
        "GM_LAYER": "building",
        "GM_TYPE": "Misc. Manmade Structure",
        "ELEVATION": 0,
        "visible": "true",
        "version": 1,
        "changeset": 7581442,
        "timestamp": "2011-03-17T02:14:47Z",
        "user": "GeoSUN",
        "uid": 414582,
        "covered": null,
        "leisure": null,
        "name": null,
        "sport": null,
        "id": 104451000.0,
        "building": "yes",
        "building_l": 0,
        "height": null,
        "shop": null,
        "landuse": null,
        "addr_city": null,
        "addr_house": null,
        "addr_postc": 0,
        "addr_stree": null,
        "name_en": null,
        "website": null,
        "amenity": null,
        "addr_distr": null,
        "addr_hous1": null,
        "addr_provi": null,
        "int_name": null,
        "natural": null,
        "descriptio": null,
        "cuisine": null,
        "fast_food": null,
        "level": 0,
        "opening_h9": null,
        "designatio": null,
        "layer": 0,
        "area": null,
        "location": null,
        "public_tra": null,
        "railway": null,
        "subway": null,
        "station": null,
        "surface": null,
        "name_zh": null,
        "admin_leve": 0,
        "boundary": null,
        "water": null,
        "place": null,
        "building_p": null,
        "min_height": 0,
        "min": 0,
        "name_zh_H1": null,
        "name_zh_Ha": null,
        "operator": null,
        "operator_t": null,
        "short_name": null,
        "short_nam1": null,
        "short_nam2": null,
        "wikidata": null,
        "wikipedia": null,
        "garden_typ": null,
        "access": null,
        "note": null,
        "female": null,
        "toilets_di": null,
        "male": null,
        "wheelchair": null,
        "alt_name": null,
        "old_name": null,
        "PERIMETER": null,
        "ENCLOSED_A": null
      },
      "geometry": {
        "type": "MultiPolygon",
        "coordinates": [
          [
            [
              [
                114.3625981791801,
                30.537686255179526
              ],
              [
                114.36266926625507,
                30.537622822982836
              ],
              [
                114.36269650002316,
                30.537598362609735
              ],
              [
                114.36250453844661,
                30.53743913318367
              ],
              [
                114.36244977341262,
                30.537488141814215
              ],
              [
                114.36257094659317,
                30.537588701915087
              ],
              [
                114.36252749416109,
                30.537627573652856
              ],
              [
                114.3625981791801,
                30.537686255179526
              ]
            ]
          ]
        ]
      }
    },
    {
      "type": "Feature",
      "properties": {
        "GM_LAYER": "building",
        "GM_TYPE": "Misc. Manmade Structure",
        "ELEVATION": 0,
        "visible": "true",
        "version": 1,
        "changeset": 7581442,
        "timestamp": "2011-03-17T02:14:47Z",
        "user": "GeoSUN",
        "uid": 414582,
        "covered": null,
        "leisure": null,
        "name": null,
        "sport": null,
        "id": 104451000.0,
        "building": "yes",
        "building_l": 0,
        "height": null,
        "shop": null,
        "landuse": null,
        "addr_city": null,
        "addr_house": null,
        "addr_postc": 0,
        "addr_stree": null,
        "name_en": null,
        "website": null,
        "amenity": null,
        "addr_distr": null,
        "addr_hous1": null,
        "addr_provi": null,
        "int_name": null,
        "natural": null,
        "descriptio": null,
        "cuisine": null,
        "fast_food": null,
        "level": 0,
        "opening_h9": null,
        "designatio": null,
        "layer": 0,
        "area": null,
        "location": null,
        "public_tra": null,
        "railway": null,
        "subway": null,
        "station": null,
        "surface": null,
        "name_zh": null,
        "admin_leve": 0,
        "boundary": null,
        "water": null,
        "place": null,
        "building_p": null,
        "min_height": 0,
        "min": 0,
        "name_zh_H1": null,
        "name_zh_Ha": null,
        "operator": null,
        "operator_t": null,
        "short_name": null,
        "short_nam1": null,
        "short_nam2": null,
        "wikidata": null,
        "wikipedia": null,
        "garden_typ": null,
        "access": null,
        "note": null,
        "female": null,
        "toilets_di": null,
        "male": null,
        "wheelchair": null,
        "alt_name": null,
        "old_name": null,
        "PERIMETER": null,
        "ENCLOSED_A": null
      },
      "geometry": {
        "type": "MultiPolygon",
        "coordinates": [
          [
            [
              [
                114.36311535020356,
                30.536837485432958
              ],
              [
                114.36332793343568,
                30.5366493666582
              ],
              [
                114.36322283697281,
                30.536561469570604
              ],
              [
                114.36301035940518,
                30.536749467780925
              ],
              [
                114.36311535020356,
                30.536837485432958
              ]
            ]
          ]
        ]
      }
    },
    {
      "type": "Feature",
      "properties": {
        "GM_LAYER": "building",
        "GM_TYPE": "Misc. Manmade Structure",
        "ELEVATION": 0,
        "visible": "true",
        "version": 1,
        "changeset": 7581442,
        "timestamp": "2011-03-17T02:14:47Z",
        "user": "GeoSUN",
        "uid": 414582,
        "covered": null,
        "leisure": null,
        "name": null,
        "sport": null,
        "id": 104451000.0,
        "building": "yes",
        "building_l": 0,
        "height": null,
        "shop": null,
        "landuse": null,
        "addr_city": null,
        "addr_house": null,
        "addr_postc": 0,
        "addr_stree": null,
        "name_en": null,
        "website": null,
        "amenity": null,
        "addr_distr": null,
        "addr_hous1": null,
        "addr_provi": null,
        "int_name": null,
        "natural": null,
        "descriptio": null,
        "cuisine": null,
        "fast_food": null,
        "level": 0,
        "opening_h9": null,
        "designatio": null,
        "layer": 0,
        "area": null,
        "location": null,
        "public_tra": null,
        "railway": null,
        "subway": null,
        "station": null,
        "surface": null,
        "name_zh": null,
        "admin_leve": 0,
        "boundary": null,
        "water": null,
        "place": null,
        "building_p": null,
        "min_height": 0,
        "min": 0,
        "name_zh_H1": null,
        "name_zh_Ha": null,
        "operator": null,
        "operator_t": null,
        "short_name": null,
        "short_nam1": null,
        "short_nam2": null,
        "wikidata": null,
        "wikipedia": null,
        "garden_typ": null,
        "access": null,
        "note": null,
        "female": null,
        "toilets_di": null,
        "male": null,
        "wheelchair": null,
        "alt_name": null,
        "old_name": null,
        "PERIMETER": null,
        "ENCLOSED_A": null
      },
      "geometry": {
        "type": "MultiPolygon",
        "coordinates": [
          [
            [
              [
                114.36366579322882,
                30.536613863044195
              ],
              [
                114.3636739894237,
                30.5365006871975
              ],
              [
                114.36326861558787,
                30.536498877651837
              ],
              [
                114.36326856398887,
                30.53656358366486
              ],
              [
                114.36333296441856,
                30.53661468645681
              ],
              [
                114.36366579322882,
                30.536613863044195
              ]
            ]
          ]
        ]
      }
    },
    {
      "type": "Feature",
      "properties": {
        "GM_LAYER": "building",
        "GM_TYPE": "Misc. Manmade Structure",
        "ELEVATION": 0,
        "visible": "true",
        "version": 1,
        "changeset": 7581442,
        "timestamp": "2011-03-17T02:14:47Z",
        "user": "GeoSUN",
        "uid": 414582,
        "covered": null,
        "leisure": null,
        "name": null,
        "sport": null,
        "id": 104451000.0,
        "building": "yes",
        "building_l": 0,
        "height": null,
        "shop": null,
        "landuse": null,
        "addr_city": null,
        "addr_house": null,
        "addr_postc": 0,
        "addr_stree": null,
        "name_en": null,
        "website": null,
        "amenity": null,
        "addr_distr": null,
        "addr_hous1": null,
        "addr_provi": null,
        "int_name": null,
        "natural": null,
        "descriptio": null,
        "cuisine": null,
        "fast_food": null,
        "level": 0,
        "opening_h9": null,
        "designatio": null,
        "layer": 0,
        "area": null,
        "location": null,
        "public_tra": null,
        "railway": null,
        "subway": null,
        "station": null,
        "surface": null,
        "name_zh": null,
        "admin_leve": 0,
        "boundary": null,
        "water": null,
        "place": null,
        "building_p": null,
        "min_height": 0,
        "min": 0,
        "name_zh_H1": null,
        "name_zh_Ha": null,
        "operator": null,
        "operator_t": null,
        "short_name": null,
        "short_nam1": null,
        "short_nam2": null,
        "wikidata": null,
        "wikipedia": null,
        "garden_typ": null,
        "access": null,
        "note": null,
        "female": null,
        "toilets_di": null,
        "male": null,
        "wheelchair": null,
        "alt_name": null,
        "old_name": null,
        "PERIMETER": null,
        "ENCLOSED_A": null
      },
      "geometry": {
        "type": "MultiPolygon",
        "coordinates": [
          [
            [
              [
                114.36253804395095,
                30.537206591232163
              ],
              [
                114.36261352825771,
                30.537147086499175
              ],
              [
                114.36243098282253,
                30.536975391752378
              ],
              [
                114.36235550190204,
                30.537034883590266
              ],
              [
                114.36253804395095,
                30.537206591232163
              ]
            ]
          ]
        ]
      }
    },
    {
      "type": "Feature",
      "properties": {
        "GM_LAYER": "building",
        "GM_TYPE": "Misc. Manmade Structure",
        "ELEVATION": 0,
        "visible": "true",
        "version": 1,
        "changeset": 7581442,
        "timestamp": "2011-03-17T02:14:47Z",
        "user": "GeoSUN",
        "uid": 414582,
        "covered": null,
        "leisure": null,
        "name": null,
        "sport": null,
        "id": 104451000.0,
        "building": "yes",
        "building_l": 0,
        "height": null,
        "shop": null,
        "landuse": null,
        "addr_city": null,
        "addr_house": null,
        "addr_postc": 0,
        "addr_stree": null,
        "name_en": null,
        "website": null,
        "amenity": null,
        "addr_distr": null,
        "addr_hous1": null,
        "addr_provi": null,
        "int_name": null,
        "natural": null,
        "descriptio": null,
        "cuisine": null,
        "fast_food": null,
        "level": 0,
        "opening_h9": null,
        "designatio": null,
        "layer": 0,
        "area": null,
        "location": null,
        "public_tra": null,
        "railway": null,
        "subway": null,
        "station": null,
        "surface": null,
        "name_zh": null,
        "admin_leve": 0,
        "boundary": null,
        "water": null,
        "place": null,
        "building_p": null,
        "min_height": 0,
        "min": 0,
        "name_zh_H1": null,
        "name_zh_Ha": null,
        "operator": null,
        "operator_t": null,
        "short_name": null,
        "short_nam1": null,
        "short_nam2": null,
        "wikidata": null,
        "wikipedia": null,
        "garden_typ": null,
        "access": null,
        "note": null,
        "female": null,
        "toilets_di": null,
        "male": null,
        "wheelchair": null,
        "alt_name": null,
        "old_name": null,
        "PERIMETER": null,
        "ENCLOSED_A": null
      },
      "geometry": {
        "type": "MultiPolygon",
        "coordinates": [
          [
            [
              [
                114.36252727409368,
                30.5374084523595
              ],
              [
                114.36276426170217,
                30.537198875692432
              ],
              [
                114.36268317572295,
                30.537130850057487
              ],
              [
                114.36244629287789,
                30.537340409262708
              ],
              [
                114.36252727409368,
                30.5374084523595
              ]
            ]
          ]
        ]
      }
    },
    {
      "type": "Feature",
      "properties": {
        "GM_LAYER": "building",
        "GM_TYPE": "Misc. Manmade Structure",
        "ELEVATION": 0,
        "visible": "true",
        "version": 1,
        "changeset": 7581442,
        "timestamp": "2011-03-17T02:14:48Z",
        "user": "GeoSUN",
        "uid": 414582,
        "covered": null,
        "leisure": null,
        "name": null,
        "sport": null,
        "id": 104451000.0,
        "building": "yes",
        "building_l": 0,
        "height": null,
        "shop": null,
        "landuse": null,
        "addr_city": null,
        "addr_house": null,
        "addr_postc": 0,
        "addr_stree": null,
        "name_en": null,
        "website": null,
        "amenity": null,
        "addr_distr": null,
        "addr_hous1": null,
        "addr_provi": null,
        "int_name": null,
        "natural": null,
        "descriptio": null,
        "cuisine": null,
        "fast_food": null,
        "level": 0,
        "opening_h9": null,
        "designatio": null,
        "layer": 0,
        "area": null,
        "location": null,
        "public_tra": null,
        "railway": null,
        "subway": null,
        "station": null,
        "surface": null,
        "name_zh": null,
        "admin_leve": 0,
        "boundary": null,
        "water": null,
        "place": null,
        "building_p": null,
        "min_height": 0,
        "min": 0,
        "name_zh_H1": null,
        "name_zh_Ha": null,
        "operator": null,
        "operator_t": null,
        "short_name": null,
        "short_nam1": null,
        "short_nam2": null,
        "wikidata": null,
        "wikipedia": null,
        "garden_typ": null,
        "access": null,
        "note": null,
        "female": null,
        "toilets_di": null,
        "male": null,
        "wheelchair": null,
        "alt_name": null,
        "old_name": null,
        "PERIMETER": null,
        "ENCLOSED_A": null
      },
      "geometry": {
        "type": "MultiPolygon",
        "coordinates": [
          [
            [
              [
                114.362325788813,
                30.537281542388033
              ],
              [
                114.36245671512722,
                30.53719625239281
              ],
              [
                114.3623919462681,
                30.53712279233547
              ],
              [
                114.36226102195299,
                30.537208174412097
              ],
              [
                114.362325788813,
                30.537281542388033
              ]
            ]
          ]
        ]
      }
    },
    {
      "type": "Feature",
      "properties": {
        "GM_LAYER": "building",
        "GM_TYPE": "Misc. Manmade Structure",
        "ELEVATION": 0,
        "visible": "true",
        "version": 1,
        "changeset": 7581442,
        "timestamp": "2011-03-17T02:14:48Z",
        "user": "GeoSUN",
        "uid": 414582,
        "covered": null,
        "leisure": null,
        "name": null,
        "sport": null,
        "id": 104451000.0,
        "building": "yes",
        "building_l": 0,
        "height": null,
        "shop": null,
        "landuse": null,
        "addr_city": null,
        "addr_house": null,
        "addr_postc": 0,
        "addr_stree": null,
        "name_en": null,
        "website": null,
        "amenity": null,
        "addr_distr": null,
        "addr_hous1": null,
        "addr_provi": null,
        "int_name": null,
        "natural": null,
        "descriptio": null,
        "cuisine": null,
        "fast_food": null,
        "level": 0,
        "opening_h9": null,
        "designatio": null,
        "layer": 0,
        "area": null,
        "location": null,
        "public_tra": null,
        "railway": null,
        "subway": null,
        "station": null,
        "surface": null,
        "name_zh": null,
        "admin_leve": 0,
        "boundary": null,
        "water": null,
        "place": null,
        "building_p": null,
        "min_height": 0,
        "min": 0,
        "name_zh_H1": null,
        "name_zh_Ha": null,
        "operator": null,
        "operator_t": null,
        "short_name": null,
        "short_nam1": null,
        "short_nam2": null,
        "wikidata": null,
        "wikipedia": null,
        "garden_typ": null,
        "access": null,
        "note": null,
        "female": null,
        "toilets_di": null,
        "male": null,
        "wheelchair": null,
        "alt_name": null,
        "old_name": null,
        "PERIMETER": null,
        "ENCLOSED_A": null
      },
      "geometry": {
        "type": "MultiPolygon",
        "coordinates": [
          [
            [
              [
                114.36223761746173,
                30.537202142381023
              ],
              [
                114.36235723644988,
                30.53711650085591
              ],
              [
                114.36226187665876,
                30.537018061299364
              ],
              [
                114.3621423605058,
                30.53710369274843
              ],
              [
                114.36223761746173,
                30.537202142381023
              ]
            ]
          ]
        ]
      }
    },
    {
      "type": "Feature",
      "properties": {
        "GM_LAYER": "building",
        "GM_TYPE": "Misc. Manmade Structure",
        "ELEVATION": 0,
        "visible": "true",
        "version": 1,
        "changeset": 7581442,
        "timestamp": "2011-03-17T02:14:48Z",
        "user": "GeoSUN",
        "uid": 414582,
        "covered": null,
        "leisure": null,
        "name": null,
        "sport": null,
        "id": 104451000.0,
        "building": "yes",
        "building_l": 0,
        "height": null,
        "shop": null,
        "landuse": null,
        "addr_city": null,
        "addr_house": null,
        "addr_postc": 0,
        "addr_stree": null,
        "name_en": null,
        "website": null,
        "amenity": null,
        "addr_distr": null,
        "addr_hous1": null,
        "addr_provi": null,
        "int_name": null,
        "natural": null,
        "descriptio": null,
        "cuisine": null,
        "fast_food": null,
        "level": 0,
        "opening_h9": null,
        "designatio": null,
        "layer": 0,
        "area": null,
        "location": null,
        "public_tra": null,
        "railway": null,
        "subway": null,
        "station": null,
        "surface": null,
        "name_zh": null,
        "admin_leve": 0,
        "boundary": null,
        "water": null,
        "place": null,
        "building_p": null,
        "min_height": 0,
        "min": 0,
        "name_zh_H1": null,
        "name_zh_Ha": null,
        "operator": null,
        "operator_t": null,
        "short_name": null,
        "short_nam1": null,
        "short_nam2": null,
        "wikidata": null,
        "wikipedia": null,
        "garden_typ": null,
        "access": null,
        "note": null,
        "female": null,
        "toilets_di": null,
        "male": null,
        "wheelchair": null,
        "alt_name": null,
        "old_name": null,
        "PERIMETER": null,
        "ENCLOSED_A": null
      },
      "geometry": {
        "type": "MultiPolygon",
        "coordinates": [
          [
            [
              [
                114.36175349845351,
                30.53751053671318
              ],
              [
                114.36215230504716,
                30.537299267902522
              ],
              [
                114.36208665503395,
                30.53720798260854
              ],
              [
                114.36168785483532,
                30.53741922706351
              ],
              [
                114.36175349845351,
                30.53751053671318
              ]
            ]
          ]
        ]
      }
    },
    {
      "type": "Feature",
      "properties": {
        "GM_LAYER": "building",
        "GM_TYPE": "Misc. Manmade Structure",
        "ELEVATION": 0,
        "visible": "true",
        "version": 1,
        "changeset": 7581442,
        "timestamp": "2011-03-17T02:14:48Z",
        "user": "GeoSUN",
        "uid": 414582,
        "covered": null,
        "leisure": null,
        "name": null,
        "sport": null,
        "id": 104451000.0,
        "building": "yes",
        "building_l": 0,
        "height": null,
        "shop": null,
        "landuse": null,
        "addr_city": null,
        "addr_house": null,
        "addr_postc": 0,
        "addr_stree": null,
        "name_en": null,
        "website": null,
        "amenity": null,
        "addr_distr": null,
        "addr_hous1": null,
        "addr_provi": null,
        "int_name": null,
        "natural": null,
        "descriptio": null,
        "cuisine": null,
        "fast_food": null,
        "level": 0,
        "opening_h9": null,
        "designatio": null,
        "layer": 0,
        "area": null,
        "location": null,
        "public_tra": null,
        "railway": null,
        "subway": null,
        "station": null,
        "surface": null,
        "name_zh": null,
        "admin_leve": 0,
        "boundary": null,
        "water": null,
        "place": null,
        "building_p": null,
        "min_height": 0,
        "min": 0,
        "name_zh_H1": null,
        "name_zh_Ha": null,
        "operator": null,
        "operator_t": null,
        "short_name": null,
        "short_nam1": null,
        "short_nam2": null,
        "wikidata": null,
        "wikipedia": null,
        "garden_typ": null,
        "access": null,
        "note": null,
        "female": null,
        "toilets_di": null,
        "male": null,
        "wheelchair": null,
        "alt_name": null,
        "old_name": null,
        "PERIMETER": null,
        "ENCLOSED_A": null
      },
      "geometry": {
        "type": "MultiPolygon",
        "coordinates": [
          [
            [
              [
                114.36210593672877,
                30.53736160802796
              ],
              [
                114.36191809086542,
                30.537459820241242
              ],
              [
                114.36201092649462,
                30.537576277205925
              ],
              [
                114.36214050779934,
                30.5374127110446
              ],
              [
                114.36210593672877,
                30.53736160802796
              ]
            ]
          ]
        ]
      }
    },
    {
      "type": "Feature",
      "properties": {
        "GM_LAYER": "building",
        "GM_TYPE": "Misc. Manmade Structure",
        "ELEVATION": 0,
        "visible": "true",
        "version": 1,
        "changeset": 7581442,
        "timestamp": "2011-03-17T02:14:48Z",
        "user": "GeoSUN",
        "uid": 414582,
        "covered": null,
        "leisure": null,
        "name": null,
        "sport": null,
        "id": 104451000.0,
        "building": "yes",
        "building_l": 0,
        "height": null,
        "shop": null,
        "landuse": null,
        "addr_city": null,
        "addr_house": null,
        "addr_postc": 0,
        "addr_stree": null,
        "name_en": null,
        "website": null,
        "amenity": null,
        "addr_distr": null,
        "addr_hous1": null,
        "addr_provi": null,
        "int_name": null,
        "natural": null,
        "descriptio": null,
        "cuisine": null,
        "fast_food": null,
        "level": 0,
        "opening_h9": null,
        "designatio": null,
        "layer": 0,
        "area": null,
        "location": null,
        "public_tra": null,
        "railway": null,
        "subway": null,
        "station": null,
        "surface": null,
        "name_zh": null,
        "admin_leve": 0,
        "boundary": null,
        "water": null,
        "place": null,
        "building_p": null,
        "min_height": 0,
        "min": 0,
        "name_zh_H1": null,
        "name_zh_Ha": null,
        "operator": null,
        "operator_t": null,
        "short_name": null,
        "short_nam1": null,
        "short_nam2": null,
        "wikidata": null,
        "wikipedia": null,
        "garden_typ": null,
        "access": null,
        "note": null,
        "female": null,
        "toilets_di": null,
        "male": null,
        "wheelchair": null,
        "alt_name": null,
        "old_name": null,
        "PERIMETER": null,
        "ENCLOSED_A": null
      },
      "geometry": {
        "type": "MultiPolygon",
        "coordinates": [
          [
            [
              [
                114.3621551655598,
                30.53747100016383
              ],
              [
                114.36233035715568,
                30.537687905152413
              ],
              [
                114.3624364552477,
                30.53762458194058
              ],
              [
                114.36226125910419,
                30.53740769432185
              ],
              [
                114.3621551655598,
                30.53747100016383
              ]
            ]
          ]
        ]
      }
    },
    {
      "type": "Feature",
      "properties": {
        "GM_LAYER": "building",
        "GM_TYPE": "Misc. Manmade Structure",
        "ELEVATION": 0,
        "visible": "true",
        "version": 1,
        "changeset": 7581442,
        "timestamp": "2011-03-17T02:26:47Z",
        "user": "GeoSUN",
        "uid": 414582,
        "covered": null,
        "leisure": null,
        "name": null,
        "sport": null,
        "id": 104452000.0,
        "building": "yes",
        "building_l": 0,
        "height": null,
        "shop": null,
        "landuse": null,
        "addr_city": null,
        "addr_house": null,
        "addr_postc": 0,
        "addr_stree": null,
        "name_en": null,
        "website": null,
        "amenity": null,
        "addr_distr": null,
        "addr_hous1": null,
        "addr_provi": null,
        "int_name": null,
        "natural": null,
        "descriptio": null,
        "cuisine": null,
        "fast_food": null,
        "level": 0,
        "opening_h9": null,
        "designatio": null,
        "layer": 0,
        "area": null,
        "location": null,
        "public_tra": null,
        "railway": null,
        "subway": null,
        "station": null,
        "surface": null,
        "name_zh": null,
        "admin_leve": 0,
        "boundary": null,
        "water": null,
        "place": null,
        "building_p": null,
        "min_height": 0,
        "min": 0,
        "name_zh_H1": null,
        "name_zh_Ha": null,
        "operator": null,
        "operator_t": null,
        "short_name": null,
        "short_nam1": null,
        "short_nam2": null,
        "wikidata": null,
        "wikipedia": null,
        "garden_typ": null,
        "access": null,
        "note": null,
        "female": null,
        "toilets_di": null,
        "male": null,
        "wheelchair": null,
        "alt_name": null,
        "old_name": null,
        "PERIMETER": null,
        "ENCLOSED_A": null
      },
      "geometry": {
        "type": "MultiPolygon",
        "coordinates": [
          [
            [
              [
                114.36222060594952,
                30.53841515641229
              ],
              [
                114.36227147742544,
                30.538473247350236
              ],
              [
                114.36223664212224,
                30.538498454068897
              ],
              [
                114.36234913945984,
                30.538674696547606
              ],
              [
                114.36251829788935,
                30.53857620869946
              ],
              [
                114.36256655572464,
                30.538652773035317
              ],
              [
                114.36267926677559,
                30.538586360671886
              ],
              [
                114.36265249660931,
                30.538535316401042
              ],
              [
                114.36260415955637,
                30.5385512635544
              ],
              [
                114.36253450865537,
                30.538453884882948
              ],
              [
                114.36249156954891,
                30.538476756371956
              ],
              [
                114.36242451367582,
                30.538388585228294
              ],
              [
                114.36238427101888,
                30.53841836769052
              ],
              [
                114.36234140731382,
                30.538353425838856
              ],
              [
                114.36222060594952,
                30.53841515641229
              ]
            ]
          ]
        ]
      }
    },
    {
      "type": "Feature",
      "properties": {
        "GM_LAYER": "building",
        "GM_TYPE": "Misc. Manmade Structure",
        "ELEVATION": 0,
        "visible": "true",
        "version": 1,
        "changeset": 7581442,
        "timestamp": "2011-03-17T02:26:48Z",
        "user": "GeoSUN",
        "uid": 414582,
        "covered": null,
        "leisure": null,
        "name": null,
        "sport": null,
        "id": 104452000.0,
        "building": "yes",
        "building_l": 0,
        "height": null,
        "shop": null,
        "landuse": null,
        "addr_city": null,
        "addr_house": null,
        "addr_postc": 0,
        "addr_stree": null,
        "name_en": null,
        "website": null,
        "amenity": null,
        "addr_distr": null,
        "addr_hous1": null,
        "addr_provi": null,
        "int_name": null,
        "natural": null,
        "descriptio": null,
        "cuisine": null,
        "fast_food": null,
        "level": 0,
        "opening_h9": null,
        "designatio": null,
        "layer": 0,
        "area": null,
        "location": null,
        "public_tra": null,
        "railway": null,
        "subway": null,
        "station": null,
        "surface": null,
        "name_zh": null,
        "admin_leve": 0,
        "boundary": null,
        "water": null,
        "place": null,
        "building_p": null,
        "min_height": 0,
        "min": 0,
        "name_zh_H1": null,
        "name_zh_Ha": null,
        "operator": null,
        "operator_t": null,
        "short_name": null,
        "short_nam1": null,
        "short_nam2": null,
        "wikidata": null,
        "wikipedia": null,
        "garden_typ": null,
        "access": null,
        "note": null,
        "female": null,
        "toilets_di": null,
        "male": null,
        "wheelchair": null,
        "alt_name": null,
        "old_name": null,
        "PERIMETER": null,
        "ENCLOSED_A": null
      },
      "geometry": {
        "type": "MultiPolygon",
        "coordinates": [
          [
            [
              [
                114.36232227287877,
                30.53873985346693
              ],
              [
                114.3623591721833,
                30.538876669255274
              ],
              [
                114.36290992594841,
                30.538777654061022
              ],
              [
                114.36290996323498,
                30.53873375049228
              ],
              [
                114.36278116900155,
                30.538645291916772
              ],
              [
                114.36232227287877,
                30.53873985346693
              ]
            ]
          ]
        ]
      }
    },
    {
      "type": "Feature",
      "properties": {
        "GM_LAYER": "building",
        "GM_TYPE": "Misc. Manmade Structure",
        "ELEVATION": 0,
        "visible": "true",
        "version": 1,
        "changeset": 7581442,
        "timestamp": "2011-03-17T02:26:48Z",
        "user": "GeoSUN",
        "uid": 414582,
        "covered": null,
        "leisure": null,
        "name": null,
        "sport": null,
        "id": 104452000.0,
        "building": "yes",
        "building_l": 0,
        "height": null,
        "shop": null,
        "landuse": null,
        "addr_city": null,
        "addr_house": null,
        "addr_postc": 0,
        "addr_stree": null,
        "name_en": null,
        "website": null,
        "amenity": null,
        "addr_distr": null,
        "addr_hous1": null,
        "addr_provi": null,
        "int_name": null,
        "natural": null,
        "descriptio": null,
        "cuisine": null,
        "fast_food": null,
        "level": 0,
        "opening_h9": null,
        "designatio": null,
        "layer": 0,
        "area": null,
        "location": null,
        "public_tra": null,
        "railway": null,
        "subway": null,
        "station": null,
        "surface": null,
        "name_zh": null,
        "admin_leve": 0,
        "boundary": null,
        "water": null,
        "place": null,
        "building_p": null,
        "min_height": 0,
        "min": 0,
        "name_zh_H1": null,
        "name_zh_Ha": null,
        "operator": null,
        "operator_t": null,
        "short_name": null,
        "short_nam1": null,
        "short_nam2": null,
        "wikidata": null,
        "wikipedia": null,
        "garden_typ": null,
        "access": null,
        "note": null,
        "female": null,
        "toilets_di": null,
        "male": null,
        "wheelchair": null,
        "alt_name": null,
        "old_name": null,
        "PERIMETER": null,
        "ENCLOSED_A": null
      },
      "geometry": {
        "type": "MultiPolygon",
        "coordinates": [
          [
            [
              [
                114.36241850334534,
                30.53898760411698
              ],
              [
                114.36245600921893,
                30.539117219084435
              ],
              [
                114.36270027991488,
                30.539053809908474
              ],
              [
                114.36271636232814,
                30.539083895811913
              ],
              [
                114.36297936386624,
                30.539013618546036
              ],
              [
                114.36300086022993,
                30.539032225823078
              ],
              [
                114.36303569204367,
                30.539018495023235
              ],
              [
                114.3630678830326,
                30.53905105418508
              ],
              [
                114.36312167787995,
                30.538977407188167
              ],
              [
                114.36300096472245,
                30.538909815990174
              ],
              [
                114.36241850334534,
                30.53898760411698
              ]
            ]
          ]
        ]
      }
    },
    {
      "type": "Feature",
      "properties": {
        "GM_LAYER": "building",
        "GM_TYPE": "Misc. Manmade Structure",
        "ELEVATION": 0,
        "visible": "true",
        "version": 1,
        "changeset": 7581442,
        "timestamp": "2011-03-17T02:52:21Z",
        "user": "GeoSUN",
        "uid": 414582,
        "covered": null,
        "leisure": null,
        "name": null,
        "sport": null,
        "id": 104453000.0,
        "building": "yes",
        "building_l": 0,
        "height": null,
        "shop": null,
        "landuse": null,
        "addr_city": null,
        "addr_house": null,
        "addr_postc": 0,
        "addr_stree": null,
        "name_en": null,
        "website": null,
        "amenity": null,
        "addr_distr": null,
        "addr_hous1": null,
        "addr_provi": null,
        "int_name": null,
        "natural": null,
        "descriptio": null,
        "cuisine": null,
        "fast_food": null,
        "level": 0,
        "opening_h9": null,
        "designatio": null,
        "layer": 0,
        "area": null,
        "location": null,
        "public_tra": null,
        "railway": null,
        "subway": null,
        "station": null,
        "surface": null,
        "name_zh": null,
        "admin_leve": 0,
        "boundary": null,
        "water": null,
        "place": null,
        "building_p": null,
        "min_height": 0,
        "min": 0,
        "name_zh_H1": null,
        "name_zh_Ha": null,
        "operator": null,
        "operator_t": null,
        "short_name": null,
        "short_nam1": null,
        "short_nam2": null,
        "wikidata": null,
        "wikipedia": null,
        "garden_typ": null,
        "access": null,
        "note": null,
        "female": null,
        "toilets_di": null,
        "male": null,
        "wheelchair": null,
        "alt_name": null,
        "old_name": null,
        "PERIMETER": null,
        "ENCLOSED_A": null
      },
      "geometry": {
        "type": "MultiPolygon",
        "coordinates": [
          [
            [
              [
                114.37024162018463,
                30.5366755989948
              ],
              [
                114.37026732661937,
                30.53673865269423
              ],
              [
                114.37057429122845,
                30.53664577589634
              ],
              [
                114.3705485829862,
                30.53658262959642
              ],
              [
                114.37024162018463,
                30.5366755989948
              ]
            ]
          ]
        ]
      }
    },
    {
      "type": "Feature",
      "properties": {
        "GM_LAYER": "building",
        "GM_TYPE": "Misc. Manmade Structure",
        "ELEVATION": 0,
        "visible": "true",
        "version": 1,
        "changeset": 7581442,
        "timestamp": "2011-03-17T02:52:21Z",
        "user": "GeoSUN",
        "uid": 414582,
        "covered": null,
        "leisure": null,
        "name": null,
        "sport": null,
        "id": 104453000.0,
        "building": "yes",
        "building_l": 0,
        "height": null,
        "shop": null,
        "landuse": null,
        "addr_city": null,
        "addr_house": null,
        "addr_postc": 0,
        "addr_stree": null,
        "name_en": null,
        "website": null,
        "amenity": null,
        "addr_distr": null,
        "addr_hous1": null,
        "addr_provi": null,
        "int_name": null,
        "natural": null,
        "descriptio": null,
        "cuisine": null,
        "fast_food": null,
        "level": 0,
        "opening_h9": null,
        "designatio": null,
        "layer": 0,
        "area": null,
        "location": null,
        "public_tra": null,
        "railway": null,
        "subway": null,
        "station": null,
        "surface": null,
        "name_zh": null,
        "admin_leve": 0,
        "boundary": null,
        "water": null,
        "place": null,
        "building_p": null,
        "min_height": 0,
        "min": 0,
        "name_zh_H1": null,
        "name_zh_Ha": null,
        "operator": null,
        "operator_t": null,
        "short_name": null,
        "short_nam1": null,
        "short_nam2": null,
        "wikidata": null,
        "wikipedia": null,
        "garden_typ": null,
        "access": null,
        "note": null,
        "female": null,
        "toilets_di": null,
        "male": null,
        "wheelchair": null,
        "alt_name": null,
        "old_name": null,
        "PERIMETER": null,
        "ENCLOSED_A": null
      },
      "geometry": {
        "type": "MultiPolygon",
        "coordinates": [
          [
            [
              [
                114.3709666931608,
                30.536153847829755
              ],
              [
                114.37120165278776,
                30.53615719050664
              ],
              [
                114.3712037249462,
                30.536071576557376
              ],
              [
                114.37096876520832,
                30.536068234316588
              ],
              [
                114.3709666931608,
                30.536153847829755
              ]
            ]
          ]
        ]
      }
    },
    {
      "type": "Feature",
      "properties": {
        "GM_LAYER": "building",
        "GM_TYPE": "Misc. Manmade Structure",
        "ELEVATION": 0,
        "visible": "true",
        "version": 1,
        "changeset": 7581442,
        "timestamp": "2011-03-17T02:52:21Z",
        "user": "GeoSUN",
        "uid": 414582,
        "covered": null,
        "leisure": null,
        "name": null,
        "sport": null,
        "id": 104453000.0,
        "building": "yes",
        "building_l": 0,
        "height": null,
        "shop": null,
        "landuse": null,
        "addr_city": null,
        "addr_house": null,
        "addr_postc": 0,
        "addr_stree": null,
        "name_en": null,
        "website": null,
        "amenity": null,
        "addr_distr": null,
        "addr_hous1": null,
        "addr_provi": null,
        "int_name": null,
        "natural": null,
        "descriptio": null,
        "cuisine": null,
        "fast_food": null,
        "level": 0,
        "opening_h9": null,
        "designatio": null,
        "layer": 0,
        "area": null,
        "location": null,
        "public_tra": null,
        "railway": null,
        "subway": null,
        "station": null,
        "surface": null,
        "name_zh": null,
        "admin_leve": 0,
        "boundary": null,
        "water": null,
        "place": null,
        "building_p": null,
        "min_height": 0,
        "min": 0,
        "name_zh_H1": null,
        "name_zh_Ha": null,
        "operator": null,
        "operator_t": null,
        "short_name": null,
        "short_nam1": null,
        "short_nam2": null,
        "wikidata": null,
        "wikipedia": null,
        "garden_typ": null,
        "access": null,
        "note": null,
        "female": null,
        "toilets_di": null,
        "male": null,
        "wheelchair": null,
        "alt_name": null,
        "old_name": null,
        "PERIMETER": null,
        "ENCLOSED_A": null
      },
      "geometry": {
        "type": "MultiPolygon",
        "coordinates": [
          [
            [
              [
                114.3703720617707,
                30.534799649353648
              ],
              [
                114.37035816383968,
                30.534888987957924
              ],
              [
                114.37080945677783,
                30.534939541846136
              ],
              [
                114.37082335613867,
                30.534850297422924
              ],
              [
                114.3703720617707,
                30.534799649353648
              ]
            ]
          ]
        ]
      }
    },
    {
      "type": "Feature",
      "properties": {
        "GM_LAYER": "building",
        "GM_TYPE": "Misc. Manmade Structure",
        "ELEVATION": 0,
        "visible": "true",
        "version": 1,
        "changeset": 7581442,
        "timestamp": "2011-03-17T02:52:22Z",
        "user": "GeoSUN",
        "uid": 414582,
        "covered": null,
        "leisure": null,
        "name": null,
        "sport": null,
        "id": 104453000.0,
        "building": "yes",
        "building_l": 0,
        "height": null,
        "shop": null,
        "landuse": null,
        "addr_city": null,
        "addr_house": null,
        "addr_postc": 0,
        "addr_stree": null,
        "name_en": null,
        "website": null,
        "amenity": null,
        "addr_distr": null,
        "addr_hous1": null,
        "addr_provi": null,
        "int_name": null,
        "natural": null,
        "descriptio": null,
        "cuisine": null,
        "fast_food": null,
        "level": 0,
        "opening_h9": null,
        "designatio": null,
        "layer": 0,
        "area": null,
        "location": null,
        "public_tra": null,
        "railway": null,
        "subway": null,
        "station": null,
        "surface": null,
        "name_zh": null,
        "admin_leve": 0,
        "boundary": null,
        "water": null,
        "place": null,
        "building_p": null,
        "min_height": 0,
        "min": 0,
        "name_zh_H1": null,
        "name_zh_Ha": null,
        "operator": null,
        "operator_t": null,
        "short_name": null,
        "short_nam1": null,
        "short_nam2": null,
        "wikidata": null,
        "wikipedia": null,
        "garden_typ": null,
        "access": null,
        "note": null,
        "female": null,
        "toilets_di": null,
        "male": null,
        "wheelchair": null,
        "alt_name": null,
        "old_name": null,
        "PERIMETER": null,
        "ENCLOSED_A": null
      },
      "geometry": {
        "type": "MultiPolygon",
        "coordinates": [
          [
            [
              [
                114.37109835804401,
                30.53634260297872
              ],
              [
                114.37131217982663,
                30.53633687980443
              ],
              [
                114.37131012667349,
                30.536271179991562
              ],
              [
                114.37109630499779,
                30.536276902746874
              ],
              [
                114.37109835804401,
                30.53634260297872
              ]
            ]
          ]
        ]
      }
    },
    {
      "type": "Feature",
      "properties": {
        "GM_LAYER": "building",
        "GM_TYPE": "Misc. Manmade Structure",
        "ELEVATION": 0,
        "visible": "true",
        "version": 3,
        "changeset": 14857026,
        "timestamp": "2013-01-31T09:36:01Z",
        "user": "kun3721",
        "uid": 1195808,
        "covered": null,
        "leisure": null,
        "name": "丰颐大酒店",
        "sport": null,
        "id": 104453000.0,
        "building": "yes",
        "building_l": 0,
        "height": null,
        "shop": null,
        "landuse": null,
        "addr_city": null,
        "addr_house": null,
        "addr_postc": 0,
        "addr_stree": null,
        "name_en": null,
        "website": null,
        "amenity": null,
        "addr_distr": null,
        "addr_hous1": null,
        "addr_provi": null,
        "int_name": null,
        "natural": null,
        "descriptio": null,
        "cuisine": null,
        "fast_food": null,
        "level": 0,
        "opening_h9": null,
        "designatio": null,
        "layer": 0,
        "area": null,
        "location": null,
        "public_tra": null,
        "railway": null,
        "subway": null,
        "station": null,
        "surface": null,
        "name_zh": null,
        "admin_leve": 0,
        "boundary": null,
        "water": null,
        "place": null,
        "building_p": null,
        "min_height": 0,
        "min": 0,
        "name_zh_H1": null,
        "name_zh_Ha": null,
        "operator": null,
        "operator_t": null,
        "short_name": null,
        "short_nam1": null,
        "short_nam2": null,
        "wikidata": null,
        "wikipedia": null,
        "garden_typ": null,
        "access": null,
        "note": null,
        "female": null,
        "toilets_di": null,
        "male": null,
        "wheelchair": null,
        "alt_name": null,
        "old_name": null,
        "PERIMETER": null,
        "ENCLOSED_A": null
      },
      "geometry": {
        "type": "MultiPolygon",
        "coordinates": [
          [
            [
              [
                114.37174418509619,
                30.53587149724231
              ],
              [
                114.37168516099169,
                30.53588365014691
              ],
              [
                114.37175893747501,
                30.536152524841004
              ],
              [
                114.371875609491,
                30.536128786307682
              ],
              [
                114.37174418509619,
                30.53587149724231
              ]
            ]
          ]
        ]
      }
    },
    {
      "type": "Feature",
      "properties": {
        "GM_LAYER": "building",
        "GM_TYPE": "Misc. Manmade Structure",
        "ELEVATION": 0,
        "visible": "true",
        "version": 1,
        "changeset": 7581442,
        "timestamp": "2011-03-17T02:52:22Z",
        "user": "GeoSUN",
        "uid": 414582,
        "covered": null,
        "leisure": null,
        "name": null,
        "sport": null,
        "id": 104453000.0,
        "building": "yes",
        "building_l": 0,
        "height": null,
        "shop": null,
        "landuse": null,
        "addr_city": null,
        "addr_house": null,
        "addr_postc": 0,
        "addr_stree": null,
        "name_en": null,
        "website": null,
        "amenity": null,
        "addr_distr": null,
        "addr_hous1": null,
        "addr_provi": null,
        "int_name": null,
        "natural": null,
        "descriptio": null,
        "cuisine": null,
        "fast_food": null,
        "level": 0,
        "opening_h9": null,
        "designatio": null,
        "layer": 0,
        "area": null,
        "location": null,
        "public_tra": null,
        "railway": null,
        "subway": null,
        "station": null,
        "surface": null,
        "name_zh": null,
        "admin_leve": 0,
        "boundary": null,
        "water": null,
        "place": null,
        "building_p": null,
        "min_height": 0,
        "min": 0,
        "name_zh_H1": null,
        "name_zh_Ha": null,
        "operator": null,
        "operator_t": null,
        "short_name": null,
        "short_nam1": null,
        "short_nam2": null,
        "wikidata": null,
        "wikipedia": null,
        "garden_typ": null,
        "access": null,
        "note": null,
        "female": null,
        "toilets_di": null,
        "male": null,
        "wheelchair": null,
        "alt_name": null,
        "old_name": null,
        "PERIMETER": null,
        "ENCLOSED_A": null
      },
      "geometry": {
        "type": "MultiPolygon",
        "coordinates": [
          [
            [
              [
                114.37072989555209,
                30.536461686623582
              ],
              [
                114.37087844295885,
                30.536460509596065
              ],
              [
                114.37087809692086,
                30.536391404219827
              ],
              [
                114.37072944937587,
                30.536392481428962
              ],
              [
                114.37072989555209,
                30.536461686623582
              ]
            ]
          ]
        ]
      }
    },
    {
      "type": "Feature",
      "properties": {
        "GM_LAYER": "building",
        "GM_TYPE": "Misc. Manmade Structure",
        "ELEVATION": 0,
        "visible": "true",
        "version": 1,
        "changeset": 7581442,
        "timestamp": "2011-03-17T02:52:22Z",
        "user": "GeoSUN",
        "uid": 414582,
        "covered": null,
        "leisure": null,
        "name": null,
        "sport": null,
        "id": 104453000.0,
        "building": "yes",
        "building_l": 0,
        "height": null,
        "shop": null,
        "landuse": null,
        "addr_city": null,
        "addr_house": null,
        "addr_postc": 0,
        "addr_stree": null,
        "name_en": null,
        "website": null,
        "amenity": null,
        "addr_distr": null,
        "addr_hous1": null,
        "addr_provi": null,
        "int_name": null,
        "natural": null,
        "descriptio": null,
        "cuisine": null,
        "fast_food": null,
        "level": 0,
        "opening_h9": null,
        "designatio": null,
        "layer": 0,
        "area": null,
        "location": null,
        "public_tra": null,
        "railway": null,
        "subway": null,
        "station": null,
        "surface": null,
        "name_zh": null,
        "admin_leve": 0,
        "boundary": null,
        "water": null,
        "place": null,
        "building_p": null,
        "min_height": 0,
        "min": 0,
        "name_zh_H1": null,
        "name_zh_Ha": null,
        "operator": null,
        "operator_t": null,
        "short_name": null,
        "short_nam1": null,
        "short_nam2": null,
        "wikidata": null,
        "wikipedia": null,
        "garden_typ": null,
        "access": null,
        "note": null,
        "female": null,
        "toilets_di": null,
        "male": null,
        "wheelchair": null,
        "alt_name": null,
        "old_name": null,
        "PERIMETER": null,
        "ENCLOSED_A": null
      },
      "geometry": {
        "type": "MultiPolygon",
        "coordinates": [
          [
            [
              [
                114.37052510259099,
                30.53507163977599
              ],
              [
                114.37051360756713,
                30.535162774943963
              ],
              [
                114.37090488524761,
                30.53519812087546
              ],
              [
                114.37091648150579,
                30.535107081283677
              ],
              [
                114.37052510259099,
                30.53507163977599
              ]
            ]
          ]
        ]
      }
    },
    {
      "type": "Feature",
      "properties": {
        "GM_LAYER": "building",
        "GM_TYPE": "Misc. Manmade Structure",
        "ELEVATION": 0,
        "visible": "true",
        "version": 1,
        "changeset": 7581442,
        "timestamp": "2011-03-17T02:52:22Z",
        "user": "GeoSUN",
        "uid": 414582,
        "covered": null,
        "leisure": null,
        "name": null,
        "sport": null,
        "id": 104453000.0,
        "building": "yes",
        "building_l": 0,
        "height": null,
        "shop": null,
        "landuse": null,
        "addr_city": null,
        "addr_house": null,
        "addr_postc": 0,
        "addr_stree": null,
        "name_en": null,
        "website": null,
        "amenity": null,
        "addr_distr": null,
        "addr_hous1": null,
        "addr_provi": null,
        "int_name": null,
        "natural": null,
        "descriptio": null,
        "cuisine": null,
        "fast_food": null,
        "level": 0,
        "opening_h9": null,
        "designatio": null,
        "layer": 0,
        "area": null,
        "location": null,
        "public_tra": null,
        "railway": null,
        "subway": null,
        "station": null,
        "surface": null,
        "name_zh": null,
        "admin_leve": 0,
        "boundary": null,
        "water": null,
        "place": null,
        "building_p": null,
        "min_height": 0,
        "min": 0,
        "name_zh_H1": null,
        "name_zh_Ha": null,
        "operator": null,
        "operator_t": null,
        "short_name": null,
        "short_nam1": null,
        "short_nam2": null,
        "wikidata": null,
        "wikipedia": null,
        "garden_typ": null,
        "access": null,
        "note": null,
        "female": null,
        "toilets_di": null,
        "male": null,
        "wheelchair": null,
        "alt_name": null,
        "old_name": null,
        "PERIMETER": null,
        "ENCLOSED_A": null
      },
      "geometry": {
        "type": "MultiPolygon",
        "coordinates": [
          [
            [
              [
                114.37024266756626,
                30.536113545411624
              ],
              [
                114.3702426102583,
                30.536186352304878
              ],
              [
                114.37050199125838,
                30.536185799350747
              ],
              [
                114.37050204856583,
                30.53611299245916
              ],
              [
                114.37024266756626,
                30.536113545411624
              ]
            ]
          ]
        ]
      }
    },
    {
      "type": "Feature",
      "properties": {
        "GM_LAYER": "building",
        "GM_TYPE": "Misc. Manmade Structure",
        "ELEVATION": 0,
        "visible": "true",
        "version": 1,
        "changeset": 7581442,
        "timestamp": "2011-03-17T02:52:22Z",
        "user": "GeoSUN",
        "uid": 414582,
        "covered": null,
        "leisure": null,
        "name": null,
        "sport": null,
        "id": 104453000.0,
        "building": "yes",
        "building_l": 0,
        "height": null,
        "shop": null,
        "landuse": null,
        "addr_city": null,
        "addr_house": null,
        "addr_postc": 0,
        "addr_stree": null,
        "name_en": null,
        "website": null,
        "amenity": null,
        "addr_distr": null,
        "addr_hous1": null,
        "addr_provi": null,
        "int_name": null,
        "natural": null,
        "descriptio": null,
        "cuisine": null,
        "fast_food": null,
        "level": 0,
        "opening_h9": null,
        "designatio": null,
        "layer": 0,
        "area": null,
        "location": null,
        "public_tra": null,
        "railway": null,
        "subway": null,
        "station": null,
        "surface": null,
        "name_zh": null,
        "admin_leve": 0,
        "boundary": null,
        "water": null,
        "place": null,
        "building_p": null,
        "min_height": 0,
        "min": 0,
        "name_zh_H1": null,
        "name_zh_Ha": null,
        "operator": null,
        "operator_t": null,
        "short_name": null,
        "short_nam1": null,
        "short_nam2": null,
        "wikidata": null,
        "wikipedia": null,
        "garden_typ": null,
        "access": null,
        "note": null,
        "female": null,
        "toilets_di": null,
        "male": null,
        "wheelchair": null,
        "alt_name": null,
        "old_name": null,
        "PERIMETER": null,
        "ENCLOSED_A": null
      },
      "geometry": {
        "type": "MultiPolygon",
        "coordinates": [
          [
            [
              [
                114.37059503460935,
                30.535889857924875
              ],
              [
                114.37108288064742,
                30.535884003916372
              ],
              [
                114.37108165849513,
                30.53577999751397
              ],
              [
                114.37059381261041,
                30.53578585092551
              ],
              [
                114.37059503460935,
                30.535889857924875
              ]
            ]
          ]
        ]
      }
    },
    {
      "type": "Feature",
      "properties": {
        "GM_LAYER": "building",
        "GM_TYPE": "Misc. Manmade Structure",
        "ELEVATION": 0,
        "visible": "true",
        "version": 1,
        "changeset": 7581442,
        "timestamp": "2011-03-17T02:52:22Z",
        "user": "GeoSUN",
        "uid": 414582,
        "covered": null,
        "leisure": null,
        "name": null,
        "sport": null,
        "id": 104453000.0,
        "building": "yes",
        "building_l": 0,
        "height": null,
        "shop": null,
        "landuse": null,
        "addr_city": null,
        "addr_house": null,
        "addr_postc": 0,
        "addr_stree": null,
        "name_en": null,
        "website": null,
        "amenity": null,
        "addr_distr": null,
        "addr_hous1": null,
        "addr_provi": null,
        "int_name": null,
        "natural": null,
        "descriptio": null,
        "cuisine": null,
        "fast_food": null,
        "level": 0,
        "opening_h9": null,
        "designatio": null,
        "layer": 0,
        "area": null,
        "location": null,
        "public_tra": null,
        "railway": null,
        "subway": null,
        "station": null,
        "surface": null,
        "name_zh": null,
        "admin_leve": 0,
        "boundary": null,
        "water": null,
        "place": null,
        "building_p": null,
        "min_height": 0,
        "min": 0,
        "name_zh_H1": null,
        "name_zh_Ha": null,
        "operator": null,
        "operator_t": null,
        "short_name": null,
        "short_nam1": null,
        "short_nam2": null,
        "wikidata": null,
        "wikipedia": null,
        "garden_typ": null,
        "access": null,
        "note": null,
        "female": null,
        "toilets_di": null,
        "male": null,
        "wheelchair": null,
        "alt_name": null,
        "old_name": null,
        "PERIMETER": null,
        "ENCLOSED_A": null
      },
      "geometry": {
        "type": "MultiPolygon",
        "coordinates": [
          [
            [
              [
                114.37078635219832,
                30.535662671330517
              ],
              [
                114.37097458613981,
                30.535673281405728
              ],
              [
                114.37098592149087,
                30.535532437261324
              ],
              [
                114.37079778727916,
                30.535521828898624
              ],
              [
                114.37078635219832,
                30.535662671330517
              ]
            ]
          ]
        ]
      }
    },
    {
      "type": "Feature",
      "properties": {
        "GM_LAYER": "building",
        "GM_TYPE": "Misc. Manmade Structure",
        "ELEVATION": 0,
        "visible": "true",
        "version": 1,
        "changeset": 7581442,
        "timestamp": "2011-03-17T02:52:22Z",
        "user": "GeoSUN",
        "uid": 414582,
        "covered": null,
        "leisure": null,
        "name": null,
        "sport": null,
        "id": 104453000.0,
        "building": "yes",
        "building_l": 0,
        "height": null,
        "shop": null,
        "landuse": null,
        "addr_city": null,
        "addr_house": null,
        "addr_postc": 0,
        "addr_stree": null,
        "name_en": null,
        "website": null,
        "amenity": null,
        "addr_distr": null,
        "addr_hous1": null,
        "addr_provi": null,
        "int_name": null,
        "natural": null,
        "descriptio": null,
        "cuisine": null,
        "fast_food": null,
        "level": 0,
        "opening_h9": null,
        "designatio": null,
        "layer": 0,
        "area": null,
        "location": null,
        "public_tra": null,
        "railway": null,
        "subway": null,
        "station": null,
        "surface": null,
        "name_zh": null,
        "admin_leve": 0,
        "boundary": null,
        "water": null,
        "place": null,
        "building_p": null,
        "min_height": 0,
        "min": 0,
        "name_zh_H1": null,
        "name_zh_Ha": null,
        "operator": null,
        "operator_t": null,
        "short_name": null,
        "short_nam1": null,
        "short_nam2": null,
        "wikidata": null,
        "wikipedia": null,
        "garden_typ": null,
        "access": null,
        "note": null,
        "female": null,
        "toilets_di": null,
        "male": null,
        "wheelchair": null,
        "alt_name": null,
        "old_name": null,
        "PERIMETER": null,
        "ENCLOSED_A": null
      },
      "geometry": {
        "type": "MultiPolygon",
        "coordinates": [
          [
            [
              [
                114.37025553563831,
                30.535935002713586
              ],
              [
                114.37025669035322,
                30.53599630615672
              ],
              [
                114.37051066267485,
                30.535992161715377
              ],
              [
                114.37050950788638,
                30.535930858559865
              ],
              [
                114.37025553563831,
                30.535935002713586
              ]
            ]
          ]
        ]
      }
    },
    {
      "type": "Feature",
      "properties": {
        "GM_LAYER": "building",
        "GM_TYPE": "Misc. Manmade Structure",
        "ELEVATION": 0,
        "visible": "true",
        "version": 1,
        "changeset": 7581442,
        "timestamp": "2011-03-17T02:52:23Z",
        "user": "GeoSUN",
        "uid": 414582,
        "covered": null,
        "leisure": null,
        "name": null,
        "sport": null,
        "id": 104453000.0,
        "building": "yes",
        "building_l": 0,
        "height": null,
        "shop": null,
        "landuse": null,
        "addr_city": null,
        "addr_house": null,
        "addr_postc": 0,
        "addr_stree": null,
        "name_en": null,
        "website": null,
        "amenity": null,
        "addr_distr": null,
        "addr_hous1": null,
        "addr_provi": null,
        "int_name": null,
        "natural": null,
        "descriptio": null,
        "cuisine": null,
        "fast_food": null,
        "level": 0,
        "opening_h9": null,
        "designatio": null,
        "layer": 0,
        "area": null,
        "location": null,
        "public_tra": null,
        "railway": null,
        "subway": null,
        "station": null,
        "surface": null,
        "name_zh": null,
        "admin_leve": 0,
        "boundary": null,
        "water": null,
        "place": null,
        "building_p": null,
        "min_height": 0,
        "min": 0,
        "name_zh_H1": null,
        "name_zh_Ha": null,
        "operator": null,
        "operator_t": null,
        "short_name": null,
        "short_nam1": null,
        "short_nam2": null,
        "wikidata": null,
        "wikipedia": null,
        "garden_typ": null,
        "access": null,
        "note": null,
        "female": null,
        "toilets_di": null,
        "male": null,
        "wheelchair": null,
        "alt_name": null,
        "old_name": null,
        "PERIMETER": null,
        "ENCLOSED_A": null
      },
      "geometry": {
        "type": "MultiPolygon",
        "coordinates": [
          [
            [
              [
                114.37055694111646,
                30.535510210070072
              ],
              [
                114.37056772597705,
                30.53543157751378
              ],
              [
                114.37097734773084,
                30.535471754565947
              ],
              [
                114.37099539096818,
                30.53534039293845
              ],
              [
                114.37069921958883,
                30.53531135326432
              ],
              [
                114.37069055119163,
                30.535374780578895
              ],
              [
                114.3705280914067,
                30.53535876140077
              ],
              [
                114.37050803361711,
                30.535505421198753
              ],
              [
                114.37055694111646,
                30.535510210070072
              ]
            ]
          ]
        ]
      }
    },
    {
      "type": "Feature",
      "properties": {
        "GM_LAYER": "building",
        "GM_TYPE": "Misc. Manmade Structure",
        "ELEVATION": 0,
        "visible": "true",
        "version": 1,
        "changeset": 7581442,
        "timestamp": "2011-03-17T02:52:23Z",
        "user": "GeoSUN",
        "uid": 414582,
        "covered": null,
        "leisure": null,
        "name": null,
        "sport": null,
        "id": 104453000.0,
        "building": "yes",
        "building_l": 0,
        "height": null,
        "shop": null,
        "landuse": null,
        "addr_city": null,
        "addr_house": null,
        "addr_postc": 0,
        "addr_stree": null,
        "name_en": null,
        "website": null,
        "amenity": null,
        "addr_distr": null,
        "addr_hous1": null,
        "addr_provi": null,
        "int_name": null,
        "natural": null,
        "descriptio": null,
        "cuisine": null,
        "fast_food": null,
        "level": 0,
        "opening_h9": null,
        "designatio": null,
        "layer": 0,
        "area": null,
        "location": null,
        "public_tra": null,
        "railway": null,
        "subway": null,
        "station": null,
        "surface": null,
        "name_zh": null,
        "admin_leve": 0,
        "boundary": null,
        "water": null,
        "place": null,
        "building_p": null,
        "min_height": 0,
        "min": 0,
        "name_zh_H1": null,
        "name_zh_Ha": null,
        "operator": null,
        "operator_t": null,
        "short_name": null,
        "short_nam1": null,
        "short_nam2": null,
        "wikidata": null,
        "wikipedia": null,
        "garden_typ": null,
        "access": null,
        "note": null,
        "female": null,
        "toilets_di": null,
        "male": null,
        "wheelchair": null,
        "alt_name": null,
        "old_name": null,
        "PERIMETER": null,
        "ENCLOSED_A": null
      },
      "geometry": {
        "type": "MultiPolygon",
        "coordinates": [
          [
            [
              [
                114.37036016422402,
                30.536574645127004
              ],
              [
                114.37052272788915,
                30.536577988272125
              ],
              [
                114.37052509206933,
                30.536504076209138
              ],
              [
                114.37036252831507,
                30.536500733413984
              ],
              [
                114.37036016422402,
                30.536574645127004
              ]
            ]
          ]
        ]
      }
    },
    {
      "type": "Feature",
      "properties": {
        "GM_LAYER": "building",
        "GM_TYPE": "Misc. Manmade Structure",
        "ELEVATION": 0,
        "visible": "true",
        "version": 1,
        "changeset": 7581442,
        "timestamp": "2011-03-17T02:52:23Z",
        "user": "GeoSUN",
        "uid": 414582,
        "covered": null,
        "leisure": null,
        "name": null,
        "sport": null,
        "id": 104453000.0,
        "building": "yes",
        "building_l": 0,
        "height": null,
        "shop": null,
        "landuse": null,
        "addr_city": null,
        "addr_house": null,
        "addr_postc": 0,
        "addr_stree": null,
        "name_en": null,
        "website": null,
        "amenity": null,
        "addr_distr": null,
        "addr_hous1": null,
        "addr_provi": null,
        "int_name": null,
        "natural": null,
        "descriptio": null,
        "cuisine": null,
        "fast_food": null,
        "level": 0,
        "opening_h9": null,
        "designatio": null,
        "layer": 0,
        "area": null,
        "location": null,
        "public_tra": null,
        "railway": null,
        "subway": null,
        "station": null,
        "surface": null,
        "name_zh": null,
        "admin_leve": 0,
        "boundary": null,
        "water": null,
        "place": null,
        "building_p": null,
        "min_height": 0,
        "min": 0,
        "name_zh_H1": null,
        "name_zh_Ha": null,
        "operator": null,
        "operator_t": null,
        "short_name": null,
        "short_nam1": null,
        "short_nam2": null,
        "wikidata": null,
        "wikipedia": null,
        "garden_typ": null,
        "access": null,
        "note": null,
        "female": null,
        "toilets_di": null,
        "male": null,
        "wheelchair": null,
        "alt_name": null,
        "old_name": null,
        "PERIMETER": null,
        "ENCLOSED_A": null
      },
      "geometry": {
        "type": "MultiPolygon",
        "coordinates": [
          [
            [
              [
                114.37030352606425,
                30.534910304396742
              ],
              [
                114.370320441147,
                30.53480685880159
              ],
              [
                114.37002832589222,
                30.534772223128513
              ],
              [
                114.37001141200335,
                30.53487566410994
              ],
              [
                114.37030352606425,
                30.534910304396742
              ]
            ]
          ]
        ]
      }
    },
    {
      "type": "Feature",
      "properties": {
        "GM_LAYER": "building",
        "GM_TYPE": "Misc. Manmade Structure",
        "ELEVATION": 0,
        "visible": "true",
        "version": 1,
        "changeset": 7581442,
        "timestamp": "2011-03-17T02:52:23Z",
        "user": "GeoSUN",
        "uid": 414582,
        "covered": null,
        "leisure": null,
        "name": null,
        "sport": null,
        "id": 104453000.0,
        "building": "yes",
        "building_l": 0,
        "height": null,
        "shop": null,
        "landuse": null,
        "addr_city": null,
        "addr_house": null,
        "addr_postc": 0,
        "addr_stree": null,
        "name_en": null,
        "website": null,
        "amenity": null,
        "addr_distr": null,
        "addr_hous1": null,
        "addr_provi": null,
        "int_name": null,
        "natural": null,
        "descriptio": null,
        "cuisine": null,
        "fast_food": null,
        "level": 0,
        "opening_h9": null,
        "designatio": null,
        "layer": 0,
        "area": null,
        "location": null,
        "public_tra": null,
        "railway": null,
        "subway": null,
        "station": null,
        "surface": null,
        "name_zh": null,
        "admin_leve": 0,
        "boundary": null,
        "water": null,
        "place": null,
        "building_p": null,
        "min_height": 0,
        "min": 0,
        "name_zh_H1": null,
        "name_zh_Ha": null,
        "operator": null,
        "operator_t": null,
        "short_name": null,
        "short_nam1": null,
        "short_nam2": null,
        "wikidata": null,
        "wikipedia": null,
        "garden_typ": null,
        "access": null,
        "note": null,
        "female": null,
        "toilets_di": null,
        "male": null,
        "wheelchair": null,
        "alt_name": null,
        "old_name": null,
        "PERIMETER": null,
        "ENCLOSED_A": null
      },
      "geometry": {
        "type": "MultiPolygon",
        "coordinates": [
          [
            [
              [
                114.37008713130031,
                30.534532690534125
              ],
              [
                114.37006759502023,
                30.534659339860152
              ],
              [
                114.37044960879449,
                30.534701971332588
              ],
              [
                114.37046914687755,
                30.534575315047288
              ],
              [
                114.37008713130031,
                30.534532690534125
              ]
            ]
          ]
        ]
      }
    },
    {
      "type": "Feature",
      "properties": {
        "GM_LAYER": "building",
        "GM_TYPE": "Misc. Manmade Structure",
        "ELEVATION": 0,
        "visible": "true",
        "version": 1,
        "changeset": 7581442,
        "timestamp": "2011-03-17T02:52:24Z",
        "user": "GeoSUN",
        "uid": 414582,
        "covered": null,
        "leisure": null,
        "name": null,
        "sport": null,
        "id": 104453000.0,
        "building": "yes",
        "building_l": 0,
        "height": null,
        "shop": null,
        "landuse": null,
        "addr_city": null,
        "addr_house": null,
        "addr_postc": 0,
        "addr_stree": null,
        "name_en": null,
        "website": null,
        "amenity": null,
        "addr_distr": null,
        "addr_hous1": null,
        "addr_provi": null,
        "int_name": null,
        "natural": null,
        "descriptio": null,
        "cuisine": null,
        "fast_food": null,
        "level": 0,
        "opening_h9": null,
        "designatio": null,
        "layer": 0,
        "area": null,
        "location": null,
        "public_tra": null,
        "railway": null,
        "subway": null,
        "station": null,
        "surface": null,
        "name_zh": null,
        "admin_leve": 0,
        "boundary": null,
        "water": null,
        "place": null,
        "building_p": null,
        "min_height": 0,
        "min": 0,
        "name_zh_H1": null,
        "name_zh_Ha": null,
        "operator": null,
        "operator_t": null,
        "short_name": null,
        "short_nam1": null,
        "short_nam2": null,
        "wikidata": null,
        "wikipedia": null,
        "garden_typ": null,
        "access": null,
        "note": null,
        "female": null,
        "toilets_di": null,
        "male": null,
        "wheelchair": null,
        "alt_name": null,
        "old_name": null,
        "PERIMETER": null,
        "ENCLOSED_A": null
      },
      "geometry": {
        "type": "MultiPolygon",
        "coordinates": [
          [
            [
              [
                114.37045631192166,
                30.534311715922687
              ],
              [
                114.37045092013932,
                30.534420239228588
              ],
              [
                114.3705690208474,
                30.5346464958453
              ],
              [
                114.37055553685722,
                30.53471813433943
              ],
              [
                114.37072220437224,
                30.53473853959785
              ],
              [
                114.37073300331187,
                30.53463910279054
              ],
              [
                114.37059336419561,
                30.53439221278804
              ],
              [
                114.37060153203548,
                30.53432518661882
              ],
              [
                114.37045631192166,
                30.534311715922687
              ]
            ]
          ]
        ]
      }
    },
    {
      "type": "Feature",
      "properties": {
        "GM_LAYER": "building",
        "GM_TYPE": "Misc. Manmade Structure",
        "ELEVATION": 0,
        "visible": "true",
        "version": 1,
        "changeset": 7581442,
        "timestamp": "2011-03-17T02:52:24Z",
        "user": "GeoSUN",
        "uid": 414582,
        "covered": null,
        "leisure": null,
        "name": null,
        "sport": null,
        "id": 104453000.0,
        "building": "yes",
        "building_l": 0,
        "height": null,
        "shop": null,
        "landuse": null,
        "addr_city": null,
        "addr_house": null,
        "addr_postc": 0,
        "addr_stree": null,
        "name_en": null,
        "website": null,
        "amenity": null,
        "addr_distr": null,
        "addr_hous1": null,
        "addr_provi": null,
        "int_name": null,
        "natural": null,
        "descriptio": null,
        "cuisine": null,
        "fast_food": null,
        "level": 0,
        "opening_h9": null,
        "designatio": null,
        "layer": 0,
        "area": null,
        "location": null,
        "public_tra": null,
        "railway": null,
        "subway": null,
        "station": null,
        "surface": null,
        "name_zh": null,
        "admin_leve": 0,
        "boundary": null,
        "water": null,
        "place": null,
        "building_p": null,
        "min_height": 0,
        "min": 0,
        "name_zh_H1": null,
        "name_zh_Ha": null,
        "operator": null,
        "operator_t": null,
        "short_name": null,
        "short_nam1": null,
        "short_nam2": null,
        "wikidata": null,
        "wikipedia": null,
        "garden_typ": null,
        "access": null,
        "note": null,
        "female": null,
        "toilets_di": null,
        "male": null,
        "wheelchair": null,
        "alt_name": null,
        "old_name": null,
        "PERIMETER": null,
        "ENCLOSED_A": null
      },
      "geometry": {
        "type": "MultiPolygon",
        "coordinates": [
          [
            [
              [
                114.37024441914187,
                30.53630705983283
              ],
              [
                114.37024165634563,
                30.53637877197637
              ],
              [
                114.37048339184973,
                30.53638515945546
              ],
              [
                114.37048625510866,
                30.536313346466574
              ],
              [
                114.37024441914187,
                30.53630705983283
              ]
            ]
          ]
        ]
      }
    },
    {
      "type": "Feature",
      "properties": {
        "GM_LAYER": "landuse - residential",
        "GM_TYPE": "Metro Area",
        "ELEVATION": 0,
        "visible": "true",
        "version": 2,
        "changeset": 16938780,
        "timestamp": "2013-07-13T16:26:55Z",
        "user": "GeoSUN",
        "uid": 414582,
        "covered": null,
        "leisure": null,
        "name": "银海雅苑",
        "sport": null,
        "id": 104639000.0,
        "building": null,
        "building_l": 0,
        "height": null,
        "shop": null,
        "landuse": "residential",
        "addr_city": null,
        "addr_house": null,
        "addr_postc": 0,
        "addr_stree": null,
        "name_en": null,
        "website": null,
        "amenity": null,
        "addr_distr": null,
        "addr_hous1": null,
        "addr_provi": null,
        "int_name": null,
        "natural": null,
        "descriptio": null,
        "cuisine": null,
        "fast_food": null,
        "level": 0,
        "opening_h9": null,
        "designatio": null,
        "layer": 0,
        "area": null,
        "location": null,
        "public_tra": null,
        "railway": null,
        "subway": null,
        "station": null,
        "surface": null,
        "name_zh": null,
        "admin_leve": 0,
        "boundary": null,
        "water": null,
        "place": null,
        "building_p": null,
        "min_height": 0,
        "min": 0,
        "name_zh_H1": null,
        "name_zh_Ha": null,
        "operator": null,
        "operator_t": null,
        "short_name": null,
        "short_nam1": null,
        "short_nam2": null,
        "wikidata": null,
        "wikipedia": null,
        "garden_typ": null,
        "access": null,
        "note": null,
        "female": null,
        "toilets_di": null,
        "male": null,
        "wheelchair": null,
        "alt_name": null,
        "old_name": null,
        "PERIMETER": null,
        "ENCLOSED_A": null
      },
      "geometry": {
        "type": "MultiPolygon",
        "coordinates": [
          [
            [
              [
                114.37051531465262,
                30.533464769314598
              ],
              [
                114.37054225830853,
                30.533545339540975
              ],
              [
                114.37055691489743,
                30.5335462715282
              ],
              [
                114.37051531465262,
                30.533464769314598
              ]
            ]
          ]
        ]
      }
    },
    {
      "type": "Feature",
      "properties": {
        "GM_LAYER": "building - college",
        "GM_TYPE": "Misc. Manmade Structure",
        "ELEVATION": 0,
        "visible": "true",
        "version": 2,
        "changeset": 122450169,
        "timestamp": "2022-06-16T08:57:54Z",
        "user": "h4ic8bn3kstr",
        "uid": 12863618,
        "covered": null,
        "leisure": null,
        "name": null,
        "sport": null,
        "id": 104949000.0,
        "building": "college",
        "building_l": 0,
        "height": null,
        "shop": null,
        "landuse": null,
        "addr_city": null,
        "addr_house": null,
        "addr_postc": 0,
        "addr_stree": null,
        "name_en": null,
        "website": null,
        "amenity": null,
        "addr_distr": null,
        "addr_hous1": null,
        "addr_provi": null,
        "int_name": null,
        "natural": null,
        "descriptio": null,
        "cuisine": null,
        "fast_food": null,
        "level": 0,
        "opening_h9": null,
        "designatio": null,
        "layer": 0,
        "area": null,
        "location": null,
        "public_tra": null,
        "railway": null,
        "subway": null,
        "station": null,
        "surface": null,
        "name_zh": null,
        "admin_leve": 0,
        "boundary": null,
        "water": null,
        "place": null,
        "building_p": null,
        "min_height": 0,
        "min": 0,
        "name_zh_H1": null,
        "name_zh_Ha": null,
        "operator": null,
        "operator_t": null,
        "short_name": null,
        "short_nam1": null,
        "short_nam2": null,
        "wikidata": null,
        "wikipedia": null,
        "garden_typ": null,
        "access": null,
        "note": null,
        "female": null,
        "toilets_di": null,
        "male": null,
        "wheelchair": null,
        "alt_name": null,
        "old_name": null,
        "PERIMETER": null,
        "ENCLOSED_A": null
      },
      "geometry": {
        "type": "MultiPolygon",
        "coordinates": [
          [
            [
              [
                114.36941870248913,
                30.531315594159523
              ],
              [
                114.3694152812944,
                30.53138625916432
              ],
              [
                114.36945544500826,
                30.531387625647078
              ],
              [
                114.36941870248913,
                30.531315594159523
              ]
            ]
          ]
        ]
      }
    },
    {
      "type": "Feature",
      "properties": {
        "GM_LAYER": "building",
        "GM_TYPE": "Misc. Manmade Structure",
        "ELEVATION": 0,
        "visible": "true",
        "version": 1,
        "changeset": 7612604,
        "timestamp": "2011-03-20T05:57:39Z",
        "user": "GeoSUN",
        "uid": 414582,
        "covered": null,
        "leisure": null,
        "name": null,
        "sport": null,
        "id": 104949000.0,
        "building": "yes",
        "building_l": 0,
        "height": null,
        "shop": null,
        "landuse": null,
        "addr_city": null,
        "addr_house": null,
        "addr_postc": 0,
        "addr_stree": null,
        "name_en": null,
        "website": null,
        "amenity": null,
        "addr_distr": null,
        "addr_hous1": null,
        "addr_provi": null,
        "int_name": null,
        "natural": null,
        "descriptio": null,
        "cuisine": null,
        "fast_food": null,
        "level": 0,
        "opening_h9": null,
        "designatio": null,
        "layer": 0,
        "area": null,
        "location": null,
        "public_tra": null,
        "railway": null,
        "subway": null,
        "station": null,
        "surface": null,
        "name_zh": null,
        "admin_leve": 0,
        "boundary": null,
        "water": null,
        "place": null,
        "building_p": null,
        "min_height": 0,
        "min": 0,
        "name_zh_H1": null,
        "name_zh_Ha": null,
        "operator": null,
        "operator_t": null,
        "short_name": null,
        "short_nam1": null,
        "short_nam2": null,
        "wikidata": null,
        "wikipedia": null,
        "garden_typ": null,
        "access": null,
        "note": null,
        "female": null,
        "toilets_di": null,
        "male": null,
        "wheelchair": null,
        "alt_name": null,
        "old_name": null,
        "PERIMETER": null,
        "ENCLOSED_A": null
      },
      "geometry": {
        "type": "MultiPolygon",
        "coordinates": [
          [
            [
              [
                114.36969402587877,
                30.531855311447046
              ],
              [
                114.36966979695735,
                30.531866078646278
              ],
              [
                114.36986998850817,
                30.53220020604201
              ],
              [
                114.36969402587877,
                30.531855311447046
              ]
            ]
          ]
        ]
      }
    },
    {
      "type": "Feature",
      "properties": {
        "GM_LAYER": "building",
        "GM_TYPE": "Misc. Manmade Structure",
        "ELEVATION": 0,
        "visible": "true",
        "version": 1,
        "changeset": 7612604,
        "timestamp": "2011-03-20T06:21:11Z",
        "user": "GeoSUN",
        "uid": 414582,
        "covered": null,
        "leisure": null,
        "name": null,
        "sport": null,
        "id": 104950000.0,
        "building": "yes",
        "building_l": 0,
        "height": null,
        "shop": null,
        "landuse": null,
        "addr_city": null,
        "addr_house": null,
        "addr_postc": 0,
        "addr_stree": null,
        "name_en": null,
        "website": null,
        "amenity": null,
        "addr_distr": null,
        "addr_hous1": null,
        "addr_provi": null,
        "int_name": null,
        "natural": null,
        "descriptio": null,
        "cuisine": null,
        "fast_food": null,
        "level": 0,
        "opening_h9": null,
        "designatio": null,
        "layer": 0,
        "area": null,
        "location": null,
        "public_tra": null,
        "railway": null,
        "subway": null,
        "station": null,
        "surface": null,
        "name_zh": null,
        "admin_leve": 0,
        "boundary": null,
        "water": null,
        "place": null,
        "building_p": null,
        "min_height": 0,
        "min": 0,
        "name_zh_H1": null,
        "name_zh_Ha": null,
        "operator": null,
        "operator_t": null,
        "short_name": null,
        "short_nam1": null,
        "short_nam2": null,
        "wikidata": null,
        "wikipedia": null,
        "garden_typ": null,
        "access": null,
        "note": null,
        "female": null,
        "toilets_di": null,
        "male": null,
        "wheelchair": null,
        "alt_name": null,
        "old_name": null,
        "PERIMETER": null,
        "ENCLOSED_A": null
      },
      "geometry": {
        "type": "MultiPolygon",
        "coordinates": [
          [
            [
              [
                114.3709408001931,
                30.534353339822246
              ],
              [
                114.37087462936614,
                30.534373816167726
              ],
              [
                114.37107514542136,
                30.534858125486345
              ],
              [
                114.37114131943966,
                30.53483763678341
              ],
              [
                114.3709408001931,
                30.534353339822246
              ]
            ]
          ]
        ]
      }
    },
    {
      "type": "Feature",
      "properties": {
        "GM_LAYER": "building",
        "GM_TYPE": "Misc. Manmade Structure",
        "ELEVATION": 0,
        "visible": "true",
        "version": 1,
        "changeset": 7612604,
        "timestamp": "2011-03-20T06:21:11Z",
        "user": "GeoSUN",
        "uid": 414582,
        "covered": null,
        "leisure": null,
        "name": null,
        "sport": null,
        "id": 104950000.0,
        "building": "yes",
        "building_l": 0,
        "height": null,
        "shop": null,
        "landuse": null,
        "addr_city": null,
        "addr_house": null,
        "addr_postc": 0,
        "addr_stree": null,
        "name_en": null,
        "website": null,
        "amenity": null,
        "addr_distr": null,
        "addr_hous1": null,
        "addr_provi": null,
        "int_name": null,
        "natural": null,
        "descriptio": null,
        "cuisine": null,
        "fast_food": null,
        "level": 0,
        "opening_h9": null,
        "designatio": null,
        "layer": 0,
        "area": null,
        "location": null,
        "public_tra": null,
        "railway": null,
        "subway": null,
        "station": null,
        "surface": null,
        "name_zh": null,
        "admin_leve": 0,
        "boundary": null,
        "water": null,
        "place": null,
        "building_p": null,
        "min_height": 0,
        "min": 0,
        "name_zh_H1": null,
        "name_zh_Ha": null,
        "operator": null,
        "operator_t": null,
        "short_name": null,
        "short_nam1": null,
        "short_nam2": null,
        "wikidata": null,
        "wikipedia": null,
        "garden_typ": null,
        "access": null,
        "note": null,
        "female": null,
        "toilets_di": null,
        "male": null,
        "wheelchair": null,
        "alt_name": null,
        "old_name": null,
        "PERIMETER": null,
        "ENCLOSED_A": null
      },
      "geometry": {
        "type": "MultiPolygon",
        "coordinates": [
          [
            [
              [
                114.37084302935116,
                30.53427268728073
              ],
              [
                114.37084909541089,
                30.5343384785865
              ],
              [
                114.3709574329045,
                30.534330854476455
              ],
              [
                114.37092477837429,
                30.534266893804254
              ],
              [
                114.37084302935116,
                30.53427268728073
              ]
            ]
          ]
        ]
      }
    },
    {
      "type": "Feature",
      "properties": {
        "GM_LAYER": "building",
        "GM_TYPE": "Misc. Manmade Structure",
        "ELEVATION": 0,
        "visible": "true",
        "version": 1,
        "changeset": 7612604,
        "timestamp": "2011-03-20T06:21:11Z",
        "user": "GeoSUN",
        "uid": 414582,
        "covered": null,
        "leisure": null,
        "name": null,
        "sport": null,
        "id": 104950000.0,
        "building": "yes",
        "building_l": 0,
        "height": null,
        "shop": null,
        "landuse": null,
        "addr_city": null,
        "addr_house": null,
        "addr_postc": 0,
        "addr_stree": null,
        "name_en": null,
        "website": null,
        "amenity": null,
        "addr_distr": null,
        "addr_hous1": null,
        "addr_provi": null,
        "int_name": null,
        "natural": null,
        "descriptio": null,
        "cuisine": null,
        "fast_food": null,
        "level": 0,
        "opening_h9": null,
        "designatio": null,
        "layer": 0,
        "area": null,
        "location": null,
        "public_tra": null,
        "railway": null,
        "subway": null,
        "station": null,
        "surface": null,
        "name_zh": null,
        "admin_leve": 0,
        "boundary": null,
        "water": null,
        "place": null,
        "building_p": null,
        "min_height": 0,
        "min": 0,
        "name_zh_H1": null,
        "name_zh_Ha": null,
        "operator": null,
        "operator_t": null,
        "short_name": null,
        "short_nam1": null,
        "short_nam2": null,
        "wikidata": null,
        "wikipedia": null,
        "garden_typ": null,
        "access": null,
        "note": null,
        "female": null,
        "toilets_di": null,
        "male": null,
        "wheelchair": null,
        "alt_name": null,
        "old_name": null,
        "PERIMETER": null,
        "ENCLOSED_A": null
      },
      "geometry": {
        "type": "MultiPolygon",
        "coordinates": [
          [
            [
              [
                114.37114858502478,
                30.534906923033887
              ],
              [
                114.37108411667081,
                30.53492510717633
              ],
              [
                114.37132081398683,
                30.535550480223907
              ],
              [
                114.37138528598027,
                30.535532281901922
              ],
              [
                114.37114858502478,
                30.534906923033887
              ]
            ]
          ]
        ]
      }
    },
    {
      "type": "Feature",
      "properties": {
        "GM_LAYER": "building",
        "GM_TYPE": "Misc. Manmade Structure",
        "ELEVATION": 0,
        "visible": "true",
        "version": 1,
        "changeset": 7612604,
        "timestamp": "2011-03-20T06:21:11Z",
        "user": "GeoSUN",
        "uid": 414582,
        "covered": null,
        "leisure": null,
        "name": null,
        "sport": null,
        "id": 104950000.0,
        "building": "yes",
        "building_l": 0,
        "height": null,
        "shop": null,
        "landuse": null,
        "addr_city": null,
        "addr_house": null,
        "addr_postc": 0,
        "addr_stree": null,
        "name_en": null,
        "website": null,
        "amenity": null,
        "addr_distr": null,
        "addr_hous1": null,
        "addr_provi": null,
        "int_name": null,
        "natural": null,
        "descriptio": null,
        "cuisine": null,
        "fast_food": null,
        "level": 0,
        "opening_h9": null,
        "designatio": null,
        "layer": 0,
        "area": null,
        "location": null,
        "public_tra": null,
        "railway": null,
        "subway": null,
        "station": null,
        "surface": null,
        "name_zh": null,
        "admin_leve": 0,
        "boundary": null,
        "water": null,
        "place": null,
        "building_p": null,
        "min_height": 0,
        "min": 0,
        "name_zh_H1": null,
        "name_zh_Ha": null,
        "operator": null,
        "operator_t": null,
        "short_name": null,
        "short_nam1": null,
        "short_nam2": null,
        "wikidata": null,
        "wikipedia": null,
        "garden_typ": null,
        "access": null,
        "note": null,
        "female": null,
        "toilets_di": null,
        "male": null,
        "wheelchair": null,
        "alt_name": null,
        "old_name": null,
        "PERIMETER": null,
        "ENCLOSED_A": null
      },
      "geometry": {
        "type": "MultiPolygon",
        "coordinates": [
          [
            [
              [
                114.37071807369723,
                30.533948666739175
              ],
              [
                114.3708381392979,
                30.534243396753066
              ],
              [
                114.37090276922943,
                30.53422378363032
              ],
              [
                114.37075638267979,
                30.533937036279028
              ],
              [
                114.37071807369723,
                30.533948666739175
              ]
            ]
          ]
        ]
      }
    },
    {
      "type": "Feature",
      "properties": {
        "GM_LAYER": "building",
        "GM_TYPE": "Misc. Manmade Structure",
        "ELEVATION": 0,
        "visible": "true",
        "version": 1,
        "changeset": 7612604,
        "timestamp": "2011-03-20T06:28:34Z",
        "user": "GeoSUN",
        "uid": 414582,
        "covered": null,
        "leisure": null,
        "name": null,
        "sport": null,
        "id": 104950000.0,
        "building": "yes",
        "building_l": 0,
        "height": null,
        "shop": null,
        "landuse": null,
        "addr_city": null,
        "addr_house": null,
        "addr_postc": 0,
        "addr_stree": null,
        "name_en": null,
        "website": null,
        "amenity": null,
        "addr_distr": null,
        "addr_hous1": null,
        "addr_provi": null,
        "int_name": null,
        "natural": null,
        "descriptio": null,
        "cuisine": null,
        "fast_food": null,
        "level": 0,
        "opening_h9": null,
        "designatio": null,
        "layer": 0,
        "area": null,
        "location": null,
        "public_tra": null,
        "railway": null,
        "subway": null,
        "station": null,
        "surface": null,
        "name_zh": null,
        "admin_leve": 0,
        "boundary": null,
        "water": null,
        "place": null,
        "building_p": null,
        "min_height": 0,
        "min": 0,
        "name_zh_H1": null,
        "name_zh_Ha": null,
        "operator": null,
        "operator_t": null,
        "short_name": null,
        "short_nam1": null,
        "short_nam2": null,
        "wikidata": null,
        "wikipedia": null,
        "garden_typ": null,
        "access": null,
        "note": null,
        "female": null,
        "toilets_di": null,
        "male": null,
        "wheelchair": null,
        "alt_name": null,
        "old_name": null,
        "PERIMETER": null,
        "ENCLOSED_A": null
      },
      "geometry": {
        "type": "MultiPolygon",
        "coordinates": [
          [
            [
              [
                114.37111943992599,
                30.534648160544062
              ],
              [
                114.37111173869297,
                30.534716608418442
              ],
              [
                114.3711562015005,
                30.534720157321367
              ],
              [
                114.37111943992599,
                30.534648160544062
              ]
            ]
          ]
        ]
      }
    },
    {
      "type": "Feature",
      "properties": {
        "GM_LAYER": "building",
        "GM_TYPE": "Misc. Manmade Structure",
        "ELEVATION": 0,
        "visible": "true",
        "version": 1,
        "changeset": 7612604,
        "timestamp": "2011-03-20T06:28:35Z",
        "user": "GeoSUN",
        "uid": 414582,
        "covered": null,
        "leisure": null,
        "name": null,
        "sport": null,
        "id": 104950000.0,
        "building": "yes",
        "building_l": 0,
        "height": null,
        "shop": null,
        "landuse": null,
        "addr_city": null,
        "addr_house": null,
        "addr_postc": 0,
        "addr_stree": null,
        "name_en": null,
        "website": null,
        "amenity": null,
        "addr_distr": null,
        "addr_hous1": null,
        "addr_provi": null,
        "int_name": null,
        "natural": null,
        "descriptio": null,
        "cuisine": null,
        "fast_food": null,
        "level": 0,
        "opening_h9": null,
        "designatio": null,
        "layer": 0,
        "area": null,
        "location": null,
        "public_tra": null,
        "railway": null,
        "subway": null,
        "station": null,
        "surface": null,
        "name_zh": null,
        "admin_leve": 0,
        "boundary": null,
        "water": null,
        "place": null,
        "building_p": null,
        "min_height": 0,
        "min": 0,
        "name_zh_H1": null,
        "name_zh_Ha": null,
        "operator": null,
        "operator_t": null,
        "short_name": null,
        "short_nam1": null,
        "short_nam2": null,
        "wikidata": null,
        "wikipedia": null,
        "garden_typ": null,
        "access": null,
        "note": null,
        "female": null,
        "toilets_di": null,
        "male": null,
        "wheelchair": null,
        "alt_name": null,
        "old_name": null,
        "PERIMETER": null,
        "ENCLOSED_A": null
      },
      "geometry": {
        "type": "MultiPolygon",
        "coordinates": [
          [
            [
              [
                114.37121351388748,
                30.534944039230123
              ],
              [
                114.37120783065818,
                30.535036365035754
              ],
              [
                114.37132009516645,
                30.535041120539866
              ],
              [
                114.37127178949997,
                30.534946523777286
              ],
              [
                114.37121351388748,
                30.534944039230123
              ]
            ]
          ]
        ]
      }
    },
    {
      "type": "Feature",
      "properties": {
        "GM_LAYER": "building",
        "GM_TYPE": "Misc. Manmade Structure",
        "ELEVATION": 0,
        "visible": "true",
        "version": 1,
        "changeset": 7612604,
        "timestamp": "2011-03-20T06:28:35Z",
        "user": "GeoSUN",
        "uid": 414582,
        "covered": null,
        "leisure": null,
        "name": null,
        "sport": null,
        "id": 104950000.0,
        "building": "yes",
        "building_l": 0,
        "height": null,
        "shop": null,
        "landuse": null,
        "addr_city": null,
        "addr_house": null,
        "addr_postc": 0,
        "addr_stree": null,
        "name_en": null,
        "website": null,
        "amenity": null,
        "addr_distr": null,
        "addr_hous1": null,
        "addr_provi": null,
        "int_name": null,
        "natural": null,
        "descriptio": null,
        "cuisine": null,
        "fast_food": null,
        "level": 0,
        "opening_h9": null,
        "designatio": null,
        "layer": 0,
        "area": null,
        "location": null,
        "public_tra": null,
        "railway": null,
        "subway": null,
        "station": null,
        "surface": null,
        "name_zh": null,
        "admin_leve": 0,
        "boundary": null,
        "water": null,
        "place": null,
        "building_p": null,
        "min_height": 0,
        "min": 0,
        "name_zh_H1": null,
        "name_zh_Ha": null,
        "operator": null,
        "operator_t": null,
        "short_name": null,
        "short_nam1": null,
        "short_nam2": null,
        "wikidata": null,
        "wikipedia": null,
        "garden_typ": null,
        "access": null,
        "note": null,
        "female": null,
        "toilets_di": null,
        "male": null,
        "wheelchair": null,
        "alt_name": null,
        "old_name": null,
        "PERIMETER": null,
        "ENCLOSED_A": null
      },
      "geometry": {
        "type": "MultiPolygon",
        "coordinates": [
          [
            [
              [
                114.37144518513338,
                30.535465089336434
              ],
              [
                114.37152031545395,
                30.535433182045814
              ],
              [
                114.37146506808483,
                30.535325004031446
              ],
              [
                114.37138461689301,
                30.53535916721617
              ],
              [
                114.37144518513338,
                30.535465089336434
              ]
            ]
          ]
        ]
      }
    },
    {
      "type": "Feature",
      "properties": {
        "GM_LAYER": "building",
        "GM_TYPE": "Misc. Manmade Structure",
        "ELEVATION": 0,
        "visible": "true",
        "version": 1,
        "changeset": 7612604,
        "timestamp": "2011-03-20T06:28:36Z",
        "user": "GeoSUN",
        "uid": 414582,
        "covered": null,
        "leisure": null,
        "name": null,
        "sport": null,
        "id": 104950000.0,
        "building": "yes",
        "building_l": 0,
        "height": null,
        "shop": null,
        "landuse": null,
        "addr_city": null,
        "addr_house": null,
        "addr_postc": 0,
        "addr_stree": null,
        "name_en": null,
        "website": null,
        "amenity": null,
        "addr_distr": null,
        "addr_hous1": null,
        "addr_provi": null,
        "int_name": null,
        "natural": null,
        "descriptio": null,
        "cuisine": null,
        "fast_food": null,
        "level": 0,
        "opening_h9": null,
        "designatio": null,
        "layer": 0,
        "area": null,
        "location": null,
        "public_tra": null,
        "railway": null,
        "subway": null,
        "station": null,
        "surface": null,
        "name_zh": null,
        "admin_leve": 0,
        "boundary": null,
        "water": null,
        "place": null,
        "building_p": null,
        "min_height": 0,
        "min": 0,
        "name_zh_H1": null,
        "name_zh_Ha": null,
        "operator": null,
        "operator_t": null,
        "short_name": null,
        "short_nam1": null,
        "short_nam2": null,
        "wikidata": null,
        "wikipedia": null,
        "garden_typ": null,
        "access": null,
        "note": null,
        "female": null,
        "toilets_di": null,
        "male": null,
        "wheelchair": null,
        "alt_name": null,
        "old_name": null,
        "PERIMETER": null,
        "ENCLOSED_A": null
      },
      "geometry": {
        "type": "MultiPolygon",
        "coordinates": [
          [
            [
              [
                114.37059656136933,
                30.533715432652247
              ],
              [
                114.37067910878089,
                30.533913857905794
              ],
              [
                114.37073561210732,
                30.53389634810797
              ],
              [
                114.37063688788065,
                30.533702947082297
              ],
              [
                114.37059656136933,
                30.533715432652247
              ]
            ]
          ]
        ]
      }
    },
    {
      "type": "Feature",
      "properties": {
        "GM_LAYER": "building",
        "GM_TYPE": "Misc. Manmade Structure",
        "ELEVATION": 0,
        "visible": "true",
        "version": 1,
        "changeset": 7612604,
        "timestamp": "2011-03-20T06:28:36Z",
        "user": "GeoSUN",
        "uid": 414582,
        "covered": null,
        "leisure": null,
        "name": null,
        "sport": null,
        "id": 104950000.0,
        "building": "yes",
        "building_l": 0,
        "height": null,
        "shop": null,
        "landuse": null,
        "addr_city": null,
        "addr_house": null,
        "addr_postc": 0,
        "addr_stree": null,
        "name_en": null,
        "website": null,
        "amenity": null,
        "addr_distr": null,
        "addr_hous1": null,
        "addr_provi": null,
        "int_name": null,
        "natural": null,
        "descriptio": null,
        "cuisine": null,
        "fast_food": null,
        "level": 0,
        "opening_h9": null,
        "designatio": null,
        "layer": 0,
        "area": null,
        "location": null,
        "public_tra": null,
        "railway": null,
        "subway": null,
        "station": null,
        "surface": null,
        "name_zh": null,
        "admin_leve": 0,
        "boundary": null,
        "water": null,
        "place": null,
        "building_p": null,
        "min_height": 0,
        "min": 0,
        "name_zh_H1": null,
        "name_zh_Ha": null,
        "operator": null,
        "operator_t": null,
        "short_name": null,
        "short_nam1": null,
        "short_nam2": null,
        "wikidata": null,
        "wikipedia": null,
        "garden_typ": null,
        "access": null,
        "note": null,
        "female": null,
        "toilets_di": null,
        "male": null,
        "wheelchair": null,
        "alt_name": null,
        "old_name": null,
        "PERIMETER": null,
        "ENCLOSED_A": null
      },
      "geometry": {
        "type": "MultiPolygon",
        "coordinates": [
          [
            [
              [
                114.37103403297702,
                30.534480886756693
              ],
              [
                114.37103321786249,
                30.534491404066426
              ],
              [
                114.3710395796161,
                30.53449175038427
              ],
              [
                114.37103403297702,
                30.534480886756693
              ]
            ]
          ]
        ]
      }
    },
    {
      "type": "Feature",
      "properties": {
        "GM_LAYER": "building",
        "GM_TYPE": "Misc. Manmade Structure",
        "ELEVATION": 0,
        "visible": "true",
        "version": 4,
        "changeset": 112224052,
        "timestamp": "2021-10-07T16:05:26Z",
        "user": "Wei Yuanbiao",
        "uid": 12389142,
        "covered": null,
        "leisure": null,
        "name": "南极电脑城",
        "sport": null,
        "id": 111787000.0,
        "building": "yes",
        "building_l": 0,
        "height": null,
        "shop": null,
        "landuse": null,
        "addr_city": null,
        "addr_house": null,
        "addr_postc": 0,
        "addr_stree": null,
        "name_en": null,
        "website": null,
        "amenity": null,
        "addr_distr": null,
        "addr_hous1": null,
        "addr_provi": null,
        "int_name": null,
        "natural": null,
        "descriptio": null,
        "cuisine": null,
        "fast_food": null,
        "level": 0,
        "opening_h9": null,
        "designatio": null,
        "layer": 0,
        "area": null,
        "location": null,
        "public_tra": null,
        "railway": null,
        "subway": null,
        "station": null,
        "surface": null,
        "name_zh": null,
        "admin_leve": 0,
        "boundary": null,
        "water": null,
        "place": null,
        "building_p": null,
        "min_height": 0,
        "min": 0,
        "name_zh_H1": null,
        "name_zh_Ha": null,
        "operator": null,
        "operator_t": null,
        "short_name": null,
        "short_nam1": null,
        "short_nam2": null,
        "wikidata": null,
        "wikipedia": null,
        "garden_typ": null,
        "access": null,
        "note": null,
        "female": null,
        "toilets_di": null,
        "male": null,
        "wheelchair": null,
        "alt_name": null,
        "old_name": null,
        "PERIMETER": null,
        "ENCLOSED_A": null
      },
      "geometry": {
        "type": "MultiPolygon",
        "coordinates": [
          [
            [
              [
                114.36630833299749,
                30.531441354065645
              ],
              [
                114.36608430010303,
                30.53150674612686
              ],
              [
                114.36612260861381,
                30.531570229116653
              ],
              [
                114.36633522376705,
                30.531512110149688
              ],
              [
                114.3663597141856,
                30.53157836081881
              ],
              [
                114.36652737086703,
                30.531532626720562
              ],
              [
                114.36655456156026,
                30.531605877853877
              ],
              [
                114.36665832434008,
                30.53157752617865
              ],
              [
                114.36689250061576,
                30.53151352288489
              ],
              [
                114.36679162666078,
                30.531241161873844
              ],
              [
                114.36674869128831,
                30.531199500137564
              ],
              [
                114.36626904095843,
                30.531346671940717
              ],
              [
                114.36630833299749,
                30.531441354065645
              ]
            ]
          ]
        ]
      }
    },
    {
      "type": "Feature",
      "properties": {
        "GM_LAYER": "building",
        "GM_TYPE": "Misc. Manmade Structure",
        "ELEVATION": 0,
        "visible": "true",
        "version": 1,
        "changeset": 8181777,
        "timestamp": "2011-05-18T14:48:05Z",
        "user": "GeoSUN",
        "uid": 414582,
        "covered": null,
        "leisure": null,
        "name": null,
        "sport": null,
        "id": 113820000.0,
        "building": "yes",
        "building_l": 0,
        "height": null,
        "shop": null,
        "landuse": null,
        "addr_city": null,
        "addr_house": null,
        "addr_postc": 0,
        "addr_stree": null,
        "name_en": null,
        "website": null,
        "amenity": null,
        "addr_distr": null,
        "addr_hous1": null,
        "addr_provi": null,
        "int_name": null,
        "natural": null,
        "descriptio": null,
        "cuisine": null,
        "fast_food": null,
        "level": 0,
        "opening_h9": null,
        "designatio": null,
        "layer": 0,
        "area": null,
        "location": null,
        "public_tra": null,
        "railway": null,
        "subway": null,
        "station": null,
        "surface": null,
        "name_zh": null,
        "admin_leve": 0,
        "boundary": null,
        "water": null,
        "place": null,
        "building_p": null,
        "min_height": 0,
        "min": 0,
        "name_zh_H1": null,
        "name_zh_Ha": null,
        "operator": null,
        "operator_t": null,
        "short_name": null,
        "short_nam1": null,
        "short_nam2": null,
        "wikidata": null,
        "wikipedia": null,
        "garden_typ": null,
        "access": null,
        "note": null,
        "female": null,
        "toilets_di": null,
        "male": null,
        "wheelchair": null,
        "alt_name": null,
        "old_name": null,
        "PERIMETER": null,
        "ENCLOSED_A": null
      },
      "geometry": {
        "type": "MultiPolygon",
        "coordinates": [
          [
            [
              [
                114.36528632328134,
                30.530953923605047
              ],
              [
                114.36530069031784,
                30.530998141415765
              ],
              [
                114.3655377914915,
                30.53094145157017
              ],
              [
                114.3655178445898,
                30.530880222958775
              ],
              [
                114.36528632328134,
                30.530953923605047
              ]
            ]
          ]
        ]
      }
    },
    {
      "type": "Feature",
      "properties": {
        "GM_LAYER": "building",
        "GM_TYPE": "Misc. Manmade Structure",
        "ELEVATION": 0,
        "visible": "true",
        "version": 1,
        "changeset": 8181777,
        "timestamp": "2011-05-18T14:48:05Z",
        "user": "GeoSUN",
        "uid": 414582,
        "covered": null,
        "leisure": null,
        "name": null,
        "sport": null,
        "id": 113820000.0,
        "building": "yes",
        "building_l": 0,
        "height": null,
        "shop": null,
        "landuse": null,
        "addr_city": null,
        "addr_house": null,
        "addr_postc": 0,
        "addr_stree": null,
        "name_en": null,
        "website": null,
        "amenity": null,
        "addr_distr": null,
        "addr_hous1": null,
        "addr_provi": null,
        "int_name": null,
        "natural": null,
        "descriptio": null,
        "cuisine": null,
        "fast_food": null,
        "level": 0,
        "opening_h9": null,
        "designatio": null,
        "layer": 0,
        "area": null,
        "location": null,
        "public_tra": null,
        "railway": null,
        "subway": null,
        "station": null,
        "surface": null,
        "name_zh": null,
        "admin_leve": 0,
        "boundary": null,
        "water": null,
        "place": null,
        "building_p": null,
        "min_height": 0,
        "min": 0,
        "name_zh_H1": null,
        "name_zh_Ha": null,
        "operator": null,
        "operator_t": null,
        "short_name": null,
        "short_nam1": null,
        "short_nam2": null,
        "wikidata": null,
        "wikipedia": null,
        "garden_typ": null,
        "access": null,
        "note": null,
        "female": null,
        "toilets_di": null,
        "male": null,
        "wheelchair": null,
        "alt_name": null,
        "old_name": null,
        "PERIMETER": null,
        "ENCLOSED_A": null
      },
      "geometry": {
        "type": "MultiPolygon",
        "coordinates": [
          [
            [
              [
                114.36476628769648,
                30.531119294185974
              ],
              [
                114.36477875363275,
                30.531152712284516
              ],
              [
                114.36519355624672,
                30.53102724849687
              ],
              [
                114.36517890688852,
                30.530988101521732
              ],
              [
                114.36476628769648,
                30.531119294185974
              ]
            ]
          ]
        ]
      }
    },
    {
      "type": "Feature",
      "properties": {
        "GM_LAYER": "building",
        "GM_TYPE": "Misc. Manmade Structure",
        "ELEVATION": 0,
        "visible": "true",
        "version": 2,
        "changeset": 81427519,
        "timestamp": "2020-02-25T00:25:54Z",
        "user": "sun-jiao",
        "uid": 4871040,
        "covered": null,
        "leisure": null,
        "name": "广埠屯资讯广场",
        "sport": null,
        "id": 113820000.0,
        "building": "yes",
        "building_l": 0,
        "height": null,
        "shop": null,
        "landuse": null,
        "addr_city": null,
        "addr_house": null,
        "addr_postc": 0,
        "addr_stree": null,
        "name_en": null,
        "website": null,
        "amenity": null,
        "addr_distr": null,
        "addr_hous1": null,
        "addr_provi": null,
        "int_name": null,
        "natural": null,
        "descriptio": null,
        "cuisine": null,
        "fast_food": null,
        "level": 0,
        "opening_h9": null,
        "designatio": null,
        "layer": 1,
        "area": null,
        "location": null,
        "public_tra": null,
        "railway": null,
        "subway": null,
        "station": null,
        "surface": null,
        "name_zh": null,
        "admin_leve": 0,
        "boundary": null,
        "water": null,
        "place": null,
        "building_p": null,
        "min_height": 0,
        "min": 0,
        "name_zh_H1": null,
        "name_zh_Ha": null,
        "operator": null,
        "operator_t": null,
        "short_name": null,
        "short_nam1": null,
        "short_nam2": null,
        "wikidata": null,
        "wikipedia": null,
        "garden_typ": null,
        "access": null,
        "note": null,
        "female": null,
        "toilets_di": null,
        "male": null,
        "wheelchair": null,
        "alt_name": null,
        "old_name": null,
        "PERIMETER": null,
        "ENCLOSED_A": null
      },
      "geometry": {
        "type": "MultiPolygon",
        "coordinates": [
          [
            [
              [
                114.36637820920562,
                30.530605923910297
              ],
              [
                114.36638064214573,
                30.530612565647097
              ],
              [
                114.36643969610068,
                30.530655169287673
              ],
              [
                114.36649347067578,
                30.53065295502943
              ],
              [
                114.36732625709777,
                30.53037199360084
              ],
              [
                114.36733438481535,
                30.53034659627267
              ],
              [
                114.3673424192327,
                30.530309597159217
              ],
              [
                114.36736816450194,
                30.530289494494845
              ],
              [
                114.36637820920562,
                30.530605923910297
              ]
            ]
          ],
          [
            [
              [
                114.36776572058771,
                30.530162174388863
              ],
              [
                114.3677885114265,
                30.530185022541097
              ],
              [
                114.3679586050693,
                30.530100351213243
              ],
              [
                114.36776572058771,
                30.530162174388863
              ]
            ]
          ]
        ]
      }
    },
    {
      "type": "Feature",
      "properties": {
        "GM_LAYER": "landuse - construction",
        "GM_TYPE": "Unknown Area Type",
        "ELEVATION": 0,
        "visible": "true",
        "version": 1,
        "changeset": 9080911,
        "timestamp": "2011-08-21T06:45:06Z",
        "user": "GeoSUN",
        "uid": 414582,
        "covered": null,
        "leisure": null,
        "name": null,
        "sport": null,
        "id": 127025000.0,
        "building": null,
        "building_l": 0,
        "height": null,
        "shop": null,
        "landuse": "construction",
        "addr_city": null,
        "addr_house": null,
        "addr_postc": 0,
        "addr_stree": null,
        "name_en": null,
        "website": null,
        "amenity": null,
        "addr_distr": null,
        "addr_hous1": null,
        "addr_provi": null,
        "int_name": null,
        "natural": null,
        "descriptio": null,
        "cuisine": null,
        "fast_food": null,
        "level": 0,
        "opening_h9": null,
        "designatio": null,
        "layer": 0,
        "area": null,
        "location": null,
        "public_tra": null,
        "railway": null,
        "subway": null,
        "station": null,
        "surface": null,
        "name_zh": null,
        "admin_leve": 0,
        "boundary": null,
        "water": null,
        "place": null,
        "building_p": null,
        "min_height": 0,
        "min": 0,
        "name_zh_H1": null,
        "name_zh_Ha": null,
        "operator": null,
        "operator_t": null,
        "short_name": null,
        "short_nam1": null,
        "short_nam2": null,
        "wikidata": null,
        "wikipedia": null,
        "garden_typ": null,
        "access": null,
        "note": null,
        "female": null,
        "toilets_di": null,
        "male": null,
        "wheelchair": null,
        "alt_name": null,
        "old_name": null,
        "PERIMETER": null,
        "ENCLOSED_A": null
      },
      "geometry": {
        "type": "MultiPolygon",
        "coordinates": [
          [
            [
              [
                114.36560146717183,
                30.53093820788217
              ],
              [
                114.36631539312303,
                30.530714968053523
              ],
              [
                114.36628213493422,
                30.53063658669127
              ],
              [
                114.36556985100475,
                30.530863661103595
              ],
              [
                114.36560146717183,
                30.53093820788217
              ]
            ]
          ]
        ]
      }
    },
    {
      "type": "Feature",
      "properties": {
        "GM_LAYER": "building",
        "GM_TYPE": "Misc. Manmade Structure",
        "ELEVATION": 0,
        "visible": "true",
        "version": 5,
        "changeset": 53332871,
        "timestamp": "2017-10-29T05:44:21Z",
        "user": "FlyingXiang",
        "uid": 1018672,
        "covered": null,
        "leisure": null,
        "name": "2号教学楼",
        "sport": null,
        "id": 127026000.0,
        "building": "yes",
        "building_l": 0,
        "height": null,
        "shop": null,
        "landuse": null,
        "addr_city": null,
        "addr_house": null,
        "addr_postc": 0,
        "addr_stree": null,
        "name_en": null,
        "website": null,
        "amenity": null,
        "addr_distr": null,
        "addr_hous1": null,
        "addr_provi": null,
        "int_name": null,
        "natural": null,
        "descriptio": null,
        "cuisine": null,
        "fast_food": null,
        "level": 0,
        "opening_h9": null,
        "designatio": null,
        "layer": 0,
        "area": null,
        "location": null,
        "public_tra": null,
        "railway": null,
        "subway": null,
        "station": null,
        "surface": null,
        "name_zh": null,
        "admin_leve": 0,
        "boundary": null,
        "water": null,
        "place": null,
        "building_p": null,
        "min_height": 0,
        "min": 0,
        "name_zh_H1": null,
        "name_zh_Ha": null,
        "operator": null,
        "operator_t": null,
        "short_name": null,
        "short_nam1": null,
        "short_nam2": null,
        "wikidata": null,
        "wikipedia": null,
        "garden_typ": null,
        "access": null,
        "note": null,
        "female": null,
        "toilets_di": null,
        "male": null,
        "wheelchair": null,
        "alt_name": null,
        "old_name": null,
        "PERIMETER": null,
        "ENCLOSED_A": null
      },
      "geometry": {
        "type": "MultiPolygon",
        "coordinates": [
          [
            [
              [
                114.36837047578564,
                30.532916707759203
              ],
              [
                114.36905004881181,
                30.53291323178861
              ],
              [
                114.36905013902947,
                30.532927733413224
              ],
              [
                114.36918059539585,
                30.532926810819994
              ],
              [
                114.36917865592059,
                30.532686084275248
              ],
              [
                114.36905060430229,
                30.53268700449922
              ],
              [
                114.36905116024118,
                30.532753411922965
              ],
              [
                114.36890658053399,
                30.53275442897663
              ],
              [
                114.36871952503277,
                30.53275655094652
              ],
              [
                114.36851424447765,
                30.532758046268025
              ],
              [
                114.36851406191305,
                30.532731943219797
              ],
              [
                114.36836980096287,
                30.532731785946634
              ],
              [
                114.36837047578564,
                30.532916707759203
              ]
            ]
          ]
        ]
      }
    },
    {
      "type": "Feature",
      "properties": {
        "GM_LAYER": "building",
        "GM_TYPE": "Misc. Manmade Structure",
        "ELEVATION": 0,
        "visible": "true",
        "version": 4,
        "changeset": 53332871,
        "timestamp": "2017-10-29T05:44:21Z",
        "user": "FlyingXiang",
        "uid": 1018672,
        "covered": null,
        "leisure": null,
        "name": "1号教学楼东（原附2教学楼）",
        "sport": null,
        "id": 127026000.0,
        "building": "yes",
        "building_l": 0,
        "height": null,
        "shop": null,
        "landuse": null,
        "addr_city": null,
        "addr_house": null,
        "addr_postc": 0,
        "addr_stree": null,
        "name_en": null,
        "website": null,
        "amenity": null,
        "addr_distr": null,
        "addr_hous1": null,
        "addr_provi": null,
        "int_name": null,
        "natural": null,
        "descriptio": null,
        "cuisine": null,
        "fast_food": null,
        "level": 0,
        "opening_h9": null,
        "designatio": null,
        "layer": 0,
        "area": null,
        "location": null,
        "public_tra": null,
        "railway": null,
        "subway": null,
        "station": null,
        "surface": null,
        "name_zh": null,
        "admin_leve": 0,
        "boundary": null,
        "water": null,
        "place": null,
        "building_p": null,
        "min_height": 0,
        "min": 0,
        "name_zh_H1": null,
        "name_zh_Ha": null,
        "operator": null,
        "operator_t": null,
        "short_name": null,
        "short_nam1": null,
        "short_nam2": null,
        "wikidata": null,
        "wikipedia": null,
        "garden_typ": null,
        "access": null,
        "note": null,
        "female": null,
        "toilets_di": null,
        "male": null,
        "wheelchair": null,
        "alt_name": null,
        "old_name": null,
        "PERIMETER": null,
        "ENCLOSED_A": null
      },
      "geometry": {
        "type": "MultiPolygon",
        "coordinates": [
          [
            [
              [
                114.36837057046058,
                30.53292470868166
              ],
              [
                114.36837047578564,
                30.532916707759203
              ],
              [
                114.36836980096287,
                30.532731785946634
              ],
              [
                114.36836991558428,
                30.53271058338395
              ],
              [
                114.36825891822875,
                30.532710102679875
              ],
              [
                114.36817066302268,
                30.532710109656392
              ],
              [
                114.36817065028512,
                30.53272881189739
              ],
              [
                114.36817191802325,
                30.532925535242615
              ],
              [
                114.36825676750897,
                30.532925128510772
              ],
              [
                114.36837057046058,
                30.53292470868166
              ]
            ]
          ]
        ]
      }
    },
    {
      "type": "Feature",
      "properties": {
        "GM_LAYER": "building",
        "GM_TYPE": "Misc. Manmade Structure",
        "ELEVATION": 0,
        "visible": "true",
        "version": 3,
        "changeset": 65574893,
        "timestamp": "2018-12-18T09:15:44Z",
        "user": "anita8023",
        "uid": 9253766,
        "covered": null,
        "leisure": null,
        "name": "1号教学楼",
        "sport": null,
        "id": 127026000.0,
        "building": "yes",
        "building_l": 7,
        "height": null,
        "shop": null,
        "landuse": null,
        "addr_city": null,
        "addr_house": null,
        "addr_postc": 0,
        "addr_stree": null,
        "name_en": null,
        "website": null,
        "amenity": null,
        "addr_distr": null,
        "addr_hous1": null,
        "addr_provi": null,
        "int_name": null,
        "natural": null,
        "descriptio": null,
        "cuisine": null,
        "fast_food": null,
        "level": 0,
        "opening_h9": null,
        "designatio": null,
        "layer": 0,
        "area": null,
        "location": null,
        "public_tra": null,
        "railway": null,
        "subway": null,
        "station": null,
        "surface": null,
        "name_zh": null,
        "admin_leve": 0,
        "boundary": null,
        "water": null,
        "place": null,
        "building_p": null,
        "min_height": 0,
        "min": 0,
        "name_zh_H1": null,
        "name_zh_Ha": null,
        "operator": null,
        "operator_t": null,
        "short_name": null,
        "short_nam1": null,
        "short_nam2": null,
        "wikidata": null,
        "wikipedia": null,
        "garden_typ": null,
        "access": null,
        "note": null,
        "female": null,
        "toilets_di": null,
        "male": null,
        "wheelchair": null,
        "alt_name": null,
        "old_name": null,
        "PERIMETER": null,
        "ENCLOSED_A": null
      },
      "geometry": {
        "type": "MultiPolygon",
        "coordinates": [
          [
            [
              [
                114.36711439072157,
                30.532931440301894
              ],
              [
                114.36817191802325,
                30.532925535242615
              ],
              [
                114.36817065028512,
                30.53272881189739
              ],
              [
                114.36803952238722,
                30.53272960858825
              ],
              [
                114.36803971018608,
                30.53274801080834
              ],
              [
                114.36775532924311,
                30.53274974708906
              ],
              [
                114.36775496155812,
                30.532701341144627
              ],
              [
                114.36752829138781,
                30.532702634725823
              ],
              [
                114.36752866041432,
                30.532749040518546
              ],
              [
                114.36724591502774,
                30.532750538760734
              ],
              [
                114.36724573040169,
                30.532727535835928
              ],
              [
                114.36711282733874,
                30.532728214452387
              ],
              [
                114.36711439072157,
                30.532931440301894
              ]
            ]
          ]
        ]
      }
    },
    {
      "type": "Feature",
      "properties": {
        "GM_LAYER": "building",
        "GM_TYPE": "Misc. Manmade Structure",
        "ELEVATION": 0,
        "visible": "true",
        "version": 4,
        "changeset": 53332871,
        "timestamp": "2017-10-29T05:44:21Z",
        "user": "FlyingXiang",
        "uid": 1018672,
        "covered": null,
        "leisure": null,
        "name": "1号教学楼西（原附1教学楼）",
        "sport": null,
        "id": 127026000.0,
        "building": "yes",
        "building_l": 0,
        "height": null,
        "shop": null,
        "landuse": null,
        "addr_city": null,
        "addr_house": null,
        "addr_postc": 0,
        "addr_stree": null,
        "name_en": null,
        "website": null,
        "amenity": null,
        "addr_distr": null,
        "addr_hous1": null,
        "addr_provi": null,
        "int_name": null,
        "natural": null,
        "descriptio": null,
        "cuisine": null,
        "fast_food": null,
        "level": 0,
        "opening_h9": null,
        "designatio": null,
        "layer": 0,
        "area": null,
        "location": null,
        "public_tra": null,
        "railway": null,
        "subway": null,
        "station": null,
        "surface": null,
        "name_zh": null,
        "admin_leve": 0,
        "boundary": null,
        "water": null,
        "place": null,
        "building_p": null,
        "min_height": 0,
        "min": 0,
        "name_zh_H1": null,
        "name_zh_Ha": null,
        "operator": null,
        "operator_t": null,
        "short_name": null,
        "short_nam1": null,
        "short_nam2": null,
        "wikidata": null,
        "wikipedia": null,
        "garden_typ": null,
        "access": null,
        "note": null,
        "female": null,
        "toilets_di": null,
        "male": null,
        "wheelchair": null,
        "alt_name": null,
        "old_name": null,
        "PERIMETER": null,
        "ENCLOSED_A": null
      },
      "geometry": {
        "type": "MultiPolygon",
        "coordinates": [
          [
            [
              [
                114.36691088703377,
                30.53293312196863
              ],
              [
                114.36700242201319,
                30.532933025175346
              ],
              [
                114.36711439072157,
                30.532931440301894
              ],
              [
                114.36711282733874,
                30.532728214452387
              ],
              [
                114.36711434009585,
                30.532712814073477
              ],
              [
                114.36700086856379,
                30.53271529740461
              ],
              [
                114.36690823309999,
                30.53271379256146
              ],
              [
                114.36690731351993,
                30.53274059471552
              ],
              [
                114.36690839734244,
                30.53291281663089
              ],
              [
                114.36691088703377,
                30.53293312196863
              ]
            ]
          ]
        ]
      }
    },
    {
      "type": "Feature",
      "properties": {
        "GM_LAYER": "building",
        "GM_TYPE": "Misc. Manmade Structure",
        "ELEVATION": 0,
        "visible": "true",
        "version": 5,
        "changeset": 53332871,
        "timestamp": "2017-10-29T05:44:21Z",
        "user": "FlyingXiang",
        "uid": 1018672,
        "covered": null,
        "leisure": null,
        "name": "印刷包装系（3号教学楼）",
        "sport": null,
        "id": 127026000.0,
        "building": "yes",
        "building_l": 0,
        "height": null,
        "shop": null,
        "landuse": null,
        "addr_city": null,
        "addr_house": null,
        "addr_postc": 0,
        "addr_stree": null,
        "name_en": null,
        "website": null,
        "amenity": null,
        "addr_distr": null,
        "addr_hous1": "3号教学楼",
        "addr_provi": null,
        "int_name": null,
        "natural": null,
        "descriptio": null,
        "cuisine": null,
        "fast_food": null,
        "level": 0,
        "opening_h9": null,
        "designatio": null,
        "layer": 0,
        "area": null,
        "location": null,
        "public_tra": null,
        "railway": null,
        "subway": null,
        "station": null,
        "surface": null,
        "name_zh": null,
        "admin_leve": 0,
        "boundary": null,
        "water": null,
        "place": null,
        "building_p": null,
        "min_height": 0,
        "min": 0,
        "name_zh_H1": null,
        "name_zh_Ha": null,
        "operator": null,
        "operator_t": null,
        "short_name": null,
        "short_nam1": null,
        "short_nam2": null,
        "wikidata": null,
        "wikipedia": null,
        "garden_typ": null,
        "access": null,
        "note": null,
        "female": null,
        "toilets_di": null,
        "male": null,
        "wheelchair": null,
        "alt_name": null,
        "old_name": null,
        "PERIMETER": null,
        "ENCLOSED_A": null
      },
      "geometry": {
        "type": "MultiPolygon",
        "coordinates": [
          [
            [
              [
                114.36690839734244,
                30.53291281663089
              ],
              [
                114.36690731351993,
                30.53274059471552
              ],
              [
                114.36677832645016,
                30.532741035191428
              ],
              [
                114.36677851206788,
                30.532762538025104
              ],
              [
                114.36637585235435,
                30.53276403726698
              ],
              [
                114.36624007190625,
                30.532764599559986
              ],
              [
                114.36620162165951,
                30.532764629011286
              ],
              [
                114.3662015742705,
                30.53268721954096
              ],
              [
                114.36611095728524,
                30.532687147630025
              ],
              [
                114.36611120321862,
                30.532913175380983
              ],
              [
                114.36690839734244,
                30.53291281663089
              ]
            ]
          ]
        ]
      }
    },
    {
      "type": "Feature",
      "properties": {
        "GM_LAYER": "leisure - pitch",
        "GM_TYPE": "Misc. Manmade Structure",
        "ELEVATION": 0,
        "visible": "true",
        "version": 3,
        "changeset": 118133253,
        "timestamp": "2022-03-05T16:48:25Z",
        "user": "whu131",
        "uid": 15239342,
        "covered": null,
        "leisure": "pitch",
        "name": "篮球场",
        "sport": "basketball",
        "id": 199756000.0,
        "building": null,
        "building_l": 0,
        "height": null,
        "shop": null,
        "landuse": null,
        "addr_city": null,
        "addr_house": null,
        "addr_postc": 0,
        "addr_stree": null,
        "name_en": null,
        "website": null,
        "amenity": null,
        "addr_distr": null,
        "addr_hous1": null,
        "addr_provi": null,
        "int_name": null,
        "natural": null,
        "descriptio": null,
        "cuisine": null,
        "fast_food": null,
        "level": 0,
        "opening_h9": null,
        "designatio": null,
        "layer": 0,
        "area": null,
        "location": null,
        "public_tra": null,
        "railway": null,
        "subway": null,
        "station": null,
        "surface": null,
        "name_zh": null,
        "admin_leve": 0,
        "boundary": null,
        "water": null,
        "place": null,
        "building_p": null,
        "min_height": 0,
        "min": 0,
        "name_zh_H1": null,
        "name_zh_Ha": null,
        "operator": null,
        "operator_t": null,
        "short_name": null,
        "short_nam1": null,
        "short_nam2": null,
        "wikidata": null,
        "wikipedia": null,
        "garden_typ": null,
        "access": null,
        "note": null,
        "female": null,
        "toilets_di": null,
        "male": null,
        "wheelchair": null,
        "alt_name": null,
        "old_name": null,
        "PERIMETER": null,
        "ENCLOSED_A": null
      },
      "geometry": {
        "type": "MultiPolygon",
        "coordinates": [
          [
            [
              [
                114.36861799137309,
                30.534912041618842
              ],
              [
                114.36909018556977,
                30.534917415657766
              ],
              [
                114.36909037922175,
                30.534658588779116
              ],
              [
                114.36861958422712,
                30.53465771453545
              ],
              [
                114.36861799137309,
                30.534912041618842
              ]
            ]
          ]
        ]
      }
    },
    {
      "type": "Feature",
      "properties": {
        "GM_LAYER": "building",
        "GM_TYPE": "Misc. Manmade Structure",
        "ELEVATION": 0,
        "visible": "true",
        "version": 2,
        "changeset": 14716252,
        "timestamp": "2013-01-20T06:17:38Z",
        "user": "kun3721",
        "uid": 1195808,
        "covered": null,
        "leisure": null,
        "name": "11栋",
        "sport": null,
        "id": 202059000.0,
        "building": "yes",
        "building_l": 0,
        "height": null,
        "shop": null,
        "landuse": null,
        "addr_city": null,
        "addr_house": null,
        "addr_postc": 0,
        "addr_stree": null,
        "name_en": null,
        "website": null,
        "amenity": null,
        "addr_distr": null,
        "addr_hous1": null,
        "addr_provi": null,
        "int_name": null,
        "natural": null,
        "descriptio": null,
        "cuisine": null,
        "fast_food": null,
        "level": 0,
        "opening_h9": null,
        "designatio": null,
        "layer": 0,
        "area": null,
        "location": null,
        "public_tra": null,
        "railway": null,
        "subway": null,
        "station": null,
        "surface": null,
        "name_zh": null,
        "admin_leve": 0,
        "boundary": null,
        "water": null,
        "place": null,
        "building_p": null,
        "min_height": 0,
        "min": 0,
        "name_zh_H1": null,
        "name_zh_Ha": null,
        "operator": null,
        "operator_t": null,
        "short_name": null,
        "short_nam1": null,
        "short_nam2": null,
        "wikidata": null,
        "wikipedia": null,
        "garden_typ": null,
        "access": null,
        "note": null,
        "female": null,
        "toilets_di": null,
        "male": null,
        "wheelchair": null,
        "alt_name": null,
        "old_name": null,
        "PERIMETER": null,
        "ENCLOSED_A": null
      },
      "geometry": {
        "type": "MultiPolygon",
        "coordinates": [
          [
            [
              [
                114.36536008780227,
                30.537060183434797
              ],
              [
                114.3653592110997,
                30.5369063669067
              ],
              [
                114.36520103810824,
                30.536906634310068
              ],
              [
                114.3652012031147,
                30.53695023881788
              ],
              [
                114.36514674483203,
                30.536950384338102
              ],
              [
                114.36514648286936,
                30.53690287917962
              ],
              [
                114.36500273237641,
                30.536903157695225
              ],
              [
                114.36500300127712,
                30.53694206211811
              ],
              [
                114.36495825541098,
                30.53694212688892
              ],
              [
                114.36495808596973,
                30.536904022830285
              ],
              [
                114.36476349183067,
                30.5369043123857
              ],
              [
                114.36476436588539,
                30.537061229771997
              ],
              [
                114.36536008780227,
                30.537060183434797
              ]
            ]
          ]
        ]
      }
    },
    {
      "type": "Feature",
      "properties": {
        "GM_LAYER": "building",
        "GM_TYPE": "Misc. Manmade Structure",
        "ELEVATION": 0,
        "visible": "true",
        "version": 3,
        "changeset": 25879259,
        "timestamp": "2014-10-05T16:21:10Z",
        "user": "SimpleLuke",
        "uid": 2092629,
        "covered": null,
        "leisure": null,
        "name": "教学实验大楼",
        "sport": null,
        "id": 202280000.0,
        "building": "yes",
        "building_l": 0,
        "height": null,
        "shop": null,
        "landuse": null,
        "addr_city": null,
        "addr_house": null,
        "addr_postc": 0,
        "addr_stree": null,
        "name_en": null,
        "website": null,
        "amenity": null,
        "addr_distr": null,
        "addr_hous1": null,
        "addr_provi": null,
        "int_name": null,
        "natural": null,
        "descriptio": null,
        "cuisine": null,
        "fast_food": null,
        "level": 0,
        "opening_h9": null,
        "designatio": null,
        "layer": 0,
        "area": null,
        "location": null,
        "public_tra": null,
        "railway": null,
        "subway": null,
        "station": null,
        "surface": null,
        "name_zh": null,
        "admin_leve": 0,
        "boundary": null,
        "water": null,
        "place": null,
        "building_p": null,
        "min_height": 0,
        "min": 0,
        "name_zh_H1": null,
        "name_zh_Ha": null,
        "operator": null,
        "operator_t": null,
        "short_name": null,
        "short_nam1": null,
        "short_nam2": null,
        "wikidata": null,
        "wikipedia": null,
        "garden_typ": null,
        "access": null,
        "note": null,
        "female": null,
        "toilets_di": null,
        "male": null,
        "wheelchair": null,
        "alt_name": null,
        "old_name": null,
        "PERIMETER": null,
        "ENCLOSED_A": null
      },
      "geometry": {
        "type": "MultiPolygon",
        "coordinates": [
          [
            [
              [
                114.36898721899568,
                30.531567419087782
              ],
              [
                114.36898730732193,
                30.531428801030852
              ],
              [
                114.36849558730263,
                30.531424486338604
              ],
              [
                114.36844057119318,
                30.531450107311354
              ],
              [
                114.36841850076108,
                30.53149821984099
              ],
              [
                114.3684132609885,
                30.53154582744435
              ],
              [
                114.368417064766,
                30.531861366908316
              ],
              [
                114.36843346140316,
                30.531912068745306
              ],
              [
                114.36847912914132,
                30.531935157530977
              ],
              [
                114.36892486177926,
                30.531935014993003
              ],
              [
                114.36897687560398,
                30.53191387168083
              ],
              [
                114.369009466329,
                30.531871239516686
              ],
              [
                114.36901069447445,
                30.53183153346124
              ],
              [
                114.36898787071817,
                30.531800048352967
              ],
              [
                114.36892245177818,
                30.53178929837196
              ],
              [
                114.36858932839647,
                30.531784896166258
              ],
              [
                114.3685948737345,
                30.53157466673696
              ],
              [
                114.36898721899568,
                30.531567419087782
              ]
            ]
          ]
        ]
      }
    },
    {
      "type": "Feature",
      "properties": {
        "GM_LAYER": "railway - platform",
        "GM_TYPE": "Misc. Manmade Structure",
        "ELEVATION": 0,
        "visible": "true",
        "version": 13,
        "changeset": 108163473,
        "timestamp": "2021-07-17T14:58:41Z",
        "user": "bolo_2020",
        "uid": 542604,
        "covered": null,
        "leisure": null,
        "name": "街道口地铁站",
        "sport": null,
        "id": 203425000.0,
        "building": null,
        "building_l": 0,
        "height": null,
        "shop": null,
        "landuse": null,
        "addr_city": null,
        "addr_house": null,
        "addr_postc": 0,
        "addr_stree": null,
        "name_en": null,
        "website": null,
        "amenity": null,
        "addr_distr": null,
        "addr_hous1": null,
        "addr_provi": null,
        "int_name": null,
        "natural": null,
        "descriptio": null,
        "cuisine": null,
        "fast_food": null,
        "level": 0,
        "opening_h9": null,
        "designatio": null,
        "layer": -2,
        "area": "yes",
        "location": "underground",
        "public_tra": "platform",
        "railway": "platform",
        "subway": "yes",
        "station": null,
        "surface": null,
        "name_zh": null,
        "admin_leve": 0,
        "boundary": null,
        "water": null,
        "place": null,
        "building_p": null,
        "min_height": 0,
        "min": 0,
        "name_zh_H1": null,
        "name_zh_Ha": null,
        "operator": null,
        "operator_t": null,
        "short_name": null,
        "short_nam1": null,
        "short_nam2": null,
        "wikidata": null,
        "wikipedia": null,
        "garden_typ": null,
        "access": null,
        "note": null,
        "female": null,
        "toilets_di": null,
        "male": null,
        "wheelchair": null,
        "alt_name": null,
        "old_name": null,
        "PERIMETER": null,
        "ENCLOSED_A": null
      },
      "geometry": {
        "type": "MultiPolygon",
        "coordinates": [
          [
            [
              [
                114.35952419532119,
                30.532773072152306
              ],
              [
                114.3596670806532,
                30.533130612064816
              ],
              [
                114.3611469747845,
                30.532736563277815
              ],
              [
                114.36120288349838,
                30.532882851658368
              ],
              [
                114.36148489314272,
                30.532803765181885
              ],
              [
                114.36145344079046,
                30.53272365553129
              ],
              [
                114.36128917335282,
                30.532773703867612
              ],
              [
                114.3611062652096,
                30.53229703627777
              ],
              [
                114.3612774254523,
                30.532248260818015
              ],
              [
                114.36126973681827,
                30.53222501759446
              ],
              [
                114.36099553574306,
                30.53231128045955
              ],
              [
                114.36100203182514,
                30.53232653815074
              ],
              [
                114.3610160115328,
                30.53235943708317
              ],
              [
                114.3603696588665,
                30.532537592301978
              ],
              [
                114.36011712415184,
                30.532607112653967
              ],
              [
                114.36000691361922,
                30.532637074091184
              ],
              [
                114.35977449849479,
                30.53270256986666
              ],
              [
                114.35952419532119,
                30.532773072152306
              ]
            ]
          ]
        ]
      }
    },
    {
      "type": "Feature",
      "properties": {
        "GM_LAYER": "building",
        "GM_TYPE": "Misc. Manmade Structure",
        "ELEVATION": 0,
        "visible": "true",
        "version": 8,
        "changeset": 118770508,
        "timestamp": "2022-03-22T09:40:45Z",
        "user": "shutdown00",
        "uid": 13402096,
        "covered": null,
        "leisure": null,
        "name": "广埠屯地铁站",
        "sport": null,
        "id": 203425000.0,
        "building": "yes",
        "building_l": 0,
        "height": null,
        "shop": null,
        "landuse": null,
        "addr_city": null,
        "addr_house": null,
        "addr_postc": 0,
        "addr_stree": null,
        "name_en": null,
        "website": null,
        "amenity": null,
        "addr_distr": null,
        "addr_hous1": null,
        "addr_provi": null,
        "int_name": null,
        "natural": null,
        "descriptio": null,
        "cuisine": null,
        "fast_food": null,
        "level": 0,
        "opening_h9": null,
        "designatio": null,
        "layer": -2,
        "area": null,
        "location": "underground",
        "public_tra": "station",
        "railway": null,
        "subway": "yes",
        "station": "subway",
        "surface": null,
        "name_zh": null,
        "admin_leve": 0,
        "boundary": null,
        "water": null,
        "place": null,
        "building_p": null,
        "min_height": 0,
        "min": 0,
        "name_zh_H1": null,
        "name_zh_Ha": null,
        "operator": null,
        "operator_t": null,
        "short_name": null,
        "short_nam1": null,
        "short_nam2": null,
        "wikidata": null,
        "wikipedia": null,
        "garden_typ": null,
        "access": null,
        "note": null,
        "female": null,
        "toilets_di": null,
        "male": null,
        "wheelchair": null,
        "alt_name": null,
        "old_name": null,
        "PERIMETER": null,
        "ENCLOSED_A": null
      },
      "geometry": {
        "type": "MultiPolygon",
        "coordinates": [
          [
            [
              [
                114.36853362237899,
                30.530338025015645
              ],
              [
                114.3686418519569,
                30.53028687083967
              ],
              [
                114.369099936167,
                30.53093223728352
              ],
              [
                114.36917149528026,
                30.53090206474336
              ],
              [
                114.36869747330229,
                30.53025653806734
              ],
              [
                114.36883387876973,
                30.53016887532531
              ],
              [
                114.36872326918142,
                30.52995194896403
              ],
              [
                114.36853999650718,
                30.530060883170652
              ],
              [
                114.36851617457602,
                30.530023586788115
              ],
              [
                114.3687077250347,
                30.529921462834803
              ],
              [
                114.36868076744663,
                30.529868591318344
              ],
              [
                114.36832992263977,
                30.53005074216504
              ],
              [
                114.36853362237899,
                30.530338025015645
              ]
            ]
          ]
        ]
      }
    },
    {
      "type": "Feature",
      "properties": {
        "GM_LAYER": "leisure - pitch",
        "GM_TYPE": "Misc. Manmade Structure",
        "ELEVATION": 0,
        "visible": "true",
        "version": 2,
        "changeset": 68540363,
        "timestamp": "2019-03-26T10:23:40Z",
        "user": "Yienlilu",
        "uid": 9332744,
        "covered": null,
        "leisure": "pitch",
        "name": "国家网络安全学院露天篮球场",
        "sport": "basketball",
        "id": 220976000.0,
        "building": null,
        "building_l": 0,
        "height": null,
        "shop": null,
        "landuse": null,
        "addr_city": null,
        "addr_house": null,
        "addr_postc": 0,
        "addr_stree": null,
        "name_en": null,
        "website": null,
        "amenity": null,
        "addr_distr": null,
        "addr_hous1": null,
        "addr_provi": null,
        "int_name": null,
        "natural": null,
        "descriptio": null,
        "cuisine": null,
        "fast_food": null,
        "level": 0,
        "opening_h9": null,
        "designatio": null,
        "layer": 0,
        "area": null,
        "location": null,
        "public_tra": null,
        "railway": null,
        "subway": null,
        "station": null,
        "surface": "paved",
        "name_zh": null,
        "admin_leve": 0,
        "boundary": null,
        "water": null,
        "place": null,
        "building_p": null,
        "min_height": 0,
        "min": 0,
        "name_zh_H1": null,
        "name_zh_Ha": null,
        "operator": null,
        "operator_t": null,
        "short_name": null,
        "short_nam1": null,
        "short_nam2": null,
        "wikidata": null,
        "wikipedia": null,
        "garden_typ": null,
        "access": null,
        "note": null,
        "female": null,
        "toilets_di": null,
        "male": null,
        "wheelchair": null,
        "alt_name": null,
        "old_name": null,
        "PERIMETER": null,
        "ENCLOSED_A": null
      },
      "geometry": {
        "type": "MultiPolygon",
        "coordinates": [
          [
            [
              [
                114.36269413915036,
                30.534616952585832
              ],
              [
                114.36303752571514,
                30.534615782627974
              ],
              [
                114.36304949741432,
                30.534256701281965
              ],
              [
                114.3626944082887,
                30.53425211359228
              ],
              [
                114.36269413915036,
                30.534616952585832
              ]
            ]
          ]
        ]
      }
    },
    {
      "type": "Feature",
      "properties": {
        "GM_LAYER": "amenity - school",
        "GM_TYPE": "Misc. Manmade Structure",
        "ELEVATION": 0,
        "visible": "true",
        "version": 3,
        "changeset": 118059411,
        "timestamp": "2022-03-03T15:07:05Z",
        "user": "Wei Yuanbiao",
        "uid": 12389142,
        "covered": null,
        "leisure": null,
        "name": "武漢大學附屬中學 (初中部)",
        "sport": null,
        "id": 229798000.0,
        "building": null,
        "building_l": 0,
        "height": null,
        "shop": null,
        "landuse": null,
        "addr_city": null,
        "addr_house": null,
        "addr_postc": 0,
        "addr_stree": null,
        "name_en": null,
        "website": null,
        "amenity": "school",
        "addr_distr": null,
        "addr_hous1": null,
        "addr_provi": null,
        "int_name": null,
        "natural": null,
        "descriptio": null,
        "cuisine": null,
        "fast_food": null,
        "level": 0,
        "opening_h9": null,
        "designatio": null,
        "layer": 0,
        "area": null,
        "location": null,
        "public_tra": null,
        "railway": null,
        "subway": null,
        "station": null,
        "surface": null,
        "name_zh": "武汉大学附属中学（初中部）",
        "admin_leve": 0,
        "boundary": null,
        "water": null,
        "place": null,
        "building_p": null,
        "min_height": 0,
        "min": 0,
        "name_zh_H1": null,
        "name_zh_Ha": null,
        "operator": null,
        "operator_t": null,
        "short_name": null,
        "short_nam1": null,
        "short_nam2": null,
        "wikidata": null,
        "wikipedia": null,
        "garden_typ": null,
        "access": null,
        "note": null,
        "female": null,
        "toilets_di": null,
        "male": null,
        "wheelchair": null,
        "alt_name": null,
        "old_name": null,
        "PERIMETER": null,
        "ENCLOSED_A": null
      },
      "geometry": {
        "type": "MultiPolygon",
        "coordinates": [
          [
            [
              [
                114.37172936262674,
                30.53665747133841
              ],
              [
                114.37173320563136,
                30.536665701644036
              ],
              [
                114.37188419698344,
                30.536607529538415
              ],
              [
                114.37172936262674,
                30.53665747133841
              ]
            ]
          ]
        ]
      }
    },
    {
      "type": "Feature",
      "properties": {
        "GM_LAYER": "boundary - administrative",
        "GM_TYPE": "Unknown Area Type",
        "ELEVATION": 0,
        "visible": "true",
        "version": 3,
        "changeset": 102283476,
        "timestamp": "2021-04-04T18:30:56Z",
        "user": "rza31",
        "uid": 2137840,
        "covered": null,
        "leisure": null,
        "name": null,
        "sport": null,
        "id": 234858000.0,
        "building": null,
        "building_l": 0,
        "height": null,
        "shop": null,
        "landuse": null,
        "addr_city": null,
        "addr_house": null,
        "addr_postc": 0,
        "addr_stree": null,
        "name_en": null,
        "website": null,
        "amenity": null,
        "addr_distr": null,
        "addr_hous1": null,
        "addr_provi": null,
        "int_name": null,
        "natural": null,
        "descriptio": null,
        "cuisine": null,
        "fast_food": null,
        "level": 0,
        "opening_h9": null,
        "designatio": null,
        "layer": 0,
        "area": null,
        "location": null,
        "public_tra": null,
        "railway": null,
        "subway": null,
        "station": null,
        "surface": null,
        "name_zh": null,
        "admin_leve": 6,
        "boundary": "administrative",
        "water": null,
        "place": null,
        "building_p": null,
        "min_height": 0,
        "min": 0,
        "name_zh_H1": null,
        "name_zh_Ha": null,
        "operator": null,
        "operator_t": null,
        "short_name": null,
        "short_nam1": null,
        "short_nam2": null,
        "wikidata": null,
        "wikipedia": null,
        "garden_typ": null,
        "access": null,
        "note": null,
        "female": null,
        "toilets_di": null,
        "male": null,
        "wheelchair": null,
        "alt_name": null,
        "old_name": null,
        "PERIMETER": null,
        "ENCLOSED_A": null
      },
      "geometry": {
        "type": "MultiPolygon",
        "coordinates": [
          [
            [
              [
                114.36250673212876,
                30.54023168729101
              ],
              [
                114.3644566727098,
                30.539692852638048
              ],
              [
                114.366284008339,
                30.538751976174776
              ],
              [
                114.37188419698344,
                30.536607529538415
              ],
              [
                114.37196470496583,
                30.536376084978862
              ],
              [
                114.37159639000313,
                30.53645379690975
              ],
              [
                114.36673466187662,
                30.538116322746298
              ],
              [
                114.3662889014829,
                30.53829334647747
              ],
              [
                114.36408963165617,
                30.539367033983034
              ],
              [
                114.3639049659885,
                30.539503913825783
              ],
              [
                114.36265092795912,
                30.54012594085802
              ],
              [
                114.3624982575713,
                30.540210509212873
              ],
              [
                114.36250673212876,
                30.54023168729101
              ]
            ]
          ]
        ]
      }
    },
    {
      "type": "Feature",
      "properties": {
        "GM_LAYER": "building - dormitory",
        "GM_TYPE": "Misc. Manmade Structure",
        "ELEVATION": 0,
        "visible": "true",
        "version": 4,
        "changeset": 25879259,
        "timestamp": "2014-10-05T16:21:09Z",
        "user": "SimpleLuke",
        "uid": 2092629,
        "covered": null,
        "leisure": null,
        "name": "学生宿舍新5栋",
        "sport": null,
        "id": 236801000.0,
        "building": "dormitory",
        "building_l": 0,
        "height": null,
        "shop": null,
        "landuse": null,
        "addr_city": null,
        "addr_house": null,
        "addr_postc": 0,
        "addr_stree": null,
        "name_en": null,
        "website": null,
        "amenity": null,
        "addr_distr": null,
        "addr_hous1": null,
        "addr_provi": null,
        "int_name": null,
        "natural": null,
        "descriptio": null,
        "cuisine": null,
        "fast_food": null,
        "level": 0,
        "opening_h9": null,
        "designatio": null,
        "layer": 0,
        "area": null,
        "location": null,
        "public_tra": null,
        "railway": null,
        "subway": null,
        "station": null,
        "surface": null,
        "name_zh": null,
        "admin_leve": 0,
        "boundary": null,
        "water": null,
        "place": null,
        "building_p": null,
        "min_height": 0,
        "min": 0,
        "name_zh_H1": null,
        "name_zh_Ha": null,
        "operator": null,
        "operator_t": null,
        "short_name": null,
        "short_nam1": null,
        "short_nam2": null,
        "wikidata": null,
        "wikipedia": null,
        "garden_typ": null,
        "access": null,
        "note": null,
        "female": null,
        "toilets_di": null,
        "male": null,
        "wheelchair": null,
        "alt_name": null,
        "old_name": null,
        "PERIMETER": null,
        "ENCLOSED_A": null
      },
      "geometry": {
        "type": "MultiPolygon",
        "coordinates": [
          [
            [
              [
                114.36612768639907,
                30.535307672008695
              ],
              [
                114.36612676196948,
                30.535468786576008
              ],
              [
                114.36681780372135,
                30.53546998623589
              ],
              [
                114.36681792567298,
                30.53531077032938
              ],
              [
                114.36612768639907,
                30.535307672008695
              ]
            ]
          ]
        ]
      }
    },
    {
      "type": "Feature",
      "properties": {
        "GM_LAYER": "building - dormitory",
        "GM_TYPE": "Misc. Manmade Structure",
        "ELEVATION": 0,
        "visible": "true",
        "version": 4,
        "changeset": 53690471,
        "timestamp": "2017-11-11T13:16:19Z",
        "user": "WHURSGIS-WCY",
        "uid": 6969616,
        "covered": null,
        "leisure": null,
        "name": "信息学部7栋",
        "sport": null,
        "id": 256668000.0,
        "building": "dormitory",
        "building_l": 7,
        "height": null,
        "shop": null,
        "landuse": null,
        "addr_city": null,
        "addr_house": null,
        "addr_postc": 0,
        "addr_stree": null,
        "name_en": null,
        "website": null,
        "amenity": null,
        "addr_distr": null,
        "addr_hous1": null,
        "addr_provi": null,
        "int_name": null,
        "natural": null,
        "descriptio": null,
        "cuisine": null,
        "fast_food": null,
        "level": 0,
        "opening_h9": null,
        "designatio": null,
        "layer": 0,
        "area": null,
        "location": null,
        "public_tra": null,
        "railway": null,
        "subway": null,
        "station": null,
        "surface": null,
        "name_zh": null,
        "admin_leve": 0,
        "boundary": null,
        "water": null,
        "place": null,
        "building_p": null,
        "min_height": 0,
        "min": 0,
        "name_zh_H1": null,
        "name_zh_Ha": null,
        "operator": null,
        "operator_t": null,
        "short_name": null,
        "short_nam1": null,
        "short_nam2": null,
        "wikidata": null,
        "wikipedia": null,
        "garden_typ": null,
        "access": null,
        "note": null,
        "female": null,
        "toilets_di": null,
        "male": null,
        "wheelchair": null,
        "alt_name": null,
        "old_name": null,
        "PERIMETER": null,
        "ENCLOSED_A": null
      },
      "geometry": {
        "type": "MultiPolygon",
        "coordinates": [
          [
            [
              [
                114.36499668244576,
                30.532963522597733
              ],
              [
                114.36586396039618,
                30.532961172067566
              ],
              [
                114.36587218144125,
                30.532799370491272
              ],
              [
                114.3657002709892,
                30.532803683787588
              ],
              [
                114.36544187400443,
                30.532800447969752
              ],
              [
                114.3649994009703,
                30.532794810390403
              ],
              [
                114.36499668244576,
                30.532963522597733
              ]
            ]
          ]
        ]
      }
    },
    {
      "type": "Feature",
      "properties": {
        "GM_LAYER": "building - dormitory",
        "GM_TYPE": "Misc. Manmade Structure",
        "ELEVATION": 0,
        "visible": "true",
        "version": 3,
        "changeset": 48587049,
        "timestamp": "2017-05-11T10:02:36Z",
        "user": "samsung galaxy s6",
        "uid": 3691120,
        "covered": null,
        "leisure": null,
        "name": "信息学部9栋",
        "sport": null,
        "id": 256668000.0,
        "building": "dormitory",
        "building_l": 7,
        "height": null,
        "shop": null,
        "landuse": null,
        "addr_city": null,
        "addr_house": null,
        "addr_postc": 0,
        "addr_stree": null,
        "name_en": null,
        "website": null,
        "amenity": null,
        "addr_distr": null,
        "addr_hous1": null,
        "addr_provi": null,
        "int_name": null,
        "natural": null,
        "descriptio": null,
        "cuisine": null,
        "fast_food": null,
        "level": 0,
        "opening_h9": null,
        "designatio": null,
        "layer": 0,
        "area": null,
        "location": null,
        "public_tra": null,
        "railway": null,
        "subway": null,
        "station": null,
        "surface": null,
        "name_zh": null,
        "admin_leve": 0,
        "boundary": null,
        "water": null,
        "place": null,
        "building_p": null,
        "min_height": 0,
        "min": 0,
        "name_zh_H1": null,
        "name_zh_Ha": null,
        "operator": null,
        "operator_t": null,
        "short_name": null,
        "short_nam1": null,
        "short_nam2": null,
        "wikidata": null,
        "wikipedia": null,
        "garden_typ": null,
        "access": null,
        "note": null,
        "female": null,
        "toilets_di": null,
        "male": null,
        "wheelchair": null,
        "alt_name": null,
        "old_name": null,
        "PERIMETER": null,
        "ENCLOSED_A": null
      },
      "geometry": {
        "type": "MultiPolygon",
        "coordinates": [
          [
            [
              [
                114.36403297743345,
                30.53255572740059
              ],
              [
                114.36476423014491,
                30.532552646891357
              ],
              [
                114.36476777259892,
                30.532494751164318
              ],
              [
                114.36477844231806,
                30.53240637456596
              ],
              [
                114.36403307073836,
                30.53241711047621
              ],
              [
                114.36403297743345,
                30.53255572740059
              ]
            ]
          ]
        ]
      }
    },
    {
      "type": "Feature",
      "properties": {
        "GM_LAYER": "building - apartments",
        "GM_TYPE": "Misc. Manmade Structure",
        "ELEVATION": 0,
        "visible": "true",
        "version": 1,
        "changeset": 21112848,
        "timestamp": "2014-03-15T08:33:23Z",
        "user": "LESLIELZX",
        "uid": 1985689,
        "covered": null,
        "leisure": null,
        "name": "武大信息学部13栋",
        "sport": null,
        "id": 266285000.0,
        "building": "apartments",
        "building_l": 6,
        "height": null,
        "shop": null,
        "landuse": null,
        "addr_city": "武汉",
        "addr_house": null,
        "addr_postc": 430079,
        "addr_stree": null,
        "name_en": null,
        "website": null,
        "amenity": null,
        "addr_distr": null,
        "addr_hous1": null,
        "addr_provi": null,
        "int_name": null,
        "natural": null,
        "descriptio": null,
        "cuisine": null,
        "fast_food": null,
        "level": 0,
        "opening_h9": null,
        "designatio": null,
        "layer": 0,
        "area": null,
        "location": null,
        "public_tra": null,
        "railway": null,
        "subway": null,
        "station": null,
        "surface": null,
        "name_zh": null,
        "admin_leve": 0,
        "boundary": null,
        "water": null,
        "place": null,
        "building_p": null,
        "min_height": 0,
        "min": 0,
        "name_zh_H1": null,
        "name_zh_Ha": null,
        "operator": null,
        "operator_t": null,
        "short_name": null,
        "short_nam1": null,
        "short_nam2": null,
        "wikidata": null,
        "wikipedia": null,
        "garden_typ": null,
        "access": null,
        "note": null,
        "female": null,
        "toilets_di": null,
        "male": null,
        "wheelchair": null,
        "alt_name": null,
        "old_name": null,
        "PERIMETER": null,
        "ENCLOSED_A": null
      },
      "geometry": {
        "type": "MultiPolygon",
        "coordinates": [
          [
            [
              [
                114.36553965604337,
                30.53673111481256
              ],
              [
                114.36586724493871,
                30.5367318777946
              ],
              [
                114.36586731906183,
                30.536639369299465
              ],
              [
                114.3655397301661,
                30.53663860631469
              ],
              [
                114.36553965604337,
                30.53673111481256
              ]
            ]
          ]
        ]
      }
    },
    {
      "type": "Feature",
      "properties": {
        "GM_LAYER": "building - university",
        "GM_TYPE": "Misc. Manmade Structure",
        "ELEVATION": 0,
        "visible": "true",
        "version": 3,
        "changeset": 62232286,
        "timestamp": "2018-09-03T00:58:52Z",
        "user": "John Bek",
        "uid": 3800987,
        "covered": null,
        "leisure": null,
        "name": "遥感信息工程学院（5号教学楼）",
        "sport": null,
        "id": 273968000.0,
        "building": "university",
        "building_l": 4,
        "height": null,
        "shop": null,
        "landuse": null,
        "addr_city": null,
        "addr_house": null,
        "addr_postc": 0,
        "addr_stree": null,
        "name_en": null,
        "website": null,
        "amenity": null,
        "addr_distr": null,
        "addr_hous1": null,
        "addr_provi": null,
        "int_name": null,
        "natural": null,
        "descriptio": null,
        "cuisine": null,
        "fast_food": null,
        "level": 0,
        "opening_h9": null,
        "designatio": null,
        "layer": 0,
        "area": null,
        "location": null,
        "public_tra": null,
        "railway": null,
        "subway": null,
        "station": null,
        "surface": null,
        "name_zh": null,
        "admin_leve": 0,
        "boundary": null,
        "water": null,
        "place": null,
        "building_p": null,
        "min_height": 0,
        "min": 0,
        "name_zh_H1": null,
        "name_zh_Ha": null,
        "operator": null,
        "operator_t": null,
        "short_name": null,
        "short_nam1": null,
        "short_nam2": null,
        "wikidata": null,
        "wikipedia": null,
        "garden_typ": null,
        "access": null,
        "note": null,
        "female": null,
        "toilets_di": null,
        "male": null,
        "wheelchair": null,
        "alt_name": null,
        "old_name": null,
        "PERIMETER": null,
        "ENCLOSED_A": null
      },
      "geometry": {
        "type": "MultiPolygon",
        "coordinates": [
          [
            [
              [
                114.36611236475177,
                30.532381912860874
              ],
              [
                114.36623832714946,
                30.532383149685636
              ],
              [
                114.36637410725803,
                30.532382987705404
              ],
              [
                114.36691917186499,
                30.532383364988352
              ],
              [
                114.36691899624473,
                30.532195941482826
              ],
              [
                114.3668007245729,
                30.53219589704618
              ],
              [
                114.36680070772826,
                30.53222130020251
              ],
              [
                114.3664205775401,
                30.532221144941676
              ],
              [
                114.36627288094792,
                30.53222029163726
              ],
              [
                114.36624284162617,
                30.532220037543055
              ],
              [
                114.36624305833489,
                30.532195234823273
              ],
              [
                114.36611389149422,
                30.532194292383668
              ],
              [
                114.36611236475177,
                30.532381912860874
              ]
            ]
          ]
        ]
      }
    },
    {
      "type": "Feature",
      "properties": {
        "GM_LAYER": "building - university",
        "GM_TYPE": "Misc. Manmade Structure",
        "ELEVATION": 0,
        "visible": "true",
        "version": 3,
        "changeset": 62232286,
        "timestamp": "2018-09-03T00:58:52Z",
        "user": "John Bek",
        "uid": 3800987,
        "covered": null,
        "leisure": null,
        "name": "附3教学楼",
        "sport": null,
        "id": 273968000.0,
        "building": "university",
        "building_l": 5,
        "height": null,
        "shop": null,
        "landuse": null,
        "addr_city": null,
        "addr_house": null,
        "addr_postc": 0,
        "addr_stree": null,
        "name_en": null,
        "website": null,
        "amenity": null,
        "addr_distr": null,
        "addr_hous1": null,
        "addr_provi": null,
        "int_name": null,
        "natural": null,
        "descriptio": null,
        "cuisine": null,
        "fast_food": null,
        "level": 0,
        "opening_h9": null,
        "designatio": null,
        "layer": 0,
        "area": null,
        "location": null,
        "public_tra": null,
        "railway": null,
        "subway": null,
        "station": null,
        "surface": null,
        "name_zh": null,
        "admin_leve": 0,
        "boundary": null,
        "water": null,
        "place": null,
        "building_p": null,
        "min_height": 0,
        "min": 0,
        "name_zh_H1": null,
        "name_zh_Ha": null,
        "operator": null,
        "operator_t": null,
        "short_name": null,
        "short_nam1": null,
        "short_nam2": null,
        "wikidata": null,
        "wikipedia": null,
        "garden_typ": null,
        "access": null,
        "note": null,
        "female": null,
        "toilets_di": null,
        "male": null,
        "wheelchair": null,
        "alt_name": null,
        "old_name": null,
        "PERIMETER": null,
        "ENCLOSED_A": null
      },
      "geometry": {
        "type": "MultiPolygon",
        "coordinates": [
          [
            [
              [
                114.36637585235435,
                30.53276403726698
              ],
              [
                114.36637473547418,
                30.532639520282313
              ],
              [
                114.36637410725803,
                30.532382987705404
              ],
              [
                114.36623832714946,
                30.532383149685636
              ],
              [
                114.3662390558082,
                30.53263918249119
              ],
              [
                114.36624007190625,
                30.532764599559986
              ],
              [
                114.36637585235435,
                30.53276403726698
              ]
            ]
          ]
        ]
      }
    },
    {
      "type": "Feature",
      "properties": {
        "GM_LAYER": "building - commercial",
        "GM_TYPE": "Misc. Manmade Structure",
        "ELEVATION": 0,
        "visible": "true",
        "version": 2,
        "changeset": 25879259,
        "timestamp": "2014-10-05T16:21:10Z",
        "user": "SimpleLuke",
        "uid": 2092629,
        "covered": null,
        "leisure": null,
        "name": null,
        "sport": null,
        "id": 273980000.0,
        "building": "commercial",
        "building_l": 0,
        "height": null,
        "shop": "yes",
        "landuse": null,
        "addr_city": null,
        "addr_house": null,
        "addr_postc": 0,
        "addr_stree": null,
        "name_en": null,
        "website": null,
        "amenity": null,
        "addr_distr": null,
        "addr_hous1": null,
        "addr_provi": null,
        "int_name": null,
        "natural": null,
        "descriptio": null,
        "cuisine": null,
        "fast_food": null,
        "level": 0,
        "opening_h9": null,
        "designatio": null,
        "layer": 0,
        "area": null,
        "location": null,
        "public_tra": null,
        "railway": null,
        "subway": null,
        "station": null,
        "surface": null,
        "name_zh": null,
        "admin_leve": 0,
        "boundary": null,
        "water": null,
        "place": null,
        "building_p": null,
        "min_height": 0,
        "min": 0,
        "name_zh_H1": null,
        "name_zh_Ha": null,
        "operator": null,
        "operator_t": null,
        "short_name": null,
        "short_nam1": null,
        "short_nam2": null,
        "wikidata": null,
        "wikipedia": null,
        "garden_typ": null,
        "access": null,
        "note": null,
        "female": null,
        "toilets_di": null,
        "male": null,
        "wheelchair": null,
        "alt_name": null,
        "old_name": null,
        "PERIMETER": null,
        "ENCLOSED_A": null
      },
      "geometry": {
        "type": "MultiPolygon",
        "coordinates": [
          [
            [
              [
                114.36425441828659,
                30.534591110827066
              ],
              [
                114.36426551928075,
                30.53405739317522
              ],
              [
                114.36418775419892,
                30.534055901698654
              ],
              [
                114.36417254998575,
                30.534589602989136
              ],
              [
                114.36425441828659,
                30.534591110827066
              ]
            ]
          ]
        ]
      }
    },
    {
      "type": "Feature",
      "properties": {
        "GM_LAYER": "amenity - restaurant",
        "GM_TYPE": "Misc. Manmade Structure",
        "ELEVATION": 0,
        "visible": "true",
        "version": 2,
        "changeset": 88208185,
        "timestamp": "2020-07-19T22:17:51Z",
        "user": "Metrohsrtheedit",
        "uid": 7030314,
        "covered": null,
        "leisure": null,
        "name": "信息学部一食堂",
        "sport": null,
        "id": 286544000.0,
        "building": "yes",
        "building_l": 0,
        "height": null,
        "shop": null,
        "landuse": null,
        "addr_city": null,
        "addr_house": null,
        "addr_postc": 0,
        "addr_stree": null,
        "name_en": null,
        "website": null,
        "amenity": "restaurant",
        "addr_distr": null,
        "addr_hous1": null,
        "addr_provi": null,
        "int_name": null,
        "natural": null,
        "descriptio": null,
        "cuisine": null,
        "fast_food": "cafeteria",
        "level": 0,
        "opening_h9": null,
        "designatio": null,
        "layer": 0,
        "area": null,
        "location": null,
        "public_tra": null,
        "railway": null,
        "subway": null,
        "station": null,
        "surface": null,
        "name_zh": null,
        "admin_leve": 0,
        "boundary": null,
        "water": null,
        "place": null,
        "building_p": null,
        "min_height": 0,
        "min": 0,
        "name_zh_H1": null,
        "name_zh_Ha": null,
        "operator": null,
        "operator_t": null,
        "short_name": null,
        "short_nam1": null,
        "short_nam2": null,
        "wikidata": null,
        "wikipedia": null,
        "garden_typ": null,
        "access": null,
        "note": null,
        "female": null,
        "toilets_di": null,
        "male": null,
        "wheelchair": null,
        "alt_name": null,
        "old_name": null,
        "PERIMETER": null,
        "ENCLOSED_A": null
      },
      "geometry": {
        "type": "MultiPolygon",
        "coordinates": [
          [
            [
              [
                114.36532251345423,
                30.534927173151303
              ],
              [
                114.36593012588446,
                30.534925933967738
              ],
              [
                114.3659305431527,
                30.53450078968432
              ],
              [
                114.36532363010329,
                30.534503931001545
              ],
              [
                114.36532251345423,
                30.534927173151303
              ]
            ]
          ]
        ]
      }
    },
    {
      "type": "Feature",
      "properties": {
        "GM_LAYER": "natural - water",
        "GM_TYPE": "Lake, Unknown Area",
        "ELEVATION": 0,
        "visible": "true",
        "version": 3,
        "changeset": 53332871,
        "timestamp": "2017-10-29T05:44:22Z",
        "user": "FlyingXiang",
        "uid": 1018672,
        "covered": null,
        "leisure": null,
        "name": "星湖",
        "sport": null,
        "id": 295112000.0,
        "building": null,
        "building_l": 0,
        "height": null,
        "shop": null,
        "landuse": null,
        "addr_city": null,
        "addr_house": null,
        "addr_postc": 0,
        "addr_stree": null,
        "name_en": null,
        "website": null,
        "amenity": null,
        "addr_distr": null,
        "addr_hous1": null,
        "addr_provi": null,
        "int_name": null,
        "natural": "water",
        "descriptio": null,
        "cuisine": null,
        "fast_food": null,
        "level": 0,
        "opening_h9": null,
        "designatio": null,
        "layer": 0,
        "area": null,
        "location": null,
        "public_tra": null,
        "railway": null,
        "subway": null,
        "station": null,
        "surface": null,
        "name_zh": null,
        "admin_leve": 0,
        "boundary": null,
        "water": "lake",
        "place": null,
        "building_p": null,
        "min_height": 0,
        "min": 0,
        "name_zh_H1": null,
        "name_zh_Ha": null,
        "operator": null,
        "operator_t": null,
        "short_name": null,
        "short_nam1": null,
        "short_nam2": null,
        "wikidata": null,
        "wikipedia": null,
        "garden_typ": null,
        "access": null,
        "note": null,
        "female": null,
        "toilets_di": null,
        "male": null,
        "wheelchair": null,
        "alt_name": null,
        "old_name": null,
        "PERIMETER": null,
        "ENCLOSED_A": null
      },
      "geometry": {
        "type": "MultiPolygon",
        "coordinates": [
          [
            [
              [
                114.36574783096974,
                30.53379901014717
              ],
              [
                114.36586134974254,
                30.53382516671137
              ],
              [
                114.36587614934673,
                30.5338510017735
              ],
              [
                114.36620085427627,
                30.533859055110824
              ],
              [
                114.36622481507574,
                30.53381789461468
              ],
              [
                114.36628120901615,
                30.533790193184014
              ],
              [
                114.36639666282149,
                30.53379039185968
              ],
              [
                114.36653370874475,
                30.533707501681803
              ],
              [
                114.36654186942005,
                30.53363810629317
              ],
              [
                114.3665176738487,
                30.53358496304291
              ],
              [
                114.36648545099304,
                30.533554909196887
              ],
              [
                114.3665150323835,
                30.533497148896693
              ],
              [
                114.3664667990612,
                30.5334508676165
              ],
              [
                114.36633240024133,
                30.53347604706789
              ],
              [
                114.36619298372118,
                30.533380985946597
              ],
              [
                114.36609936193959,
                30.533382507661035
              ],
              [
                114.36600692240653,
                30.533414226866523
              ],
              [
                114.36594792502561,
                30.533447708715467
              ],
              [
                114.36587743969835,
                30.53344515825023
              ],
              [
                114.36582047139683,
                30.533443333179058
              ],
              [
                114.36578178637151,
                30.533497452868335
              ],
              [
                114.36576093123489,
                30.533539910496863
              ],
              [
                114.3656789638214,
                30.533638131961965
              ],
              [
                114.3656375645355,
                30.53370904173975
              ],
              [
                114.36561036947305,
                30.533797486303854
              ],
              [
                114.36567122360815,
                30.53382163456134
              ],
              [
                114.36574783096974,
                30.53379901014717
              ]
            ]
          ]
        ]
      }
    },
    {
      "type": "Feature",
      "properties": {
        "GM_LAYER": "building - dormitory",
        "GM_TYPE": "Misc. Manmade Structure",
        "ELEVATION": 0,
        "visible": "true",
        "version": 9,
        "changeset": 133847890,
        "timestamp": "2023-03-19T08:11:06Z",
        "user": "Peripheries",
        "uid": 18699947,
        "covered": null,
        "leisure": null,
        "name": "学生宿舍新2栋",
        "sport": null,
        "id": 305554000.0,
        "building": "dormitory",
        "building_l": 0,
        "height": null,
        "shop": null,
        "landuse": null,
        "addr_city": null,
        "addr_house": null,
        "addr_postc": 0,
        "addr_stree": null,
        "name_en": null,
        "website": null,
        "amenity": null,
        "addr_distr": null,
        "addr_hous1": null,
        "addr_provi": null,
        "int_name": null,
        "natural": null,
        "descriptio": null,
        "cuisine": null,
        "fast_food": null,
        "level": 0,
        "opening_h9": null,
        "designatio": null,
        "layer": 0,
        "area": null,
        "location": null,
        "public_tra": null,
        "railway": null,
        "subway": null,
        "station": null,
        "surface": null,
        "name_zh": null,
        "admin_leve": 0,
        "boundary": null,
        "water": null,
        "place": null,
        "building_p": null,
        "min_height": 0,
        "min": 0,
        "name_zh_H1": null,
        "name_zh_Ha": null,
        "operator": null,
        "operator_t": null,
        "short_name": null,
        "short_nam1": null,
        "short_nam2": null,
        "wikidata": null,
        "wikipedia": null,
        "garden_typ": null,
        "access": null,
        "note": null,
        "female": null,
        "toilets_di": null,
        "male": null,
        "wheelchair": null,
        "alt_name": null,
        "old_name": null,
        "PERIMETER": null,
        "ENCLOSED_A": null
      },
      "geometry": {
        "type": "MultiPolygon",
        "coordinates": [
          [
            [
              [
                114.36678619591437,
                30.534490044334024
              ],
              [
                114.36678616167583,
                30.534264319920226
              ],
              [
                114.36678609267265,
                30.534084300127944
              ],
              [
                114.36665480625201,
                30.534084222393208
              ],
              [
                114.3666548246786,
                30.534196434740736
              ],
              [
                114.36658352490454,
                30.53419663130833
              ],
              [
                114.36657961963098,
                30.53419642547823
              ],
              [
                114.36610128155138,
                30.534196503292
              ],
              [
                114.36610155087604,
                30.534375523359582
              ],
              [
                114.36617534595288,
                30.534375464512834
              ],
              [
                114.36664037531995,
                30.534372833353633
              ],
              [
                114.3666407896726,
                30.53448994655728
              ],
              [
                114.36678619591437,
                30.534490044334024
              ]
            ]
          ]
        ]
      }
    },
    {
      "type": "Feature",
      "properties": {
        "GM_LAYER": "building - university",
        "GM_TYPE": "Misc. Manmade Structure",
        "ELEVATION": 0,
        "visible": "true",
        "version": 4,
        "changeset": 120659211,
        "timestamp": "2022-05-07T09:16:53Z",
        "user": "636663",
        "uid": 15396410,
        "covered": null,
        "leisure": null,
        "name": "测绘遥感国家重点实验室",
        "sport": null,
        "id": 306408000.0,
        "building": "university",
        "building_l": 4,
        "height": null,
        "shop": null,
        "landuse": null,
        "addr_city": null,
        "addr_house": null,
        "addr_postc": 0,
        "addr_stree": null,
        "name_en": "LIESMARS",
        "website": null,
        "amenity": null,
        "addr_distr": null,
        "addr_hous1": null,
        "addr_provi": null,
        "int_name": null,
        "natural": null,
        "descriptio": null,
        "cuisine": null,
        "fast_food": null,
        "level": 0,
        "opening_h9": null,
        "designatio": null,
        "layer": 0,
        "area": null,
        "location": null,
        "public_tra": null,
        "railway": null,
        "subway": null,
        "station": null,
        "surface": null,
        "name_zh": null,
        "admin_leve": 0,
        "boundary": null,
        "water": null,
        "place": null,
        "building_p": null,
        "min_height": 0,
        "min": 0,
        "name_zh_H1": null,
        "name_zh_Ha": null,
        "operator": null,
        "operator_t": null,
        "short_name": null,
        "short_nam1": null,
        "short_nam2": null,
        "wikidata": null,
        "wikipedia": null,
        "garden_typ": null,
        "access": null,
        "note": null,
        "female": null,
        "toilets_di": null,
        "male": null,
        "wheelchair": null,
        "alt_name": null,
        "old_name": null,
        "PERIMETER": null,
        "ENCLOSED_A": null
      },
      "geometry": {
        "type": "MultiPolygon",
        "coordinates": [
          [
            [
              [
                114.36675839800911,
                30.53317676091784
              ],
              [
                114.3667582833652,
                30.53319756320185
              ],
              [
                114.36649661845462,
                30.533195885217005
              ],
              [
                114.3664956308993,
                30.533319298068573
              ],
              [
                114.36654519884574,
                30.533319574760785
              ],
              [
                114.36654420667695,
                30.533448788194697
              ],
              [
                114.36659167218038,
                30.533449159473218
              ],
              [
                114.36658948038635,
                30.533715286592827
              ],
              [
                114.36682451232788,
                30.533716908051506
              ],
              [
                114.3668253839375,
                30.533618097954374
              ],
              [
                114.36689999196852,
                30.533618588838216
              ],
              [
                114.36690241605655,
                30.53330585580384
              ],
              [
                114.3668828876428,
                30.533305732573172
              ],
              [
                114.3668838785655,
                30.53317751881911
              ],
              [
                114.36675839800911,
                30.53317676091784
              ]
            ]
          ]
        ]
      }
    },
    {
      "type": "Feature",
      "properties": {
        "GM_LAYER": "landuse - grass",
        "GM_TYPE": "Unknown Area Type",
        "ELEVATION": 0,
        "visible": "true",
        "version": 2,
        "changeset": 26777508,
        "timestamp": "2014-11-14T13:55:42Z",
        "user": "SimpleLuke",
        "uid": 2092629,
        "covered": null,
        "leisure": null,
        "name": null,
        "sport": null,
        "id": 306408000.0,
        "building": null,
        "building_l": 0,
        "height": null,
        "shop": null,
        "landuse": "grass",
        "addr_city": null,
        "addr_house": null,
        "addr_postc": 0,
        "addr_stree": null,
        "name_en": null,
        "website": null,
        "amenity": null,
        "addr_distr": null,
        "addr_hous1": null,
        "addr_provi": null,
        "int_name": null,
        "natural": null,
        "descriptio": null,
        "cuisine": null,
        "fast_food": null,
        "level": 0,
        "opening_h9": null,
        "designatio": null,
        "layer": 0,
        "area": null,
        "location": null,
        "public_tra": null,
        "railway": null,
        "subway": null,
        "station": null,
        "surface": null,
        "name_zh": null,
        "admin_leve": 0,
        "boundary": null,
        "water": null,
        "place": null,
        "building_p": null,
        "min_height": 0,
        "min": 0,
        "name_zh_H1": null,
        "name_zh_Ha": null,
        "operator": null,
        "operator_t": null,
        "short_name": null,
        "short_nam1": null,
        "short_nam2": null,
        "wikidata": null,
        "wikipedia": null,
        "garden_typ": null,
        "access": null,
        "note": null,
        "female": null,
        "toilets_di": null,
        "male": null,
        "wheelchair": null,
        "alt_name": null,
        "old_name": null,
        "PERIMETER": null,
        "ENCLOSED_A": null
      },
      "geometry": {
        "type": "MultiPolygon",
        "coordinates": [
          [
            [
              [
                114.36440516885712,
                30.53882116315332
              ],
              [
                114.36453634273133,
                30.538874327866736
              ],
              [
                114.36487409762479,
                30.538721024373633
              ],
              [
                114.36503532110228,
                30.53865100951478
              ],
              [
                114.36483681514966,
                30.538656501852376
              ],
              [
                114.36418240019701,
                30.538674331423813
              ],
              [
                114.36433184279234,
                30.53877549485842
              ],
              [
                114.36440516885712,
                30.53882116315332
              ]
            ]
          ]
        ]
      }
    },
    {
      "type": "Feature",
      "properties": {
        "GM_LAYER": "shop - mail",
        "GM_TYPE": "Misc. Manmade Structure",
        "ELEVATION": 15,
        "visible": "true",
        "version": 6,
        "changeset": 133822579,
        "timestamp": "2023-03-18T13:18:06Z",
        "user": "ranyan QIAN",
        "uid": 18759641,
        "covered": null,
        "leisure": null,
        "name": "銀泰創意城",
        "sport": null,
        "id": 306408000.0,
        "building": "commercial",
        "building_l": 22,
        "height": "15",
        "shop": "mail",
        "landuse": null,
        "addr_city": null,
        "addr_house": null,
        "addr_postc": 0,
        "addr_stree": null,
        "name_en": null,
        "website": null,
        "amenity": null,
        "addr_distr": null,
        "addr_hous1": null,
        "addr_provi": null,
        "int_name": null,
        "natural": null,
        "descriptio": null,
        "cuisine": null,
        "fast_food": null,
        "level": 0,
        "opening_h9": null,
        "designatio": null,
        "layer": 0,
        "area": null,
        "location": null,
        "public_tra": null,
        "railway": null,
        "subway": null,
        "station": null,
        "surface": null,
        "name_zh": "銀泰創意城",
        "admin_leve": 0,
        "boundary": null,
        "water": null,
        "place": null,
        "building_p": null,
        "min_height": 0,
        "min": 0,
        "name_zh_H1": null,
        "name_zh_Ha": null,
        "operator": null,
        "operator_t": null,
        "short_name": null,
        "short_nam1": null,
        "short_nam2": null,
        "wikidata": null,
        "wikipedia": null,
        "garden_typ": null,
        "access": null,
        "note": null,
        "female": null,
        "toilets_di": null,
        "male": null,
        "wheelchair": null,
        "alt_name": null,
        "old_name": null,
        "PERIMETER": null,
        "ENCLOSED_A": null
      },
      "geometry": {
        "type": "MultiPolygon",
        "coordinates": [
          [
            [
              [
                114.36180962035469,
                30.533034401418533
              ],
              [
                114.36207190605457,
                30.5330359515404
              ],
              [
                114.36207559996438,
                30.533046674213498
              ],
              [
                114.36381909935625,
                30.533010920393203
              ],
              [
                114.36381089652679,
                30.532566832070344
              ],
              [
                114.36380606861164,
                30.532304879226565
              ],
              [
                114.36335519343002,
                30.532392123194633
              ],
              [
                114.36239935773057,
                30.532565838134452
              ],
              [
                114.36208977328786,
                30.53265560793345
              ],
              [
                114.3621096445219,
                30.532708629008642
              ],
              [
                114.36172764938797,
                30.532812176553637
              ],
              [
                114.36180962035469,
                30.533034401418533
              ]
            ]
          ]
        ]
      }
    },
    {
      "type": "Feature",
      "properties": {
        "GM_LAYER": "natural - wood",
        "GM_TYPE": "Wooded Area",
        "ELEVATION": 0,
        "visible": "true",
        "version": 4,
        "changeset": 118158165,
        "timestamp": "2022-03-06T13:10:16Z",
        "user": "日日安",
        "uid": 15245757,
        "covered": null,
        "leisure": null,
        "name": null,
        "sport": null,
        "id": 306408000.0,
        "building": null,
        "building_l": 0,
        "height": null,
        "shop": null,
        "landuse": null,
        "addr_city": null,
        "addr_house": null,
        "addr_postc": 0,
        "addr_stree": "星湖路",
        "name_en": null,
        "website": null,
        "amenity": null,
        "addr_distr": null,
        "addr_hous1": null,
        "addr_provi": null,
        "int_name": null,
        "natural": "wood",
        "descriptio": null,
        "cuisine": null,
        "fast_food": null,
        "level": 0,
        "opening_h9": null,
        "designatio": null,
        "layer": 0,
        "area": null,
        "location": null,
        "public_tra": null,
        "railway": null,
        "subway": null,
        "station": null,
        "surface": null,
        "name_zh": null,
        "admin_leve": 0,
        "boundary": null,
        "water": null,
        "place": null,
        "building_p": null,
        "min_height": 0,
        "min": 0,
        "name_zh_H1": null,
        "name_zh_Ha": null,
        "operator": null,
        "operator_t": null,
        "short_name": null,
        "short_nam1": null,
        "short_nam2": null,
        "wikidata": null,
        "wikipedia": null,
        "garden_typ": null,
        "access": null,
        "note": null,
        "female": null,
        "toilets_di": null,
        "male": null,
        "wheelchair": null,
        "alt_name": null,
        "old_name": null,
        "PERIMETER": null,
        "ENCLOSED_A": null
      },
      "geometry": {
        "type": "MultiPolygon",
        "coordinates": [
          [
            [
              [
                114.36622305156261,
                30.53404161637842
              ],
              [
                114.366732755476,
                30.534030423975814
              ],
              [
                114.36681144874531,
                30.53391881422251
              ],
              [
                114.36680416773582,
                30.533738284751582
              ],
              [
                114.36660258068486,
                30.5337404087349
              ],
              [
                114.36651155581397,
                30.53373897103251
              ],
              [
                114.36639284493427,
                30.533808187498586
              ],
              [
                114.36635729642327,
                30.533809327696133
              ],
              [
                114.36631904461136,
                30.533810461978987
              ],
              [
                114.36625002532814,
                30.533849644020556
              ],
              [
                114.36621082957375,
                30.533911479424678
              ],
              [
                114.36616695707151,
                30.533933000020074
              ],
              [
                114.36615759567503,
                30.534001289937343
              ],
              [
                114.36622305156261,
                30.53404161637842
              ]
            ]
          ]
        ]
      }
    },
    {
      "type": "Feature",
      "properties": {
        "GM_LAYER": "natural - wood",
        "GM_TYPE": "Wooded Area",
        "ELEVATION": 0,
        "visible": "true",
        "version": 3,
        "changeset": 67608646,
        "timestamp": "2019-02-27T08:09:00Z",
        "user": "UGxhdHlwdXM",
        "uid": 9480982,
        "covered": null,
        "leisure": null,
        "name": null,
        "sport": null,
        "id": 307266000.0,
        "building": null,
        "building_l": 0,
        "height": null,
        "shop": null,
        "landuse": null,
        "addr_city": null,
        "addr_house": null,
        "addr_postc": 0,
        "addr_stree": null,
        "name_en": null,
        "website": null,
        "amenity": null,
        "addr_distr": null,
        "addr_hous1": null,
        "addr_provi": null,
        "int_name": null,
        "natural": "wood",
        "descriptio": null,
        "cuisine": null,
        "fast_food": null,
        "level": 0,
        "opening_h9": null,
        "designatio": null,
        "layer": 0,
        "area": null,
        "location": null,
        "public_tra": null,
        "railway": null,
        "subway": null,
        "station": null,
        "surface": null,
        "name_zh": null,
        "admin_leve": 0,
        "boundary": null,
        "water": null,
        "place": null,
        "building_p": null,
        "min_height": 0,
        "min": 0,
        "name_zh_H1": null,
        "name_zh_Ha": null,
        "operator": null,
        "operator_t": null,
        "short_name": null,
        "short_nam1": null,
        "short_nam2": null,
        "wikidata": null,
        "wikipedia": null,
        "garden_typ": null,
        "access": null,
        "note": null,
        "female": null,
        "toilets_di": null,
        "male": null,
        "wheelchair": null,
        "alt_name": null,
        "old_name": null,
        "PERIMETER": null,
        "ENCLOSED_A": null
      },
      "geometry": {
        "type": "MultiPolygon",
        "coordinates": [
          [
            [
              [
                114.3653079723141,
                30.53401233460879
              ],
              [
                114.36574947951566,
                30.534012137844794
              ],
              [
                114.36579051102919,
                30.5340368336195
              ],
              [
                114.36602700526731,
                30.53403393793732
              ],
              [
                114.36610921059344,
                30.53389428518595
              ],
              [
                114.36609850914022,
                30.53387726244689
              ],
              [
                114.36604654747003,
                30.53387105904318
              ],
              [
                114.3659802646813,
                30.53387012415779
              ],
              [
                114.36587122772175,
                30.533872693545273
              ],
              [
                114.36584882533157,
                30.53383784076738
              ],
              [
                114.36574290974089,
                30.533820401289702
              ],
              [
                114.36566950464407,
                30.533845233162896
              ],
              [
                114.36558473587809,
                30.53380272453165
              ],
              [
                114.36562034882405,
                30.533702799662088
              ],
              [
                114.36566066158024,
                30.533610885582668
              ],
              [
                114.3658183856336,
                30.53341952579054
              ],
              [
                114.36585983166654,
                30.5334259177632
              ],
              [
                114.36594473769527,
                30.533424099295978
              ],
              [
                114.3660105423626,
                30.533392331706903
              ],
              [
                114.36609226271376,
                30.533368492158083
              ],
              [
                114.36621291900096,
                30.533367721320918
              ],
              [
                114.36632501369466,
                30.533443030479187
              ],
              [
                114.36635895032558,
                30.533455290194702
              ],
              [
                114.36645649216086,
                30.53344074992902
              ],
              [
                114.3664957564048,
                30.533425610575748
              ],
              [
                114.3665295460025,
                30.53336415597946
              ],
              [
                114.36648079106361,
                30.533347177895635
              ],
              [
                114.36647090001125,
                30.53331515845641
              ],
              [
                114.36647480244584,
                30.533176048420913
              ],
              [
                114.36644109067743,
                30.533126988487197
              ],
              [
                114.3653150046019,
                30.5331315522252
              ],
              [
                114.3653079723141,
                30.53401233460879
              ]
            ]
          ]
        ]
      }
    },
    {
      "type": "Feature",
      "properties": {
        "GM_LAYER": "building",
        "GM_TYPE": "Misc. Manmade Structure",
        "ELEVATION": 0,
        "visible": "true",
        "version": 2,
        "changeset": 118152033,
        "timestamp": "2022-03-06T09:58:51Z",
        "user": "乾一兑2",
        "uid": 15244057,
        "covered": null,
        "leisure": null,
        "name": null,
        "sport": null,
        "id": 307266000.0,
        "building": "yes",
        "building_l": 0,
        "height": null,
        "shop": null,
        "landuse": null,
        "addr_city": null,
        "addr_house": null,
        "addr_postc": 0,
        "addr_stree": null,
        "name_en": null,
        "website": null,
        "amenity": null,
        "addr_distr": null,
        "addr_hous1": null,
        "addr_provi": null,
        "int_name": null,
        "natural": null,
        "descriptio": null,
        "cuisine": null,
        "fast_food": null,
        "level": 0,
        "opening_h9": null,
        "designatio": null,
        "layer": 0,
        "area": null,
        "location": null,
        "public_tra": null,
        "railway": null,
        "subway": null,
        "station": null,
        "surface": null,
        "name_zh": null,
        "admin_leve": 0,
        "boundary": null,
        "water": null,
        "place": null,
        "building_p": null,
        "min_height": 0,
        "min": 0,
        "name_zh_H1": null,
        "name_zh_Ha": null,
        "operator": null,
        "operator_t": null,
        "short_name": null,
        "short_nam1": null,
        "short_nam2": null,
        "wikidata": null,
        "wikipedia": null,
        "garden_typ": null,
        "access": null,
        "note": null,
        "female": null,
        "toilets_di": null,
        "male": null,
        "wheelchair": null,
        "alt_name": null,
        "old_name": null,
        "PERIMETER": null,
        "ENCLOSED_A": null
      },
      "geometry": {
        "type": "MultiPolygon",
        "coordinates": [
          [
            [
              [
                114.36520406067523,
                30.534557107611377
              ],
              [
                114.36507702556527,
                30.534557742971554
              ],
              [
                114.3650764310904,
                30.534684154825058
              ],
              [
                114.36507943179859,
                30.534821378251458
              ],
              [
                114.36520656709902,
                30.534820742854233
              ],
              [
                114.36520406067523,
                30.534557107611377
              ]
            ]
          ]
        ]
      }
    },
    {
      "type": "Feature",
      "properties": {
        "GM_LAYER": "building - dormitory",
        "GM_TYPE": "Misc. Manmade Structure",
        "ELEVATION": 0,
        "visible": "true",
        "version": 3,
        "changeset": 48587049,
        "timestamp": "2017-05-11T10:02:36Z",
        "user": "samsung galaxy s6",
        "uid": 3691120,
        "covered": null,
        "leisure": null,
        "name": "信息学部8栋",
        "sport": null,
        "id": 311928000.0,
        "building": "dormitory",
        "building_l": 7,
        "height": null,
        "shop": null,
        "landuse": null,
        "addr_city": null,
        "addr_house": null,
        "addr_postc": 0,
        "addr_stree": null,
        "name_en": null,
        "website": null,
        "amenity": null,
        "addr_distr": null,
        "addr_hous1": null,
        "addr_provi": null,
        "int_name": null,
        "natural": null,
        "descriptio": null,
        "cuisine": null,
        "fast_food": null,
        "level": 0,
        "opening_h9": null,
        "designatio": null,
        "layer": 0,
        "area": null,
        "location": null,
        "public_tra": null,
        "railway": null,
        "subway": null,
        "station": null,
        "surface": null,
        "name_zh": null,
        "admin_leve": 0,
        "boundary": null,
        "water": null,
        "place": null,
        "building_p": null,
        "min_height": 0,
        "min": 0,
        "name_zh_H1": null,
        "name_zh_Ha": null,
        "operator": null,
        "operator_t": null,
        "short_name": null,
        "short_nam1": null,
        "short_nam2": null,
        "wikidata": null,
        "wikipedia": null,
        "garden_typ": null,
        "access": null,
        "note": null,
        "female": null,
        "toilets_di": null,
        "male": null,
        "wheelchair": null,
        "alt_name": null,
        "old_name": null,
        "PERIMETER": null,
        "ENCLOSED_A": null
      },
      "geometry": {
        "type": "MultiPolygon",
        "coordinates": [
          [
            [
              [
                114.36477844231806,
                30.53240637456596
              ],
              [
                114.36476423014491,
                30.532552646891357
              ],
              [
                114.36570805779881,
                30.532542070023027
              ],
              [
                114.3657002709892,
                30.532803683787588
              ],
              [
                114.36587218144125,
                30.532799370491272
              ],
              [
                114.36587464891214,
                30.532408327957775
              ],
              [
                114.36477844231806,
                30.53240637456596
              ]
            ]
          ]
        ]
      }
    },
    {
      "type": "Feature",
      "properties": {
        "GM_LAYER": "building - dormitory",
        "GM_TYPE": "Misc. Manmade Structure",
        "ELEVATION": 0,
        "visible": "true",
        "version": 4,
        "changeset": 48587049,
        "timestamp": "2017-05-11T10:02:36Z",
        "user": "samsung galaxy s6",
        "uid": 3691120,
        "covered": null,
        "leisure": null,
        "name": "信息学部10栋",
        "sport": null,
        "id": 311929000.0,
        "building": "dormitory",
        "building_l": 0,
        "height": null,
        "shop": null,
        "landuse": null,
        "addr_city": null,
        "addr_house": null,
        "addr_postc": 0,
        "addr_stree": null,
        "name_en": null,
        "website": null,
        "amenity": null,
        "addr_distr": null,
        "addr_hous1": null,
        "addr_provi": null,
        "int_name": null,
        "natural": null,
        "descriptio": null,
        "cuisine": null,
        "fast_food": null,
        "level": 0,
        "opening_h9": null,
        "designatio": null,
        "layer": 0,
        "area": null,
        "location": null,
        "public_tra": null,
        "railway": null,
        "subway": null,
        "station": null,
        "surface": null,
        "name_zh": null,
        "admin_leve": 0,
        "boundary": null,
        "water": null,
        "place": null,
        "building_p": null,
        "min_height": 0,
        "min": 0,
        "name_zh_H1": null,
        "name_zh_Ha": null,
        "operator": null,
        "operator_t": null,
        "short_name": null,
        "short_nam1": null,
        "short_nam2": null,
        "wikidata": null,
        "wikipedia": null,
        "garden_typ": null,
        "access": null,
        "note": null,
        "female": null,
        "toilets_di": null,
        "male": null,
        "wheelchair": null,
        "alt_name": null,
        "old_name": null,
        "PERIMETER": null,
        "ENCLOSED_A": null
      },
      "geometry": {
        "type": "MultiPolygon",
        "coordinates": [
          [
            [
              [
                114.36410686951552,
                30.532948963510428
              ],
              [
                114.364826322324,
                30.532946893896874
              ],
              [
                114.36482111234758,
                30.532808160567104
              ],
              [
                114.36410156349926,
                30.532805625593866
              ],
              [
                114.36410686951552,
                30.532948963510428
              ]
            ]
          ]
        ]
      }
    },
    {
      "type": "Feature",
      "properties": {
        "GM_LAYER": "landuse - grass",
        "GM_TYPE": "Unknown Area Type",
        "ELEVATION": 0,
        "visible": "true",
        "version": 3,
        "changeset": 120670726,
        "timestamp": "2022-05-07T14:32:38Z",
        "user": "636663",
        "uid": 15396410,
        "covered": null,
        "leisure": null,
        "name": null,
        "sport": null,
        "id": 312772000.0,
        "building": null,
        "building_l": 0,
        "height": null,
        "shop": null,
        "landuse": "grass",
        "addr_city": null,
        "addr_house": null,
        "addr_postc": 0,
        "addr_stree": null,
        "name_en": null,
        "website": null,
        "amenity": null,
        "addr_distr": null,
        "addr_hous1": null,
        "addr_provi": null,
        "int_name": null,
        "natural": null,
        "descriptio": null,
        "cuisine": null,
        "fast_food": null,
        "level": 0,
        "opening_h9": null,
        "designatio": null,
        "layer": 0,
        "area": null,
        "location": null,
        "public_tra": null,
        "railway": null,
        "subway": null,
        "station": null,
        "surface": null,
        "name_zh": null,
        "admin_leve": 0,
        "boundary": null,
        "water": null,
        "place": null,
        "building_p": null,
        "min_height": 0,
        "min": 0,
        "name_zh_H1": null,
        "name_zh_Ha": null,
        "operator": null,
        "operator_t": null,
        "short_name": null,
        "short_nam1": null,
        "short_nam2": null,
        "wikidata": null,
        "wikipedia": null,
        "garden_typ": null,
        "access": null,
        "note": null,
        "female": null,
        "toilets_di": null,
        "male": null,
        "wheelchair": null,
        "alt_name": null,
        "old_name": null,
        "PERIMETER": null,
        "ENCLOSED_A": null
      },
      "geometry": {
        "type": "MultiPolygon",
        "coordinates": [
          [
            [
              [
                114.3647685866597,
                30.53896420985769
              ],
              [
                114.36505933620256,
                30.539249330062834
              ],
              [
                114.36570942536278,
                30.538823906914853
              ],
              [
                114.36640069292163,
                30.53848125358925
              ],
              [
                114.36696887091396,
                30.53827282268854
              ],
              [
                114.36944935411675,
                30.53739855806084
              ],
              [
                114.36933925398984,
                30.537125067159657
              ],
              [
                114.36806499731165,
                30.537585305941317
              ],
              [
                114.36747564211251,
                30.537800422533717
              ],
              [
                114.3669237439373,
                30.537985847184725
              ],
              [
                114.36598676029416,
                30.538355174581397
              ],
              [
                114.36531520305847,
                30.538671304453807
              ],
              [
                114.3647685866597,
                30.53896420985769
              ]
            ]
          ]
        ]
      }
    },
    {
      "type": "Feature",
      "properties": {
        "GM_LAYER": "landuse - grass",
        "GM_TYPE": "Unknown Area Type",
        "ELEVATION": 0,
        "visible": "true",
        "version": 1,
        "changeset": 32356045,
        "timestamp": "2015-07-02T14:57:27Z",
        "user": "SimpleLuke",
        "uid": 2092629,
        "covered": null,
        "leisure": null,
        "name": null,
        "sport": null,
        "id": 358206000.0,
        "building": null,
        "building_l": 0,
        "height": null,
        "shop": null,
        "landuse": "grass",
        "addr_city": null,
        "addr_house": null,
        "addr_postc": 0,
        "addr_stree": null,
        "name_en": null,
        "website": null,
        "amenity": null,
        "addr_distr": null,
        "addr_hous1": null,
        "addr_provi": null,
        "int_name": null,
        "natural": null,
        "descriptio": null,
        "cuisine": null,
        "fast_food": null,
        "level": 0,
        "opening_h9": null,
        "designatio": null,
        "layer": 0,
        "area": null,
        "location": null,
        "public_tra": null,
        "railway": null,
        "subway": null,
        "station": null,
        "surface": null,
        "name_zh": null,
        "admin_leve": 0,
        "boundary": null,
        "water": null,
        "place": null,
        "building_p": null,
        "min_height": 0,
        "min": 0,
        "name_zh_H1": null,
        "name_zh_Ha": null,
        "operator": null,
        "operator_t": null,
        "short_name": null,
        "short_nam1": null,
        "short_nam2": null,
        "wikidata": null,
        "wikipedia": null,
        "garden_typ": null,
        "access": null,
        "note": null,
        "female": null,
        "toilets_di": null,
        "male": null,
        "wheelchair": null,
        "alt_name": null,
        "old_name": null,
        "PERIMETER": null,
        "ENCLOSED_A": null
      },
      "geometry": {
        "type": "MultiPolygon",
        "coordinates": [
          [
            [
              [
                114.36548935519035,
                30.537033116556135
              ],
              [
                114.36548846864136,
                30.53738414623229
              ],
              [
                114.36578761899861,
                30.53738526163858
              ],
              [
                114.36578860563316,
                30.537034332034132
              ],
              [
                114.36548935519035,
                30.537033116556135
              ]
            ]
          ]
        ]
      }
    },
    {
      "type": "Feature",
      "properties": {
        "GM_LAYER": "landuse - grass",
        "GM_TYPE": "Unknown Area Type",
        "ELEVATION": 0,
        "visible": "true",
        "version": 1,
        "changeset": 33503783,
        "timestamp": "2015-08-22T12:12:45Z",
        "user": "SimpleLuke",
        "uid": 2092629,
        "covered": null,
        "leisure": null,
        "name": null,
        "sport": null,
        "id": 366940000.0,
        "building": null,
        "building_l": 0,
        "height": null,
        "shop": null,
        "landuse": "grass",
        "addr_city": null,
        "addr_house": null,
        "addr_postc": 0,
        "addr_stree": null,
        "name_en": null,
        "website": null,
        "amenity": null,
        "addr_distr": null,
        "addr_hous1": null,
        "addr_provi": null,
        "int_name": null,
        "natural": null,
        "descriptio": null,
        "cuisine": null,
        "fast_food": null,
        "level": 0,
        "opening_h9": null,
        "designatio": null,
        "layer": 0,
        "area": null,
        "location": null,
        "public_tra": null,
        "railway": null,
        "subway": null,
        "station": null,
        "surface": null,
        "name_zh": null,
        "admin_leve": 0,
        "boundary": null,
        "water": null,
        "place": null,
        "building_p": null,
        "min_height": 0,
        "min": 0,
        "name_zh_H1": null,
        "name_zh_Ha": null,
        "operator": null,
        "operator_t": null,
        "short_name": null,
        "short_nam1": null,
        "short_nam2": null,
        "wikidata": null,
        "wikipedia": null,
        "garden_typ": null,
        "access": null,
        "note": null,
        "female": null,
        "toilets_di": null,
        "male": null,
        "wheelchair": null,
        "alt_name": null,
        "old_name": null,
        "PERIMETER": null,
        "ENCLOSED_A": null
      },
      "geometry": {
        "type": "MultiPolygon",
        "coordinates": [
          [
            [
              [
                114.36419462561875,
                30.539009405774216
              ],
              [
                114.36405556694312,
                30.53917708587925
              ],
              [
                114.36434624985802,
                30.53936699626897
              ],
              [
                114.36458294193883,
                30.539160211117714
              ],
              [
                114.36428761698498,
                30.53899555130036
              ],
              [
                114.36419462561875,
                30.539009405774216
              ]
            ]
          ]
        ]
      }
    },
    {
      "type": "Feature",
      "properties": {
        "GM_LAYER": "landuse - grass",
        "GM_TYPE": "Unknown Area Type",
        "ELEVATION": 0,
        "visible": "true",
        "version": 1,
        "changeset": 33503783,
        "timestamp": "2015-08-22T12:12:45Z",
        "user": "SimpleLuke",
        "uid": 2092629,
        "covered": null,
        "leisure": null,
        "name": null,
        "sport": null,
        "id": 366940000.0,
        "building": null,
        "building_l": 0,
        "height": null,
        "shop": null,
        "landuse": "grass",
        "addr_city": null,
        "addr_house": null,
        "addr_postc": 0,
        "addr_stree": null,
        "name_en": null,
        "website": null,
        "amenity": null,
        "addr_distr": null,
        "addr_hous1": null,
        "addr_provi": null,
        "int_name": null,
        "natural": null,
        "descriptio": null,
        "cuisine": null,
        "fast_food": null,
        "level": 0,
        "opening_h9": null,
        "designatio": null,
        "layer": 0,
        "area": null,
        "location": null,
        "public_tra": null,
        "railway": null,
        "subway": null,
        "station": null,
        "surface": null,
        "name_zh": null,
        "admin_leve": 0,
        "boundary": null,
        "water": null,
        "place": null,
        "building_p": null,
        "min_height": 0,
        "min": 0,
        "name_zh_H1": null,
        "name_zh_Ha": null,
        "operator": null,
        "operator_t": null,
        "short_name": null,
        "short_nam1": null,
        "short_nam2": null,
        "wikidata": null,
        "wikipedia": null,
        "garden_typ": null,
        "access": null,
        "note": null,
        "female": null,
        "toilets_di": null,
        "male": null,
        "wheelchair": null,
        "alt_name": null,
        "old_name": null,
        "PERIMETER": null,
        "ENCLOSED_A": null
      },
      "geometry": {
        "type": "MultiPolygon",
        "coordinates": [
          [
            [
              [
                114.3646804451626,
                30.539577785725374
              ],
              [
                114.3649454370933,
                30.539441468703664
              ],
              [
                114.36484056464383,
                30.53930636753571
              ],
              [
                114.36468558878863,
                30.53921876000659
              ],
              [
                114.36440044800706,
                30.539424896180673
              ],
              [
                114.3646804451626,
                30.539577785725374
              ]
            ]
          ]
        ]
      }
    },
    {
      "type": "Feature",
      "properties": {
        "GM_LAYER": "amenity - marketplace",
        "GM_TYPE": "Misc. Manmade Structure",
        "ELEVATION": 0,
        "visible": "true",
        "version": 3,
        "changeset": 120670726,
        "timestamp": "2022-05-07T14:32:38Z",
        "user": "636663",
        "uid": 15396410,
        "covered": null,
        "leisure": null,
        "name": "八一路生鮮市場",
        "sport": null,
        "id": 410145000.0,
        "building": "yes",
        "building_l": 0,
        "height": null,
        "shop": null,
        "landuse": null,
        "addr_city": null,
        "addr_house": null,
        "addr_postc": 0,
        "addr_stree": null,
        "name_en": null,
        "website": null,
        "amenity": "marketplace",
        "addr_distr": null,
        "addr_hous1": null,
        "addr_provi": null,
        "int_name": null,
        "natural": null,
        "descriptio": null,
        "cuisine": null,
        "fast_food": null,
        "level": 0,
        "opening_h9": null,
        "designatio": null,
        "layer": 0,
        "area": null,
        "location": null,
        "public_tra": null,
        "railway": null,
        "subway": null,
        "station": null,
        "surface": null,
        "name_zh": null,
        "admin_leve": 0,
        "boundary": null,
        "water": null,
        "place": null,
        "building_p": null,
        "min_height": 0,
        "min": 0,
        "name_zh_H1": null,
        "name_zh_Ha": null,
        "operator": null,
        "operator_t": null,
        "short_name": null,
        "short_nam1": null,
        "short_nam2": null,
        "wikidata": null,
        "wikipedia": null,
        "garden_typ": null,
        "access": null,
        "note": null,
        "female": null,
        "toilets_di": null,
        "male": null,
        "wheelchair": null,
        "alt_name": null,
        "old_name": null,
        "PERIMETER": null,
        "ENCLOSED_A": null
      },
      "geometry": {
        "type": "MultiPolygon",
        "coordinates": [
          [
            [
              [
                114.3696486686841,
                30.53746682170217
              ],
              [
                114.3699236718066,
                30.53736134721792
              ],
              [
                114.36983316106324,
                30.537386903582448
              ],
              [
                114.36964560615039,
                30.53746169793473
              ],
              [
                114.3696486686841,
                30.53746682170217
              ]
            ]
          ]
        ]
      }
    },
    {
      "type": "Feature",
      "properties": {
        "GM_LAYER": "place - square",
        "GM_TYPE": "Unknown Area Type",
        "ELEVATION": 0,
        "visible": "true",
        "version": 5,
        "changeset": 118059411,
        "timestamp": "2022-03-03T15:07:05Z",
        "user": "Wei Yuanbiao",
        "uid": 12389142,
        "covered": null,
        "leisure": null,
        "name": "友谊广场",
        "sport": null,
        "id": 412281000.0,
        "building": null,
        "building_l": 0,
        "height": null,
        "shop": null,
        "landuse": null,
        "addr_city": null,
        "addr_house": null,
        "addr_postc": 0,
        "addr_stree": null,
        "name_en": null,
        "website": null,
        "amenity": null,
        "addr_distr": null,
        "addr_hous1": null,
        "addr_provi": null,
        "int_name": null,
        "natural": null,
        "descriptio": null,
        "cuisine": null,
        "fast_food": null,
        "level": 0,
        "opening_h9": null,
        "designatio": null,
        "layer": 0,
        "area": null,
        "location": null,
        "public_tra": null,
        "railway": null,
        "subway": null,
        "station": null,
        "surface": null,
        "name_zh": null,
        "admin_leve": 0,
        "boundary": null,
        "water": null,
        "place": "square",
        "building_p": null,
        "min_height": 0,
        "min": 0,
        "name_zh_H1": null,
        "name_zh_Ha": null,
        "operator": null,
        "operator_t": null,
        "short_name": null,
        "short_nam1": null,
        "short_nam2": null,
        "wikidata": null,
        "wikipedia": null,
        "garden_typ": null,
        "access": null,
        "note": null,
        "female": null,
        "toilets_di": null,
        "male": null,
        "wheelchair": null,
        "alt_name": null,
        "old_name": null,
        "PERIMETER": null,
        "ENCLOSED_A": null
      },
      "geometry": {
        "type": "MultiPolygon",
        "coordinates": [
          [
            [
              [
                114.36755358940958,
                30.532017264574325
              ],
              [
                114.36755282735483,
                30.532109875801183
              ],
              [
                114.36763125546746,
                30.532108016207165
              ],
              [
                114.36773402552757,
                30.532105460208097
              ],
              [
                114.36772827298722,
                30.532018747096505
              ],
              [
                114.36779268008738,
                30.532018069984353
              ],
              [
                114.367869317832,
                30.532003390288548
              ],
              [
                114.3678471865415,
                30.53184096387155
              ],
              [
                114.36797161315626,
                30.531815687282883
              ],
              [
                114.36810427827035,
                30.531758292010387
              ],
              [
                114.3681674208062,
                30.531707685344955
              ],
              [
                114.36819551671299,
                30.531634974678397
              ],
              [
                114.36778686103432,
                30.531411590032167
              ],
              [
                114.36771693012268,
                30.53143566764473
              ],
              [
                114.36764701046803,
                30.53144373847141
              ],
              [
                114.36757109073848,
                30.53143839963421
              ],
              [
                114.36749988871568,
                30.53141905630013
              ],
              [
                114.36707679154257,
                30.53164154262327
              ],
              [
                114.36710519607408,
                30.531700978713225
              ],
              [
                114.36717347027945,
                30.531746349635764
              ],
              [
                114.36725497055468,
                30.531784426341858
              ],
              [
                114.36735911504715,
                30.53181111223997
              ],
              [
                114.36745975862702,
                30.531834385026066
              ],
              [
                114.367422993358,
                30.531998681545208
              ],
              [
                114.3674852847669,
                30.532010023503723
              ],
              [
                114.36755358940958,
                30.532017264574325
              ]
            ]
          ]
        ]
      }
    },
    {
      "type": "Feature",
      "properties": {
        "GM_LAYER": "building",
        "GM_TYPE": "Misc. Manmade Structure",
        "ELEVATION": 0,
        "visible": "true",
        "version": 4,
        "changeset": 119419819,
        "timestamp": "2022-04-07T09:01:50Z",
        "user": "Excessman",
        "uid": 15207439,
        "covered": null,
        "leisure": null,
        "name": "星湖综合实验大楼",
        "sport": null,
        "id": 505747000.0,
        "building": "yes",
        "building_l": 0,
        "height": null,
        "shop": null,
        "landuse": null,
        "addr_city": "武汉",
        "addr_house": "37",
        "addr_postc": 0,
        "addr_stree": "珞喻路",
        "name_en": null,
        "website": null,
        "amenity": null,
        "addr_distr": "洪山区",
        "addr_hous1": null,
        "addr_provi": "湖北省",
        "int_name": null,
        "natural": null,
        "descriptio": null,
        "cuisine": null,
        "fast_food": null,
        "level": 0,
        "opening_h9": null,
        "designatio": null,
        "layer": 0,
        "area": null,
        "location": null,
        "public_tra": null,
        "railway": null,
        "subway": null,
        "station": null,
        "surface": null,
        "name_zh": null,
        "admin_leve": 0,
        "boundary": null,
        "water": null,
        "place": null,
        "building_p": null,
        "min_height": 0,
        "min": 0,
        "name_zh_H1": null,
        "name_zh_Ha": null,
        "operator": null,
        "operator_t": null,
        "short_name": null,
        "short_nam1": null,
        "short_nam2": null,
        "wikidata": null,
        "wikipedia": null,
        "garden_typ": null,
        "access": null,
        "note": null,
        "female": null,
        "toilets_di": null,
        "male": null,
        "wheelchair": null,
        "alt_name": null,
        "old_name": null,
        "PERIMETER": null,
        "ENCLOSED_A": null
      },
      "geometry": {
        "type": "MultiPolygon",
        "coordinates": [
          [
            [
              [
                114.3618836788835,
                30.53327057412087
              ],
              [
                114.36193005525404,
                30.53388812224361
              ],
              [
                114.36201476711332,
                30.533911422959957
              ],
              [
                114.36210598778295,
                30.533928053659537
              ],
              [
                114.362264211481,
                30.53397985828841
              ],
              [
                114.3623313037227,
                30.53402873784825
              ],
              [
                114.36240100304649,
                30.534070726657237
              ],
              [
                114.36246813083353,
                30.53407339250581
              ],
              [
                114.36252446977525,
                30.534055193962946
              ],
              [
                114.36252917637954,
                30.53391080270809
              ],
              [
                114.36254911526773,
                30.533306638696633
              ],
              [
                114.36253043247457,
                30.533269634380986
              ],
              [
                114.36250892913236,
                30.53326021786769
              ],
              [
                114.36192131673897,
                30.533233793460155
              ],
              [
                114.36188909836088,
                30.533245203375085
              ],
              [
                114.3618836788835,
                30.53327057412087
              ]
            ]
          ]
        ]
      }
    },
    {
      "type": "Feature",
      "properties": {
        "GM_LAYER": "amenity - kindergarten",
        "GM_TYPE": "Misc. Manmade Structure",
        "ELEVATION": 0,
        "visible": "true",
        "version": 3,
        "changeset": 75973162,
        "timestamp": "2019-10-21T04:56:15Z",
        "user": "samsung galaxy s6",
        "uid": 3691120,
        "covered": null,
        "leisure": null,
        "name": "武汉大学第三附属幼儿园",
        "sport": null,
        "id": 536354000.0,
        "building": null,
        "building_l": 0,
        "height": null,
        "shop": null,
        "landuse": null,
        "addr_city": null,
        "addr_house": null,
        "addr_postc": 0,
        "addr_stree": null,
        "name_en": null,
        "website": null,
        "amenity": "kindergarten",
        "addr_distr": null,
        "addr_hous1": null,
        "addr_provi": null,
        "int_name": null,
        "natural": null,
        "descriptio": null,
        "cuisine": null,
        "fast_food": null,
        "level": 0,
        "opening_h9": null,
        "designatio": null,
        "layer": 0,
        "area": null,
        "location": null,
        "public_tra": null,
        "railway": null,
        "subway": null,
        "station": null,
        "surface": null,
        "name_zh": "武汉大学第三附属幼儿园",
        "admin_leve": 0,
        "boundary": null,
        "water": null,
        "place": null,
        "building_p": null,
        "min_height": 0,
        "min": 0,
        "name_zh_H1": null,
        "name_zh_Ha": null,
        "operator": null,
        "operator_t": null,
        "short_name": null,
        "short_nam1": null,
        "short_nam2": null,
        "wikidata": null,
        "wikipedia": null,
        "garden_typ": null,
        "access": null,
        "note": null,
        "female": null,
        "toilets_di": null,
        "male": null,
        "wheelchair": null,
        "alt_name": null,
        "old_name": null,
        "PERIMETER": null,
        "ENCLOSED_A": null
      },
      "geometry": {
        "type": "MultiPolygon",
        "coordinates": [
          [
            [
              [
                114.3687380134872,
                30.536966575623005
              ],
              [
                114.36873354945762,
                30.537035484367205
              ],
              [
                114.36886558270831,
                30.537055701490445
              ],
              [
                114.36893271779063,
                30.537047451326178
              ],
              [
                114.36898433526711,
                30.53702510841384
              ],
              [
                114.36905880143591,
                30.53699824251026
              ],
              [
                114.36925824994945,
                30.53692944027049
              ],
              [
                114.36932881857102,
                30.536895358781354
              ],
              [
                114.36927155341442,
                30.536833817284307
              ],
              [
                114.36924403846521,
                30.53678414246479
              ],
              [
                114.36923540413115,
                30.536429519291815
              ],
              [
                114.36923375452277,
                30.536107891052207
              ],
              [
                114.36876335254856,
                30.536224792575823
              ],
              [
                114.36875141409274,
                30.536623336678367
              ],
              [
                114.3687380134872,
                30.536966575623005
              ]
            ]
          ]
        ]
      }
    },
    {
      "type": "Feature",
      "properties": {
        "GM_LAYER": "natural - wood",
        "GM_TYPE": "Wooded Area",
        "ELEVATION": 0,
        "visible": "true",
        "version": 1,
        "changeset": 53690471,
        "timestamp": "2017-11-11T13:16:19Z",
        "user": "WHURSGIS-WCY",
        "uid": 6969616,
        "covered": null,
        "leisure": null,
        "name": null,
        "sport": null,
        "id": 539832000.0,
        "building": null,
        "building_l": 0,
        "height": null,
        "shop": null,
        "landuse": null,
        "addr_city": null,
        "addr_house": null,
        "addr_postc": 0,
        "addr_stree": null,
        "name_en": null,
        "website": null,
        "amenity": null,
        "addr_distr": null,
        "addr_hous1": null,
        "addr_provi": null,
        "int_name": null,
        "natural": "wood",
        "descriptio": null,
        "cuisine": null,
        "fast_food": null,
        "level": 0,
        "opening_h9": null,
        "designatio": null,
        "layer": 0,
        "area": null,
        "location": null,
        "public_tra": null,
        "railway": null,
        "subway": null,
        "station": null,
        "surface": null,
        "name_zh": null,
        "admin_leve": 0,
        "boundary": null,
        "water": null,
        "place": null,
        "building_p": null,
        "min_height": 0,
        "min": 0,
        "name_zh_H1": null,
        "name_zh_Ha": null,
        "operator": null,
        "operator_t": null,
        "short_name": null,
        "short_nam1": null,
        "short_nam2": null,
        "wikidata": null,
        "wikipedia": null,
        "garden_typ": null,
        "access": null,
        "note": null,
        "female": null,
        "toilets_di": null,
        "male": null,
        "wheelchair": null,
        "alt_name": null,
        "old_name": null,
        "PERIMETER": null,
        "ENCLOSED_A": null
      },
      "geometry": {
        "type": "MultiPolygon",
        "coordinates": [
          [
            [
              [
                114.36775473617959,
                30.535232920539332
              ],
              [
                114.36821482414213,
                30.535229584273704
              ],
              [
                114.3682204305464,
                30.53496965737176
              ],
              [
                114.36769783980267,
                30.534971871868116
              ],
              [
                114.36769506293948,
                30.535067780560325
              ],
              [
                114.36775486066485,
                30.535068903900413
              ],
              [
                114.36775473617959,
                30.535232920539332
              ]
            ]
          ]
        ]
      }
    },
    {
      "type": "Feature",
      "properties": {
        "GM_LAYER": "natural - wood",
        "GM_TYPE": "Wooded Area",
        "ELEVATION": 0,
        "visible": "true",
        "version": 1,
        "changeset": 53690471,
        "timestamp": "2017-11-11T13:16:19Z",
        "user": "WHURSGIS-WCY",
        "uid": 6969616,
        "covered": null,
        "leisure": null,
        "name": null,
        "sport": null,
        "id": 539832000.0,
        "building": null,
        "building_l": 0,
        "height": null,
        "shop": null,
        "landuse": null,
        "addr_city": null,
        "addr_house": null,
        "addr_postc": 0,
        "addr_stree": null,
        "name_en": null,
        "website": null,
        "amenity": null,
        "addr_distr": null,
        "addr_hous1": null,
        "addr_provi": null,
        "int_name": null,
        "natural": "wood",
        "descriptio": null,
        "cuisine": null,
        "fast_food": null,
        "level": 0,
        "opening_h9": null,
        "designatio": null,
        "layer": 0,
        "area": null,
        "location": null,
        "public_tra": null,
        "railway": null,
        "subway": null,
        "station": null,
        "surface": null,
        "name_zh": null,
        "admin_leve": 0,
        "boundary": null,
        "water": null,
        "place": null,
        "building_p": null,
        "min_height": 0,
        "min": 0,
        "name_zh_H1": null,
        "name_zh_Ha": null,
        "operator": null,
        "operator_t": null,
        "short_name": null,
        "short_nam1": null,
        "short_nam2": null,
        "wikidata": null,
        "wikipedia": null,
        "garden_typ": null,
        "access": null,
        "note": null,
        "female": null,
        "toilets_di": null,
        "male": null,
        "wheelchair": null,
        "alt_name": null,
        "old_name": null,
        "PERIMETER": null,
        "ENCLOSED_A": null
      },
      "geometry": {
        "type": "MultiPolygon",
        "coordinates": [
          [
            [
              [
                114.36704210696098,
                30.53524232150106
              ],
              [
                114.36752034614486,
                30.535243810983946
              ],
              [
                114.3675217823799,
                30.535067093818714
              ],
              [
                114.3675970052707,
                30.53506483475043
              ],
              [
                114.36759977709035,
                30.53497552698763
              ],
              [
                114.36704230915026,
                30.534975494338568
              ],
              [
                114.36704210696098,
                30.53524232150106
              ]
            ]
          ]
        ]
      }
    },
    {
      "type": "Feature",
      "properties": {
        "GM_LAYER": "building",
        "GM_TYPE": "Misc. Manmade Structure",
        "ELEVATION": 0,
        "visible": "true",
        "version": 1,
        "changeset": 54228499,
        "timestamp": "2017-12-01T08:57:07Z",
        "user": "applefl",
        "uid": 3392201,
        "covered": null,
        "leisure": null,
        "name": "遥感院小亭子",
        "sport": null,
        "id": 543850000.0,
        "building": "yes",
        "building_l": 0,
        "height": null,
        "shop": null,
        "landuse": null,
        "addr_city": null,
        "addr_house": null,
        "addr_postc": 0,
        "addr_stree": null,
        "name_en": null,
        "website": null,
        "amenity": null,
        "addr_distr": null,
        "addr_hous1": null,
        "addr_provi": null,
        "int_name": null,
        "natural": null,
        "descriptio": null,
        "cuisine": null,
        "fast_food": null,
        "level": 0,
        "opening_h9": null,
        "designatio": null,
        "layer": 0,
        "area": null,
        "location": null,
        "public_tra": null,
        "railway": null,
        "subway": null,
        "station": null,
        "surface": null,
        "name_zh": null,
        "admin_leve": 0,
        "boundary": null,
        "water": null,
        "place": null,
        "building_p": null,
        "min_height": 0,
        "min": 0,
        "name_zh_H1": null,
        "name_zh_Ha": null,
        "operator": null,
        "operator_t": null,
        "short_name": null,
        "short_nam1": null,
        "short_nam2": null,
        "wikidata": null,
        "wikipedia": null,
        "garden_typ": null,
        "access": null,
        "note": null,
        "female": null,
        "toilets_di": null,
        "male": null,
        "wheelchair": null,
        "alt_name": null,
        "old_name": null,
        "PERIMETER": null,
        "ENCLOSED_A": null
      },
      "geometry": {
        "type": "MultiPolygon",
        "coordinates": [
          [
            [
              [
                114.36655180993395,
                30.532590197943563
              ],
              [
                114.36659477568175,
                30.532581061117263
              ],
              [
                114.36657597144017,
                30.53254862923374
              ],
              [
                114.36655180993395,
                30.532590197943563
              ]
            ]
          ]
        ]
      }
    },
    {
      "type": "Feature",
      "properties": {
        "GM_LAYER": "Unknown Area Type",
        "GM_TYPE": "Unknown Area Type",
        "ELEVATION": 75,
        "visible": "true",
        "version": 1,
        "changeset": 62208604,
        "timestamp": "2018-09-01T23:27:14Z",
        "user": "John Bek",
        "uid": 3800987,
        "covered": null,
        "leisure": null,
        "name": null,
        "sport": null,
        "id": 621842000.0,
        "building": null,
        "building_l": 0,
        "height": "75",
        "shop": null,
        "landuse": null,
        "addr_city": null,
        "addr_house": null,
        "addr_postc": 0,
        "addr_stree": null,
        "name_en": null,
        "website": null,
        "amenity": null,
        "addr_distr": null,
        "addr_hous1": null,
        "addr_provi": null,
        "int_name": null,
        "natural": null,
        "descriptio": null,
        "cuisine": null,
        "fast_food": null,
        "level": 0,
        "opening_h9": null,
        "designatio": null,
        "layer": 0,
        "area": "yes",
        "location": null,
        "public_tra": null,
        "railway": null,
        "subway": null,
        "station": null,
        "surface": null,
        "name_zh": null,
        "admin_leve": 0,
        "boundary": null,
        "water": null,
        "place": null,
        "building_p": "yes",
        "min_height": 15,
        "min": 0,
        "name_zh_H1": null,
        "name_zh_Ha": null,
        "operator": null,
        "operator_t": null,
        "short_name": null,
        "short_nam1": null,
        "short_nam2": null,
        "wikidata": null,
        "wikipedia": null,
        "garden_typ": null,
        "access": null,
        "note": null,
        "female": null,
        "toilets_di": null,
        "male": null,
        "wheelchair": null,
        "alt_name": null,
        "old_name": null,
        "PERIMETER": null,
        "ENCLOSED_A": null
      },
      "geometry": {
        "type": "MultiPolygon",
        "coordinates": [
          [
            [
              [
                114.3605288372531,
                30.533995929140946
              ],
              [
                114.36079940464782,
                30.533919539193572
              ],
              [
                114.36070197853353,
                30.53366852666031
              ],
              [
                114.36043141772637,
                30.533744792556572
              ],
              [
                114.3605288372531,
                30.533995929140946
              ]
            ]
          ]
        ]
      }
    },
    {
      "type": "Feature",
      "properties": {
        "GM_LAYER": "Unknown Area Type",
        "GM_TYPE": "Unknown Area Type",
        "ELEVATION": 75,
        "visible": "true",
        "version": 1,
        "changeset": 62208604,
        "timestamp": "2018-09-01T23:27:14Z",
        "user": "John Bek",
        "uid": 3800987,
        "covered": null,
        "leisure": null,
        "name": null,
        "sport": null,
        "id": 621842000.0,
        "building": null,
        "building_l": 0,
        "height": "75",
        "shop": null,
        "landuse": null,
        "addr_city": null,
        "addr_house": null,
        "addr_postc": 0,
        "addr_stree": null,
        "name_en": null,
        "website": null,
        "amenity": null,
        "addr_distr": null,
        "addr_hous1": null,
        "addr_provi": null,
        "int_name": null,
        "natural": null,
        "descriptio": null,
        "cuisine": null,
        "fast_food": null,
        "level": 0,
        "opening_h9": null,
        "designatio": null,
        "layer": 0,
        "area": "yes",
        "location": null,
        "public_tra": null,
        "railway": null,
        "subway": null,
        "station": null,
        "surface": null,
        "name_zh": null,
        "admin_leve": 0,
        "boundary": null,
        "water": null,
        "place": null,
        "building_p": "yes",
        "min_height": 15,
        "min": 0,
        "name_zh_H1": null,
        "name_zh_Ha": null,
        "operator": null,
        "operator_t": null,
        "short_name": null,
        "short_nam1": null,
        "short_nam2": null,
        "wikidata": null,
        "wikipedia": null,
        "garden_typ": null,
        "access": null,
        "note": null,
        "female": null,
        "toilets_di": null,
        "male": null,
        "wheelchair": null,
        "alt_name": null,
        "old_name": null,
        "PERIMETER": null,
        "ENCLOSED_A": null
      },
      "geometry": {
        "type": "MultiPolygon",
        "coordinates": [
          [
            [
              [
                114.36051383802594,
                30.53343525490035
              ],
              [
                114.36093264365785,
                30.533319688639825
              ],
              [
                114.36080646360946,
                30.532987477136523
              ],
              [
                114.36038767109793,
                30.533102995183913
              ],
              [
                114.36051383802594,
                30.53343525490035
              ]
            ]
          ]
        ]
      }
    },
    {
      "type": "Feature",
      "properties": {
        "GM_LAYER": "Unknown Area Type",
        "GM_TYPE": "Unknown Area Type",
        "ELEVATION": 51,
        "visible": "true",
        "version": 1,
        "changeset": 62208604,
        "timestamp": "2018-09-01T23:27:14Z",
        "user": "John Bek",
        "uid": 3800987,
        "covered": null,
        "leisure": null,
        "name": null,
        "sport": null,
        "id": 621842000.0,
        "building": null,
        "building_l": 0,
        "height": "51",
        "shop": null,
        "landuse": null,
        "addr_city": null,
        "addr_house": null,
        "addr_postc": 0,
        "addr_stree": null,
        "name_en": null,
        "website": null,
        "amenity": null,
        "addr_distr": null,
        "addr_hous1": null,
        "addr_provi": null,
        "int_name": null,
        "natural": null,
        "descriptio": null,
        "cuisine": null,
        "fast_food": null,
        "level": 0,
        "opening_h9": null,
        "designatio": null,
        "layer": 0,
        "area": "yes",
        "location": null,
        "public_tra": null,
        "railway": null,
        "subway": null,
        "station": null,
        "surface": null,
        "name_zh": null,
        "admin_leve": 0,
        "boundary": null,
        "water": null,
        "place": null,
        "building_p": "yes",
        "min_height": 15,
        "min": 0,
        "name_zh_H1": null,
        "name_zh_Ha": null,
        "operator": null,
        "operator_t": null,
        "short_name": null,
        "short_nam1": null,
        "short_nam2": null,
        "wikidata": null,
        "wikipedia": null,
        "garden_typ": null,
        "access": null,
        "note": null,
        "female": null,
        "toilets_di": null,
        "male": null,
        "wheelchair": null,
        "alt_name": null,
        "old_name": null,
        "PERIMETER": null,
        "ENCLOSED_A": null
      },
      "geometry": {
        "type": "MultiPolygon",
        "coordinates": [
          [
            [
              [
                114.360884808067,
                30.533645998968204
              ],
              [
                114.36078788422826,
                30.533385995999687
              ],
              [
                114.36066405334212,
                30.533419528780016
              ],
              [
                114.36067054139474,
                30.533436876852303
              ],
              [
                114.36062693126317,
                30.533448668341293
              ],
              [
                114.36073293403462,
                30.53373325229478
              ],
              [
                114.36086847045557,
                30.533696592240222
              ],
              [
                114.36085279898292,
                30.533654678996704
              ],
              [
                114.360884808067,
                30.533645998968204
              ]
            ]
          ]
        ]
      }
    },
    {
      "type": "Feature",
      "properties": {
        "GM_LAYER": "shop - mail",
        "GM_TYPE": "Misc. Manmade Structure",
        "ELEVATION": 0,
        "visible": "true",
        "version": 2,
        "changeset": 112606079,
        "timestamp": "2021-10-17T10:41:49Z",
        "user": "白白白白白白",
        "uid": 9388151,
        "covered": null,
        "leisure": null,
        "name": null,
        "sport": null,
        "id": 621842000.0,
        "building": "yes",
        "building_l": 6,
        "height": null,
        "shop": "mail",
        "landuse": null,
        "addr_city": null,
        "addr_house": null,
        "addr_postc": 0,
        "addr_stree": null,
        "name_en": null,
        "website": null,
        "amenity": null,
        "addr_distr": null,
        "addr_hous1": null,
        "addr_provi": null,
        "int_name": null,
        "natural": null,
        "descriptio": null,
        "cuisine": null,
        "fast_food": null,
        "level": 0,
        "opening_h9": null,
        "designatio": null,
        "layer": 0,
        "area": null,
        "location": null,
        "public_tra": null,
        "railway": null,
        "subway": null,
        "station": null,
        "surface": null,
        "name_zh": null,
        "admin_leve": 0,
        "boundary": null,
        "water": null,
        "place": null,
        "building_p": null,
        "min_height": 0,
        "min": 0,
        "name_zh_H1": null,
        "name_zh_Ha": null,
        "operator": null,
        "operator_t": null,
        "short_name": null,
        "short_nam1": null,
        "short_nam2": null,
        "wikidata": null,
        "wikipedia": null,
        "garden_typ": null,
        "access": null,
        "note": null,
        "female": null,
        "toilets_di": null,
        "male": null,
        "wheelchair": null,
        "alt_name": null,
        "old_name": null,
        "PERIMETER": null,
        "ENCLOSED_A": null
      },
      "geometry": {
        "type": "MultiPolygon",
        "coordinates": [
          [
            [
              [
                114.36095657555587,
                30.532990412191914
              ],
              [
                114.3610324482335,
                30.53318675121192
              ],
              [
                114.36115448927497,
                30.533152464375114
              ],
              [
                114.36113162694504,
                30.533093305115553
              ],
              [
                114.36119134790671,
                30.53307649927171
              ],
              [
                114.36120822045673,
                30.533120015910182
              ],
              [
                114.36134507204126,
                30.53308150453701
              ],
              [
                114.36149160683206,
                30.532931723479866
              ],
              [
                114.36145965652732,
                30.53284891061068
              ],
              [
                114.36095657555587,
                30.532990412191914
              ]
            ]
          ]
        ]
      }
    },
    {
      "type": "Feature",
      "properties": {
        "GM_LAYER": "Unknown Area Type",
        "GM_TYPE": "Unknown Area Type",
        "ELEVATION": 66,
        "visible": "true",
        "version": 2,
        "changeset": 91484430,
        "timestamp": "2020-09-25T06:07:41Z",
        "user": "samsung galaxy s6",
        "uid": 3691120,
        "covered": null,
        "leisure": null,
        "name": "中部创意大厦",
        "sport": null,
        "id": 621842000.0,
        "building": null,
        "building_l": 0,
        "height": "66",
        "shop": null,
        "landuse": null,
        "addr_city": null,
        "addr_house": null,
        "addr_postc": 0,
        "addr_stree": null,
        "name_en": null,
        "website": null,
        "amenity": null,
        "addr_distr": null,
        "addr_hous1": null,
        "addr_provi": null,
        "int_name": null,
        "natural": null,
        "descriptio": null,
        "cuisine": null,
        "fast_food": null,
        "level": 0,
        "opening_h9": null,
        "designatio": null,
        "layer": 0,
        "area": "yes",
        "location": null,
        "public_tra": null,
        "railway": null,
        "subway": null,
        "station": null,
        "surface": null,
        "name_zh": null,
        "admin_leve": 0,
        "boundary": null,
        "water": null,
        "place": null,
        "building_p": "yes",
        "min_height": 15,
        "min": 0,
        "name_zh_H1": null,
        "name_zh_Ha": null,
        "operator": null,
        "operator_t": null,
        "short_name": null,
        "short_nam1": null,
        "short_nam2": null,
        "wikidata": null,
        "wikipedia": null,
        "garden_typ": null,
        "access": null,
        "note": null,
        "female": null,
        "toilets_di": null,
        "male": null,
        "wheelchair": null,
        "alt_name": null,
        "old_name": null,
        "PERIMETER": null,
        "ENCLOSED_A": null
      },
      "geometry": {
        "type": "MultiPolygon",
        "coordinates": [
          [
            [
              [
                114.36217488106324,
                30.53269100003217
              ],
              [
                114.3621096445219,
                30.532708629008642
              ],
              [
                114.36172764938797,
                30.532812176553637
              ],
              [
                114.36180962035469,
                30.533034401418533
              ],
              [
                114.36207190605457,
                30.5330359515404
              ],
              [
                114.36226945317209,
                30.532932363753844
              ],
              [
                114.36221253012005,
                30.532787125519114
              ],
              [
                114.36217488106324,
                30.53269100003217
              ]
            ]
          ]
        ]
      }
    },
    {
      "type": "Feature",
      "properties": {
        "GM_LAYER": "Unknown Area Type",
        "GM_TYPE": "Unknown Area Type",
        "ELEVATION": 30,
        "visible": "true",
        "version": 2,
        "changeset": 133822579,
        "timestamp": "2023-03-18T13:18:06Z",
        "user": "ranyan QIAN",
        "uid": 18759641,
        "covered": null,
        "leisure": null,
        "name": null,
        "sport": null,
        "id": 621842000.0,
        "building": null,
        "building_l": 0,
        "height": "30",
        "shop": null,
        "landuse": null,
        "addr_city": null,
        "addr_house": null,
        "addr_postc": 0,
        "addr_stree": null,
        "name_en": null,
        "website": null,
        "amenity": null,
        "addr_distr": null,
        "addr_hous1": null,
        "addr_provi": null,
        "int_name": null,
        "natural": null,
        "descriptio": null,
        "cuisine": null,
        "fast_food": null,
        "level": 0,
        "opening_h9": null,
        "designatio": null,
        "layer": 0,
        "area": "yes",
        "location": null,
        "public_tra": null,
        "railway": null,
        "subway": null,
        "station": null,
        "surface": null,
        "name_zh": null,
        "admin_leve": 0,
        "boundary": null,
        "water": null,
        "place": null,
        "building_p": "yes",
        "min_height": 15,
        "min": 0,
        "name_zh_H1": null,
        "name_zh_Ha": null,
        "operator": null,
        "operator_t": null,
        "short_name": null,
        "short_nam1": null,
        "short_nam2": null,
        "wikidata": null,
        "wikipedia": null,
        "garden_typ": null,
        "access": null,
        "note": null,
        "female": null,
        "toilets_di": null,
        "male": null,
        "wheelchair": null,
        "alt_name": null,
        "old_name": null,
        "PERIMETER": null,
        "ENCLOSED_A": null
      },
      "geometry": {
        "type": "MultiPolygon",
        "coordinates": [
          [
            [
              [
                114.36207559996438,
                30.533046674213498
              ],
              [
                114.36381909935625,
                30.533010920393203
              ],
              [
                114.36381089652679,
                30.532566832070344
              ],
              [
                114.36380606861164,
                30.532304879226565
              ],
              [
                114.36335519343002,
                30.532392123194633
              ],
              [
                114.36239935773057,
                30.532565838134452
              ],
              [
                114.36239723754117,
                30.532594330078894
              ],
              [
                114.36238811303218,
                30.532624683812568
              ],
              [
                114.3623739857022,
                30.53265601006073
              ],
              [
                114.36235265480721,
                30.53268809644383
              ],
              [
                114.36232942496248,
                30.532717571539553
              ],
              [
                114.36229709087671,
                30.532747895504134
              ],
              [
                114.36225655850536,
                30.53277117161849
              ],
              [
                114.36221253012005,
                30.532787125519114
              ],
              [
                114.36226945317209,
                30.532932363753844
              ],
              [
                114.36207190605457,
                30.5330359515404
              ],
              [
                114.36207559996438,
                30.533046674213498
              ]
            ]
          ]
        ]
      }
    },
    {
      "type": "Feature",
      "properties": {
        "GM_LAYER": "Unknown Area Type",
        "GM_TYPE": "Unknown Area Type",
        "ELEVATION": 33,
        "visible": "true",
        "version": 1,
        "changeset": 62208604,
        "timestamp": "2018-09-01T23:27:14Z",
        "user": "John Bek",
        "uid": 3800987,
        "covered": null,
        "leisure": null,
        "name": null,
        "sport": null,
        "id": 621842000.0,
        "building": null,
        "building_l": 0,
        "height": "33",
        "shop": null,
        "landuse": null,
        "addr_city": null,
        "addr_house": null,
        "addr_postc": 0,
        "addr_stree": null,
        "name_en": null,
        "website": null,
        "amenity": null,
        "addr_distr": null,
        "addr_hous1": null,
        "addr_provi": null,
        "int_name": null,
        "natural": null,
        "descriptio": null,
        "cuisine": null,
        "fast_food": null,
        "level": 0,
        "opening_h9": null,
        "designatio": null,
        "layer": 0,
        "area": "yes",
        "location": null,
        "public_tra": null,
        "railway": null,
        "subway": null,
        "station": null,
        "surface": null,
        "name_zh": null,
        "admin_leve": 0,
        "boundary": null,
        "water": null,
        "place": null,
        "building_p": "yes",
        "min_height": 30,
        "min": 0,
        "name_zh_H1": null,
        "name_zh_Ha": null,
        "operator": null,
        "operator_t": null,
        "short_name": null,
        "short_nam1": null,
        "short_nam2": null,
        "wikidata": null,
        "wikipedia": null,
        "garden_typ": null,
        "access": null,
        "note": null,
        "female": null,
        "toilets_di": null,
        "male": null,
        "wheelchair": null,
        "alt_name": null,
        "old_name": null,
        "PERIMETER": null,
        "ENCLOSED_A": null
      },
      "geometry": {
        "type": "MultiPolygon",
        "coordinates": [
          [
            [
              [
                114.3628434955618,
                30.53297222910427
              ],
              [
                114.36337280717906,
                30.532977375992104
              ],
              [
                114.36337313804313,
                30.532492117728033
              ],
              [
                114.36310697157057,
                30.532492170487235
              ],
              [
                114.3628452718352,
                30.532568988390775
              ],
              [
                114.36280205790156,
                30.53270318555856
              ],
              [
                114.36284362046696,
                30.532790407488132
              ],
              [
                114.3628434955618,
                30.53297222910427
              ]
            ]
          ]
        ]
      }
    },
    {
      "type": "Feature",
      "properties": {
        "GM_LAYER": "Unknown Area Type",
        "GM_TYPE": "Unknown Area Type",
        "ELEVATION": 24,
        "visible": "true",
        "version": 1,
        "changeset": 62232286,
        "timestamp": "2018-09-03T00:58:49Z",
        "user": "John Bek",
        "uid": 3800987,
        "covered": null,
        "leisure": null,
        "name": null,
        "sport": null,
        "id": 622152000.0,
        "building": null,
        "building_l": 0,
        "height": "24",
        "shop": null,
        "landuse": null,
        "addr_city": null,
        "addr_house": null,
        "addr_postc": 0,
        "addr_stree": null,
        "name_en": null,
        "website": null,
        "amenity": null,
        "addr_distr": null,
        "addr_hous1": null,
        "addr_provi": null,
        "int_name": null,
        "natural": null,
        "descriptio": null,
        "cuisine": null,
        "fast_food": null,
        "level": 0,
        "opening_h9": null,
        "designatio": null,
        "layer": 0,
        "area": "yes",
        "location": null,
        "public_tra": null,
        "railway": null,
        "subway": null,
        "station": null,
        "surface": null,
        "name_zh": null,
        "admin_leve": 0,
        "boundary": null,
        "water": null,
        "place": null,
        "building_p": "yes",
        "min_height": 12,
        "min": 0,
        "name_zh_H1": null,
        "name_zh_Ha": null,
        "operator": null,
        "operator_t": null,
        "short_name": null,
        "short_nam1": null,
        "short_nam2": null,
        "wikidata": null,
        "wikipedia": null,
        "garden_typ": null,
        "access": null,
        "note": null,
        "female": null,
        "toilets_di": null,
        "male": null,
        "wheelchair": null,
        "alt_name": null,
        "old_name": null,
        "PERIMETER": null,
        "ENCLOSED_A": null
      },
      "geometry": {
        "type": "MultiPolygon",
        "coordinates": [
          [
            [
              [
                114.36294223893141,
                30.533978042568155
              ],
              [
                114.36293914979483,
                30.534098640895966
              ],
              [
                114.36323051774836,
                30.534104249373186
              ],
              [
                114.36324651315235,
                30.534124326593183
              ],
              [
                114.3635437066722,
                30.534128375623098
              ],
              [
                114.36357072988648,
                30.534122393414368
              ],
              [
                114.36359355649392,
                30.534107891310555
              ],
              [
                114.36360607781486,
                30.53409074376576
              ],
              [
                114.36361530030882,
                30.534068781253612
              ],
              [
                114.36361431752822,
                30.53404407421312
              ],
              [
                114.36360712686368,
                30.534024140805236
              ],
              [
                114.36359162651559,
                30.53400947181696
              ],
              [
                114.36361455361222,
                30.533994469628173
              ],
              [
                114.36361690763745,
                30.533921971589436
              ],
              [
                114.36349332146862,
                30.53392192954822
              ],
              [
                114.36349229587579,
                30.533956428912624
              ],
              [
                114.36335330343029,
                30.533956001790987
              ],
              [
                114.36335238288936,
                30.53398360071193
              ],
              [
                114.36294223893141,
                30.533978042568155
              ]
            ]
          ]
        ]
      }
    },
    {
      "type": "Feature",
      "properties": {
        "GM_LAYER": "Unknown Area Type",
        "GM_TYPE": "Unknown Area Type",
        "ELEVATION": 54,
        "visible": "true",
        "version": 1,
        "changeset": 62232286,
        "timestamp": "2018-09-03T00:58:49Z",
        "user": "John Bek",
        "uid": 3800987,
        "covered": null,
        "leisure": null,
        "name": null,
        "sport": null,
        "id": 622152000.0,
        "building": null,
        "building_l": 0,
        "height": "54",
        "shop": null,
        "landuse": null,
        "addr_city": null,
        "addr_house": null,
        "addr_postc": 0,
        "addr_stree": null,
        "name_en": null,
        "website": null,
        "amenity": null,
        "addr_distr": null,
        "addr_hous1": null,
        "addr_provi": null,
        "int_name": null,
        "natural": null,
        "descriptio": null,
        "cuisine": null,
        "fast_food": null,
        "level": 0,
        "opening_h9": null,
        "designatio": null,
        "layer": 0,
        "area": "yes",
        "location": null,
        "public_tra": null,
        "railway": null,
        "subway": null,
        "station": null,
        "surface": null,
        "name_zh": null,
        "admin_leve": 0,
        "boundary": null,
        "water": null,
        "place": null,
        "building_p": "yes",
        "min_height": 15,
        "min": 0,
        "name_zh_H1": null,
        "name_zh_Ha": null,
        "operator": null,
        "operator_t": null,
        "short_name": null,
        "short_nam1": null,
        "short_nam2": null,
        "wikidata": null,
        "wikipedia": null,
        "garden_typ": null,
        "access": null,
        "note": null,
        "female": null,
        "toilets_di": null,
        "male": null,
        "wheelchair": null,
        "alt_name": null,
        "old_name": null,
        "PERIMETER": null,
        "ENCLOSED_A": null
      },
      "geometry": {
        "type": "MultiPolygon",
        "coordinates": [
          [
            [
              [
                114.36550063270441,
                30.531913687432894
              ],
              [
                114.36549119471805,
                30.53225900741886
              ],
              [
                114.36572396485116,
                30.532260972004227
              ],
              [
                114.36573521819776,
                30.531741931721246
              ],
              [
                114.3656995322832,
                30.531654037500953
              ],
              [
                114.36550627200171,
                30.531708675134805
              ],
              [
                114.36550063270441,
                30.531913687432894
              ]
            ]
          ]
        ]
      }
    },
    {
      "type": "Feature",
      "properties": {
        "GM_LAYER": "Unknown Area Type",
        "GM_TYPE": "Unknown Area Type",
        "ELEVATION": 39,
        "visible": "true",
        "version": 1,
        "changeset": 62232286,
        "timestamp": "2018-09-03T00:58:49Z",
        "user": "John Bek",
        "uid": 3800987,
        "covered": null,
        "leisure": null,
        "name": null,
        "sport": null,
        "id": 622152000.0,
        "building": null,
        "building_l": 0,
        "height": "39",
        "shop": null,
        "landuse": null,
        "addr_city": null,
        "addr_house": null,
        "addr_postc": 0,
        "addr_stree": null,
        "name_en": null,
        "website": null,
        "amenity": null,
        "addr_distr": null,
        "addr_hous1": null,
        "addr_provi": null,
        "int_name": null,
        "natural": null,
        "descriptio": null,
        "cuisine": null,
        "fast_food": null,
        "level": 0,
        "opening_h9": null,
        "designatio": null,
        "layer": 0,
        "area": "yes",
        "location": null,
        "public_tra": null,
        "railway": null,
        "subway": null,
        "station": null,
        "surface": null,
        "name_zh": null,
        "admin_leve": 0,
        "boundary": null,
        "water": null,
        "place": null,
        "building_p": "yes",
        "min_height": 15,
        "min": 0,
        "name_zh_H1": null,
        "name_zh_Ha": null,
        "operator": null,
        "operator_t": null,
        "short_name": null,
        "short_nam1": null,
        "short_nam2": null,
        "wikidata": null,
        "wikipedia": null,
        "garden_typ": null,
        "access": null,
        "note": null,
        "female": null,
        "toilets_di": null,
        "male": null,
        "wheelchair": null,
        "alt_name": null,
        "old_name": null,
        "PERIMETER": null,
        "ENCLOSED_A": null
      },
      "geometry": {
        "type": "MultiPolygon",
        "coordinates": [
          [
            [
              [
                114.36519537097128,
                30.531796556063327
              ],
              [
                114.36526052341192,
                30.53197766113549
              ],
              [
                114.36550063270441,
                30.531913687432894
              ],
              [
                114.36550627200171,
                30.531708675134805
              ],
              [
                114.36519537097128,
                30.531796556063327
              ]
            ]
          ]
        ]
      }
    },
    {
      "type": "Feature",
      "properties": {
        "GM_LAYER": "Unknown Area Type",
        "GM_TYPE": "Unknown Area Type",
        "ELEVATION": 36,
        "visible": "true",
        "version": 1,
        "changeset": 62232286,
        "timestamp": "2018-09-03T00:58:49Z",
        "user": "John Bek",
        "uid": 3800987,
        "covered": null,
        "leisure": null,
        "name": null,
        "sport": null,
        "id": 622152000.0,
        "building": null,
        "building_l": 0,
        "height": "36",
        "shop": null,
        "landuse": null,
        "addr_city": null,
        "addr_house": null,
        "addr_postc": 0,
        "addr_stree": null,
        "name_en": null,
        "website": null,
        "amenity": null,
        "addr_distr": null,
        "addr_hous1": null,
        "addr_provi": null,
        "int_name": null,
        "natural": null,
        "descriptio": null,
        "cuisine": null,
        "fast_food": null,
        "level": 0,
        "opening_h9": null,
        "designatio": null,
        "layer": 0,
        "area": "yes",
        "location": null,
        "public_tra": null,
        "railway": null,
        "subway": null,
        "station": null,
        "surface": null,
        "name_zh": null,
        "admin_leve": 0,
        "boundary": null,
        "water": null,
        "place": null,
        "building_p": "yes",
        "min_height": 0,
        "min": 15,
        "name_zh_H1": null,
        "name_zh_Ha": null,
        "operator": null,
        "operator_t": null,
        "short_name": null,
        "short_nam1": null,
        "short_nam2": null,
        "wikidata": null,
        "wikipedia": null,
        "garden_typ": null,
        "access": null,
        "note": null,
        "female": null,
        "toilets_di": null,
        "male": null,
        "wheelchair": null,
        "alt_name": null,
        "old_name": null,
        "PERIMETER": null,
        "ENCLOSED_A": null
      },
      "geometry": {
        "type": "MultiPolygon",
        "coordinates": [
          [
            [
              [
                114.36526052341192,
                30.53197766113549
              ],
              [
                114.36519537097128,
                30.531796556063327
              ],
              [
                114.3649720964635,
                30.53185961061735
              ],
              [
                114.36501526049095,
                30.531982656553144
              ],
              [
                114.36503464429221,
                30.53203792146428
              ],
              [
                114.36526052341192,
                30.53197766113549
              ]
            ]
          ]
        ]
      }
    },
    {
      "type": "Feature",
      "properties": {
        "GM_LAYER": "Unknown Area Type",
        "GM_TYPE": "Unknown Area Type",
        "ELEVATION": 33,
        "visible": "true",
        "version": 1,
        "changeset": 62232286,
        "timestamp": "2018-09-03T00:58:49Z",
        "user": "John Bek",
        "uid": 3800987,
        "covered": null,
        "leisure": null,
        "name": null,
        "sport": null,
        "id": 622152000.0,
        "building": null,
        "building_l": 0,
        "height": "33",
        "shop": null,
        "landuse": null,
        "addr_city": null,
        "addr_house": null,
        "addr_postc": 0,
        "addr_stree": null,
        "name_en": null,
        "website": null,
        "amenity": null,
        "addr_distr": null,
        "addr_hous1": null,
        "addr_provi": null,
        "int_name": null,
        "natural": null,
        "descriptio": null,
        "cuisine": null,
        "fast_food": null,
        "level": 0,
        "opening_h9": null,
        "designatio": null,
        "layer": 0,
        "area": "yes",
        "location": null,
        "public_tra": null,
        "railway": null,
        "subway": null,
        "station": null,
        "surface": null,
        "name_zh": null,
        "admin_leve": 0,
        "boundary": null,
        "water": null,
        "place": null,
        "building_p": "yes",
        "min_height": 15,
        "min": 0,
        "name_zh_H1": null,
        "name_zh_Ha": null,
        "operator": null,
        "operator_t": null,
        "short_name": null,
        "short_nam1": null,
        "short_nam2": null,
        "wikidata": null,
        "wikipedia": null,
        "garden_typ": null,
        "access": null,
        "note": null,
        "female": null,
        "toilets_di": null,
        "male": null,
        "wheelchair": null,
        "alt_name": null,
        "old_name": null,
        "PERIMETER": null,
        "ENCLOSED_A": null
      },
      "geometry": {
        "type": "MultiPolygon",
        "coordinates": [
          [
            [
              [
                114.36486588272257,
                30.532022903941147
              ],
              [
                114.36501526049095,
                30.531982656553144
              ],
              [
                114.3649720964635,
                30.53185961061735
              ],
              [
                114.3648209169548,
                30.531902346453155
              ],
              [
                114.36486588272257,
                30.532022903941147
              ]
            ]
          ]
        ]
      }
    },
    {
      "type": "Feature",
      "properties": {
        "GM_LAYER": "Unknown Area Type",
        "GM_TYPE": "Unknown Area Type",
        "ELEVATION": 30,
        "visible": "true",
        "version": 1,
        "changeset": 62232286,
        "timestamp": "2018-09-03T00:58:49Z",
        "user": "John Bek",
        "uid": 3800987,
        "covered": null,
        "leisure": null,
        "name": null,
        "sport": null,
        "id": 622152000.0,
        "building": null,
        "building_l": 0,
        "height": "30",
        "shop": null,
        "landuse": null,
        "addr_city": null,
        "addr_house": null,
        "addr_postc": 0,
        "addr_stree": null,
        "name_en": null,
        "website": null,
        "amenity": null,
        "addr_distr": null,
        "addr_hous1": null,
        "addr_provi": null,
        "int_name": null,
        "natural": null,
        "descriptio": null,
        "cuisine": null,
        "fast_food": null,
        "level": 0,
        "opening_h9": null,
        "designatio": null,
        "layer": 0,
        "area": "yes",
        "location": null,
        "public_tra": null,
        "railway": null,
        "subway": null,
        "station": null,
        "surface": null,
        "name_zh": null,
        "admin_leve": 0,
        "boundary": null,
        "water": null,
        "place": null,
        "building_p": "yes",
        "min_height": 15,
        "min": 0,
        "name_zh_H1": null,
        "name_zh_Ha": null,
        "operator": null,
        "operator_t": null,
        "short_name": null,
        "short_nam1": null,
        "short_nam2": null,
        "wikidata": null,
        "wikipedia": null,
        "garden_typ": null,
        "access": null,
        "note": null,
        "female": null,
        "toilets_di": null,
        "male": null,
        "wheelchair": null,
        "alt_name": null,
        "old_name": null,
        "PERIMETER": null,
        "ENCLOSED_A": null
      },
      "geometry": {
        "type": "MultiPolygon",
        "coordinates": [
          [
            [
              [
                114.3648209169548,
                30.531902346453155
              ],
              [
                114.36468025464092,
                30.531941994900098
              ],
              [
                114.36472742241301,
                30.53206026532176
              ],
              [
                114.36486588272257,
                30.532022903941147
              ],
              [
                114.3648209169548,
                30.531902346453155
              ]
            ]
          ]
        ]
      }
    },
    {
      "type": "Feature",
      "properties": {
        "GM_LAYER": "Unknown Area Type",
        "GM_TYPE": "Unknown Area Type",
        "ELEVATION": 24,
        "visible": "true",
        "version": 1,
        "changeset": 62232286,
        "timestamp": "2018-09-03T00:58:49Z",
        "user": "John Bek",
        "uid": 3800987,
        "covered": null,
        "leisure": null,
        "name": null,
        "sport": null,
        "id": 622152000.0,
        "building": null,
        "building_l": 0,
        "height": "24",
        "shop": null,
        "landuse": null,
        "addr_city": null,
        "addr_house": null,
        "addr_postc": 0,
        "addr_stree": null,
        "name_en": null,
        "website": null,
        "amenity": null,
        "addr_distr": null,
        "addr_hous1": null,
        "addr_provi": null,
        "int_name": null,
        "natural": null,
        "descriptio": null,
        "cuisine": null,
        "fast_food": null,
        "level": 0,
        "opening_h9": null,
        "designatio": null,
        "layer": 0,
        "area": "yes",
        "location": null,
        "public_tra": null,
        "railway": null,
        "subway": null,
        "station": null,
        "surface": null,
        "name_zh": null,
        "admin_leve": 0,
        "boundary": null,
        "water": null,
        "place": null,
        "building_p": "yes",
        "min_height": 15,
        "min": 0,
        "name_zh_H1": null,
        "name_zh_Ha": null,
        "operator": null,
        "operator_t": null,
        "short_name": null,
        "short_nam1": null,
        "short_nam2": null,
        "wikidata": null,
        "wikipedia": null,
        "garden_typ": null,
        "access": null,
        "note": null,
        "female": null,
        "toilets_di": null,
        "male": null,
        "wheelchair": null,
        "alt_name": null,
        "old_name": null,
        "PERIMETER": null,
        "ENCLOSED_A": null
      },
      "geometry": {
        "type": "MultiPolygon",
        "coordinates": [
          [
            [
              [
                114.3645827596237,
                30.53209918742928
              ],
              [
                114.36472742241301,
                30.53206026532176
              ],
              [
                114.36468025464092,
                30.531941994900098
              ],
              [
                114.3645417992274,
                30.531981031932638
              ],
              [
                114.3645827596237,
                30.53209918742928
              ]
            ]
          ]
        ]
      }
    },
    {
      "type": "Feature",
      "properties": {
        "GM_LAYER": "building - residential",
        "GM_TYPE": "Misc. Manmade Structure",
        "ELEVATION": 0,
        "visible": "true",
        "version": 1,
        "changeset": 63717818,
        "timestamp": "2018-10-21T02:27:19Z",
        "user": "bolo_2020",
        "uid": 542604,
        "covered": null,
        "leisure": null,
        "name": null,
        "sport": null,
        "id": 636440000.0,
        "building": "residential",
        "building_l": 0,
        "height": null,
        "shop": null,
        "landuse": null,
        "addr_city": null,
        "addr_house": null,
        "addr_postc": 0,
        "addr_stree": null,
        "name_en": null,
        "website": null,
        "amenity": null,
        "addr_distr": null,
        "addr_hous1": null,
        "addr_provi": null,
        "int_name": null,
        "natural": null,
        "descriptio": null,
        "cuisine": null,
        "fast_food": null,
        "level": 0,
        "opening_h9": null,
        "designatio": null,
        "layer": 0,
        "area": null,
        "location": null,
        "public_tra": null,
        "railway": null,
        "subway": null,
        "station": null,
        "surface": null,
        "name_zh": null,
        "admin_leve": 0,
        "boundary": null,
        "water": null,
        "place": null,
        "building_p": null,
        "min_height": 0,
        "min": 0,
        "name_zh_H1": null,
        "name_zh_Ha": null,
        "operator": null,
        "operator_t": null,
        "short_name": null,
        "short_nam1": null,
        "short_nam2": null,
        "wikidata": null,
        "wikipedia": null,
        "garden_typ": null,
        "access": null,
        "note": null,
        "female": null,
        "toilets_di": null,
        "male": null,
        "wheelchair": null,
        "alt_name": null,
        "old_name": null,
        "PERIMETER": null,
        "ENCLOSED_A": null
      },
      "geometry": {
        "type": "MultiPolygon",
        "coordinates": [
          [
            [
              [
                114.36168832601882,
                30.53696338700621
              ],
              [
                114.36216280014258,
                30.536816782131908
              ],
              [
                114.36210988086714,
                30.53669146718548
              ],
              [
                114.36179819968672,
                30.53678713933359
              ],
              [
                114.36176287745596,
                30.53667721478444
              ],
              [
                114.36158939194357,
                30.536724951845486
              ],
              [
                114.36168832601882,
                30.53696338700621
              ]
            ]
          ]
        ]
      }
    },
    {
      "type": "Feature",
      "properties": {
        "GM_LAYER": "building - residential",
        "GM_TYPE": "Misc. Manmade Structure",
        "ELEVATION": 0,
        "visible": "true",
        "version": 1,
        "changeset": 63717818,
        "timestamp": "2018-10-21T02:27:19Z",
        "user": "bolo_2020",
        "uid": 542604,
        "covered": null,
        "leisure": null,
        "name": "学府鑫苑",
        "sport": null,
        "id": 636440000.0,
        "building": "residential",
        "building_l": 0,
        "height": null,
        "shop": null,
        "landuse": null,
        "addr_city": null,
        "addr_house": null,
        "addr_postc": 0,
        "addr_stree": null,
        "name_en": null,
        "website": null,
        "amenity": null,
        "addr_distr": null,
        "addr_hous1": null,
        "addr_provi": null,
        "int_name": null,
        "natural": null,
        "descriptio": null,
        "cuisine": null,
        "fast_food": null,
        "level": 0,
        "opening_h9": null,
        "designatio": null,
        "layer": 0,
        "area": null,
        "location": null,
        "public_tra": null,
        "railway": null,
        "subway": null,
        "station": null,
        "surface": null,
        "name_zh": null,
        "admin_leve": 0,
        "boundary": null,
        "water": null,
        "place": null,
        "building_p": null,
        "min_height": 0,
        "min": 0,
        "name_zh_H1": null,
        "name_zh_Ha": null,
        "operator": null,
        "operator_t": null,
        "short_name": null,
        "short_nam1": null,
        "short_nam2": null,
        "wikidata": null,
        "wikipedia": null,
        "garden_typ": null,
        "access": null,
        "note": null,
        "female": null,
        "toilets_di": null,
        "male": null,
        "wheelchair": null,
        "alt_name": null,
        "old_name": null,
        "PERIMETER": null,
        "ENCLOSED_A": null
      },
      "geometry": {
        "type": "MultiPolygon",
        "coordinates": [
          [
            [
              [
                114.36139155733896,
                30.536208449365187
              ],
              [
                114.36152929219199,
                30.536581261490145
              ],
              [
                114.36176660519422,
                30.536518721967493
              ],
              [
                114.36163236566898,
                30.53614286154327
              ],
              [
                114.36139155733896,
                30.536208449365187
              ]
            ]
          ]
        ]
      }
    },
    {
      "type": "Feature",
      "properties": {
        "GM_LAYER": "landuse - residential",
        "GM_TYPE": "Metro Area",
        "ELEVATION": 0,
        "visible": "true",
        "version": 1,
        "changeset": 63717818,
        "timestamp": "2018-10-21T02:27:19Z",
        "user": "bolo_2020",
        "uid": 542604,
        "covered": null,
        "leisure": null,
        "name": null,
        "sport": null,
        "id": 636440000.0,
        "building": null,
        "building_l": 0,
        "height": null,
        "shop": null,
        "landuse": "residential",
        "addr_city": null,
        "addr_house": null,
        "addr_postc": 0,
        "addr_stree": null,
        "name_en": null,
        "website": null,
        "amenity": null,
        "addr_distr": null,
        "addr_hous1": null,
        "addr_provi": null,
        "int_name": null,
        "natural": null,
        "descriptio": null,
        "cuisine": null,
        "fast_food": null,
        "level": 0,
        "opening_h9": null,
        "designatio": null,
        "layer": 0,
        "area": null,
        "location": null,
        "public_tra": null,
        "railway": null,
        "subway": null,
        "station": null,
        "surface": null,
        "name_zh": null,
        "admin_leve": 0,
        "boundary": null,
        "water": null,
        "place": null,
        "building_p": null,
        "min_height": 0,
        "min": 0,
        "name_zh_H1": null,
        "name_zh_Ha": null,
        "operator": null,
        "operator_t": null,
        "short_name": null,
        "short_nam1": null,
        "short_nam2": null,
        "wikidata": null,
        "wikipedia": null,
        "garden_typ": null,
        "access": null,
        "note": null,
        "female": null,
        "toilets_di": null,
        "male": null,
        "wheelchair": null,
        "alt_name": null,
        "old_name": null,
        "PERIMETER": null,
        "ENCLOSED_A": null
      },
      "geometry": {
        "type": "MultiPolygon",
        "coordinates": [
          [
            [
              [
                114.36114411503397,
                30.53582269358234
              ],
              [
                114.36165266152967,
                30.537277097047433
              ],
              [
                114.3622229987243,
                30.536847626434437
              ],
              [
                114.3622124731075,
                30.536749957623165
              ],
              [
                114.36157935766087,
                30.536008418316335
              ],
              [
                114.36144496723493,
                30.53582765233753
              ],
              [
                114.36136347955487,
                30.53578972633435
              ],
              [
                114.36124845452122,
                30.535793979283763
              ],
              [
                114.36114411503397,
                30.53582269358234
              ]
            ]
          ]
        ]
      }
    },
    {
      "type": "Feature",
      "properties": {
        "GM_LAYER": "leisure - pitch",
        "GM_TYPE": "Misc. Manmade Structure",
        "ELEVATION": 0,
        "visible": "true",
        "version": 2,
        "changeset": 120659211,
        "timestamp": "2022-05-07T09:16:53Z",
        "user": "636663",
        "uid": 15396410,
        "covered": null,
        "leisure": "pitch",
        "name": null,
        "sport": "soccer",
        "id": 664757000.0,
        "building": null,
        "building_l": 0,
        "height": null,
        "shop": null,
        "landuse": null,
        "addr_city": null,
        "addr_house": null,
        "addr_postc": 0,
        "addr_stree": null,
        "name_en": null,
        "website": null,
        "amenity": null,
        "addr_distr": null,
        "addr_hous1": null,
        "addr_provi": null,
        "int_name": null,
        "natural": null,
        "descriptio": null,
        "cuisine": null,
        "fast_food": null,
        "level": 0,
        "opening_h9": null,
        "designatio": null,
        "layer": 0,
        "area": null,
        "location": null,
        "public_tra": null,
        "railway": null,
        "subway": null,
        "station": null,
        "surface": null,
        "name_zh": null,
        "admin_leve": 0,
        "boundary": null,
        "water": null,
        "place": null,
        "building_p": null,
        "min_height": 0,
        "min": 0,
        "name_zh_H1": "武汉大学信息部运动场",
        "name_zh_Ha": "武漢大學信息學部運動場",
        "operator": null,
        "operator_t": null,
        "short_name": null,
        "short_nam1": null,
        "short_nam2": null,
        "wikidata": null,
        "wikipedia": null,
        "garden_typ": null,
        "access": null,
        "note": null,
        "female": null,
        "toilets_di": null,
        "male": null,
        "wheelchair": null,
        "alt_name": null,
        "old_name": null,
        "PERIMETER": null,
        "ENCLOSED_A": null
      },
      "geometry": {
        "type": "MultiPolygon",
        "coordinates": [
          [
            [
              [
                114.3673827411277,
                30.534559750487794
              ],
              [
                114.36804633066548,
                30.53456341555727
              ],
              [
                114.36805385527833,
                30.533581408868145
              ],
              [
                114.36739026460502,
                30.533577748047414
              ],
              [
                114.3673827411277,
                30.534559750487794
              ]
            ]
          ]
        ]
      }
    },
    {
      "type": "Feature",
      "properties": {
        "GM_LAYER": "building",
        "GM_TYPE": "Misc. Manmade Structure",
        "ELEVATION": 0,
        "visible": "true",
        "version": 3,
        "changeset": 133845985,
        "timestamp": "2023-03-19T06:23:58Z",
        "user": "养猪大户小王",
        "uid": 18762368,
        "covered": null,
        "leisure": null,
        "name": "主席台",
        "sport": null,
        "id": 664757000.0,
        "building": "yes",
        "building_l": 0,
        "height": null,
        "shop": null,
        "landuse": null,
        "addr_city": null,
        "addr_house": null,
        "addr_postc": 0,
        "addr_stree": null,
        "name_en": null,
        "website": null,
        "amenity": null,
        "addr_distr": null,
        "addr_hous1": null,
        "addr_provi": null,
        "int_name": null,
        "natural": null,
        "descriptio": null,
        "cuisine": null,
        "fast_food": null,
        "level": 0,
        "opening_h9": null,
        "designatio": null,
        "layer": 1,
        "area": null,
        "location": null,
        "public_tra": null,
        "railway": null,
        "subway": null,
        "station": null,
        "surface": null,
        "name_zh": null,
        "admin_leve": 0,
        "boundary": null,
        "water": null,
        "place": null,
        "building_p": null,
        "min_height": 0,
        "min": 0,
        "name_zh_H1": null,
        "name_zh_Ha": null,
        "operator": null,
        "operator_t": null,
        "short_name": null,
        "short_nam1": null,
        "short_nam2": null,
        "wikidata": null,
        "wikipedia": null,
        "garden_typ": null,
        "access": null,
        "note": null,
        "female": null,
        "toilets_di": null,
        "male": null,
        "wheelchair": null,
        "alt_name": null,
        "old_name": null,
        "PERIMETER": null,
        "ENCLOSED_A": null
      },
      "geometry": {
        "type": "MultiPolygon",
        "coordinates": [
          [
            [
              [
                114.3681385561699,
                30.534201480263715
              ],
              [
                114.36822851317187,
                30.53420227582736
              ],
              [
                114.36823317780981,
                30.533847736584438
              ],
              [
                114.3681432207091,
                30.53384694139526
              ],
              [
                114.3681385561699,
                30.534201480263715
              ]
            ]
          ]
        ]
      }
    },
    {
      "type": "Feature",
      "properties": {
        "GM_LAYER": "landuse - grass",
        "GM_TYPE": "Unknown Area Type",
        "ELEVATION": 0,
        "visible": "true",
        "version": 1,
        "changeset": 66467926,
        "timestamp": "2019-01-20T04:54:28Z",
        "user": "samsung galaxy s6",
        "uid": 3691120,
        "covered": null,
        "leisure": null,
        "name": null,
        "sport": null,
        "id": 664757000.0,
        "building": null,
        "building_l": 0,
        "height": null,
        "shop": null,
        "landuse": "grass",
        "addr_city": null,
        "addr_house": null,
        "addr_postc": 0,
        "addr_stree": null,
        "name_en": null,
        "website": null,
        "amenity": null,
        "addr_distr": null,
        "addr_hous1": null,
        "addr_provi": null,
        "int_name": null,
        "natural": null,
        "descriptio": null,
        "cuisine": null,
        "fast_food": null,
        "level": 0,
        "opening_h9": null,
        "designatio": null,
        "layer": 0,
        "area": null,
        "location": null,
        "public_tra": null,
        "railway": null,
        "subway": null,
        "station": null,
        "surface": null,
        "name_zh": null,
        "admin_leve": 0,
        "boundary": null,
        "water": null,
        "place": null,
        "building_p": null,
        "min_height": 0,
        "min": 0,
        "name_zh_H1": null,
        "name_zh_Ha": null,
        "operator": null,
        "operator_t": null,
        "short_name": null,
        "short_nam1": null,
        "short_nam2": null,
        "wikidata": null,
        "wikipedia": null,
        "garden_typ": null,
        "access": null,
        "note": null,
        "female": null,
        "toilets_di": null,
        "male": null,
        "wheelchair": null,
        "alt_name": null,
        "old_name": null,
        "PERIMETER": null,
        "ENCLOSED_A": null
      },
      "geometry": {
        "type": "MultiPolygon",
        "coordinates": [
          [
            [
              [
                114.36433522007152,
                30.536499202769114
              ],
              [
                114.36457995805267,
                30.535970913652772
              ],
              [
                114.36431682143981,
                30.535969984001024
              ],
              [
                114.36433522007152,
                30.536499202769114
              ]
            ]
          ]
        ]
      }
    },
    {
      "type": "Feature",
      "properties": {
        "GM_LAYER": "amenity - university",
        "GM_TYPE": "Misc. Manmade Structure",
        "ELEVATION": 0,
        "visible": "true",
        "version": 1,
        "changeset": 75972544,
        "timestamp": "2019-10-21T04:29:07Z",
        "user": "samsung galaxy s6",
        "uid": 3691120,
        "covered": null,
        "leisure": null,
        "name": "武汉电力职业技术学院",
        "sport": null,
        "id": 737189000.0,
        "building": null,
        "building_l": 0,
        "height": null,
        "shop": null,
        "landuse": null,
        "addr_city": null,
        "addr_house": null,
        "addr_postc": 0,
        "addr_stree": null,
        "name_en": null,
        "website": null,
        "amenity": "university",
        "addr_distr": null,
        "addr_hous1": null,
        "addr_provi": null,
        "int_name": null,
        "natural": null,
        "descriptio": null,
        "cuisine": null,
        "fast_food": null,
        "level": 0,
        "opening_h9": null,
        "designatio": null,
        "layer": 0,
        "area": null,
        "location": null,
        "public_tra": null,
        "railway": null,
        "subway": null,
        "station": null,
        "surface": null,
        "name_zh": "武汉电力职业技术学院",
        "admin_leve": 0,
        "boundary": null,
        "water": null,
        "place": null,
        "building_p": null,
        "min_height": 0,
        "min": 0,
        "name_zh_H1": null,
        "name_zh_Ha": null,
        "operator": null,
        "operator_t": null,
        "short_name": null,
        "short_nam1": null,
        "short_nam2": null,
        "wikidata": null,
        "wikipedia": null,
        "garden_typ": null,
        "access": null,
        "note": null,
        "female": null,
        "toilets_di": null,
        "male": null,
        "wheelchair": null,
        "alt_name": null,
        "old_name": null,
        "PERIMETER": null,
        "ENCLOSED_A": null
      },
      "geometry": {
        "type": "MultiPolygon",
        "coordinates": [
          [
            [
              [
                114.36920989930593,
                30.5311798631437
              ],
              [
                114.36994165166091,
                30.53234065883108
              ],
              [
                114.36930014326552,
                30.531083155451583
              ],
              [
                114.3692797815649,
                30.531110379788945
              ],
              [
                114.36920989930593,
                30.5311798631437
              ]
            ]
          ]
        ]
      }
    },
    {
      "type": "Feature",
      "properties": {
        "GM_LAYER": "amenity - school",
        "GM_TYPE": "Misc. Manmade Structure",
        "ELEVATION": 0,
        "visible": "true",
        "version": 1,
        "changeset": 75973162,
        "timestamp": "2019-10-21T04:56:15Z",
        "user": "samsung galaxy s6",
        "uid": 3691120,
        "covered": null,
        "leisure": null,
        "name": "武汉大学第一附属小学",
        "sport": null,
        "id": 737192000.0,
        "building": null,
        "building_l": 0,
        "height": null,
        "shop": null,
        "landuse": null,
        "addr_city": null,
        "addr_house": null,
        "addr_postc": 0,
        "addr_stree": null,
        "name_en": null,
        "website": null,
        "amenity": "school",
        "addr_distr": null,
        "addr_hous1": null,
        "addr_provi": null,
        "int_name": null,
        "natural": null,
        "descriptio": null,
        "cuisine": null,
        "fast_food": null,
        "level": 0,
        "opening_h9": null,
        "designatio": null,
        "layer": 0,
        "area": null,
        "location": null,
        "public_tra": null,
        "railway": null,
        "subway": null,
        "station": null,
        "surface": null,
        "name_zh": "武汉大学第一附属小学",
        "admin_leve": 0,
        "boundary": null,
        "water": null,
        "place": null,
        "building_p": null,
        "min_height": 0,
        "min": 0,
        "name_zh_H1": null,
        "name_zh_Ha": null,
        "operator": null,
        "operator_t": null,
        "short_name": null,
        "short_nam1": null,
        "short_nam2": null,
        "wikidata": null,
        "wikipedia": null,
        "garden_typ": null,
        "access": null,
        "note": null,
        "female": null,
        "toilets_di": null,
        "male": null,
        "wheelchair": null,
        "alt_name": null,
        "old_name": null,
        "PERIMETER": null,
        "ENCLOSED_A": null
      },
      "geometry": {
        "type": "MultiPolygon",
        "coordinates": [
          [
            [
              [
                114.36706381993584,
                30.538455001907373
              ],
              [
                114.36878599362264,
                30.537797266597575
              ],
              [
                114.3687729278868,
                30.537764224297756
              ],
              [
                114.36828637468587,
                30.53796072794863
              ],
              [
                114.36814397224181,
                30.538023145144354
              ],
              [
                114.36788864971342,
                30.53812482649013
              ],
              [
                114.36704487010442,
                30.53840841574708
              ],
              [
                114.36706381993584,
                30.538455001907373
              ]
            ]
          ]
        ]
      }
    },
    {
      "type": "Feature",
      "properties": {
        "GM_LAYER": "amenity - university",
        "GM_TYPE": "Misc. Manmade Structure",
        "ELEVATION": 0,
        "visible": "true",
        "version": 4,
        "changeset": 120569219,
        "timestamp": "2022-05-05T05:24:36Z",
        "user": "samsung galaxy s6",
        "uid": 3691120,
        "covered": null,
        "leisure": null,
        "name": "华中师范大学",
        "sport": null,
        "id": 779844000.0,
        "building": null,
        "building_l": 0,
        "height": null,
        "shop": null,
        "landuse": null,
        "addr_city": "武汉市",
        "addr_house": "152",
        "addr_postc": 430079,
        "addr_stree": "珞喻路",
        "name_en": "Central China Normal University",
        "website": "http://www.ccnu.edu.cn/",
        "amenity": "university",
        "addr_distr": "洪山区",
        "addr_hous1": null,
        "addr_provi": "湖北省",
        "int_name": null,
        "natural": null,
        "descriptio": null,
        "cuisine": null,
        "fast_food": null,
        "level": 0,
        "opening_h9": null,
        "designatio": null,
        "layer": 0,
        "area": null,
        "location": null,
        "public_tra": null,
        "railway": null,
        "subway": null,
        "station": null,
        "surface": null,
        "name_zh": "华中师范大学",
        "admin_leve": 0,
        "boundary": null,
        "water": null,
        "place": "neighbourhood",
        "building_p": null,
        "min_height": 0,
        "min": 0,
        "name_zh_H1": null,
        "name_zh_Ha": null,
        "operator": "华中师范大学",
        "operator_t": "public",
        "short_name": "华中师大",
        "short_nam1": "CCNU",
        "short_nam2": "华中师大",
        "wikidata": "Q1397589",
        "wikipedia": "zh:华中师范大学",
        "garden_typ": null,
        "access": null,
        "note": null,
        "female": null,
        "toilets_di": null,
        "male": null,
        "wheelchair": null,
        "alt_name": null,
        "old_name": null,
        "PERIMETER": null,
        "ENCLOSED_A": null
      },
      "geometry": {
        "type": "MultiPolygon",
        "coordinates": [
          [
            [
              [
                114.36373589581417,
                30.531446250561295
              ],
              [
                114.36375882212457,
                30.531555885084067
              ],
              [
                114.36453921454924,
                30.531330937560913
              ],
              [
                114.36451088156684,
                30.531200425229773
              ],
              [
                114.36373589581417,
                30.531446250561295
              ]
            ]
          ],
          [
            [
              [
                114.36629855186122,
                30.53063134769496
              ],
              [
                114.36635830964026,
                30.530781851333867
              ],
              [
                114.36758226455923,
                30.530369760097503
              ],
              [
                114.36828572505928,
                30.530083354192296
              ],
              [
                114.3682426753935,
                30.530009241114175
              ],
              [
                114.36629855186122,
                30.53063134769496
              ]
            ]
          ]
        ]
      }
    },
    {
      "type": "Feature",
      "properties": {
        "GM_LAYER": "landuse - construction",
        "GM_TYPE": "Unknown Area Type",
        "ELEVATION": 0,
        "visible": "true",
        "version": 1,
        "changeset": 91557565,
        "timestamp": "2020-09-26T16:28:49Z",
        "user": "samsung galaxy s6",
        "uid": 3691120,
        "covered": null,
        "leisure": null,
        "name": null,
        "sport": null,
        "id": 851861000.0,
        "building": null,
        "building_l": 0,
        "height": null,
        "shop": null,
        "landuse": "construction",
        "addr_city": null,
        "addr_house": null,
        "addr_postc": 0,
        "addr_stree": null,
        "name_en": null,
        "website": null,
        "amenity": null,
        "addr_distr": null,
        "addr_hous1": null,
        "addr_provi": null,
        "int_name": null,
        "natural": null,
        "descriptio": null,
        "cuisine": null,
        "fast_food": null,
        "level": 0,
        "opening_h9": null,
        "designatio": null,
        "layer": 0,
        "area": null,
        "location": null,
        "public_tra": null,
        "railway": null,
        "subway": null,
        "station": null,
        "surface": null,
        "name_zh": null,
        "admin_leve": 0,
        "boundary": null,
        "water": null,
        "place": null,
        "building_p": null,
        "min_height": 0,
        "min": 0,
        "name_zh_H1": null,
        "name_zh_Ha": null,
        "operator": null,
        "operator_t": null,
        "short_name": null,
        "short_nam1": null,
        "short_nam2": null,
        "wikidata": null,
        "wikipedia": null,
        "garden_typ": null,
        "access": null,
        "note": null,
        "female": null,
        "toilets_di": null,
        "male": null,
        "wheelchair": null,
        "alt_name": null,
        "old_name": null,
        "PERIMETER": null,
        "ENCLOSED_A": null
      },
      "geometry": {
        "type": "MultiPolygon",
        "coordinates": [
          [
            [
              [
                114.36380198972546,
                30.531500557872093
              ],
              [
                114.36457258658203,
                30.531265543335273
              ],
              [
                114.36455976446463,
                30.531184901798454
              ],
              [
                114.36378920145287,
                30.53142935898352
              ],
              [
                114.36380198972546,
                30.531500557872093
              ]
            ]
          ]
        ]
      }
    },
    {
      "type": "Feature",
      "properties": {
        "GM_LAYER": "building - dormitory",
        "GM_TYPE": "Misc. Manmade Structure",
        "ELEVATION": 0,
        "visible": "true",
        "version": 2,
        "changeset": 112223922,
        "timestamp": "2021-10-07T16:02:27Z",
        "user": "Wei Yuanbiao",
        "uid": 12389142,
        "covered": null,
        "leisure": null,
        "name": "学生宿舍18栋",
        "sport": null,
        "id": 953298000.0,
        "building": "dormitory",
        "building_l": 0,
        "height": null,
        "shop": null,
        "landuse": null,
        "addr_city": null,
        "addr_house": null,
        "addr_postc": 0,
        "addr_stree": null,
        "name_en": null,
        "website": null,
        "amenity": null,
        "addr_distr": null,
        "addr_hous1": null,
        "addr_provi": null,
        "int_name": null,
        "natural": null,
        "descriptio": null,
        "cuisine": null,
        "fast_food": null,
        "level": 0,
        "opening_h9": null,
        "designatio": null,
        "layer": 0,
        "area": null,
        "location": null,
        "public_tra": null,
        "railway": null,
        "subway": null,
        "station": null,
        "surface": null,
        "name_zh": null,
        "admin_leve": 0,
        "boundary": null,
        "water": null,
        "place": null,
        "building_p": null,
        "min_height": 0,
        "min": 0,
        "name_zh_H1": null,
        "name_zh_Ha": null,
        "operator": null,
        "operator_t": null,
        "short_name": null,
        "short_nam1": null,
        "short_nam2": null,
        "wikidata": null,
        "wikipedia": null,
        "garden_typ": null,
        "access": null,
        "note": null,
        "female": null,
        "toilets_di": null,
        "male": null,
        "wheelchair": null,
        "alt_name": null,
        "old_name": null,
        "PERIMETER": null,
        "ENCLOSED_A": null
      },
      "geometry": {
        "type": "MultiPolygon",
        "coordinates": [
          [
            [
              [
                114.36612794901424,
                30.535875629375276
              ],
              [
                114.36684883881875,
                30.53587086453726
              ],
              [
                114.3668467919153,
                30.535669642227788
              ],
              [
                114.3661259024286,
                30.5356745055441
              ],
              [
                114.36612794901424,
                30.535875629375276
              ]
            ]
          ]
        ]
      }
    },
    {
      "type": "Feature",
      "properties": {
        "GM_LAYER": "amenity - parking",
        "GM_TYPE": "Misc. Manmade Structure",
        "ELEVATION": 0,
        "visible": "true",
        "version": 1,
        "changeset": 109619436,
        "timestamp": "2021-08-13T10:02:16Z",
        "user": "EarlOMeath",
        "uid": 11187534,
        "covered": null,
        "leisure": null,
        "name": null,
        "sport": null,
        "id": 972813000.0,
        "building": null,
        "building_l": 0,
        "height": null,
        "shop": null,
        "landuse": null,
        "addr_city": null,
        "addr_house": null,
        "addr_postc": 0,
        "addr_stree": null,
        "name_en": null,
        "website": null,
        "amenity": "parking",
        "addr_distr": null,
        "addr_hous1": null,
        "addr_provi": null,
        "int_name": null,
        "natural": null,
        "descriptio": null,
        "cuisine": null,
        "fast_food": null,
        "level": 0,
        "opening_h9": null,
        "designatio": null,
        "layer": 0,
        "area": null,
        "location": null,
        "public_tra": null,
        "railway": null,
        "subway": null,
        "station": null,
        "surface": null,
        "name_zh": null,
        "admin_leve": 0,
        "boundary": null,
        "water": null,
        "place": null,
        "building_p": null,
        "min_height": 0,
        "min": 0,
        "name_zh_H1": null,
        "name_zh_Ha": null,
        "operator": null,
        "operator_t": null,
        "short_name": null,
        "short_nam1": null,
        "short_nam2": null,
        "wikidata": null,
        "wikipedia": null,
        "garden_typ": null,
        "access": null,
        "note": null,
        "female": null,
        "toilets_di": null,
        "male": null,
        "wheelchair": null,
        "alt_name": null,
        "old_name": null,
        "PERIMETER": null,
        "ENCLOSED_A": null
      },
      "geometry": {
        "type": "MultiPolygon",
        "coordinates": [
          [
            [
              [
                114.36641863213644,
                30.53870074562932
              ],
              [
                114.36672794537111,
                30.538582977650485
              ],
              [
                114.36670655612916,
                30.538552321471688
              ],
              [
                114.36641863213644,
                30.53870074562932
              ]
            ]
          ]
        ]
      }
    },
    {
      "type": "Feature",
      "properties": {
        "GM_LAYER": "leisure - garden",
        "GM_TYPE": "City Park",
        "ELEVATION": 0,
        "visible": "true",
        "version": 1,
        "changeset": 112223922,
        "timestamp": "2021-10-07T16:02:27Z",
        "user": "Wei Yuanbiao",
        "uid": 12389142,
        "covered": null,
        "leisure": "garden",
        "name": null,
        "sport": null,
        "id": 990914000.0,
        "building": null,
        "building_l": 0,
        "height": null,
        "shop": null,
        "landuse": null,
        "addr_city": null,
        "addr_house": null,
        "addr_postc": 0,
        "addr_stree": null,
        "name_en": null,
        "website": null,
        "amenity": null,
        "addr_distr": null,
        "addr_hous1": null,
        "addr_provi": null,
        "int_name": null,
        "natural": null,
        "descriptio": null,
        "cuisine": null,
        "fast_food": null,
        "level": 0,
        "opening_h9": null,
        "designatio": null,
        "layer": 0,
        "area": null,
        "location": null,
        "public_tra": null,
        "railway": null,
        "subway": null,
        "station": null,
        "surface": null,
        "name_zh": null,
        "admin_leve": 0,
        "boundary": null,
        "water": null,
        "place": null,
        "building_p": null,
        "min_height": 0,
        "min": 0,
        "name_zh_H1": null,
        "name_zh_Ha": null,
        "operator": null,
        "operator_t": null,
        "short_name": null,
        "short_nam1": null,
        "short_nam2": null,
        "wikidata": null,
        "wikipedia": null,
        "garden_typ": "community",
        "access": null,
        "note": null,
        "female": null,
        "toilets_di": null,
        "male": null,
        "wheelchair": null,
        "alt_name": null,
        "old_name": null,
        "PERIMETER": null,
        "ENCLOSED_A": null
      },
      "geometry": {
        "type": "MultiPolygon",
        "coordinates": [
          [
            [
              [
                114.36612832440144,
                30.536163258105013
              ],
              [
                114.36687895487502,
                30.53616192927755
              ],
              [
                114.36687771644219,
                30.53595340766638
              ],
              [
                114.3661328917285,
                30.535957246862186
              ],
              [
                114.36612832440144,
                30.536163258105013
              ]
            ]
          ]
        ]
      }
    },
    {
      "type": "Feature",
      "properties": {
        "GM_LAYER": "building - dormitory",
        "GM_TYPE": "Misc. Manmade Structure",
        "ELEVATION": 0,
        "visible": "true",
        "version": 1,
        "changeset": 112223922,
        "timestamp": "2021-10-07T16:02:27Z",
        "user": "Wei Yuanbiao",
        "uid": 12389142,
        "covered": null,
        "leisure": null,
        "name": "学生宿舍17栋",
        "sport": null,
        "id": 990914000.0,
        "building": "dormitory",
        "building_l": 0,
        "height": null,
        "shop": null,
        "landuse": null,
        "addr_city": null,
        "addr_house": null,
        "addr_postc": 0,
        "addr_stree": null,
        "name_en": null,
        "website": null,
        "amenity": null,
        "addr_distr": null,
        "addr_hous1": null,
        "addr_provi": null,
        "int_name": null,
        "natural": null,
        "descriptio": null,
        "cuisine": null,
        "fast_food": null,
        "level": 0,
        "opening_h9": null,
        "designatio": null,
        "layer": 0,
        "area": null,
        "location": null,
        "public_tra": null,
        "railway": null,
        "subway": null,
        "station": null,
        "surface": null,
        "name_zh": null,
        "admin_leve": 0,
        "boundary": null,
        "water": null,
        "place": null,
        "building_p": null,
        "min_height": 0,
        "min": 0,
        "name_zh_H1": null,
        "name_zh_Ha": null,
        "operator": null,
        "operator_t": null,
        "short_name": null,
        "short_nam1": null,
        "short_nam2": null,
        "wikidata": null,
        "wikipedia": null,
        "garden_typ": null,
        "access": null,
        "note": null,
        "female": null,
        "toilets_di": null,
        "male": null,
        "wheelchair": null,
        "alt_name": null,
        "old_name": null,
        "PERIMETER": null,
        "ENCLOSED_A": null
      },
      "geometry": {
        "type": "MultiPolygon",
        "coordinates": [
          [
            [
              [
                114.36527717977474,
                30.535170775379736
              ],
              [
                114.36600643531428,
                30.535172117944953
              ],
              [
                114.36600807770026,
                30.534986502057695
              ],
              [
                114.36528202894513,
                30.53498046881542
              ],
              [
                114.36527717977474,
                30.535170775379736
              ]
            ]
          ]
        ]
      }
    },
    {
      "type": "Feature",
      "properties": {
        "GM_LAYER": "building - dormitory",
        "GM_TYPE": "Misc. Manmade Structure",
        "ELEVATION": 0,
        "visible": "true",
        "version": 1,
        "changeset": 118023811,
        "timestamp": "2022-03-02T15:23:46Z",
        "user": "WHY_in_WHU",
        "uid": 15192601,
        "covered": null,
        "leisure": null,
        "name": "C7舍",
        "sport": null,
        "id": 1036560000.0,
        "building": "dormitory",
        "building_l": 0,
        "height": null,
        "shop": null,
        "landuse": null,
        "addr_city": null,
        "addr_house": null,
        "addr_postc": 0,
        "addr_stree": null,
        "name_en": null,
        "website": null,
        "amenity": null,
        "addr_distr": null,
        "addr_hous1": null,
        "addr_provi": null,
        "int_name": null,
        "natural": null,
        "descriptio": null,
        "cuisine": null,
        "fast_food": null,
        "level": 0,
        "opening_h9": null,
        "designatio": null,
        "layer": 0,
        "area": null,
        "location": null,
        "public_tra": null,
        "railway": null,
        "subway": null,
        "station": null,
        "surface": null,
        "name_zh": null,
        "admin_leve": 0,
        "boundary": null,
        "water": null,
        "place": null,
        "building_p": null,
        "min_height": 0,
        "min": 0,
        "name_zh_H1": null,
        "name_zh_Ha": null,
        "operator": null,
        "operator_t": null,
        "short_name": null,
        "short_nam1": null,
        "short_nam2": null,
        "wikidata": null,
        "wikipedia": null,
        "garden_typ": null,
        "access": null,
        "note": null,
        "female": null,
        "toilets_di": null,
        "male": null,
        "wheelchair": null,
        "alt_name": null,
        "old_name": null,
        "PERIMETER": null,
        "ENCLOSED_A": null
      },
      "geometry": {
        "type": "MultiPolygon",
        "coordinates": [
          [
            [
              [
                114.36379341651326,
                30.533811107909532
              ],
              [
                114.3640906444656,
                30.533818902970072
              ],
              [
                114.36409474339578,
                30.533685303529165
              ],
              [
                114.36379761528693,
                30.53367740999591
              ],
              [
                114.36379341651326,
                30.533811107909532
              ]
            ]
          ]
        ]
      }
    },
    {
      "type": "Feature",
      "properties": {
        "GM_LAYER": "landuse - grass",
        "GM_TYPE": "Unknown Area Type",
        "ELEVATION": 0,
        "visible": "true",
        "version": 1,
        "changeset": 118059411,
        "timestamp": "2022-03-03T15:07:05Z",
        "user": "Wei Yuanbiao",
        "uid": 12389142,
        "covered": null,
        "leisure": null,
        "name": null,
        "sport": null,
        "id": 1036850000.0,
        "building": null,
        "building_l": 0,
        "height": null,
        "shop": null,
        "landuse": "grass",
        "addr_city": null,
        "addr_house": null,
        "addr_postc": 0,
        "addr_stree": null,
        "name_en": null,
        "website": null,
        "amenity": null,
        "addr_distr": null,
        "addr_hous1": null,
        "addr_provi": null,
        "int_name": null,
        "natural": null,
        "descriptio": null,
        "cuisine": null,
        "fast_food": null,
        "level": 0,
        "opening_h9": null,
        "designatio": null,
        "layer": 0,
        "area": null,
        "location": null,
        "public_tra": null,
        "railway": null,
        "subway": null,
        "station": null,
        "surface": null,
        "name_zh": null,
        "admin_leve": 0,
        "boundary": null,
        "water": null,
        "place": null,
        "building_p": null,
        "min_height": 0,
        "min": 0,
        "name_zh_H1": null,
        "name_zh_Ha": null,
        "operator": null,
        "operator_t": null,
        "short_name": null,
        "short_nam1": null,
        "short_nam2": null,
        "wikidata": null,
        "wikipedia": null,
        "garden_typ": null,
        "access": null,
        "note": null,
        "female": null,
        "toilets_di": null,
        "male": null,
        "wheelchair": null,
        "alt_name": null,
        "old_name": null,
        "PERIMETER": null,
        "ENCLOSED_A": null
      },
      "geometry": {
        "type": "MultiPolygon",
        "coordinates": [
          [
            [
              [
                114.36497503796885,
                30.535978785671706
              ],
              [
                114.36503167952978,
                30.536000157775266
              ],
              [
                114.36532772589025,
                30.536089705002585
              ],
              [
                114.36551629443935,
                30.536145100601583
              ],
              [
                114.36555553755014,
                30.53614769857893
              ],
              [
                114.36564558842841,
                30.536089211555506
              ],
              [
                114.36570368829823,
                30.536049444627913
              ],
              [
                114.36561955081602,
                30.535970537532314
              ],
              [
                114.36559051606841,
                30.535971667262086
              ],
              [
                114.36550481740265,
                30.53597145478467
              ],
              [
                114.36538879432096,
                30.53596115490349
              ],
              [
                114.36528430828338,
                30.535923470982357
              ],
              [
                114.36517834073544,
                30.535863170133478
              ],
              [
                114.36507536705183,
                30.535817968767933
              ],
              [
                114.3650173224413,
                30.53579779493221
              ],
              [
                114.36498829459116,
                30.5357952075329
              ],
              [
                114.3649664597214,
                30.53581134306125
              ],
              [
                114.36497503796885,
                30.535978785671706
              ]
            ]
          ]
        ]
      }
    },
    {
      "type": "Feature",
      "properties": {
        "GM_LAYER": "landuse - grass",
        "GM_TYPE": "Unknown Area Type",
        "ELEVATION": 0,
        "visible": "true",
        "version": 1,
        "changeset": 118059411,
        "timestamp": "2022-03-03T15:07:05Z",
        "user": "Wei Yuanbiao",
        "uid": 12389142,
        "covered": null,
        "leisure": null,
        "name": null,
        "sport": null,
        "id": 1036850000.0,
        "building": null,
        "building_l": 0,
        "height": null,
        "shop": null,
        "landuse": "grass",
        "addr_city": null,
        "addr_house": null,
        "addr_postc": 0,
        "addr_stree": null,
        "name_en": null,
        "website": null,
        "amenity": null,
        "addr_distr": null,
        "addr_hous1": null,
        "addr_provi": null,
        "int_name": null,
        "natural": null,
        "descriptio": null,
        "cuisine": null,
        "fast_food": null,
        "level": 0,
        "opening_h9": null,
        "designatio": null,
        "layer": 0,
        "area": null,
        "location": null,
        "public_tra": null,
        "railway": null,
        "subway": null,
        "station": null,
        "surface": null,
        "name_zh": null,
        "admin_leve": 0,
        "boundary": null,
        "water": null,
        "place": null,
        "building_p": null,
        "min_height": 0,
        "min": 0,
        "name_zh_H1": null,
        "name_zh_Ha": null,
        "operator": null,
        "operator_t": null,
        "short_name": null,
        "short_nam1": null,
        "short_nam2": null,
        "wikidata": null,
        "wikipedia": null,
        "garden_typ": null,
        "access": null,
        "note": null,
        "female": null,
        "toilets_di": null,
        "male": null,
        "wheelchair": null,
        "alt_name": null,
        "old_name": null,
        "PERIMETER": null,
        "ENCLOSED_A": null
      },
      "geometry": {
        "type": "MultiPolygon",
        "coordinates": [
          [
            [
              [
                114.36570682070402,
                30.535884735768995
              ],
              [
                114.36589775377004,
                30.535882462212424
              ],
              [
                114.36590898061554,
                30.535865784567946
              ],
              [
                114.36590608816789,
                30.53572266423026
              ],
              [
                114.36587835676258,
                30.535719104298604
              ],
              [
                114.36568021472128,
                30.535723057510737
              ],
              [
                114.36566378852456,
                30.53573181961901
              ],
              [
                114.36566277291146,
                30.53575041906481
              ],
              [
                114.36566274479189,
                30.53578662259493
              ],
              [
                114.36568933367671,
                30.535841390662082
              ],
              [
                114.36570682070402,
                30.535884735768995
              ]
            ]
          ]
        ]
      }
    },
    {
      "type": "Feature",
      "properties": {
        "GM_LAYER": "landuse - grass",
        "GM_TYPE": "Unknown Area Type",
        "ELEVATION": 0,
        "visible": "true",
        "version": 1,
        "changeset": 118059411,
        "timestamp": "2022-03-03T15:07:05Z",
        "user": "Wei Yuanbiao",
        "uid": 12389142,
        "covered": null,
        "leisure": null,
        "name": null,
        "sport": null,
        "id": 1036850000.0,
        "building": null,
        "building_l": 0,
        "height": null,
        "shop": null,
        "landuse": "grass",
        "addr_city": null,
        "addr_house": null,
        "addr_postc": 0,
        "addr_stree": null,
        "name_en": null,
        "website": null,
        "amenity": null,
        "addr_distr": null,
        "addr_hous1": null,
        "addr_provi": null,
        "int_name": null,
        "natural": null,
        "descriptio": null,
        "cuisine": null,
        "fast_food": null,
        "level": 0,
        "opening_h9": null,
        "designatio": null,
        "layer": 0,
        "area": null,
        "location": null,
        "public_tra": null,
        "railway": null,
        "subway": null,
        "station": null,
        "surface": null,
        "name_zh": null,
        "admin_leve": 0,
        "boundary": null,
        "water": null,
        "place": null,
        "building_p": null,
        "min_height": 0,
        "min": 0,
        "name_zh_H1": null,
        "name_zh_Ha": null,
        "operator": null,
        "operator_t": null,
        "short_name": null,
        "short_nam1": null,
        "short_nam2": null,
        "wikidata": null,
        "wikipedia": null,
        "garden_typ": null,
        "access": null,
        "note": null,
        "female": null,
        "toilets_di": null,
        "male": null,
        "wheelchair": null,
        "alt_name": null,
        "old_name": null,
        "PERIMETER": null,
        "ENCLOSED_A": null
      },
      "geometry": {
        "type": "MultiPolygon",
        "coordinates": [
          [
            [
              [
                114.36576967512026,
                30.536039395254516
              ],
              [
                114.36592686794738,
                30.536038439467056
              ],
              [
                114.36592566196202,
                30.535916224962413
              ],
              [
                114.36572711944915,
                30.5359173860075
              ],
              [
                114.3657062806841,
                30.535935239482786
              ],
              [
                114.36570504970102,
                30.53597304032738
              ],
              [
                114.36576967512026,
                30.536039395254516
              ]
            ]
          ]
        ]
      }
    },
    {
      "type": "Feature",
      "properties": {
        "GM_LAYER": "building - school",
        "GM_TYPE": "Misc. Manmade Structure",
        "ELEVATION": 0,
        "visible": "true",
        "version": 2,
        "changeset": 119023582,
        "timestamp": "2022-03-28T13:52:57Z",
        "user": "DDAkun",
        "uid": 14235877,
        "covered": null,
        "leisure": null,
        "name": "武汉大学宇航研究院",
        "sport": null,
        "id": 1037020000.0,
        "building": "school",
        "building_l": 0,
        "height": null,
        "shop": null,
        "landuse": null,
        "addr_city": null,
        "addr_house": null,
        "addr_postc": 0,
        "addr_stree": null,
        "name_en": null,
        "website": null,
        "amenity": null,
        "addr_distr": null,
        "addr_hous1": null,
        "addr_provi": null,
        "int_name": null,
        "natural": null,
        "descriptio": null,
        "cuisine": null,
        "fast_food": null,
        "level": 0,
        "opening_h9": null,
        "designatio": null,
        "layer": 0,
        "area": null,
        "location": null,
        "public_tra": null,
        "railway": null,
        "subway": null,
        "station": null,
        "surface": null,
        "name_zh": null,
        "admin_leve": 0,
        "boundary": null,
        "water": null,
        "place": null,
        "building_p": null,
        "min_height": 0,
        "min": 0,
        "name_zh_H1": null,
        "name_zh_Ha": null,
        "operator": null,
        "operator_t": null,
        "short_name": null,
        "short_nam1": null,
        "short_nam2": null,
        "wikidata": null,
        "wikipedia": null,
        "garden_typ": null,
        "access": null,
        "note": null,
        "female": null,
        "toilets_di": null,
        "male": null,
        "wheelchair": null,
        "alt_name": null,
        "old_name": null,
        "PERIMETER": null,
        "ENCLOSED_A": null
      },
      "geometry": {
        "type": "MultiPolygon",
        "coordinates": [
          [
            [
              [
                114.36383630055133,
                30.533598760933668
              ],
              [
                114.36413453982807,
                30.533595946552754
              ],
              [
                114.36411899362504,
                30.533501875897656
              ],
              [
                114.36402031533194,
                30.533498891074135
              ],
              [
                114.36399358678642,
                30.533367169898092
              ],
              [
                114.36382455672894,
                30.533365085174303
              ],
              [
                114.36383630055133,
                30.533598760933668
              ]
            ]
          ]
        ]
      }
    },
    {
      "type": "Feature",
      "properties": {
        "GM_LAYER": "amenity - charging_station",
        "GM_TYPE": "Misc. Manmade Structure",
        "ELEVATION": 0,
        "visible": "true",
        "version": 1,
        "changeset": 118097360,
        "timestamp": "2022-03-04T15:24:30Z",
        "user": "Lee-whisper",
        "uid": 15220503,
        "covered": null,
        "leisure": null,
        "name": null,
        "sport": null,
        "id": 1037160000.0,
        "building": null,
        "building_l": 0,
        "height": null,
        "shop": null,
        "landuse": null,
        "addr_city": null,
        "addr_house": null,
        "addr_postc": 0,
        "addr_stree": null,
        "name_en": null,
        "website": null,
        "amenity": "charging_station",
        "addr_distr": null,
        "addr_hous1": null,
        "addr_provi": null,
        "int_name": null,
        "natural": null,
        "descriptio": null,
        "cuisine": null,
        "fast_food": null,
        "level": 0,
        "opening_h9": null,
        "designatio": null,
        "layer": 0,
        "area": null,
        "location": null,
        "public_tra": null,
        "railway": null,
        "subway": null,
        "station": null,
        "surface": null,
        "name_zh": null,
        "admin_leve": 0,
        "boundary": null,
        "water": null,
        "place": null,
        "building_p": null,
        "min_height": 0,
        "min": 0,
        "name_zh_H1": null,
        "name_zh_Ha": null,
        "operator": null,
        "operator_t": null,
        "short_name": null,
        "short_nam1": null,
        "short_nam2": null,
        "wikidata": null,
        "wikipedia": null,
        "garden_typ": null,
        "access": null,
        "note": null,
        "female": null,
        "toilets_di": null,
        "male": null,
        "wheelchair": null,
        "alt_name": null,
        "old_name": null,
        "PERIMETER": null,
        "ENCLOSED_A": null
      },
      "geometry": {
        "type": "MultiPolygon",
        "coordinates": [
          [
            [
              [
                114.36509421326126,
                30.532774488767352
              ],
              [
                114.36541645848952,
                30.532781279683554
              ],
              [
                114.36541820549229,
                30.532715176199574
              ],
              [
                114.36509765884229,
                30.532712891304744
              ],
              [
                114.36509421326126,
                30.532774488767352
              ]
            ]
          ]
        ]
      }
    },
    {
      "type": "Feature",
      "properties": {
        "GM_LAYER": "landuse - grass",
        "GM_TYPE": "Unknown Area Type",
        "ELEVATION": 0,
        "visible": "true",
        "version": 1,
        "changeset": 118115821,
        "timestamp": "2022-03-05T07:06:15Z",
        "user": "宋你一个小丸子",
        "uid": 15234607,
        "covered": null,
        "leisure": null,
        "name": null,
        "sport": null,
        "id": 1037280000.0,
        "building": null,
        "building_l": 0,
        "height": null,
        "shop": null,
        "landuse": "grass",
        "addr_city": null,
        "addr_house": null,
        "addr_postc": 0,
        "addr_stree": null,
        "name_en": null,
        "website": null,
        "amenity": null,
        "addr_distr": null,
        "addr_hous1": null,
        "addr_provi": null,
        "int_name": null,
        "natural": null,
        "descriptio": null,
        "cuisine": null,
        "fast_food": null,
        "level": 0,
        "opening_h9": null,
        "designatio": null,
        "layer": 0,
        "area": null,
        "location": null,
        "public_tra": null,
        "railway": null,
        "subway": null,
        "station": null,
        "surface": null,
        "name_zh": null,
        "admin_leve": 0,
        "boundary": null,
        "water": null,
        "place": null,
        "building_p": null,
        "min_height": 0,
        "min": 0,
        "name_zh_H1": null,
        "name_zh_Ha": null,
        "operator": null,
        "operator_t": null,
        "short_name": null,
        "short_nam1": null,
        "short_nam2": null,
        "wikidata": null,
        "wikipedia": null,
        "garden_typ": null,
        "access": null,
        "note": null,
        "female": null,
        "toilets_di": null,
        "male": null,
        "wheelchair": null,
        "alt_name": null,
        "old_name": null,
        "PERIMETER": null,
        "ENCLOSED_A": null
      },
      "geometry": {
        "type": "MultiPolygon",
        "coordinates": [
          [
            [
              [
                114.36695145825473,
                30.5321742760618
              ],
              [
                114.3669515841614,
                30.5319830520911
              ],
              [
                114.3667625128339,
                30.53197842007229
              ],
              [
                114.36673948718892,
                30.531967388138725
              ],
              [
                114.36673442799463,
                30.531893771973778
              ],
              [
                114.36672042240804,
                30.53187175026718
              ],
              [
                114.36652234436768,
                30.53187366318312
              ],
              [
                114.36648396322701,
                30.53191750875962
              ],
              [
                114.3664966058466,
                30.532183562391904
              ],
              [
                114.3666397039448,
                30.53218377728354
              ],
              [
                114.36695145825473,
                30.5321742760618
              ]
            ]
          ]
        ]
      }
    },
    {
      "type": "Feature",
      "properties": {
        "GM_LAYER": "building - retail",
        "GM_TYPE": "Misc. Manmade Structure",
        "ELEVATION": 0,
        "visible": "true",
        "version": 1,
        "changeset": 118123123,
        "timestamp": "2022-03-05T11:41:00Z",
        "user": "红心柚柚子",
        "uid": 15194206,
        "covered": null,
        "leisure": null,
        "name": "快递存放处（星湖园玻璃房）",
        "sport": null,
        "id": 1037320000.0,
        "building": "retail",
        "building_l": 1,
        "height": null,
        "shop": null,
        "landuse": null,
        "addr_city": null,
        "addr_house": null,
        "addr_postc": 0,
        "addr_stree": null,
        "name_en": null,
        "website": null,
        "amenity": null,
        "addr_distr": null,
        "addr_hous1": null,
        "addr_provi": null,
        "int_name": null,
        "natural": null,
        "descriptio": null,
        "cuisine": null,
        "fast_food": null,
        "level": 0,
        "opening_h9": null,
        "designatio": null,
        "layer": 0,
        "area": null,
        "location": null,
        "public_tra": null,
        "railway": null,
        "subway": null,
        "station": null,
        "surface": null,
        "name_zh": null,
        "admin_leve": 0,
        "boundary": null,
        "water": null,
        "place": null,
        "building_p": null,
        "min_height": 0,
        "min": 0,
        "name_zh_H1": null,
        "name_zh_Ha": null,
        "operator": null,
        "operator_t": null,
        "short_name": null,
        "short_nam1": null,
        "short_nam2": null,
        "wikidata": null,
        "wikipedia": null,
        "garden_typ": null,
        "access": null,
        "note": null,
        "female": null,
        "toilets_di": null,
        "male": null,
        "wheelchair": null,
        "alt_name": null,
        "old_name": null,
        "PERIMETER": null,
        "ENCLOSED_A": null
      },
      "geometry": {
        "type": "MultiPolygon",
        "coordinates": [
          [
            [
              [
                114.36667952750831,
                30.537213568604948
              ],
              [
                114.36675133231181,
                30.53721006565544
              ],
              [
                114.36674559243416,
                30.5371259504775
              ],
              [
                114.36667368759234,
                30.537129452887626
              ],
              [
                114.36667952750831,
                30.537213568604948
              ]
            ]
          ]
        ]
      }
    },
    {
      "type": "Feature",
      "properties": {
        "GM_LAYER": "building",
        "GM_TYPE": "Misc. Manmade Structure",
        "ELEVATION": 0,
        "visible": "true",
        "version": 1,
        "changeset": 118123123,
        "timestamp": "2022-03-05T11:41:00Z",
        "user": "红心柚柚子",
        "uid": 15194206,
        "covered": null,
        "leisure": null,
        "name": null,
        "sport": null,
        "id": 1037320000.0,
        "building": "yes",
        "building_l": 0,
        "height": null,
        "shop": null,
        "landuse": null,
        "addr_city": null,
        "addr_house": null,
        "addr_postc": 0,
        "addr_stree": null,
        "name_en": null,
        "website": null,
        "amenity": null,
        "addr_distr": null,
        "addr_hous1": null,
        "addr_provi": null,
        "int_name": null,
        "natural": null,
        "descriptio": null,
        "cuisine": null,
        "fast_food": null,
        "level": 0,
        "opening_h9": null,
        "designatio": null,
        "layer": 0,
        "area": null,
        "location": null,
        "public_tra": null,
        "railway": null,
        "subway": null,
        "station": null,
        "surface": null,
        "name_zh": null,
        "admin_leve": 0,
        "boundary": null,
        "water": null,
        "place": null,
        "building_p": null,
        "min_height": 0,
        "min": 0,
        "name_zh_H1": null,
        "name_zh_Ha": null,
        "operator": null,
        "operator_t": null,
        "short_name": null,
        "short_nam1": null,
        "short_nam2": null,
        "wikidata": null,
        "wikipedia": null,
        "garden_typ": null,
        "access": null,
        "note": null,
        "female": null,
        "toilets_di": null,
        "male": null,
        "wheelchair": null,
        "alt_name": null,
        "old_name": null,
        "PERIMETER": null,
        "ENCLOSED_A": null
      },
      "geometry": {
        "type": "MultiPolygon",
        "coordinates": [
          [
            [
              [
                114.3645421513902,
                30.536817865832294
              ],
              [
                114.36461699657907,
                30.536848423654913
              ],
              [
                114.36479583512676,
                30.536515279664076
              ],
              [
                114.36469666630717,
                30.536480854351932
              ],
              [
                114.3645421513902,
                30.536817865832294
              ]
            ]
          ]
        ]
      }
    },
    {
      "type": "Feature",
      "properties": {
        "GM_LAYER": "building",
        "GM_TYPE": "Misc. Manmade Structure",
        "ELEVATION": 0,
        "visible": "true",
        "version": 1,
        "changeset": 118123123,
        "timestamp": "2022-03-05T11:41:00Z",
        "user": "红心柚柚子",
        "uid": 15194206,
        "covered": null,
        "leisure": null,
        "name": "英国伦敦工商会考试局湖北省考试中心",
        "sport": null,
        "id": 1037320000.0,
        "building": "yes",
        "building_l": 0,
        "height": null,
        "shop": null,
        "landuse": null,
        "addr_city": null,
        "addr_house": null,
        "addr_postc": 0,
        "addr_stree": null,
        "name_en": null,
        "website": null,
        "amenity": null,
        "addr_distr": null,
        "addr_hous1": null,
        "addr_provi": null,
        "int_name": null,
        "natural": null,
        "descriptio": null,
        "cuisine": null,
        "fast_food": null,
        "level": 0,
        "opening_h9": null,
        "designatio": null,
        "layer": 0,
        "area": null,
        "location": null,
        "public_tra": null,
        "railway": null,
        "subway": null,
        "station": null,
        "surface": null,
        "name_zh": null,
        "admin_leve": 0,
        "boundary": null,
        "water": null,
        "place": null,
        "building_p": null,
        "min_height": 0,
        "min": 0,
        "name_zh_H1": null,
        "name_zh_Ha": null,
        "operator": null,
        "operator_t": null,
        "short_name": null,
        "short_nam1": null,
        "short_nam2": null,
        "wikidata": null,
        "wikipedia": null,
        "garden_typ": null,
        "access": null,
        "note": null,
        "female": null,
        "toilets_di": null,
        "male": null,
        "wheelchair": null,
        "alt_name": null,
        "old_name": null,
        "PERIMETER": null,
        "ENCLOSED_A": null
      },
      "geometry": {
        "type": "MultiPolygon",
        "coordinates": [
          [
            [
              [
                114.3646085778211,
                30.536361048891006
              ],
              [
                114.36477830089838,
                30.536410913414763
              ],
              [
                114.36484665068494,
                30.5363068209998
              ],
              [
                114.36465942318414,
                30.536237907535877
              ],
              [
                114.3646085778211,
                30.536361048891006
              ]
            ]
          ]
        ]
      }
    },
    {
      "type": "Feature",
      "properties": {
        "GM_LAYER": "natural - grassland",
        "GM_TYPE": "Scrub Area",
        "ELEVATION": 0,
        "visible": "true",
        "version": 1,
        "changeset": 118123123,
        "timestamp": "2022-03-05T11:41:00Z",
        "user": "红心柚柚子",
        "uid": 15194206,
        "covered": null,
        "leisure": null,
        "name": null,
        "sport": null,
        "id": 1037320000.0,
        "building": null,
        "building_l": 0,
        "height": null,
        "shop": null,
        "landuse": null,
        "addr_city": null,
        "addr_house": null,
        "addr_postc": 0,
        "addr_stree": null,
        "name_en": null,
        "website": null,
        "amenity": null,
        "addr_distr": null,
        "addr_hous1": null,
        "addr_provi": null,
        "int_name": null,
        "natural": "grassland",
        "descriptio": null,
        "cuisine": null,
        "fast_food": null,
        "level": 0,
        "opening_h9": null,
        "designatio": null,
        "layer": 0,
        "area": null,
        "location": null,
        "public_tra": null,
        "railway": null,
        "subway": null,
        "station": null,
        "surface": null,
        "name_zh": null,
        "admin_leve": 0,
        "boundary": null,
        "water": null,
        "place": null,
        "building_p": null,
        "min_height": 0,
        "min": 0,
        "name_zh_H1": null,
        "name_zh_Ha": null,
        "operator": null,
        "operator_t": null,
        "short_name": null,
        "short_nam1": null,
        "short_nam2": null,
        "wikidata": null,
        "wikipedia": null,
        "garden_typ": null,
        "access": null,
        "note": null,
        "female": null,
        "toilets_di": null,
        "male": null,
        "wheelchair": null,
        "alt_name": null,
        "old_name": null,
        "PERIMETER": null,
        "ENCLOSED_A": null
      },
      "geometry": {
        "type": "MultiPolygon",
        "coordinates": [
          [
            [
              [
                114.36478130412516,
                30.53678635873683
              ],
              [
                114.36535197078318,
                30.536822239805847
              ],
              [
                114.3654535378445,
                30.536630987741475
              ],
              [
                114.36493141220106,
                30.536462599634984
              ],
              [
                114.36478130412516,
                30.53678635873683
              ]
            ]
          ]
        ]
      }
    },
    {
      "type": "Feature",
      "properties": {
        "GM_LAYER": "leisure - pitch",
        "GM_TYPE": "Misc. Manmade Structure",
        "ELEVATION": 0,
        "visible": "true",
        "version": 1,
        "changeset": 118124653,
        "timestamp": "2022-03-05T12:33:48Z",
        "user": "Wenifred",
        "uid": 15235882,
        "covered": null,
        "leisure": "pitch",
        "name": "篮球场",
        "sport": null,
        "id": 1037330000.0,
        "building": null,
        "building_l": 0,
        "height": null,
        "shop": null,
        "landuse": null,
        "addr_city": null,
        "addr_house": null,
        "addr_postc": 0,
        "addr_stree": null,
        "name_en": null,
        "website": null,
        "amenity": null,
        "addr_distr": null,
        "addr_hous1": null,
        "addr_provi": null,
        "int_name": null,
        "natural": null,
        "descriptio": null,
        "cuisine": null,
        "fast_food": null,
        "level": 0,
        "opening_h9": null,
        "designatio": null,
        "layer": 0,
        "area": null,
        "location": null,
        "public_tra": null,
        "railway": null,
        "subway": null,
        "station": null,
        "surface": null,
        "name_zh": null,
        "admin_leve": 0,
        "boundary": null,
        "water": null,
        "place": null,
        "building_p": null,
        "min_height": 0,
        "min": 0,
        "name_zh_H1": null,
        "name_zh_Ha": null,
        "operator": null,
        "operator_t": null,
        "short_name": null,
        "short_nam1": null,
        "short_nam2": null,
        "wikidata": null,
        "wikipedia": null,
        "garden_typ": null,
        "access": "yes",
        "note": null,
        "female": null,
        "toilets_di": null,
        "male": null,
        "wheelchair": null,
        "alt_name": null,
        "old_name": null,
        "PERIMETER": null,
        "ENCLOSED_A": null
      },
      "geometry": {
        "type": "MultiPolygon",
        "coordinates": [
          [
            [
              [
                114.36751645562246,
                30.534691251686972
              ],
              [
                114.36784519225887,
                30.534693893664127
              ],
              [
                114.36784528341866,
                30.534571280781197
              ],
              [
                114.3675136393057,
                30.534572437484957
              ],
              [
                114.36751645562246,
                30.534691251686972
              ]
            ]
          ]
        ]
      }
    },
    {
      "type": "Feature",
      "properties": {
        "GM_LAYER": "leisure - pitch",
        "GM_TYPE": "Misc. Manmade Structure",
        "ELEVATION": 0,
        "visible": "true",
        "version": 1,
        "changeset": 118124653,
        "timestamp": "2022-03-05T12:33:48Z",
        "user": "Wenifred",
        "uid": 15235882,
        "covered": null,
        "leisure": "pitch",
        "name": "篮球场",
        "sport": null,
        "id": 1037330000.0,
        "building": null,
        "building_l": 0,
        "height": null,
        "shop": null,
        "landuse": null,
        "addr_city": null,
        "addr_house": null,
        "addr_postc": 0,
        "addr_stree": null,
        "name_en": null,
        "website": null,
        "amenity": null,
        "addr_distr": null,
        "addr_hous1": null,
        "addr_provi": null,
        "int_name": null,
        "natural": null,
        "descriptio": null,
        "cuisine": null,
        "fast_food": null,
        "level": 0,
        "opening_h9": null,
        "designatio": null,
        "layer": 0,
        "area": null,
        "location": null,
        "public_tra": null,
        "railway": null,
        "subway": null,
        "station": null,
        "surface": null,
        "name_zh": null,
        "admin_leve": 0,
        "boundary": null,
        "water": null,
        "place": null,
        "building_p": null,
        "min_height": 0,
        "min": 0,
        "name_zh_H1": null,
        "name_zh_Ha": null,
        "operator": null,
        "operator_t": null,
        "short_name": null,
        "short_nam1": null,
        "short_nam2": null,
        "wikidata": null,
        "wikipedia": null,
        "garden_typ": null,
        "access": "yes",
        "note": null,
        "female": null,
        "toilets_di": null,
        "male": null,
        "wheelchair": null,
        "alt_name": null,
        "old_name": null,
        "PERIMETER": null,
        "ENCLOSED_A": null
      },
      "geometry": {
        "type": "MultiPolygon",
        "coordinates": [
          [
            [
              [
                114.36787306828093,
                30.533552176457693
              ],
              [
                114.36787677564908,
                30.533408861047004
              ],
              [
                114.36753051030514,
                30.533403618418376
              ],
              [
                114.3675269012072,
                30.533550033051025
              ],
              [
                114.36787306828093,
                30.533552176457693
              ]
            ]
          ]
        ]
      }
    },
    {
      "type": "Feature",
      "properties": {
        "GM_LAYER": "natural - wood",
        "GM_TYPE": "Wooded Area",
        "ELEVATION": 0,
        "visible": "true",
        "version": 1,
        "changeset": 118124653,
        "timestamp": "2022-03-05T12:33:48Z",
        "user": "Wenifred",
        "uid": 15235882,
        "covered": null,
        "leisure": null,
        "name": null,
        "sport": null,
        "id": 1037330000.0,
        "building": null,
        "building_l": 0,
        "height": null,
        "shop": null,
        "landuse": null,
        "addr_city": null,
        "addr_house": null,
        "addr_postc": 0,
        "addr_stree": null,
        "name_en": null,
        "website": null,
        "amenity": null,
        "addr_distr": null,
        "addr_hous1": null,
        "addr_provi": null,
        "int_name": null,
        "natural": "wood",
        "descriptio": null,
        "cuisine": null,
        "fast_food": null,
        "level": 0,
        "opening_h9": null,
        "designatio": null,
        "layer": 0,
        "area": null,
        "location": null,
        "public_tra": null,
        "railway": null,
        "subway": null,
        "station": null,
        "surface": null,
        "name_zh": null,
        "admin_leve": 0,
        "boundary": null,
        "water": null,
        "place": null,
        "building_p": null,
        "min_height": 0,
        "min": 0,
        "name_zh_H1": null,
        "name_zh_Ha": null,
        "operator": null,
        "operator_t": null,
        "short_name": null,
        "short_nam1": null,
        "short_nam2": null,
        "wikidata": null,
        "wikipedia": null,
        "garden_typ": null,
        "access": null,
        "note": null,
        "female": null,
        "toilets_di": null,
        "male": null,
        "wheelchair": null,
        "alt_name": null,
        "old_name": null,
        "PERIMETER": null,
        "ENCLOSED_A": null
      },
      "geometry": {
        "type": "MultiPolygon",
        "coordinates": [
          [
            [
              [
                114.36735746787934,
                30.537051975962545
              ],
              [
                114.3679902946918,
                30.537063452758243
              ],
              [
                114.36799635091371,
                30.536758225934754
              ],
              [
                114.36746968481998,
                30.536754225806384
              ],
              [
                114.36742454694625,
                30.536836803870905
              ],
              [
                114.36735613840914,
                30.53683795554455
              ],
              [
                114.36735746787934,
                30.537051975962545
              ]
            ]
          ]
        ]
      }
    },
    {
      "type": "Feature",
      "properties": {
        "GM_LAYER": "leisure - track",
        "GM_TYPE": "Misc. Manmade Structure",
        "ELEVATION": 0,
        "visible": "true",
        "version": 1,
        "changeset": 118127010,
        "timestamp": "2022-03-05T13:46:26Z",
        "user": "GWL_der",
        "uid": 15194881,
        "covered": null,
        "leisure": "track",
        "name": null,
        "sport": "running",
        "id": 1037340000.0,
        "building": null,
        "building_l": 0,
        "height": null,
        "shop": null,
        "landuse": null,
        "addr_city": null,
        "addr_house": null,
        "addr_postc": 0,
        "addr_stree": null,
        "name_en": null,
        "website": null,
        "amenity": null,
        "addr_distr": null,
        "addr_hous1": null,
        "addr_provi": null,
        "int_name": null,
        "natural": null,
        "descriptio": null,
        "cuisine": null,
        "fast_food": null,
        "level": 0,
        "opening_h9": null,
        "designatio": null,
        "layer": 0,
        "area": "yes",
        "location": null,
        "public_tra": null,
        "railway": null,
        "subway": null,
        "station": null,
        "surface": null,
        "name_zh": null,
        "admin_leve": 0,
        "boundary": null,
        "water": null,
        "place": null,
        "building_p": null,
        "min_height": 0,
        "min": 0,
        "name_zh_H1": null,
        "name_zh_Ha": null,
        "operator": null,
        "operator_t": null,
        "short_name": null,
        "short_nam1": null,
        "short_nam2": null,
        "wikidata": null,
        "wikipedia": null,
        "garden_typ": null,
        "access": null,
        "note": null,
        "female": null,
        "toilets_di": null,
        "male": null,
        "wheelchair": null,
        "alt_name": null,
        "old_name": null,
        "PERIMETER": null,
        "ENCLOSED_A": null
      },
      "geometry": {
        "type": "MultiPolygon",
        "coordinates": [
          [
            [
              [
                114.36936517028488,
                30.536797607763557
              ],
              [
                114.36943617674874,
                30.536844025775185
              ],
              [
                114.36951170964974,
                30.536870431234046
              ],
              [
                114.36961523480593,
                30.536855688305273
              ],
              [
                114.36971249818468,
                30.536779939222143
              ],
              [
                114.36972841627482,
                30.536169459196174
              ],
              [
                114.36966363602835,
                30.536099249332935
              ],
              [
                114.36959261360936,
                30.53606744780057
              ],
              [
                114.36949080737828,
                30.53606358452569
              ],
              [
                114.36938736581659,
                30.5361035175047
              ],
              [
                114.36935024292758,
                30.53616466714578
              ],
              [
                114.36935286247996,
                30.53677642030301
              ],
              [
                114.36936517028488,
                30.536797607763557
              ]
            ]
          ]
        ]
      }
    },
    {
      "type": "Feature",
      "properties": {
        "GM_LAYER": "leisure - pitch",
        "GM_TYPE": "Misc. Manmade Structure",
        "ELEVATION": 0,
        "visible": "true",
        "version": 1,
        "changeset": 118127010,
        "timestamp": "2022-03-05T13:46:26Z",
        "user": "GWL_der",
        "uid": 15194881,
        "covered": null,
        "leisure": "pitch",
        "name": null,
        "sport": "soccer",
        "id": 1037340000.0,
        "building": null,
        "building_l": 0,
        "height": null,
        "shop": null,
        "landuse": null,
        "addr_city": null,
        "addr_house": null,
        "addr_postc": 0,
        "addr_stree": null,
        "name_en": null,
        "website": null,
        "amenity": null,
        "addr_distr": null,
        "addr_hous1": null,
        "addr_provi": null,
        "int_name": null,
        "natural": null,
        "descriptio": null,
        "cuisine": null,
        "fast_food": null,
        "level": 0,
        "opening_h9": null,
        "designatio": null,
        "layer": 0,
        "area": null,
        "location": null,
        "public_tra": null,
        "railway": null,
        "subway": null,
        "station": null,
        "surface": null,
        "name_zh": null,
        "admin_leve": 0,
        "boundary": null,
        "water": null,
        "place": null,
        "building_p": null,
        "min_height": 0,
        "min": 0,
        "name_zh_H1": null,
        "name_zh_Ha": null,
        "operator": null,
        "operator_t": null,
        "short_name": null,
        "short_nam1": null,
        "short_nam2": null,
        "wikidata": null,
        "wikipedia": null,
        "garden_typ": null,
        "access": null,
        "note": null,
        "female": null,
        "toilets_di": null,
        "male": null,
        "wheelchair": null,
        "alt_name": null,
        "old_name": null,
        "PERIMETER": null,
        "ENCLOSED_A": null
      },
      "geometry": {
        "type": "MultiPolygon",
        "coordinates": [
          [
            [
              [
                114.36939299558625,
                30.536711366798503
              ],
              [
                114.36962767130547,
                30.536717658219906
              ],
              [
                114.36964350865817,
                30.536208088756545
              ],
              [
                114.36939650605584,
                30.53620311583731
              ],
              [
                114.36939299558625,
                30.536711366798503
              ]
            ]
          ]
        ]
      }
    },
    {
      "type": "Feature",
      "properties": {
        "GM_LAYER": "leisure - pitch",
        "GM_TYPE": "Misc. Manmade Structure",
        "ELEVATION": 0,
        "visible": "true",
        "version": 1,
        "changeset": 118133253,
        "timestamp": "2022-03-05T16:48:25Z",
        "user": "whu131",
        "uid": 15239342,
        "covered": null,
        "leisure": "pitch",
        "name": "排球场",
        "sport": "volleyball",
        "id": 1037370000.0,
        "building": null,
        "building_l": 0,
        "height": null,
        "shop": null,
        "landuse": null,
        "addr_city": null,
        "addr_house": null,
        "addr_postc": 0,
        "addr_stree": null,
        "name_en": null,
        "website": null,
        "amenity": null,
        "addr_distr": null,
        "addr_hous1": null,
        "addr_provi": null,
        "int_name": null,
        "natural": null,
        "descriptio": null,
        "cuisine": null,
        "fast_food": null,
        "level": 0,
        "opening_h9": null,
        "designatio": null,
        "layer": 0,
        "area": null,
        "location": null,
        "public_tra": null,
        "railway": null,
        "subway": null,
        "station": null,
        "surface": null,
        "name_zh": null,
        "admin_leve": 0,
        "boundary": null,
        "water": null,
        "place": null,
        "building_p": null,
        "min_height": 0,
        "min": 0,
        "name_zh_H1": null,
        "name_zh_Ha": null,
        "operator": null,
        "operator_t": null,
        "short_name": null,
        "short_nam1": null,
        "short_nam2": null,
        "wikidata": null,
        "wikipedia": null,
        "garden_typ": null,
        "access": null,
        "note": null,
        "female": null,
        "toilets_di": null,
        "male": null,
        "wheelchair": null,
        "alt_name": null,
        "old_name": null,
        "PERIMETER": null,
        "ENCLOSED_A": null
      },
      "geometry": {
        "type": "MultiPolygon",
        "coordinates": [
          [
            [
              [
                114.36724899332965,
                30.533367113960306
              ],
              [
                114.36732961722824,
                30.533368579257104
              ],
              [
                114.36742311051165,
                30.53330213930072
              ],
              [
                114.36725174453218,
                30.533300108544896
              ],
              [
                114.36724899332965,
                30.533367113960306
              ]
            ]
          ]
        ]
      }
    },
    {
      "type": "Feature",
      "properties": {
        "GM_LAYER": "leisure - pitch",
        "GM_TYPE": "Misc. Manmade Structure",
        "ELEVATION": 0,
        "visible": "true",
        "version": 1,
        "changeset": 118133253,
        "timestamp": "2022-03-05T16:48:25Z",
        "user": "whu131",
        "uid": 15239342,
        "covered": null,
        "leisure": "pitch",
        "name": "排球场",
        "sport": "volleyball",
        "id": 1037370000.0,
        "building": null,
        "building_l": 0,
        "height": null,
        "shop": null,
        "landuse": null,
        "addr_city": null,
        "addr_house": null,
        "addr_postc": 0,
        "addr_stree": null,
        "name_en": null,
        "website": null,
        "amenity": null,
        "addr_distr": null,
        "addr_hous1": null,
        "addr_provi": null,
        "int_name": null,
        "natural": null,
        "descriptio": null,
        "cuisine": null,
        "fast_food": null,
        "level": 0,
        "opening_h9": null,
        "designatio": null,
        "layer": 0,
        "area": null,
        "location": null,
        "public_tra": null,
        "railway": null,
        "subway": null,
        "station": null,
        "surface": null,
        "name_zh": null,
        "admin_leve": 0,
        "boundary": null,
        "water": null,
        "place": null,
        "building_p": null,
        "min_height": 0,
        "min": 0,
        "name_zh_H1": null,
        "name_zh_Ha": null,
        "operator": null,
        "operator_t": null,
        "short_name": null,
        "short_nam1": null,
        "short_nam2": null,
        "wikidata": null,
        "wikipedia": null,
        "garden_typ": null,
        "access": null,
        "note": null,
        "female": null,
        "toilets_di": null,
        "male": null,
        "wheelchair": null,
        "alt_name": null,
        "old_name": null,
        "PERIMETER": null,
        "ENCLOSED_A": null
      },
      "geometry": {
        "type": "MultiPolygon",
        "coordinates": [
          [
            [
              [
                114.3681263028223,
                30.53340839209114
              ],
              [
                114.36816336742278,
                30.5334083916237
              ],
              [
                114.36816986433482,
                30.53328637740967
              ],
              [
                114.36798965289515,
                30.533286368434375
              ],
              [
                114.3681263028223,
                30.53340839209114
              ]
            ]
          ]
        ]
      }
    },
    {
      "type": "Feature",
      "properties": {
        "GM_LAYER": "landuse - retail",
        "GM_TYPE": "Metro Area",
        "ELEVATION": 0,
        "visible": "true",
        "version": 3,
        "changeset": 133847890,
        "timestamp": "2023-03-19T08:11:06Z",
        "user": "Peripheries",
        "uid": 18699947,
        "covered": null,
        "leisure": null,
        "name": "信部CBD",
        "sport": null,
        "id": 1037700000.0,
        "building": null,
        "building_l": 0,
        "height": null,
        "shop": null,
        "landuse": "retail",
        "addr_city": null,
        "addr_house": null,
        "addr_postc": 0,
        "addr_stree": null,
        "name_en": null,
        "website": null,
        "amenity": null,
        "addr_distr": null,
        "addr_hous1": null,
        "addr_provi": null,
        "int_name": null,
        "natural": null,
        "descriptio": null,
        "cuisine": null,
        "fast_food": null,
        "level": 0,
        "opening_h9": null,
        "designatio": null,
        "layer": 0,
        "area": null,
        "location": null,
        "public_tra": null,
        "railway": null,
        "subway": null,
        "station": null,
        "surface": null,
        "name_zh": null,
        "admin_leve": 0,
        "boundary": null,
        "water": null,
        "place": null,
        "building_p": null,
        "min_height": 0,
        "min": 0,
        "name_zh_H1": null,
        "name_zh_Ha": null,
        "operator": null,
        "operator_t": null,
        "short_name": null,
        "short_nam1": null,
        "short_nam2": null,
        "wikidata": null,
        "wikipedia": null,
        "garden_typ": null,
        "access": null,
        "note": null,
        "female": null,
        "toilets_di": null,
        "male": null,
        "wheelchair": null,
        "alt_name": null,
        "old_name": null,
        "PERIMETER": null,
        "ENCLOSED_A": null
      },
      "geometry": {
        "type": "MultiPolygon",
        "coordinates": [
          [
            [
              [
                114.36610155087604,
                30.534375523359582
              ],
              [
                114.36617534595288,
                30.534375464512834
              ],
              [
                114.36617512996081,
                30.534260451585418
              ],
              [
                114.36658357840118,
                30.53426043835605
              ],
              [
                114.36658352490454,
                30.53419663130833
              ],
              [
                114.36610128155138,
                30.534196503292
              ],
              [
                114.36610155087604,
                30.534375523359582
              ]
            ]
          ]
        ]
      }
    },
    {
      "type": "Feature",
      "properties": {
        "GM_LAYER": "amenity - restaurant",
        "GM_TYPE": "Misc. Manmade Structure",
        "ELEVATION": 0,
        "visible": "true",
        "version": 1,
        "changeset": 118158165,
        "timestamp": "2022-03-06T13:10:16Z",
        "user": "日日安",
        "uid": 15245757,
        "covered": null,
        "leisure": null,
        "name": "珞珈糕点",
        "sport": null,
        "id": 1037700000.0,
        "building": "yes",
        "building_l": 0,
        "height": null,
        "shop": null,
        "landuse": null,
        "addr_city": null,
        "addr_house": null,
        "addr_postc": 0,
        "addr_stree": null,
        "name_en": null,
        "website": null,
        "amenity": "restaurant",
        "addr_distr": null,
        "addr_hous1": null,
        "addr_provi": null,
        "int_name": null,
        "natural": null,
        "descriptio": null,
        "cuisine": null,
        "fast_food": null,
        "level": 0,
        "opening_h9": null,
        "designatio": null,
        "layer": 0,
        "area": null,
        "location": null,
        "public_tra": null,
        "railway": null,
        "subway": null,
        "station": null,
        "surface": null,
        "name_zh": null,
        "admin_leve": 0,
        "boundary": null,
        "water": null,
        "place": null,
        "building_p": null,
        "min_height": 0,
        "min": 0,
        "name_zh_H1": null,
        "name_zh_Ha": null,
        "operator": null,
        "operator_t": null,
        "short_name": null,
        "short_nam1": null,
        "short_nam2": null,
        "wikidata": null,
        "wikipedia": null,
        "garden_typ": null,
        "access": null,
        "note": null,
        "female": null,
        "toilets_di": null,
        "male": null,
        "wheelchair": null,
        "alt_name": null,
        "old_name": null,
        "PERIMETER": null,
        "ENCLOSED_A": null
      },
      "geometry": {
        "type": "MultiPolygon",
        "coordinates": [
          [
            [
              [
                114.36476115732981,
                30.533941400993868
              ],
              [
                114.36485032739935,
                30.533965788394433
              ],
              [
                114.36496142273691,
                30.53398853493729
              ],
              [
                114.36510429090005,
                30.533960456763676
              ],
              [
                114.36512343252593,
                30.533930708871658
              ],
              [
                114.36512498519544,
                30.533859805355256
              ],
              [
                114.36494079428952,
                30.533860157486114
              ],
              [
                114.36475761279043,
                30.53385958027101
              ],
              [
                114.36476115732981,
                30.533941400993868
              ]
            ]
          ]
        ]
      }
    },
    {
      "type": "Feature",
      "properties": {
        "GM_LAYER": "shop - greengrocer",
        "GM_TYPE": "Misc. Manmade Structure",
        "ELEVATION": 0,
        "visible": "true",
        "version": 1,
        "changeset": 118158165,
        "timestamp": "2022-03-06T13:10:16Z",
        "user": "日日安",
        "uid": 15245757,
        "covered": null,
        "leisure": null,
        "name": "水果店（花店）",
        "sport": null,
        "id": 1037700000.0,
        "building": null,
        "building_l": 0,
        "height": null,
        "shop": "greengrocer",
        "landuse": null,
        "addr_city": null,
        "addr_house": null,
        "addr_postc": 0,
        "addr_stree": null,
        "name_en": null,
        "website": null,
        "amenity": null,
        "addr_distr": null,
        "addr_hous1": null,
        "addr_provi": null,
        "int_name": null,
        "natural": null,
        "descriptio": null,
        "cuisine": null,
        "fast_food": null,
        "level": 0,
        "opening_h9": null,
        "designatio": null,
        "layer": 0,
        "area": null,
        "location": null,
        "public_tra": null,
        "railway": null,
        "subway": null,
        "station": null,
        "surface": null,
        "name_zh": null,
        "admin_leve": 0,
        "boundary": null,
        "water": null,
        "place": null,
        "building_p": null,
        "min_height": 0,
        "min": 0,
        "name_zh_H1": null,
        "name_zh_Ha": null,
        "operator": null,
        "operator_t": null,
        "short_name": null,
        "short_nam1": null,
        "short_nam2": null,
        "wikidata": null,
        "wikipedia": null,
        "garden_typ": null,
        "access": null,
        "note": null,
        "female": null,
        "toilets_di": null,
        "male": null,
        "wheelchair": null,
        "alt_name": null,
        "old_name": null,
        "PERIMETER": null,
        "ENCLOSED_A": null
      },
      "geometry": {
        "type": "MultiPolygon",
        "coordinates": [
          [
            [
              [
                114.36641013533882,
                30.537604893998196
              ],
              [
                114.36641048472323,
                30.537545389327565
              ],
              [
                114.36635541257539,
                30.537543096866056
              ],
              [
                114.36635095606506,
                30.537604594698927
              ],
              [
                114.36641013533882,
                30.537604893998196
              ]
            ]
          ]
        ]
      }
    },
    {
      "type": "Feature",
      "properties": {
        "GM_LAYER": "landuse - retail",
        "GM_TYPE": "Metro Area",
        "ELEVATION": 0,
        "visible": "true",
        "version": 1,
        "changeset": 118181679,
        "timestamp": "2022-03-07T04:57:06Z",
        "user": "风紧扯呼",
        "uid": 15220823,
        "covered": null,
        "leisure": null,
        "name": "蜂巢快递柜",
        "sport": null,
        "id": 1037880000.0,
        "building": null,
        "building_l": 0,
        "height": null,
        "shop": null,
        "landuse": "retail",
        "addr_city": null,
        "addr_house": null,
        "addr_postc": 0,
        "addr_stree": null,
        "name_en": null,
        "website": null,
        "amenity": null,
        "addr_distr": null,
        "addr_hous1": null,
        "addr_provi": null,
        "int_name": null,
        "natural": null,
        "descriptio": null,
        "cuisine": null,
        "fast_food": null,
        "level": 0,
        "opening_h9": null,
        "designatio": null,
        "layer": 0,
        "area": null,
        "location": null,
        "public_tra": null,
        "railway": null,
        "subway": null,
        "station": null,
        "surface": null,
        "name_zh": null,
        "admin_leve": 0,
        "boundary": null,
        "water": null,
        "place": null,
        "building_p": null,
        "min_height": 0,
        "min": 0,
        "name_zh_H1": null,
        "name_zh_Ha": null,
        "operator": null,
        "operator_t": null,
        "short_name": null,
        "short_nam1": null,
        "short_nam2": null,
        "wikidata": null,
        "wikipedia": null,
        "garden_typ": null,
        "access": null,
        "note": null,
        "female": null,
        "toilets_di": null,
        "male": null,
        "wheelchair": null,
        "alt_name": null,
        "old_name": null,
        "PERIMETER": null,
        "ENCLOSED_A": null
      },
      "geometry": {
        "type": "MultiPolygon",
        "coordinates": [
          [
            [
              [
                114.36362966210191,
                30.535859933864383
              ],
              [
                114.36375385029544,
                30.535862962521268
              ],
              [
                114.36375878049317,
                30.535828879771508
              ],
              [
                114.36362708370034,
                30.535829819712134
              ],
              [
                114.36362966210191,
                30.535859933864383
              ]
            ]
          ]
        ]
      }
    },
    {
      "type": "Feature",
      "properties": {
        "GM_LAYER": "building - retail",
        "GM_TYPE": "Misc. Manmade Structure",
        "ELEVATION": 0,
        "visible": "true",
        "version": 1,
        "changeset": 119293439,
        "timestamp": "2022-04-04T08:57:52Z",
        "user": "红心柚柚子",
        "uid": 15194206,
        "covered": null,
        "leisure": null,
        "name": "艺舟书画工作室",
        "sport": null,
        "id": 1047820000.0,
        "building": "retail",
        "building_l": 0,
        "height": null,
        "shop": null,
        "landuse": null,
        "addr_city": null,
        "addr_house": null,
        "addr_postc": 0,
        "addr_stree": null,
        "name_en": null,
        "website": null,
        "amenity": null,
        "addr_distr": null,
        "addr_hous1": null,
        "addr_provi": null,
        "int_name": null,
        "natural": null,
        "descriptio": null,
        "cuisine": null,
        "fast_food": null,
        "level": 0,
        "opening_h9": null,
        "designatio": null,
        "layer": 0,
        "area": null,
        "location": null,
        "public_tra": null,
        "railway": null,
        "subway": null,
        "station": null,
        "surface": null,
        "name_zh": null,
        "admin_leve": 0,
        "boundary": null,
        "water": null,
        "place": null,
        "building_p": null,
        "min_height": 0,
        "min": 0,
        "name_zh_H1": null,
        "name_zh_Ha": null,
        "operator": null,
        "operator_t": null,
        "short_name": null,
        "short_nam1": null,
        "short_nam2": null,
        "wikidata": null,
        "wikipedia": null,
        "garden_typ": null,
        "access": null,
        "note": "具体坐标(30.531665977633974,114.36905117988529)",
        "female": null,
        "toilets_di": null,
        "male": null,
        "wheelchair": null,
        "alt_name": null,
        "old_name": null,
        "PERIMETER": null,
        "ENCLOSED_A": null
      },
      "geometry": {
        "type": "MultiPolygon",
        "coordinates": [
          [
            [
              [
                114.36126458615878,
                30.53402679303217
              ],
              [
                114.36130979361695,
                30.534027987795234
              ],
              [
                114.36130577222497,
                30.533918249036482
              ],
              [
                114.36106543156137,
                30.53392086036362
              ],
              [
                114.36106849554405,
                30.533971286777852
              ],
              [
                114.3612657249571,
                30.53397349435334
              ],
              [
                114.36126458615878,
                30.53402679303217
              ]
            ]
          ]
        ]
      }
    },
    {
      "type": "Feature",
      "properties": {
        "GM_LAYER": "building",
        "GM_TYPE": "Misc. Manmade Structure",
        "ELEVATION": 0,
        "visible": "true",
        "version": 1,
        "changeset": 119524466,
        "timestamp": "2022-04-10T06:53:51Z",
        "user": "whu131",
        "uid": 15239342,
        "covered": null,
        "leisure": null,
        "name": null,
        "sport": null,
        "id": 1050700000.0,
        "building": "yes",
        "building_l": 0,
        "height": null,
        "shop": null,
        "landuse": null,
        "addr_city": null,
        "addr_house": null,
        "addr_postc": 0,
        "addr_stree": null,
        "name_en": null,
        "website": null,
        "amenity": "toilets",
        "addr_distr": null,
        "addr_hous1": null,
        "addr_provi": null,
        "int_name": null,
        "natural": null,
        "descriptio": null,
        "cuisine": null,
        "fast_food": null,
        "level": 0,
        "opening_h9": null,
        "designatio": null,
        "layer": 0,
        "area": null,
        "location": null,
        "public_tra": null,
        "railway": null,
        "subway": null,
        "station": null,
        "surface": null,
        "name_zh": null,
        "admin_leve": 0,
        "boundary": null,
        "water": null,
        "place": null,
        "building_p": null,
        "min_height": 0,
        "min": 0,
        "name_zh_H1": null,
        "name_zh_Ha": null,
        "operator": null,
        "operator_t": null,
        "short_name": null,
        "short_nam1": null,
        "short_nam2": null,
        "wikidata": null,
        "wikipedia": null,
        "garden_typ": null,
        "access": "yes",
        "note": null,
        "female": "yes",
        "toilets_di": "flush",
        "male": null,
        "wheelchair": null,
        "alt_name": null,
        "old_name": null,
        "PERIMETER": null,
        "ENCLOSED_A": null
      },
      "geometry": {
        "type": "MultiPolygon",
        "coordinates": [
          [
            [
              [
                114.36902965843232,
                30.533840254999667
              ],
              [
                114.36905651087359,
                30.533839931581376
              ],
              [
                114.36905622666566,
                30.533817129317956
              ],
              [
                114.36902967502557,
                30.533817152437372
              ],
              [
                114.36902965843232,
                30.533840254999667
              ]
            ]
          ]
        ]
      }
    },
    {
      "type": "Feature",
      "properties": {
        "GM_LAYER": "building",
        "GM_TYPE": "Misc. Manmade Structure",
        "ELEVATION": 0,
        "visible": "true",
        "version": 1,
        "changeset": 119524466,
        "timestamp": "2022-04-10T06:53:51Z",
        "user": "whu131",
        "uid": 15239342,
        "covered": null,
        "leisure": null,
        "name": null,
        "sport": null,
        "id": 1050700000.0,
        "building": "yes",
        "building_l": 0,
        "height": null,
        "shop": null,
        "landuse": null,
        "addr_city": null,
        "addr_house": null,
        "addr_postc": 0,
        "addr_stree": null,
        "name_en": null,
        "website": null,
        "amenity": "toilets",
        "addr_distr": null,
        "addr_hous1": null,
        "addr_provi": null,
        "int_name": null,
        "natural": null,
        "descriptio": null,
        "cuisine": null,
        "fast_food": null,
        "level": 0,
        "opening_h9": null,
        "designatio": null,
        "layer": 0,
        "area": null,
        "location": null,
        "public_tra": null,
        "railway": null,
        "subway": null,
        "station": null,
        "surface": null,
        "name_zh": null,
        "admin_leve": 0,
        "boundary": null,
        "water": null,
        "place": null,
        "building_p": null,
        "min_height": 0,
        "min": 0,
        "name_zh_H1": null,
        "name_zh_Ha": null,
        "operator": null,
        "operator_t": null,
        "short_name": null,
        "short_nam1": null,
        "short_nam2": null,
        "wikidata": null,
        "wikipedia": null,
        "garden_typ": null,
        "access": "yes",
        "note": null,
        "female": null,
        "toilets_di": "flush",
        "male": "yes",
        "wheelchair": "no",
        "alt_name": null,
        "old_name": null,
        "PERIMETER": null,
        "ENCLOSED_A": null
      },
      "geometry": {
        "type": "MultiPolygon",
        "coordinates": [
          [
            [
              [
                114.36905651087359,
                30.533839931581376
              ],
              [
                114.36907855386613,
                30.533839911871368
              ],
              [
                114.36907887039996,
                30.533817709137047
              ],
              [
                114.36905622666566,
                30.533817129317956
              ],
              [
                114.36905651087359,
                30.533839931581376
              ]
            ]
          ]
        ]
      }
    },
    {
      "type": "Feature",
      "properties": {
        "GM_LAYER": "building - dormitory",
        "GM_TYPE": "Misc. Manmade Structure",
        "ELEVATION": 0,
        "visible": "true",
        "version": 2,
        "changeset": 133829447,
        "timestamp": "2023-03-18T16:18:49Z",
        "user": "hhh@@",
        "uid": 18759919,
        "covered": null,
        "leisure": null,
        "name": "学生宿舍6栋",
        "sport": null,
        "id": 1154980000.0,
        "building": "dormitory",
        "building_l": 6,
        "height": null,
        "shop": null,
        "landuse": null,
        "addr_city": null,
        "addr_house": null,
        "addr_postc": 0,
        "addr_stree": null,
        "name_en": null,
        "website": null,
        "amenity": null,
        "addr_distr": null,
        "addr_hous1": null,
        "addr_provi": null,
        "int_name": null,
        "natural": null,
        "descriptio": null,
        "cuisine": null,
        "fast_food": null,
        "level": 0,
        "opening_h9": null,
        "designatio": null,
        "layer": 0,
        "area": null,
        "location": null,
        "public_tra": null,
        "railway": null,
        "subway": null,
        "station": null,
        "surface": null,
        "name_zh": null,
        "admin_leve": 0,
        "boundary": null,
        "water": null,
        "place": null,
        "building_p": null,
        "min_height": 0,
        "min": 0,
        "name_zh_H1": null,
        "name_zh_Ha": null,
        "operator": null,
        "operator_t": null,
        "short_name": null,
        "short_nam1": null,
        "short_nam2": null,
        "wikidata": null,
        "wikipedia": null,
        "garden_typ": null,
        "access": null,
        "note": null,
        "female": null,
        "toilets_di": null,
        "male": null,
        "wheelchair": null,
        "alt_name": null,
        "old_name": null,
        "PERIMETER": null,
        "ENCLOSED_A": null
      },
      "geometry": {
        "type": "MultiPolygon",
        "coordinates": [
          [
            [
              [
                114.36535408409408,
                30.534340494864928
              ],
              [
                114.36597381417276,
                30.534341662966117
              ],
              [
                114.36597742978037,
                30.5341897538276
              ],
              [
                114.36577367702799,
                30.534193312968927
              ],
              [
                114.36564021970811,
                30.53419140212587
              ],
              [
                114.36549004647078,
                30.534190732059972
              ],
              [
                114.36549058611942,
                30.53413712750306
              ],
              [
                114.36548830969588,
                30.5341011177366
              ],
              [
                114.36535035336604,
                30.53410295872956
              ],
              [
                114.36535408409408,
                30.534340494864928
              ]
            ]
          ]
        ]
      }
    },
    {
      "type": "Feature",
      "properties": {
        "GM_LAYER": "leisure - park",
        "GM_TYPE": "State Park",
        "ELEVATION": 0,
        "visible": "true",
        "version": 1,
        "changeset": 133851659,
        "timestamp": "2023-03-19T10:19:00Z",
        "user": "Zijian Zhao",
        "uid": 18763193,
        "covered": null,
        "leisure": "park",
        "name": "武汉大学测绘社区草坪",
        "sport": null,
        "id": 1155390000.0,
        "building": null,
        "building_l": 0,
        "height": null,
        "shop": null,
        "landuse": null,
        "addr_city": null,
        "addr_house": null,
        "addr_postc": 0,
        "addr_stree": null,
        "name_en": null,
        "website": null,
        "amenity": null,
        "addr_distr": null,
        "addr_hous1": null,
        "addr_provi": null,
        "int_name": null,
        "natural": null,
        "descriptio": null,
        "cuisine": null,
        "fast_food": null,
        "level": 0,
        "opening_h9": null,
        "designatio": null,
        "layer": 0,
        "area": null,
        "location": null,
        "public_tra": null,
        "railway": null,
        "subway": null,
        "station": null,
        "surface": null,
        "name_zh": null,
        "admin_leve": 0,
        "boundary": null,
        "water": null,
        "place": null,
        "building_p": null,
        "min_height": 0,
        "min": 0,
        "name_zh_H1": null,
        "name_zh_Ha": null,
        "operator": null,
        "operator_t": null,
        "short_name": null,
        "short_nam1": null,
        "short_nam2": null,
        "wikidata": null,
        "wikipedia": null,
        "garden_typ": null,
        "access": null,
        "note": null,
        "female": null,
        "toilets_di": null,
        "male": null,
        "wheelchair": null,
        "alt_name": null,
        "old_name": null,
        "PERIMETER": null,
        "ENCLOSED_A": null
      },
      "geometry": {
        "type": "MultiPolygon",
        "coordinates": [
          [
            [
              [
                114.36495972002601,
                30.535981739460727
              ],
              [
                114.36565352465924,
                30.536182239481217
              ],
              [
                114.36603809252462,
                30.536184582902614
              ],
              [
                114.3660363810211,
                30.536069168294556
              ],
              [
                114.36594877122215,
                30.536068988530996
              ],
              [
                114.3659366686466,
                30.53553791059401
              ],
              [
                114.36590983544566,
                30.535537853736358
              ],
              [
                114.36496716665513,
                30.535544718412254
              ],
              [
                114.36495972002601,
                30.535981739460727
              ]
            ]
          ]
        ]
      }
    },
    {
      "type": "Feature",
      "properties": {
        "GM_LAYER": "amenity - school",
        "GM_TYPE": "Misc. Manmade Structure",
        "ELEVATION": 0,
        "visible": null,
        "version": 1,
        "changeset": 53718157,
        "timestamp": "2017-11-12T16:58:11Z",
        "user": "Supaplex",
        "uid": 274857,
        "covered": null,
        "leisure": null,
        "name": "街道口小學",
        "sport": null,
        "id": 7728020.0,
        "building": null,
        "building_l": 0,
        "height": null,
        "shop": null,
        "landuse": null,
        "addr_city": null,
        "addr_house": null,
        "addr_postc": 0,
        "addr_stree": null,
        "name_en": null,
        "website": null,
        "amenity": "school",
        "addr_distr": null,
        "addr_hous1": null,
        "addr_provi": null,
        "int_name": null,
        "natural": null,
        "descriptio": null,
        "cuisine": null,
        "fast_food": null,
        "level": 0,
        "opening_h9": null,
        "designatio": null,
        "layer": 0,
        "area": null,
        "location": null,
        "public_tra": null,
        "railway": null,
        "subway": null,
        "station": null,
        "surface": null,
        "name_zh": null,
        "admin_leve": 0,
        "boundary": null,
        "water": null,
        "place": null,
        "building_p": null,
        "min_height": 0,
        "min": 0,
        "name_zh_H1": null,
        "name_zh_Ha": null,
        "operator": null,
        "operator_t": null,
        "short_name": null,
        "short_nam1": null,
        "short_nam2": null,
        "wikidata": null,
        "wikipedia": null,
        "garden_typ": null,
        "access": null,
        "note": null,
        "female": null,
        "toilets_di": null,
        "male": null,
        "wheelchair": null,
        "alt_name": null,
        "old_name": null,
        "PERIMETER": null,
        "ENCLOSED_A": null
      },
      "geometry": {
        "type": "MultiPolygon",
        "coordinates": [
          [
            [
              [
                114.3629400280813,
                30.538082343469434
              ],
              [
                114.36356851309586,
                30.537491424330412
              ],
              [
                114.36302132713001,
                30.5370453495026
              ],
              [
                114.36295693378185,
                30.536991827642613
              ],
              [
                114.36250453844661,
                30.53743913318367
              ],
              [
                114.3627990899928,
                30.53767459764117
              ],
              [
                114.3624059991746,
                30.538037953123812
              ],
              [
                114.3624578830665,
                30.538084839802444
              ],
              [
                114.36269948241171,
                30.538223334141826
              ],
              [
                114.36275757073744,
                30.538153227998272
              ],
              [
                114.36287472046932,
                30.538048314137278
              ],
              [
                114.3629400280813,
                30.538082343469434
              ]
            ]
          ]
        ]
      }
    },
    {
      "type": "Feature",
      "properties": {
        "GM_LAYER": "amenity - university",
        "GM_TYPE": "Misc. Manmade Structure",
        "ELEVATION": 0,
        "visible": null,
        "version": 0,
        "changeset": 82499298,
        "timestamp": "2020-03-23T02:41:47Z",
        "user": "sun-jiao",
        "uid": 4871040,
        "covered": null,
        "leisure": null,
        "name": "武汉大学信息学部",
        "sport": null,
        "id": 7728030.0,
        "building": null,
        "building_l": 0,
        "height": null,
        "shop": null,
        "landuse": null,
        "addr_city": null,
        "addr_house": null,
        "addr_postc": 0,
        "addr_stree": null,
        "name_en": "Faculty of Information Sciences, Wuhan University",
        "website": null,
        "amenity": "university",
        "addr_distr": null,
        "addr_hous1": null,
        "addr_provi": null,
        "int_name": null,
        "natural": null,
        "descriptio": null,
        "cuisine": null,
        "fast_food": null,
        "level": 0,
        "opening_h9": null,
        "designatio": null,
        "layer": 0,
        "area": null,
        "location": null,
        "public_tra": null,
        "railway": null,
        "subway": null,
        "station": null,
        "surface": null,
        "name_zh": "武汉大学信息学部",
        "admin_leve": 0,
        "boundary": null,
        "water": null,
        "place": "neighbourhood",
        "building_p": null,
        "min_height": 0,
        "min": 0,
        "name_zh_H1": null,
        "name_zh_Ha": null,
        "operator": null,
        "operator_t": null,
        "short_name": null,
        "short_nam1": null,
        "short_nam2": null,
        "wikidata": "Q11124550",
        "wikipedia": "zh:武汉大学信息科学学部",
        "garden_typ": null,
        "access": null,
        "note": null,
        "female": null,
        "toilets_di": null,
        "male": null,
        "wheelchair": null,
        "alt_name": "竹园",
        "old_name": "武汉测绘科技大学",
        "PERIMETER": null,
        "ENCLOSED_A": null
      },
      "geometry": {
        "type": "MultiPolygon",
        "coordinates": [
          [
            [
              [
                114.3609866586929,
                30.534688114577257
              ],
              [
                114.3609142339328,
                30.53471072254468
              ],
              [
                114.36118463644388,
                30.535415019877863
              ],
              [
                114.36132554315587,
                30.535438844742853
              ],
              [
                114.36245624881417,
                30.53564219753188
              ],
              [
                114.36247248246794,
                30.535478268532767
              ],
              [
                114.3625289267156,
                30.535323756222937
              ],
              [
                114.36254552421966,
                30.534674575581665
              ],
              [
                114.36257703776674,
                30.53467634361008
              ],
              [
                114.36300955709112,
                30.534686353563906
              ],
              [
                114.36335425961177,
                30.534697988526894
              ],
              [
                114.36363723064589,
                30.53472824866947
              ],
              [
                114.36363202259396,
                30.53513286932981
              ],
              [
                114.36367225119717,
                30.53513334206993
              ],
              [
                114.36367220031204,
                30.535331562557914
              ],
              [
                114.363430629229,
                30.535335102834924
              ],
              [
                114.36318884046446,
                30.535639017657413
              ],
              [
                114.3631617146435,
                30.5360363290501
              ],
              [
                114.36351845031476,
                30.5362851904538
              ],
              [
                114.36352102208751,
                30.53644921779209
              ],
              [
                114.36375189041604,
                30.536445611693555
              ],
              [
                114.36374099995719,
                30.536674287905104
              ],
              [
                114.36337322579271,
                30.536695778449857
              ],
              [
                114.36302132713001,
                30.5370453495026
              ],
              [
                114.36356851309586,
                30.537491424330412
              ],
              [
                114.3629400280813,
                30.538082343469434
              ],
              [
                114.36379573595481,
                30.538622092354508
              ],
              [
                114.36358567940238,
                30.53886171932706
              ],
              [
                114.36377760057819,
                30.539000748886014
              ],
              [
                114.36384635121203,
                30.539002433473307
              ],
              [
                114.36411946946158,
                30.538648589190363
              ],
              [
                114.3641629948038,
                30.5386614567133
              ],
              [
                114.36529072843416,
                30.538609532901162
              ],
              [
                114.36580084014811,
                30.538344374939626
              ],
              [
                114.36592013751951,
                30.538283329421798
              ],
              [
                114.36655102409823,
                30.537972248732373
              ],
              [
                114.36689601298743,
                30.537853703421995
              ],
              [
                114.36711398906357,
                30.53779063277662
              ],
              [
                114.3676175751327,
                30.537673590671712
              ],
              [
                114.36907710046447,
                30.53716704103965
              ],
              [
                114.36931243276568,
                30.53708479425076
              ],
              [
                114.36940425411701,
                30.537039882543247
              ],
              [
                114.36943353026122,
                30.53701914467341
              ],
              [
                114.36932760291964,
                30.536787350484275
              ],
              [
                114.3693186357256,
                30.53672395498471
              ],
              [
                114.3693222779695,
                30.536175800393494
              ],
              [
                114.36942576979426,
                30.535813643178944
              ],
              [
                114.36944652425115,
                30.535797815796563
              ],
              [
                114.36946557434302,
                30.534188228358285
              ],
              [
                114.37000138769315,
                30.534202711870474
              ],
              [
                114.36993467429701,
                30.533463347526187
              ],
              [
                114.36971289987115,
                30.53289503967613
              ],
              [
                114.3696752709355,
                30.53282248716026
              ],
              [
                114.36955100237988,
                30.532544229459834
              ],
              [
                114.36961826149259,
                30.532514132720028
              ],
              [
                114.36946526574923,
                30.532186198324364
              ],
              [
                114.36897807989628,
                30.531285489741837
              ],
              [
                114.3688559505414,
                30.531118059000733
              ],
              [
                114.36874846522664,
                30.531089323867334
              ],
              [
                114.36863009846984,
                30.531163296633128
              ],
              [
                114.36842064723098,
                30.53095074664678
              ],
              [
                114.36829169072792,
                30.530992379739676
              ],
              [
                114.36787252338448,
                30.531061668439236
              ],
              [
                114.3678187748022,
                30.530994644583927
              ],
              [
                114.36772520277391,
                30.53102191585694
              ],
              [
                114.36755230706686,
                30.531044836975827
              ],
              [
                114.36749095421125,
                30.531292634140776
              ],
              [
                114.3669991439199,
                30.531534847150745
              ],
              [
                114.36655456156026,
                30.531605877853877
              ],
              [
                114.36592454292305,
                30.531595131234916
              ],
              [
                114.3659234927408,
                30.531671338967676
              ],
              [
                114.36578758928715,
                30.531729249327267
              ],
              [
                114.36578479561493,
                30.532324418847224
              ],
              [
                114.36400770834065,
                30.53233039954737
              ],
              [
                114.3639253790833,
                30.532276563806068
              ],
              [
                114.36387439401616,
                30.532344865485854
              ],
              [
                114.36387285894077,
                30.53239556559563
              ],
              [
                114.36384535127759,
                30.533252757564945
              ],
              [
                114.36156418317931,
                30.53313530515497
              ],
              [
                114.36156755596778,
                30.532886595868334
              ],
              [
                114.36147703563435,
                30.532885025423408
              ],
              [
                114.36105085644274,
                30.533034456827334
              ],
              [
                114.3611566276169,
                30.533383806447564
              ],
              [
                114.36095535471142,
                30.53344945940783
              ],
              [
                114.36108921900093,
                30.533803906442326
              ],
              [
                114.3609684811367,
                30.53383539435926
              ],
              [
                114.36104616510792,
                30.534009240864563
              ],
              [
                114.3608207956116,
                30.53407240564798
              ],
              [
                114.36102428835689,
                30.53451975095849
              ],
              [
                114.36094114657772,
                30.53456309054514
              ],
              [
                114.3609866586929,
                30.534688114577257
              ]
            ]
          ]
        ]
      }
    },
    {
      "type": "Feature",
      "properties": {
        "GM_LAYER": "amenity - college",
        "GM_TYPE": "Misc. Manmade Structure",
        "ELEVATION": 0,
        "visible": null,
        "version": 1,
        "changeset": 53718157,
        "timestamp": "2017-11-12T16:58:11Z",
        "user": "Supaplex",
        "uid": 274857,
        "covered": null,
        "leisure": null,
        "name": "湖北经济学院洪山校区",
        "sport": null,
        "id": 7728030.0,
        "building": null,
        "building_l": 0,
        "height": null,
        "shop": null,
        "landuse": null,
        "addr_city": null,
        "addr_house": null,
        "addr_postc": 0,
        "addr_stree": null,
        "name_en": null,
        "website": null,
        "amenity": "college",
        "addr_distr": null,
        "addr_hous1": null,
        "addr_provi": null,
        "int_name": null,
        "natural": null,
        "descriptio": null,
        "cuisine": null,
        "fast_food": null,
        "level": 0,
        "opening_h9": null,
        "designatio": null,
        "layer": 0,
        "area": null,
        "location": null,
        "public_tra": null,
        "railway": null,
        "subway": null,
        "station": null,
        "surface": null,
        "name_zh": null,
        "admin_leve": 0,
        "boundary": null,
        "water": null,
        "place": null,
        "building_p": null,
        "min_height": 0,
        "min": 0,
        "name_zh_H1": null,
        "name_zh_Ha": null,
        "operator": null,
        "operator_t": null,
        "short_name": null,
        "short_nam1": null,
        "short_nam2": null,
        "wikidata": null,
        "wikipedia": null,
        "garden_typ": null,
        "access": null,
        "note": null,
        "female": null,
        "toilets_di": null,
        "male": null,
        "wheelchair": null,
        "alt_name": null,
        "old_name": null,
        "PERIMETER": null,
        "ENCLOSED_A": null
      },
      "geometry": {
        "type": "MultiPolygon",
        "coordinates": [
          [
            [
              [
                114.36132554315587,
                30.535438844742853
              ],
              [
                114.36144194485294,
                30.535726922740597
              ],
              [
                114.36159348942027,
                30.535972402821077
              ],
              [
                114.36235333181041,
                30.536872956235005
              ],
              [
                114.3631617146435,
                30.5360363290501
              ],
              [
                114.36318884046446,
                30.535639017657413
              ],
              [
                114.363430629229,
                30.535335102834924
              ],
              [
                114.36367220031204,
                30.535331562557914
              ],
              [
                114.36367218933808,
                30.535214750340955
              ],
              [
                114.36367225119717,
                30.53513334206993
              ],
              [
                114.36363202259396,
                30.53513286932981
              ],
              [
                114.36363723064589,
                30.53472824866947
              ],
              [
                114.36335425961177,
                30.534697988526894
              ],
              [
                114.36300955709112,
                30.534686353563906
              ],
              [
                114.36257703776674,
                30.53467634361008
              ],
              [
                114.36254552421966,
                30.534674575581665
              ],
              [
                114.3625289267156,
                30.535323756222937
              ],
              [
                114.36247248246794,
                30.535478268532767
              ],
              [
                114.36245624881417,
                30.53564219753188
              ],
              [
                114.36132554315587,
                30.535438844742853
              ]
            ]
          ]
        ]
      }
    },
    {
      "type": "Feature",
      "properties": {
        "GM_LAYER": "amenity - school",
        "GM_TYPE": "Misc. Manmade Structure",
        "ELEVATION": 0,
        "visible": null,
        "version": 0,
        "changeset": 75973162,
        "timestamp": "2019-10-21T04:56:15Z",
        "user": "samsung galaxy s6",
        "uid": 3691120,
        "covered": null,
        "leisure": null,
        "name": "武汉大学附属中学",
        "sport": null,
        "id": 7728030.0,
        "building": null,
        "building_l": 0,
        "height": null,
        "shop": null,
        "landuse": null,
        "addr_city": null,
        "addr_house": null,
        "addr_postc": 0,
        "addr_stree": null,
        "name_en": null,
        "website": null,
        "amenity": "school",
        "addr_distr": null,
        "addr_hous1": null,
        "addr_provi": null,
        "int_name": null,
        "natural": null,
        "descriptio": null,
        "cuisine": null,
        "fast_food": null,
        "level": 0,
        "opening_h9": null,
        "designatio": null,
        "layer": 0,
        "area": null,
        "location": null,
        "public_tra": null,
        "railway": null,
        "subway": null,
        "station": null,
        "surface": null,
        "name_zh": "武汉大学附属中学",
        "admin_leve": 0,
        "boundary": null,
        "water": null,
        "place": null,
        "building_p": null,
        "min_height": 0,
        "min": 0,
        "name_zh_H1": null,
        "name_zh_Ha": null,
        "operator": null,
        "operator_t": null,
        "short_name": null,
        "short_nam1": null,
        "short_nam2": null,
        "wikidata": null,
        "wikipedia": null,
        "garden_typ": null,
        "access": null,
        "note": null,
        "female": null,
        "toilets_di": null,
        "male": null,
        "wheelchair": null,
        "alt_name": null,
        "old_name": null,
        "PERIMETER": null,
        "ENCLOSED_A": null
      },
      "geometry": {
        "type": "MultiPolygon",
        "coordinates": [
          [
            [
              [
                114.3693222779695,
                30.536175800393494
              ],
              [
                114.3693186357256,
                30.53672395498471
              ],
              [
                114.36932760291964,
                30.536787350484275
              ],
              [
                114.36943353026122,
                30.53701914467341
              ],
              [
                114.36982876029916,
                30.536882966575902
              ],
              [
                114.3702520906239,
                30.536741483817078
              ],
              [
                114.37021458348553,
                30.536646850379377
              ],
              [
                114.37023127832636,
                30.535939751920434
              ],
              [
                114.37048952293856,
                30.53572438394363
              ],
              [
                114.37049282423251,
                30.534945700048542
              ],
              [
                114.36999542941214,
                30.534939799117115
              ],
              [
                114.37000138769315,
                30.534202711870474
              ],
              [
                114.36946557434302,
                30.534188228358285
              ],
              [
                114.36944652425115,
                30.535797815796563
              ],
              [
                114.36942576979426,
                30.535813643178944
              ],
              [
                114.3693222779695,
                30.536175800393494
              ]
            ]
          ]
        ]
      }
    },
    {
      "type": "Feature",
      "properties": {
        "GM_LAYER": "leisure - track",
        "GM_TYPE": "Misc. Manmade Structure",
        "ELEVATION": 0,
        "visible": null,
        "version": 0,
        "changeset": 66467926,
        "timestamp": "2019-01-20T04:54:28Z",
        "user": "samsung galaxy s6",
        "uid": 3691120,
        "covered": null,
        "leisure": "track",
        "name": null,
        "sport": "running",
        "id": 9236690.0,
        "building": null,
        "building_l": 0,
        "height": null,
        "shop": null,
        "landuse": null,
        "addr_city": null,
        "addr_house": null,
        "addr_postc": 0,
        "addr_stree": null,
        "name_en": null,
        "website": null,
        "amenity": null,
        "addr_distr": null,
        "addr_hous1": null,
        "addr_provi": null,
        "int_name": null,
        "natural": null,
        "descriptio": null,
        "cuisine": null,
        "fast_food": null,
        "level": 0,
        "opening_h9": null,
        "designatio": null,
        "layer": 0,
        "area": "yes",
        "location": null,
        "public_tra": null,
        "railway": null,
        "subway": null,
        "station": null,
        "surface": null,
        "name_zh": null,
        "admin_leve": 0,
        "boundary": null,
        "water": null,
        "place": null,
        "building_p": null,
        "min_height": 0,
        "min": 0,
        "name_zh_H1": null,
        "name_zh_Ha": null,
        "operator": null,
        "operator_t": null,
        "short_name": null,
        "short_nam1": null,
        "short_nam2": null,
        "wikidata": null,
        "wikipedia": null,
        "garden_typ": null,
        "access": null,
        "note": null,
        "female": null,
        "toilets_di": null,
        "male": null,
        "wheelchair": null,
        "alt_name": null,
        "old_name": null,
        "PERIMETER": null,
        "ENCLOSED_A": null
      },
      "geometry": {
        "type": "MultiPolygon",
        "coordinates": [
          [
            [
              [
                114.36769012299474,
                30.534844155428683
              ],
              [
                114.36777336458229,
                30.534838486644414
              ],
              [
                114.36787745668882,
                30.534814214546522
              ],
              [
                114.3679704477609,
                30.534769228264018
              ],
              [
                114.36805914531536,
                30.534708131720716
              ],
              [
                114.36809995214331,
                30.534659328605446
              ],
              [
                114.36813004462522,
                30.534605123361903
              ],
              [
                114.36814210331976,
                30.534554217933472
              ],
              [
                114.36814991799721,
                30.5342808886864
              ],
              [
                114.36816173829853,
                30.533867443290628
              ],
              [
                114.36816934087031,
                30.53360231342957
              ],
              [
                114.368161285727,
                30.533519104284096
              ],
              [
                114.36813719100074,
                30.53345209707628
              ],
              [
                114.36807944528097,
                30.533374686942533
              ],
              [
                114.36799483880056,
                30.533319172906385
              ],
              [
                114.36791422920345,
                30.533279954704053
              ],
              [
                114.36781488177084,
                30.533252126055697
              ],
              [
                114.3676965908344,
                30.53324518262878
              ],
              [
                114.36760533556671,
                30.533254341639665
              ],
              [
                114.36755013751052,
                30.533267113807028
              ],
              [
                114.36749042370546,
                30.533293081811145
              ],
              [
                114.36743271273366,
                30.533320647919037
              ],
              [
                114.3673724897831,
                30.53336071044143
              ],
              [
                114.367338620308,
                30.533384187939266
              ],
              [
                114.3672403680465,
                30.533384208592512
              ],
              [
                114.3672294261637,
                30.53411898169754
              ],
              [
                114.36722089092738,
                30.53469303594382
              ],
              [
                114.3673040194956,
                30.534692705117184
              ],
              [
                114.36733955000047,
                30.534726036177982
              ],
              [
                114.36737447966756,
                30.534759565602396
              ],
              [
                114.36741742566042,
                30.534788498876907
              ],
              [
                114.36747079152434,
                30.534813536608983
              ],
              [
                114.3675366831978,
                30.534831778098734
              ],
              [
                114.36761710578162,
                30.534841521785587
              ],
              [
                114.36769012299474,
                30.534844155428683
              ]
            ],
            [
              [
                114.36735515892433,
                30.534612335915693
              ],
              [
                114.36732836584194,
                30.53454650866561
              ],
              [
                114.36731899225805,
                30.5344909954988
              ],
              [
                114.36733038006807,
                30.53370541819937
              ],
              [
                114.36733573527479,
                30.533639614875487
              ],
              [
                114.36736001673601,
                30.53357832617639
              ],
              [
                114.36739220894209,
                30.533519442796432
              ],
              [
                114.36745274860777,
                30.533457076834054
              ],
              [
                114.3675118687692,
                30.533420209412697
              ],
              [
                114.36760053997135,
                30.5333797536801
              ],
              [
                114.36769460385985,
                30.533364795603088
              ],
              [
                114.36778054249338,
                30.533369428589808
              ],
              [
                114.36786516675197,
                30.533393756418175
              ],
              [
                114.36795248338977,
                30.53343768007907
              ],
              [
                114.36802095627229,
                30.53350009668983
              ],
              [
                114.3680584733707,
                30.533567107585124
              ],
              [
                114.36807455933182,
                30.533626015233164
              ],
              [
                114.36808122067086,
                30.533696523494733
              ],
              [
                114.3680659219879,
                30.53448550870828
              ],
              [
                114.36805645787187,
                30.534550214931887
              ],
              [
                114.3680322743471,
                30.53460681890427
              ],
              [
                114.36799457114704,
                30.534658820138503
              ],
              [
                114.36794485380118,
                30.53470271707839
              ],
              [
                114.36787761003922,
                30.534743107173735
              ],
              [
                114.36780376393801,
                30.5347731898073
              ],
              [
                114.36771771110963,
                30.534786960752935
              ],
              [
                114.36761294329345,
                30.534782313560488
              ],
              [
                114.36752571814557,
                30.534761464461482
              ],
              [
                114.3674652500482,
                30.534723323652138
              ],
              [
                114.3674021915247,
                30.534667875690946
              ],
              [
                114.36735515892433,
                30.534612335915693
              ]
            ]
          ]
        ]
      }
    },
    {
      "type": "Feature",
      "properties": {
        "GM_LAYER": "leisure - track",
        "GM_TYPE": "Misc. Manmade Structure",
        "ELEVATION": 0,
        "visible": null,
        "version": 0,
        "changeset": 75973162,
        "timestamp": "2019-10-21T04:56:15Z",
        "user": "samsung galaxy s6",
        "uid": 3691120,
        "covered": null,
        "leisure": "track",
        "name": null,
        "sport": "running",
        "id": 10182100.0,
        "building": null,
        "building_l": 0,
        "height": null,
        "shop": null,
        "landuse": null,
        "addr_city": null,
        "addr_house": null,
        "addr_postc": 0,
        "addr_stree": null,
        "name_en": null,
        "website": null,
        "amenity": null,
        "addr_distr": null,
        "addr_hous1": null,
        "addr_provi": null,
        "int_name": null,
        "natural": null,
        "descriptio": null,
        "cuisine": null,
        "fast_food": null,
        "level": 0,
        "opening_h9": null,
        "designatio": null,
        "layer": 0,
        "area": "yes",
        "location": null,
        "public_tra": null,
        "railway": null,
        "subway": null,
        "station": null,
        "surface": null,
        "name_zh": null,
        "admin_leve": 0,
        "boundary": null,
        "water": null,
        "place": null,
        "building_p": null,
        "min_height": 0,
        "min": 0,
        "name_zh_H1": null,
        "name_zh_Ha": null,
        "operator": null,
        "operator_t": null,
        "short_name": null,
        "short_nam1": null,
        "short_nam2": null,
        "wikidata": null,
        "wikipedia": null,
        "garden_typ": null,
        "access": null,
        "note": null,
        "female": null,
        "toilets_di": null,
        "male": null,
        "wheelchair": null,
        "alt_name": null,
        "old_name": null,
        "PERIMETER": null,
        "ENCLOSED_A": null
      },
      "geometry": {
        "type": "MultiPolygon",
        "coordinates": [
          [
            [
              [
                114.36725591336572,
                30.538381411246416
              ],
              [
                114.36725466540227,
                30.538382241536958
              ],
              [
                114.3672610216164,
                30.538379817664357
              ],
              [
                114.36725591336572,
                30.538381411246416
              ]
            ]
          ]
        ]
      }
    },
    {
      "type": "Feature",
      "properties": {
        "GM_LAYER": "landuse - residential",
        "GM_TYPE": "Metro Area",
        "ELEVATION": 0,
        "visible": null,
        "version": 0,
        "changeset": 124106879,
        "timestamp": "2022-07-26T17:40:29Z",
        "user": "blkatbyhh",
        "uid": 14128740,
        "covered": null,
        "leisure": null,
        "name": "东中区",
        "sport": null,
        "id": 10717500.0,
        "building": null,
        "building_l": 0,
        "height": null,
        "shop": null,
        "landuse": "residential",
        "addr_city": null,
        "addr_house": null,
        "addr_postc": 0,
        "addr_stree": null,
        "name_en": null,
        "website": null,
        "amenity": null,
        "addr_distr": null,
        "addr_hous1": null,
        "addr_provi": null,
        "int_name": null,
        "natural": null,
        "descriptio": null,
        "cuisine": null,
        "fast_food": null,
        "level": 0,
        "opening_h9": null,
        "designatio": null,
        "layer": 0,
        "area": null,
        "location": null,
        "public_tra": null,
        "railway": null,
        "subway": null,
        "station": null,
        "surface": null,
        "name_zh": null,
        "admin_leve": 0,
        "boundary": null,
        "water": null,
        "place": null,
        "building_p": null,
        "min_height": 0,
        "min": 0,
        "name_zh_H1": null,
        "name_zh_Ha": null,
        "operator": null,
        "operator_t": null,
        "short_name": null,
        "short_nam1": null,
        "short_nam2": null,
        "wikidata": null,
        "wikipedia": null,
        "garden_typ": null,
        "access": null,
        "note": null,
        "female": null,
        "toilets_di": null,
        "male": null,
        "wheelchair": null,
        "alt_name": null,
        "old_name": null,
        "PERIMETER": null,
        "ENCLOSED_A": null
      },
      "geometry": {
        "type": "MultiPolygon",
        "coordinates": [
          [
            [
              [
                114.36878226779622,
                30.53773721619731
              ],
              [
                114.3688033994076,
                30.537790605753138
              ],
              [
                114.37169467960165,
                30.5366805413988
              ],
              [
                114.37169015344348,
                30.536670105020754
              ],
              [
                114.37152740338773,
                30.536722944721824
              ],
              [
                114.37093330696715,
                30.536917305919594
              ],
              [
                114.37028815478347,
                30.537133345004108
              ],
              [
                114.36954094121474,
                30.537398838698426
              ],
              [
                114.36955411843643,
                30.537459826123857
              ],
              [
                114.36953665539183,
                30.5374929525686
              ],
              [
                114.36943862764507,
                30.537526382531198
              ],
              [
                114.3688838910963,
                30.53770034457078
              ],
              [
                114.36878226779622,
                30.53773721619731
              ]
            ]
          ]
        ]
      }
    },
    {
      "type": "Feature",
      "properties": {
        "GM_LAYER": "landuse - grass",
        "GM_TYPE": "Unknown Area Type",
        "ELEVATION": 0,
        "visible": null,
        "version": 1,
        "changeset": 118059411,
        "timestamp": "2022-03-03T15:07:05Z",
        "user": "Wei Yuanbiao",
        "uid": 12389142,
        "covered": null,
        "leisure": null,
        "name": null,
        "sport": null,
        "id": 13885900.0,
        "building": null,
        "building_l": 0,
        "height": null,
        "shop": null,
        "landuse": "grass",
        "addr_city": null,
        "addr_house": null,
        "addr_postc": 0,
        "addr_stree": null,
        "name_en": null,
        "website": null,
        "amenity": null,
        "addr_distr": null,
        "addr_hous1": null,
        "addr_provi": null,
        "int_name": null,
        "natural": null,
        "descriptio": null,
        "cuisine": null,
        "fast_food": null,
        "level": 0,
        "opening_h9": null,
        "designatio": null,
        "layer": 0,
        "area": null,
        "location": null,
        "public_tra": null,
        "railway": null,
        "subway": null,
        "station": null,
        "surface": null,
        "name_zh": null,
        "admin_leve": 0,
        "boundary": null,
        "water": null,
        "place": null,
        "building_p": null,
        "min_height": 0,
        "min": 0,
        "name_zh_H1": null,
        "name_zh_Ha": null,
        "operator": null,
        "operator_t": null,
        "short_name": null,
        "short_nam1": null,
        "short_nam2": null,
        "wikidata": null,
        "wikipedia": null,
        "garden_typ": null,
        "access": null,
        "note": null,
        "female": null,
        "toilets_di": null,
        "male": null,
        "wheelchair": null,
        "alt_name": null,
        "old_name": null,
        "PERIMETER": null,
        "ENCLOSED_A": null
      },
      "geometry": {
        "type": "MultiPolygon",
        "coordinates": [
          [
            [
              [
                114.36556917058364,
                30.535741292227545
              ],
              [
                114.36554485827092,
                30.535720930138407
              ],
              [
                114.3654969317194,
                30.535684206412373
              ],
              [
                114.36542737681943,
                30.535653225147634
              ],
              [
                114.36536141362576,
                30.53563955052213
              ],
              [
                114.36529843870798,
                30.535646581927427
              ],
              [
                114.36526007657658,
                30.535672779559928
              ],
              [
                114.36524532351712,
                30.53572064359882
              ],
              [
                114.36526849668812,
                30.535787714210393
              ],
              [
                114.36532551397111,
                30.53584587506553
              ],
              [
                114.36537404046534,
                30.535880908058598
              ],
              [
                114.36545952845229,
                30.53589123176006
              ],
              [
                114.36554512868537,
                30.5358881474
              ],
              [
                114.36557670335873,
                30.535839120433163
              ],
              [
                114.36557684455398,
                30.53578631554441
              ],
              [
                114.36556917058364,
                30.535741292227545
              ]
            ]
          ]
        ]
      }
    },
    {
      "type": "Feature",
      "properties": {
        "GM_LAYER": "Unknown Area Type",
        "GM_TYPE": "Unknown Area Type",
        "ELEVATION": 0,
        "visible": null,
        "version": 0,
        "changeset": 0,
        "timestamp": null,
        "user": null,
        "uid": 0,
        "covered": null,
        "leisure": null,
        "name": "WhuInfo",
        "sport": null,
        "id": 0.0,
        "building": null,
        "building_l": 0,
        "height": null,
        "shop": null,
        "landuse": null,
        "addr_city": null,
        "addr_house": null,
        "addr_postc": 0,
        "addr_stree": null,
        "name_en": null,
        "website": null,
        "amenity": null,
        "addr_distr": null,
        "addr_hous1": null,
        "addr_provi": null,
        "int_name": null,
        "natural": null,
        "descriptio": null,
        "cuisine": null,
        "fast_food": null,
        "level": 0,
        "opening_h9": null,
        "designatio": null,
        "layer": 0,
        "area": null,
        "location": null,
        "public_tra": null,
        "railway": null,
        "subway": null,
        "station": null,
        "surface": null,
        "name_zh": null,
        "admin_leve": 0,
        "boundary": null,
        "water": null,
        "place": null,
        "building_p": null,
        "min_height": 0,
        "min": 0,
        "name_zh_H1": null,
        "name_zh_Ha": null,
        "operator": null,
        "operator_t": null,
        "short_name": null,
        "short_nam1": null,
        "short_nam2": null,
        "wikidata": null,
        "wikipedia": null,
        "garden_typ": null,
        "access": null,
        "note": null,
        "female": null,
        "toilets_di": null,
        "male": null,
        "wheelchair": null,
        "alt_name": null,
        "old_name": null,
        "PERIMETER": "3.635 km",
        "ENCLOSED_A": "0.822 sq km"
      },
      "geometry": {
        "type": "MultiPolygon",
        "coordinates": [
          [
            [
              [
                114.35952419532119,
                30.532773072152306
              ],
              [
                114.36258368935786,
                30.540424000640126
              ],
              [
                114.36445667270979,
                30.539692852638044
              ],
              [
                114.366284008339,
                30.538751976174776
              ],
              [
                114.37188419698344,
                30.536607529538415
              ],
              [
                114.37197978834364,
                30.53633272253824
              ],
              [
                114.36868076744663,
                30.529868591318344
              ],
              [
                114.35952419532119,
                30.532773072152306
              ]
            ]
          ]
        ]
      }
    }
  ]
}