{
  "type": "FeatureCollection",
  "name": "WHUInfo_Roads_Filtered",
  "crs": {
    "type": "name",
    "properties": {
      "name": "urn:ogc:def:crs:OGC:1.3:CRS84"
    }
  },
  "features": [
    {
      "type": "Feature",
      "properties": {
        "osm_id": "122744425",
        "code": 5141,
        "fclass": "service",
        "name": null,
        "ref": null,
        "oneway": "B",
        "maxspeed": 0,
        "layer": 0,
        "bridge": "F",
        "tunnel": "F"
      },
      "geometry": {
        "type": "MultiLineString",
        "coordinates": [
          [
            [
              114.36587490665713,
              30.531712040062175
            ],
            [
              114.36587596586132,
              30.531777250819445
            ],
            [
              114.36587689312952,
              30.53219580626158
            ],
            [
              114.36587487734599,
              30.532215904421843
            ],
            [
              114.36587126131312,
              30.532233398774693
            ],
            [
              114.36586334093492,
              30.532249483566286
            ],
            [
              114.36585302028851,
              30.532261562542924
            ],
            [
              114.36584059896339,
              30.532270836444127
            ],
            [
              114.36581956774938,
              30.532279291008454
            ],
            [
              114.3657910285667,
              30.532286228104944
            ],
            [
              114.36576389364957,
              30.53228956716335
            ],
            [
              114.36427706150555,
              30.53228642500302
            ],
            [
              114.36423682864415,
              30.53228397509324
            ],
            [
              114.36421551469994,
              30.532277694420454
            ],
            [
              114.364196805908,
              30.532267122610634
            ],
            [
              114.36418030309149,
              30.532250458060656
            ],
            [
              114.36403063842027,
              30.532010349242405
            ],
            [
              114.36400824407808,
              30.531974256239348
            ],
            [
              114.36397155350674,
              30.531915102801978
            ]
          ]
        ]
      }
    },
    {
      "type": "Feature",
      "properties": {
        "osm_id": "1480437173",
        "code": 5141,
        "fclass": "service",
        "name": null,
        "ref": null,
        "oneway": "B",
        "maxspeed": 0,
        "layer": 0,
        "bridge": "F",
        "tunnel": "F"
      },
      "geometry": {
        "type": "MultiLineString",
        "coordinates": [
          [
            [
              114.36115382179986,
              30.533105554239384
            ],
            [
              114.36093879529987,
              30.53324692196344
            ],
            [
              114.36079521991118,
              30.532904588583925
            ],
            [
              114.36075927628208,
              30.53281882674823
            ]
          ]
        ]
      }
    },
    {
      "type": "Feature",
      "properties": {
        "osm_id": "1397459411",
        "code": 5141,
        "fclass": "service",
        "name": null,
        "ref": null,
        "oneway": "B",
        "maxspeed": 0,
        "layer": 0,
        "bridge": "F",
        "tunnel": "F"
      },
      "geometry": {
        "type": "MultiLineString",
        "coordinates": [
          [
            [
              114.36826101012122,
              30.532431168680553
            ],
            [
              114.3682907628535,
              30.532431164595142
            ],
            [
              114.36867636451602,
              30.53243073503919
            ],
            [
              114.36884428049194,
              30.53243053423856
            ]
          ]
        ]
      }
    },
    {
      "type": "Feature",
      "properties": {
        "osm_id": "1480400147",
        "code": 5141,
        "fclass": "service",
        "name": null,
        "ref": null,
        "oneway": "B",
        "maxspeed": 0,
        "layer": 0,
        "bridge": "F",
        "tunnel": "F"
      },
      "geometry": {
        "type": "MultiLineString",
        "coordinates": [
          [
            [
              114.36826027736412,
              30.531562159378595
            ],
            [
              114.36827664324802,
              30.53150424973383
            ],
            [
              114.36830894208657,
              30.53143893627768
            ],
            [
              114.36834925210272,
              30.531378720832297
            ],
            [
              114.36836920273132,
              30.5313551134168
            ],
            [
              114.36838724855585,
              30.5313338063838
            ],
            [
              114.36840097911238,
              30.53132450173166
            ],
            [
              114.36841691172906,
              30.531318296711877
            ],
            [
              114.368435947936,
              30.531315390989924
            ]
          ]
        ]
      }
    },
    {
      "type": "Feature",
      "properties": {
        "osm_id": "1480400148",
        "code": 5141,
        "fclass": "service",
        "name": null,
        "ref": null,
        "oneway": "B",
        "maxspeed": 0,
        "layer": 0,
        "bridge": "F",
        "tunnel": "F"
      },
      "geometry": {
        "type": "MultiLineString",
        "coordinates": [
          [
            [
              114.368435947936,
              30.531315390989924
            ],
            [
              114.36848093057442,
              30.53131367677156
            ],
            [
              114.3689573226587,
              30.531312909894275
            ]
          ]
        ]
      }
    },
    {
      "type": "Feature",
      "properties": {
        "osm_id": "1480419202",
        "code": 5141,
        "fclass": "service",
        "name": null,
        "ref": null,
        "oneway": "B",
        "maxspeed": 0,
        "layer": 0,
        "bridge": "F",
        "tunnel": "F"
      },
      "geometry": {
        "type": "MultiLineString",
        "coordinates": [
          [
            [
              114.36812145119664,
              30.531057900467605
            ],
            [
              114.36876522296099,
              30.531047008219694
            ]
          ]
        ]
      }
    },
    {
      "type": "Feature",
      "properties": {
        "osm_id": "1480419205",
        "code": 5141,
        "fclass": "service",
        "name": null,
        "ref": null,
        "oneway": "B",
        "maxspeed": 0,
        "layer": 0,
        "bridge": "F",
        "tunnel": "F"
      },
      "geometry": {
        "type": "MultiLineString",
        "coordinates": [
          [
            [
              114.36806220884336,
              30.530960484971892
            ],
            [
              114.36812145119664,
              30.531057900467605
            ]
          ]
        ]
      }
    },
    {
      "type": "Feature",
      "properties": {
        "osm_id": "273985259",
        "code": 5141,
        "fclass": "service",
        "name": null,
        "ref": null,
        "oneway": "B",
        "maxspeed": 0,
        "layer": 0,
        "bridge": "F",
        "tunnel": "F"
      },
      "geometry": {
        "type": "MultiLineString",
        "coordinates": [
          [
            [
              114.36925666107719,
              30.532010420944427
            ],
            [
              114.36925666543776,
              30.53215593904083
            ],
            [
              114.36925681587145,
              30.532381666596976
            ],
            [
              114.36925696165778,
              30.532611594228428
            ],
            [
              114.36925704463968,
              30.53263699718214
            ],
            [
              114.36925724744391,
              30.533071848222264
            ]
          ]
        ]
      }
    },
    {
      "type": "Feature",
      "properties": {
        "osm_id": "358205761",
        "code": 5141,
        "fclass": "service",
        "name": null,
        "ref": null,
        "oneway": "B",
        "maxspeed": 0,
        "layer": 0,
        "bridge": "F",
        "tunnel": "F"
      },
      "geometry": {
        "type": "MultiLineString",
        "coordinates": [
          [
            [
              114.3689573226587,
              30.531312909894275
            ],
            [
              114.36899865216255,
              30.53139258698707
            ],
            [
              114.36900234482268,
              30.531415486918338
            ],
            [
              114.36900282363604,
              30.53145039106939
            ],
            [
              114.36900417500905,
              30.53153100040896
            ],
            [
              114.36900392765557,
              30.53160441009257
            ],
            [
              114.36900257127077,
              30.53168822198216
            ],
            [
              114.36900058698659,
              30.53196665893707
            ],
            [
              114.36899915498128,
              30.532011365729105
            ]
          ]
        ]
      }
    },
    {
      "type": "Feature",
      "properties": {
        "osm_id": "1397459389",
        "code": 5141,
        "fclass": "service",
        "name": null,
        "ref": null,
        "oneway": "B",
        "maxspeed": 0,
        "layer": 0,
        "bridge": "F",
        "tunnel": "F"
      },
      "geometry": {
        "type": "MultiLineString",
        "coordinates": [
          [
            [
              114.3689573226587,
              30.531312909894275
            ],
            [
              114.36887764800662,
              30.53118845315409
            ],
            [
              114.36848070590261,
              30.531192860861037
            ],
            [
              114.36848093057442,
              30.53131367677156
            ]
          ]
        ]
      }
    },
    {
      "type": "Feature",
      "properties": {
        "osm_id": "1397459428",
        "code": 5141,
        "fclass": "service",
        "name": null,
        "ref": null,
        "oneway": "B",
        "maxspeed": 0,
        "layer": 0,
        "bridge": "F",
        "tunnel": "F"
      },
      "geometry": {
        "type": "MultiLineString",
        "coordinates": [
          [
            [
              114.36826069461956,
              30.53215283439353
            ],
            [
              114.36831258664824,
              30.532152926757192
            ],
            [
              114.36921017311509,
              30.532155887881434
            ],
            [
              114.36925666543776,
              30.53215593904083
            ]
          ]
        ]
      }
    },
    {
      "type": "Feature",
      "properties": {
        "osm_id": "1485103557",
        "code": 5141,
        "fclass": "service",
        "name": null,
        "ref": null,
        "oneway": "B",
        "maxspeed": 0,
        "layer": 0,
        "bridge": "F",
        "tunnel": "F"
      },
      "geometry": {
        "type": "MultiLineString",
        "coordinates": [
          [
            [
              114.36826058568893,
              30.532014017038975
            ],
            [
              114.36838110069488,
              30.532013695306517
            ],
            [
              114.36899915498128,
              30.532011365729105
            ],
            [
              114.36925666107719,
              30.532010420944427
            ]
          ]
        ]
      }
    },
    {
      "type": "Feature",
      "properties": {
        "osm_id": "1441555675",
        "code": 5141,
        "fclass": "service",
        "name": null,
        "ref": null,
        "oneway": "B",
        "maxspeed": 0,
        "layer": 0,
        "bridge": "F",
        "tunnel": "F"
      },
      "geometry": {
        "type": "MultiLineString",
        "coordinates": [
          [
            [
              114.36378070363655,
              30.53353522308947
            ],
            [
              114.3637328687149,
              30.533534322347265
            ],
            [
              114.36314448231609,
              30.533522575177933
            ],
            [
              114.36309005053724,
              30.533521513694335
            ]
          ]
        ]
      }
    },
    {
      "type": "Feature",
      "properties": {
        "osm_id": "1441555676",
        "code": 5141,
        "fclass": "service",
        "name": null,
        "ref": null,
        "oneway": "B",
        "maxspeed": 0,
        "layer": 0,
        "bridge": "F",
        "tunnel": "F"
      },
      "geometry": {
        "type": "MultiLineString",
        "coordinates": [
          [
            [
              114.36308259868231,
              30.533868217863585
            ],
            [
              114.36308839557921,
              30.53359761459856
            ],
            [
              114.36309005053724,
              30.533521513694335
            ]
          ]
        ]
      }
    },
    {
      "type": "Feature",
      "properties": {
        "osm_id": "1441555678",
        "code": 5141,
        "fclass": "service",
        "name": null,
        "ref": null,
        "oneway": "B",
        "maxspeed": 0,
        "layer": 0,
        "bridge": "F",
        "tunnel": "F"
      },
      "geometry": {
        "type": "MultiLineString",
        "coordinates": [
          [
            [
              114.36314448231609,
              30.533522575177933
            ],
            [
              114.36314841224359,
              30.53334167262629
            ],
            [
              114.36315007196663,
              30.53325787058665
            ]
          ]
        ]
      }
    },
    {
      "type": "Feature",
      "properties": {
        "osm_id": "1441621549",
        "code": 5141,
        "fclass": "service",
        "name": null,
        "ref": null,
        "oneway": "B",
        "maxspeed": 0,
        "layer": 0,
        "bridge": "F",
        "tunnel": "F"
      },
      "geometry": {
        "type": "MultiLineString",
        "coordinates": [
          [
            [
              114.36377004024554,
              30.534031335449015
            ],
            [
              114.36363913205247,
              30.534185997295193
            ]
          ]
        ]
      }
    },
    {
      "type": "Feature",
      "properties": {
        "osm_id": "1441555683",
        "code": 5141,
        "fclass": "service",
        "name": null,
        "ref": null,
        "oneway": "B",
        "maxspeed": 0,
        "layer": 0,
        "bridge": "F",
        "tunnel": "F"
      },
      "geometry": {
        "type": "MultiLineString",
        "coordinates": [
          [
            [
              114.36109505118147,
              30.534850563444188
            ],
            [
              114.36110486081864,
              30.534163752569526
            ],
            [
              114.3611048916497,
              30.534121447954018
            ],
            [
              114.36110840822128,
              30.53409936893818
            ],
            [
              114.3611183231372,
              30.53408083303121
            ],
            [
              114.36113183713039,
              30.534064321242436
            ],
            [
              114.36115515079803,
              30.534050374686107
            ],
            [
              114.36118576238124,
              30.534041076431222
            ],
            [
              114.36122917272894,
              30.534036762056235
            ],
            [
              114.36127067975562,
              30.534037134041526
            ],
            [
              114.36166786693383,
              30.5340401557753
            ],
            [
              114.36186934231401,
              30.533878960118198
            ]
          ]
        ]
      }
    },
    {
      "type": "Feature",
      "properties": {
        "osm_id": "1480437163",
        "code": 5141,
        "fclass": "service",
        "name": null,
        "ref": null,
        "oneway": "B",
        "maxspeed": 0,
        "layer": 0,
        "bridge": "F",
        "tunnel": "F"
      },
      "geometry": {
        "type": "MultiLineString",
        "coordinates": [
          [
            [
              114.36127067975562,
              30.534037134041526
            ],
            [
              114.36127441837728,
              30.53384613643146
            ],
            [
              114.36111579478538,
              30.533842888723644
            ],
            [
              114.36111922256049,
              30.533665190843074
            ]
          ]
        ]
      }
    },
    {
      "type": "Feature",
      "properties": {
        "osm_id": "307265573",
        "code": 5141,
        "fclass": "service",
        "name": null,
        "ref": null,
        "oneway": "B",
        "maxspeed": 0,
        "layer": 0,
        "bridge": "F",
        "tunnel": "F"
      },
      "geometry": {
        "type": "MultiLineString",
        "coordinates": [
          [
            [
              114.3637863942419,
              30.53327051568949
            ],
            [
              114.36378308384319,
              30.53342422003046
            ],
            [
              114.36378070363655,
              30.53353522308947
            ],
            [
              114.36377883963677,
              30.533623425563025
            ],
            [
              114.36377325044147,
              30.53388203193907
            ],
            [
              114.36377004024554,
              30.534031335449015
            ]
          ]
        ]
      }
    },
    {
      "type": "Feature",
      "properties": {
        "osm_id": "103949725",
        "code": 5141,
        "fclass": "service",
        "name": "毕昇路",
        "ref": null,
        "oneway": "B",
        "maxspeed": 0,
        "layer": 0,
        "bridge": "F",
        "tunnel": "F"
      },
      "geometry": {
        "type": "MultiLineString",
        "coordinates": [
          [
            [
              114.36826282981868,
              30.53493714951914
            ],
            [
              114.36763907159633,
              30.53493474202247
            ],
            [
              114.36705776481902,
              30.53493220586923
            ],
            [
              114.36701209686619,
              30.53493195785195
            ]
          ]
        ]
      }
    },
    {
      "type": "Feature",
      "properties": {
        "osm_id": "104372386",
        "code": 5122,
        "fclass": "residential",
        "name": "求是一路",
        "ref": null,
        "oneway": "B",
        "maxspeed": 0,
        "layer": 0,
        "bridge": "F",
        "tunnel": "F"
      },
      "geometry": {
        "type": "MultiLineString",
        "coordinates": [
          [
            [
              114.36826137394921,
              30.533072645275183
            ],
            [
              114.36826135438548,
              30.53310084856972
            ],
            [
              114.36826146525283,
              30.533229363476234
            ],
            [
              114.36826163548433,
              30.533415084783886
            ],
            [
              114.36826194755716,
              30.53382133045608
            ],
            [
              114.36826210738057,
              30.534016451939955
            ],
            [
              114.36826225100823,
              30.534232075351674
            ],
            [
              114.36826244298587,
              30.534380091211244
            ],
            [
              114.36826282981868,
              30.53493714951914
            ]
          ]
        ]
      }
    },
    {
      "type": "Feature",
      "properties": {
        "osm_id": "104372402",
        "code": 5122,
        "fclass": "residential",
        "name": "求是大道",
        "ref": null,
        "oneway": "B",
        "maxspeed": 0,
        "layer": 0,
        "bridge": "F",
        "tunnel": "F"
      },
      "geometry": {
        "type": "MultiLineString",
        "coordinates": [
          [
            [
              114.36701507662654,
              30.536134781082872
            ],
            [
              114.3672597474147,
              30.536134813878267
            ],
            [
              114.36762111989515,
              30.536134852570516
            ],
            [
              114.36802799999074,
              30.536134671378665
            ],
            [
              114.3681454032841,
              30.53613447615638
            ],
            [
              114.3682638113912,
              30.536134367618022
            ]
          ]
        ]
      }
    },
    {
      "type": "Feature",
      "properties": {
        "osm_id": "122744428",
        "code": 5122,
        "fclass": "residential",
        "name": "求是二路",
        "ref": null,
        "oneway": "B",
        "maxspeed": 0,
        "layer": 0,
        "bridge": "F",
        "tunnel": "F"
      },
      "geometry": {
        "type": "MultiLineString",
        "coordinates": [
          [
            [
              114.36701063707065,
              30.533073850711286
            ],
            [
              114.36701061722782,
              30.533102454055474
            ],
            [
              114.36701085928004,
              30.533329580807884
            ],
            [
              114.36701144976452,
              30.534045862352748
            ],
            [
              114.36701143358276,
              30.534068164791883
            ],
            [
              114.36701158482903,
              30.534272787319974
            ],
            [
              114.36701182116599,
              30.534496011621847
            ],
            [
              114.3670120593801,
              30.53484854912698
            ],
            [
              114.36701209686619,
              30.53493195785195
            ],
            [
              114.36701232069393,
              30.535165782181767
            ],
            [
              114.36701239043906,
              30.535205786340466
            ],
            [
              114.36701056485074,
              30.53523588744708
            ],
            [
              114.36701257214226,
              30.535492015441175
            ],
            [
              114.36701262032307,
              30.535559522230805
            ],
            [
              114.36701259919097,
              30.535586924934723
            ],
            [
              114.36701284814194,
              30.535911357112262
            ],
            [
              114.36701507662654,
              30.536134781082872
            ]
          ]
        ]
      }
    },
    {
      "type": "Feature",
      "properties": {
        "osm_id": "202517255",
        "code": 5122,
        "fclass": "residential",
        "name": "求是大道",
        "ref": null,
        "oneway": "B",
        "maxspeed": 0,
        "layer": 0,
        "bridge": "F",
        "tunnel": "F"
      },
      "geometry": {
        "type": "MultiLineString",
        "coordinates": [
          [
            [
              114.36701507662654,
              30.536134781082872
            ],
            [
              114.36694537345683,
              30.53613480424118
            ],
            [
              114.36660668776702,
              30.536135064430233
            ],
            [
              114.36603933294526,
              30.536135180621308
            ],
            [
              114.36599748016569,
              30.536135195795943
            ],
            [
              114.36588714299494,
              30.536135164094876
            ],
            [
              114.3656444510483,
              30.53613511330394
            ]
          ]
        ]
      }
    },
    {
      "type": "Feature",
      "properties": {
        "osm_id": "273992081",
        "code": 5122,
        "fclass": "residential",
        "name": "汉林东路",
        "ref": null,
        "oneway": "B",
        "maxspeed": 0,
        "layer": 0,
        "bridge": "F",
        "tunnel": "F"
      },
      "geometry": {
        "type": "MultiLineString",
        "coordinates": [
          [
            [
              114.36941174616783,
              30.537068475927168
            ],
            [
              114.36938876210326,
              30.53699119696611
            ],
            [
              114.36934466016763,
              30.536883239437753
            ],
            [
              114.36930254253305,
              30.536799979988764
            ],
            [
              114.36928364593456,
              30.536748596353576
            ],
            [
              114.3692768554305,
              30.536719801213078
            ],
            [
              114.36927257376311,
              30.53668620285274
            ],
            [
              114.36926494829737,
              30.5364479893821
            ],
            [
              114.36927127927054,
              30.53604404480236
            ],
            [
              114.36923548219046,
              30.535949074187844
            ]
          ]
        ]
      }
    },
    {
      "type": "Feature",
      "properties": {
        "osm_id": "358205753",
        "code": 5141,
        "fclass": "service",
        "name": null,
        "ref": null,
        "oneway": "B",
        "maxspeed": 0,
        "layer": 0,
        "bridge": "F",
        "tunnel": "F"
      },
      "geometry": {
        "type": "MultiLineString",
        "coordinates": [
          [
            [
              114.36603907986179,
              30.535167683541292
            ],
            [
              114.36636280180032,
              30.53516718307689
            ],
            [
              114.36647415249196,
              30.535166966014007
            ],
            [
              114.36697646748124,
              30.535165843121117
            ],
            [
              114.36701232069393,
              30.535165782181767
            ]
          ]
        ]
      }
    },
    {
      "type": "Feature",
      "properties": {
        "osm_id": "990913727",
        "code": 5141,
        "fclass": "service",
        "name": null,
        "ref": null,
        "oneway": "B",
        "maxspeed": 0,
        "layer": 0,
        "bridge": "F",
        "tunnel": "F"
      },
      "geometry": {
        "type": "MultiLineString",
        "coordinates": [
          [
            [
              114.36603987926134,
              30.535562325272174
            ],
            [
              114.36651871236673,
              30.535561075812083
            ],
            [
              114.36701262032307,
              30.535559522230805
            ]
          ]
        ]
      }
    },
    {
      "type": "Feature",
      "properties": {
        "osm_id": "1036845875",
        "code": 5141,
        "fclass": "service",
        "name": null,
        "ref": null,
        "oneway": "B",
        "maxspeed": 0,
        "layer": 0,
        "bridge": "F",
        "tunnel": "F"
      },
      "geometry": {
        "type": "MultiLineString",
        "coordinates": [
          [
            [
              114.36627841694572,
              30.53591171119328
            ],
            [
              114.36638185472596,
              30.535911689868442
            ],
            [
              114.3665182401607,
              30.53591160973257
            ],
            [
              114.36701284814194,
              30.535911357112262
            ]
          ]
        ]
      }
    },
    {
      "type": "Feature",
      "properties": {
        "osm_id": "1037329806",
        "code": 5141,
        "fclass": "service",
        "name": null,
        "ref": null,
        "oneway": "B",
        "maxspeed": 0,
        "layer": 0,
        "bridge": "F",
        "tunnel": "F"
      },
      "geometry": {
        "type": "MultiLineString",
        "coordinates": [
          [
            [
              114.3680192620819,
              30.537041454219896
            ],
            [
              114.3680214484802,
              30.536814833976276
            ],
            [
              114.36802363517475,
              30.536586213246828
            ],
            [
              114.36802625526616,
              30.536314588211212
            ],
            [
              114.36802799999074,
              30.536134671378665
            ]
          ]
        ]
      }
    },
    {
      "type": "Feature",
      "properties": {
        "osm_id": "1383475026",
        "code": 5122,
        "fclass": "residential",
        "name": "求是大道",
        "ref": null,
        "oneway": "B",
        "maxspeed": 0,
        "layer": 0,
        "bridge": "F",
        "tunnel": "F"
      },
      "geometry": {
        "type": "MultiLineString",
        "coordinates": [
          [
            [
              114.36870381234338,
              30.53613391840867
            ],
            [
              114.36923548219046,
              30.535949074187844
            ],
            [
              114.36943885784747,
              30.535863231664962
            ],
            [
              114.36945670475122,
              30.53584960792404
            ],
            [
              114.36947134673278,
              30.535833987794707
            ],
            [
              114.36948047617047,
              30.5358200747403
            ],
            [
              114.36948780434437,
              30.535803063643076
            ]
          ]
        ]
      }
    },
    {
      "type": "Feature",
      "properties": {
        "osm_id": "1396640830",
        "code": 5122,
        "fclass": "residential",
        "name": "求是一路",
        "ref": null,
        "oneway": "B",
        "maxspeed": 0,
        "layer": 0,
        "bridge": "F",
        "tunnel": "F"
      },
      "geometry": {
        "type": "MultiLineString",
        "coordinates": [
          [
            [
              114.36826282981868,
              30.53493714951914
            ],
            [
              114.36826297272827,
              30.53501335731358
            ],
            [
              114.36826311170007,
              30.5352264789314
            ],
            [
              114.36826320442778,
              30.535367493064612
            ],
            [
              114.36826338716604,
              30.535650821059615
            ],
            [
              114.36826373606172,
              30.53610276462657
            ],
            [
              114.3682638113912,
              30.536134367618022
            ]
          ]
        ]
      }
    },
    {
      "type": "Feature",
      "properties": {
        "osm_id": "1472842325",
        "code": 5141,
        "fclass": "service",
        "name": null,
        "ref": null,
        "oneway": "B",
        "maxspeed": 0,
        "layer": 0,
        "bridge": "F",
        "tunnel": "F"
      },
      "geometry": {
        "type": "MultiLineString",
        "coordinates": [
          [
            [
              114.36727822087308,
              30.53658347143843
            ],
            [
              114.36725753154106,
              30.536529949368322
            ],
            [
              114.36725514385425,
              30.536509845493008
            ],
            [
              114.3672570957977,
              30.536322029473986
            ],
            [
              114.3672597474147,
              30.536134813878267
            ]
          ]
        ]
      }
    },
    {
      "type": "Feature",
      "properties": {
        "osm_id": "1474085629",
        "code": 5122,
        "fclass": "residential",
        "name": "玉兰路",
        "ref": null,
        "oneway": "B",
        "maxspeed": 0,
        "layer": 0,
        "bridge": "F",
        "tunnel": "F"
      },
      "geometry": {
        "type": "MultiLineString",
        "coordinates": [
          [
            [
              114.36870381234338,
              30.53613391840867
            ],
            [
              114.36870385308775,
              30.536588060666936
            ],
            [
              114.36870382439585,
              30.53662396397213
            ],
            [
              114.36870207036446,
              30.536812282063906
            ],
            [
              114.36870389804947,
              30.537030400642834
            ]
          ]
        ]
      }
    },
    {
      "type": "Feature",
      "properties": {
        "osm_id": "1480400130",
        "code": 5122,
        "fclass": "residential",
        "name": "求是大道",
        "ref": null,
        "oneway": "B",
        "maxspeed": 0,
        "layer": 0,
        "bridge": "F",
        "tunnel": "F"
      },
      "geometry": {
        "type": "MultiLineString",
        "coordinates": [
          [
            [
              114.3682638113912,
              30.536134367618022
            ],
            [
              114.36870381234338,
              30.53613391840867
            ]
          ]
        ]
      }
    },
    {
      "type": "Feature",
      "properties": {
        "osm_id": "1382968049",
        "code": 5141,
        "fclass": "service",
        "name": null,
        "ref": null,
        "oneway": "B",
        "maxspeed": 0,
        "layer": 0,
        "bridge": "F",
        "tunnel": "F"
      },
      "geometry": {
        "type": "MultiLineString",
        "coordinates": [
          [
            [
              114.36826244298587,
              30.534380091211244
            ],
            [
              114.3683630221875,
              30.534379973693984
            ],
            [
              114.3688758712508,
              30.534379334058567
            ]
          ]
        ]
      }
    },
    {
      "type": "Feature",
      "properties": {
        "osm_id": "1397459408",
        "code": 5141,
        "fclass": "service",
        "name": null,
        "ref": null,
        "oneway": "B",
        "maxspeed": 0,
        "layer": 0,
        "bridge": "F",
        "tunnel": "F"
      },
      "geometry": {
        "type": "MultiLineString",
        "coordinates": [
          [
            [
              114.36938576350836,
              30.533700873728836
            ],
            [
              114.36928285660244,
              30.53370109186168
            ],
            [
              114.36917534288823,
              30.53370140453885
            ],
            [
              114.368961024644,
              30.533701896314756
            ]
          ]
        ]
      }
    },
    {
      "type": "Feature",
      "properties": {
        "osm_id": "1480400141",
        "code": 5122,
        "fclass": "residential",
        "name": "回归路",
        "ref": null,
        "oneway": "B",
        "maxspeed": 0,
        "layer": 0,
        "bridge": "F",
        "tunnel": "F"
      },
      "geometry": {
        "type": "MultiLineString",
        "coordinates": [
          [
            [
              114.36938697276389,
              30.534108516891905
            ],
            [
              114.36938674385641,
              30.534009706468893
            ],
            [
              114.36938576350836,
              30.533700873728836
            ],
            [
              114.36938509904566,
              30.533507952964168
            ],
            [
              114.36938461796917,
              30.53333753425095
            ],
            [
              114.36938302909903,
              30.53317371738938
            ]
          ]
        ]
      }
    },
    {
      "type": "Feature",
      "properties": {
        "osm_id": "1383198090",
        "code": 5122,
        "fclass": "residential",
        "name": "求是二路",
        "ref": null,
        "oneway": "B",
        "maxspeed": 0,
        "layer": 0,
        "bridge": "F",
        "tunnel": "F"
      },
      "geometry": {
        "type": "MultiLineString",
        "coordinates": [
          [
            [
              114.36701063430043,
              30.532639798821776
            ],
            [
              114.36701039350079,
              30.532402769572048
            ],
            [
              114.36701035858242,
              30.532305157458655
            ],
            [
              114.36701028826224,
              30.53226035181295
            ]
          ]
        ]
      }
    },
    {
      "type": "Feature",
      "properties": {
        "osm_id": "1472842318",
        "code": 5141,
        "fclass": "service",
        "name": null,
        "ref": null,
        "oneway": "B",
        "maxspeed": 0,
        "layer": 0,
        "bridge": "F",
        "tunnel": "F"
      },
      "geometry": {
        "type": "MultiLineString",
        "coordinates": [
          [
            [
              114.36422563758478,
              30.533424571934205
            ],
            [
              114.36452119971938,
              30.53342343767399
            ]
          ]
        ]
      }
    },
    {
      "type": "Feature",
      "properties": {
        "osm_id": "1382939857",
        "code": 5141,
        "fclass": "service",
        "name": null,
        "ref": null,
        "oneway": "B",
        "maxspeed": 0,
        "layer": 0,
        "bridge": "F",
        "tunnel": "F"
      },
      "geometry": {
        "type": "MultiLineString",
        "coordinates": [
          [
            [
              114.3672570957977,
              30.536322029473986
            ],
            [
              114.36802625526616,
              30.536314588211212
            ]
          ]
        ]
      }
    },
    {
      "type": "Feature",
      "properties": {
        "osm_id": "103949718",
        "code": 5141,
        "fclass": "service",
        "name": null,
        "ref": null,
        "oneway": "B",
        "maxspeed": 0,
        "layer": 0,
        "bridge": "F",
        "tunnel": "F"
      },
      "geometry": {
        "type": "MultiLineString",
        "coordinates": [
          [
            [
              114.3623425896943,
              30.536795389467578
            ],
            [
              114.36253354767294,
              30.535689318815972
            ],
            [
              114.36255706442545,
              30.535552430326167
            ],
            [
              114.36260308118602,
              30.535298348127505
            ],
            [
              114.36260821163071,
              30.534731414712287
            ],
            [
              114.36261106830645,
              30.534657221713186
            ]
          ]
        ]
      }
    },
    {
      "type": "Feature",
      "properties": {
        "osm_id": "1483109343",
        "code": 5141,
        "fclass": "service",
        "name": null,
        "ref": null,
        "oneway": "B",
        "maxspeed": 0,
        "layer": 0,
        "bridge": "F",
        "tunnel": "F"
      },
      "geometry": {
        "type": "MultiLineString",
        "coordinates": [
          [
            [
              114.36253354767294,
              30.535689318815972
            ],
            [
              114.3632386878754,
              30.535746863345242
            ]
          ]
        ]
      }
    },
    {
      "type": "Feature",
      "properties": {
        "osm_id": "1383484208",
        "code": 5141,
        "fclass": "service",
        "name": null,
        "ref": null,
        "oneway": "B",
        "maxspeed": 0,
        "layer": 0,
        "bridge": "F",
        "tunnel": "F"
      },
      "geometry": {
        "type": "MultiLineString",
        "coordinates": [
          [
            [
              114.36370005237065,
              30.535809330051144
            ],
            [
              114.36370577513928,
              30.53552672563028
            ]
          ]
        ]
      }
    },
    {
      "type": "Feature",
      "properties": {
        "osm_id": "1383484211",
        "code": 5141,
        "fclass": "service",
        "name": null,
        "ref": null,
        "oneway": "B",
        "maxspeed": 0,
        "layer": 0,
        "bridge": "F",
        "tunnel": "F"
      },
      "geometry": {
        "type": "MultiLineString",
        "coordinates": [
          [
            [
              114.36370577513928,
              30.53552672563028
            ],
            [
              114.36343538762061,
              30.535523943766577
            ]
          ]
        ]
      }
    },
    {
      "type": "Feature",
      "properties": {
        "osm_id": "1387514496",
        "code": 5141,
        "fclass": "service",
        "name": null,
        "ref": null,
        "oneway": "B",
        "maxspeed": 0,
        "layer": 0,
        "bridge": "F",
        "tunnel": "F"
      },
      "geometry": {
        "type": "MultiLineString",
        "coordinates": [
          [
            [
              114.36479619111766,
              30.53619244967086
            ],
            [
              114.36487187366419,
              30.536182788142998
            ],
            [
              114.36535115859755,
              30.53633489151773
            ]
          ]
        ]
      }
    },
    {
      "type": "Feature",
      "properties": {
        "osm_id": "1387514494",
        "code": 5141,
        "fclass": "service",
        "name": null,
        "ref": null,
        "oneway": "B",
        "maxspeed": 0,
        "layer": 0,
        "bridge": "F",
        "tunnel": "F"
      },
      "geometry": {
        "type": "MultiLineString",
        "coordinates": [
          [
            [
              114.36411812196813,
              30.536890327101165
            ],
            [
              114.36415228171995,
              30.536975365928228
            ],
            [
              114.36415554577978,
              30.53702318283232
            ],
            [
              114.36414550033986,
              30.537068948751088
            ],
            [
              114.36412334340301,
              30.537116468260788
            ],
            [
              114.36408908010924,
              30.537159640049722
            ],
            [
              114.3640534241288,
              30.53719270433599
            ],
            [
              114.36400937211882,
              30.5372129330856
            ],
            [
              114.36390507556217,
              30.53723031744862
            ]
          ]
        ]
      }
    },
    {
      "type": "Feature",
      "properties": {
        "osm_id": "202358434",
        "code": 5141,
        "fclass": "service",
        "name": null,
        "ref": null,
        "oneway": "B",
        "maxspeed": 0,
        "layer": 0,
        "bridge": "F",
        "tunnel": "F"
      },
      "geometry": {
        "type": "MultiLineString",
        "coordinates": [
          [
            [
              114.36466828150309,
              30.53705111412409
            ],
            [
              114.36532876558333,
              30.537044798287038
            ],
            [
              114.36532587420157,
              30.536782066148618
            ],
            [
              114.36534463026932,
              30.536738012335896
            ],
            [
              114.36550884973386,
              30.53644401065047
            ]
          ]
        ]
      }
    },
    {
      "type": "Feature",
      "properties": {
        "osm_id": "202358435",
        "code": 5141,
        "fclass": "service",
        "name": null,
        "ref": null,
        "oneway": "B",
        "maxspeed": 0,
        "layer": 0,
        "bridge": "F",
        "tunnel": "F"
      },
      "geometry": {
        "type": "MultiLineString",
        "coordinates": [
          [
            [
              114.36466736511221,
              30.53682248978394
            ],
            [
              114.36468962439223,
              30.536775159057107
            ],
            [
              114.36478868853293,
              30.536564961508862
            ],
            [
              114.36493077622639,
              30.536254677660974
            ],
            [
              114.36550884973386,
              30.53644401065047
            ]
          ]
        ]
      }
    },
    {
      "type": "Feature",
      "properties": {
        "osm_id": "1472842333",
        "code": 5141,
        "fclass": "service",
        "name": null,
        "ref": null,
        "oneway": "B",
        "maxspeed": 0,
        "layer": 0,
        "bridge": "F",
        "tunnel": "F"
      },
      "geometry": {
        "type": "MultiLineString",
        "coordinates": [
          [
            [
              114.36463021919491,
              30.53769474545037
            ],
            [
              114.36462734322383,
              30.537540822015366
            ],
            [
              114.36462917738739,
              30.53750132462204
            ],
            [
              114.36464222446153,
              30.53745896453703
            ],
            [
              114.36465856867771,
              30.53742391592817
            ],
            [
              114.36466828150309,
              30.53705111412409
            ],
            [
              114.36466736511221,
              30.53682248978394
            ]
          ]
        ]
      }
    },
    {
      "type": "Feature",
      "properties": {
        "osm_id": "203427213",
        "code": 5141,
        "fclass": "service",
        "name": null,
        "ref": null,
        "oneway": "B",
        "maxspeed": 0,
        "layer": 0,
        "bridge": "F",
        "tunnel": "F"
      },
      "geometry": {
        "type": "MultiLineString",
        "coordinates": [
          [
            [
              114.36550884973386,
              30.53644401065047
            ],
            [
              114.36555447497099,
              30.536352215674107
            ]
          ]
        ]
      }
    },
    {
      "type": "Feature",
      "properties": {
        "osm_id": "1382939859",
        "code": 5141,
        "fclass": "service",
        "name": null,
        "ref": null,
        "oneway": "B",
        "maxspeed": 0,
        "layer": 0,
        "bridge": "F",
        "tunnel": "F"
      },
      "geometry": {
        "type": "MultiLineString",
        "coordinates": [
          [
            [
              114.36459079549896,
              30.53792023231984
            ],
            [
              114.36417081916248,
              30.53792482267977
            ]
          ]
        ]
      }
    },
    {
      "type": "Feature",
      "properties": {
        "osm_id": "1387530050",
        "code": 5141,
        "fclass": "service",
        "name": null,
        "ref": null,
        "oneway": "B",
        "maxspeed": 0,
        "layer": 0,
        "bridge": "F",
        "tunnel": "F"
      },
      "geometry": {
        "type": "MultiLineString",
        "coordinates": [
          [
            [
              114.36417081916248,
              30.53792482267977
            ],
            [
              114.36417654032716,
              30.53814526373314
            ],
            [
              114.3641817774986,
              30.538344900892277
            ]
          ]
        ]
      }
    },
    {
      "type": "Feature",
      "properties": {
        "osm_id": "1382939841",
        "code": 5141,
        "fclass": "service",
        "name": null,
        "ref": null,
        "oneway": "B",
        "maxspeed": 0,
        "layer": 0,
        "bridge": "F",
        "tunnel": "F"
      },
      "geometry": {
        "type": "MultiLineString",
        "coordinates": [
          [
            [
              114.36366580526688,
              30.536723773593707
            ],
            [
              114.36417590378475,
              30.536724032132913
            ],
            [
              114.36422224216787,
              30.536725006930443
            ]
          ]
        ]
      }
    },
    {
      "type": "Feature",
      "properties": {
        "osm_id": "1382939842",
        "code": 5141,
        "fclass": "service",
        "name": null,
        "ref": null,
        "oneway": "B",
        "maxspeed": 0,
        "layer": 0,
        "bridge": "F",
        "tunnel": "F"
      },
      "geometry": {
        "type": "MultiLineString",
        "coordinates": [
          [
            [
              114.36326134464463,
              30.536955687407183
            ],
            [
              114.36402929961422,
              30.536952087399875
            ],
            [
              114.36408044245024,
              30.536950487097194
            ]
          ]
        ]
      }
    },
    {
      "type": "Feature",
      "properties": {
        "osm_id": "1382939843",
        "code": 5141,
        "fclass": "service",
        "name": null,
        "ref": null,
        "oneway": "B",
        "maxspeed": 0,
        "layer": 0,
        "bridge": "F",
        "tunnel": "F"
      },
      "geometry": {
        "type": "MultiLineString",
        "coordinates": [
          [
            [
              114.36393213185374,
              30.537187122698104
            ],
            [
              114.36388749567216,
              30.537188842271195
            ],
            [
              114.3632653512637,
              30.53719732868485
            ]
          ]
        ]
      }
    },
    {
      "type": "Feature",
      "properties": {
        "osm_id": "1383484768",
        "code": 5141,
        "fclass": "service",
        "name": null,
        "ref": null,
        "oneway": "B",
        "maxspeed": 0,
        "layer": 0,
        "bridge": "F",
        "tunnel": "F"
      },
      "geometry": {
        "type": "MultiLineString",
        "coordinates": [
          [
            [
              114.36402107246133,
              30.537953246030586
            ],
            [
              114.36399214446386,
              30.537959032194994
            ],
            [
              114.36379065466141,
              30.537999417190925
            ],
            [
              114.36354627833691,
              30.53799857245246
            ]
          ]
        ]
      }
    },
    {
      "type": "Feature",
      "properties": {
        "osm_id": "1383484771",
        "code": 5141,
        "fclass": "service",
        "name": null,
        "ref": null,
        "oneway": "B",
        "maxspeed": 0,
        "layer": 0,
        "bridge": "F",
        "tunnel": "F"
      },
      "geometry": {
        "type": "MultiLineString",
        "coordinates": [
          [
            [
              114.36394346518226,
              30.537766920908414
            ],
            [
              114.36391654399989,
              30.53776701253213
            ],
            [
              114.36351224567993,
              30.53776850196421
            ]
          ]
        ]
      }
    },
    {
      "type": "Feature",
      "properties": {
        "osm_id": "307265565",
        "code": 5141,
        "fclass": "service",
        "name": null,
        "ref": null,
        "oneway": "B",
        "maxspeed": 0,
        "layer": 0,
        "bridge": "F",
        "tunnel": "F"
      },
      "geometry": {
        "type": "MultiLineString",
        "coordinates": [
          [
            [
              114.36701252256836,
              30.53159937004005
            ],
            [
              114.36666481445859,
              30.531607239222584
            ],
            [
              114.36601122769288,
              30.531631716222712
            ]
          ]
        ]
      }
    },
    {
      "type": "Feature",
      "properties": {
        "osm_id": "104474724",
        "code": 5122,
        "fclass": "residential",
        "name": "求是一路",
        "ref": null,
        "oneway": "B",
        "maxspeed": 0,
        "layer": -2,
        "bridge": "F",
        "tunnel": "F"
      },
      "geometry": {
        "type": "MultiLineString",
        "coordinates": [
          [
            [
              114.36826122203192,
              30.53271050244586
            ],
            [
              114.36826124416264,
              30.53282481608465
            ],
            [
              114.36826126653183,
              30.532938129498
            ]
          ]
        ]
      }
    },
    {
      "type": "Feature",
      "properties": {
        "osm_id": "1383198091",
        "code": 5122,
        "fclass": "residential",
        "name": "求是一路",
        "ref": null,
        "oneway": "B",
        "maxspeed": 0,
        "layer": 0,
        "bridge": "F",
        "tunnel": "F"
      },
      "geometry": {
        "type": "MultiLineString",
        "coordinates": [
          [
            [
              114.36826082422363,
              30.532259547616185
            ],
            [
              114.36826101012122,
              30.532431168680553
            ],
            [
              114.36826117058179,
              30.532638793839695
            ],
            [
              114.36826122203192,
              30.53271050244586
            ]
          ]
        ]
      }
    },
    {
      "type": "Feature",
      "properties": {
        "osm_id": "103949730",
        "code": 5122,
        "fclass": "residential",
        "name": "求是二路",
        "ref": null,
        "oneway": "B",
        "maxspeed": 0,
        "layer": 0,
        "bridge": "F",
        "tunnel": "F"
      },
      "geometry": {
        "type": "MultiLineString",
        "coordinates": [
          [
            [
              114.36701063430043,
              30.532639798821776
            ],
            [
              114.36701068483384,
              30.53271280771159
            ]
          ]
        ]
      }
    },
    {
      "type": "Feature",
      "properties": {
        "osm_id": "104474721",
        "code": 5122,
        "fclass": "residential",
        "name": "求是二路",
        "ref": null,
        "oneway": "B",
        "maxspeed": 0,
        "layer": -2,
        "bridge": "F",
        "tunnel": "F"
      },
      "geometry": {
        "type": "MultiLineString",
        "coordinates": [
          [
            [
              114.36701053288476,
              30.53293473413643
            ],
            [
              114.36701070911752,
              30.53282392110024
            ],
            [
              114.36701068483384,
              30.53271280771159
            ]
          ]
        ]
      }
    },
    {
      "type": "Feature",
      "properties": {
        "osm_id": "103949723",
        "code": 5122,
        "fclass": "residential",
        "name": "求是大道",
        "ref": null,
        "oneway": "B",
        "maxspeed": 0,
        "layer": 0,
        "bridge": "F",
        "tunnel": "F"
      },
      "geometry": {
        "type": "MultiLineString",
        "coordinates": [
          [
            [
              114.36467972410333,
              30.535878739632818
            ],
            [
              114.36452803613132,
              30.53619245725657
            ],
            [
              114.36440854545485,
              30.536423059812275
            ],
            [
              114.36431965104465,
              30.53656875263645
            ]
          ]
        ]
      }
    },
    {
      "type": "Feature",
      "properties": {
        "osm_id": "103949733",
        "code": 5122,
        "fclass": "residential",
        "name": "玉兰路",
        "ref": null,
        "oneway": "B",
        "maxspeed": 0,
        "layer": 0,
        "bridge": "F",
        "tunnel": "F"
      },
      "geometry": {
        "type": "MultiLineString",
        "coordinates": [
          [
            [
              114.36870389804947,
              30.537030400642834
            ],
            [
              114.36831138071581,
              30.53715505406588
            ],
            [
              114.36809183546787,
              30.537228475956738
            ],
            [
              114.3677518848527,
              30.537320516857577
            ],
            [
              114.3664650705249,
              30.53765268733737
            ],
            [
              114.36591002252311,
              30.537684956159104
            ],
            [
              114.36582732095175,
              30.537685076761917
            ],
            [
              114.36521831864023,
              30.537688953699604
            ],
            [
              114.36463021919491,
              30.53769474545037
            ],
            [
              114.36458918142431,
              30.53769380678679
            ],
            [
              114.36391499411528,
              30.537704900712235
            ]
          ]
        ]
      }
    },
    {
      "type": "Feature",
      "properties": {
        "osm_id": "104372389",
        "code": 5122,
        "fclass": "residential",
        "name": "求是大道",
        "ref": null,
        "oneway": "B",
        "maxspeed": 0,
        "layer": 0,
        "bridge": "F",
        "tunnel": "F"
      },
      "geometry": {
        "type": "MultiLineString",
        "coordinates": [
          [
            [
              114.36431965104465,
              30.53656875263645
            ],
            [
              114.36422224216787,
              30.536725006930443
            ],
            [
              114.36411812196813,
              30.536890327101165
            ],
            [
              114.36408044245024,
              30.536950487097194
            ],
            [
              114.36393213185374,
              30.537187122698104
            ],
            [
              114.36390507556217,
              30.53723031744862
            ],
            [
              114.36389113520202,
              30.53726656423236
            ],
            [
              114.36385160473472,
              30.537389014084756
            ],
            [
              114.36384023455756,
              30.537464074237256
            ],
            [
              114.3638488887753,
              30.537527915582523
            ],
            [
              114.3638674467886,
              30.537596297755275
            ],
            [
              114.36391499411528,
              30.537704900712235
            ],
            [
              114.36394346518226,
              30.537766920908414
            ],
            [
              114.363990017183,
              30.537869415820317
            ],
            [
              114.36402107246133,
              30.537953246030586
            ],
            [
              114.36405391766785,
              30.53805098349933
            ],
            [
              114.36406507532315,
              30.538112632442985
            ],
            [
              114.36406802884301,
              30.53817114906006
            ],
            [
              114.36405646397743,
              30.538356620057527
            ],
            [
              114.36405312066434,
              30.53840491116111
            ],
            [
              114.36404243176271,
              30.538500177517957
            ],
            [
              114.36403533146309,
              30.53861215924133
            ],
            [
              114.36403657118352,
              30.538684570262703
            ]
          ]
        ]
      }
    },
    {
      "type": "Feature",
      "properties": {
        "osm_id": "104372395",
        "code": 5122,
        "fclass": "residential",
        "name": "物探路",
        "ref": null,
        "oneway": "B",
        "maxspeed": 0,
        "layer": 0,
        "bridge": "F",
        "tunnel": "F"
      },
      "geometry": {
        "type": "MultiLineString",
        "coordinates": [
          [
            [
              114.36660668776702,
              30.536135064430233
            ],
            [
              114.36660724146337,
              30.53644789505098
            ],
            [
              114.36660699406656,
              30.536507100265066
            ],
            [
              114.36660663494153,
              30.53658070664295
            ],
            [
              114.36660591522806,
              30.536729219421073
            ],
            [
              114.36660505866863,
              30.536922535979276
            ],
            [
              114.36660458429809,
              30.537013843623622
            ],
            [
              114.36660130322012,
              30.537231458503996
            ]
          ]
        ]
      }
    },
    {
      "type": "Feature",
      "properties": {
        "osm_id": "202516852",
        "code": 5141,
        "fclass": "service",
        "name": null,
        "ref": null,
        "oneway": "B",
        "maxspeed": 0,
        "layer": 0,
        "bridge": "F",
        "tunnel": "F"
      },
      "geometry": {
        "type": "MultiLineString",
        "coordinates": [
          [
            [
              114.36550884973386,
              30.53644401065047
            ],
            [
              114.36588549416037,
              30.536447590506594
            ],
            [
              114.36660724146337,
              30.53644789505098
            ]
          ]
        ]
      }
    },
    {
      "type": "Feature",
      "properties": {
        "osm_id": "203427107",
        "code": 5141,
        "fclass": "service",
        "name": null,
        "ref": null,
        "oneway": "B",
        "maxspeed": 0,
        "layer": 0,
        "bridge": "F",
        "tunnel": "F"
      },
      "geometry": {
        "type": "MultiLineString",
        "coordinates": [
          [
            [
              114.36870385308775,
              30.536588060666936
            ],
            [
              114.36802363517475,
              30.536586213246828
            ],
            [
              114.36727822087308,
              30.53658347143843
            ]
          ]
        ]
      }
    },
    {
      "type": "Feature",
      "properties": {
        "osm_id": "203427110",
        "code": 5141,
        "fclass": "service",
        "name": null,
        "ref": null,
        "oneway": "B",
        "maxspeed": 0,
        "layer": 0,
        "bridge": "F",
        "tunnel": "F"
      },
      "geometry": {
        "type": "MultiLineString",
        "coordinates": [
          [
            [
              114.36729505458307,
              30.537195040801908
            ],
            [
              114.36757679942596,
              30.537196627999325
            ],
            [
              114.3677518848527,
              30.537320516857577
            ]
          ]
        ]
      }
    },
    {
      "type": "Feature",
      "properties": {
        "osm_id": "203427111",
        "code": 5141,
        "fclass": "service",
        "name": null,
        "ref": null,
        "oneway": "B",
        "maxspeed": 0,
        "layer": 0,
        "bridge": "F",
        "tunnel": "F"
      },
      "geometry": {
        "type": "MultiLineString",
        "coordinates": [
          [
            [
              114.36757679942596,
              30.537196627999325
            ],
            [
              114.36758063324426,
              30.537039215909562
            ],
            [
              114.3680192620819,
              30.537041454219896
            ]
          ]
        ]
      }
    },
    {
      "type": "Feature",
      "properties": {
        "osm_id": "203427210",
        "code": 5141,
        "fclass": "service",
        "name": null,
        "ref": null,
        "oneway": "B",
        "maxspeed": 0,
        "layer": 0,
        "bridge": "F",
        "tunnel": "F"
      },
      "geometry": {
        "type": "MultiLineString",
        "coordinates": [
          [
            [
              114.36468962439223,
              30.536775159057107
            ],
            [
              114.36532587420157,
              30.536782066148618
            ]
          ]
        ]
      }
    },
    {
      "type": "Feature",
      "properties": {
        "osm_id": "203427212",
        "code": 5141,
        "fclass": "service",
        "name": null,
        "ref": null,
        "oneway": "B",
        "maxspeed": 0,
        "layer": 0,
        "bridge": "F",
        "tunnel": "F"
      },
      "geometry": {
        "type": "MultiLineString",
        "coordinates": [
          [
            [
              114.36588716601445,
              30.536736121258993
            ],
            [
              114.36588549416037,
              30.536447590506594
            ]
          ]
        ]
      }
    },
    {
      "type": "Feature",
      "properties": {
        "osm_id": "203427214",
        "code": 5141,
        "fclass": "service",
        "name": null,
        "ref": null,
        "oneway": "B",
        "maxspeed": 0,
        "layer": 0,
        "bridge": "F",
        "tunnel": "F"
      },
      "geometry": {
        "type": "MultiLineString",
        "coordinates": [
          [
            [
              114.36534463026932,
              30.536738012335896
            ],
            [
              114.36588716601445,
              30.536736121258993
            ],
            [
              114.36660591522806,
              30.536729219421073
            ]
          ]
        ]
      }
    },
    {
      "type": "Feature",
      "properties": {
        "osm_id": "673284749",
        "code": 5122,
        "fclass": "residential",
        "name": "星湖三路",
        "ref": null,
        "oneway": "B",
        "maxspeed": 0,
        "layer": 0,
        "bridge": "F",
        "tunnel": "F"
      },
      "geometry": {
        "type": "MultiLineString",
        "coordinates": [
          [
            [
              114.36426444344384,
              30.53588368248634
            ],
            [
              114.36426647407545,
              30.536102411685782
            ],
            [
              114.36427106260697,
              30.53637545532128
            ],
            [
              114.3643020882375,
              30.53650288198609
            ],
            [
              114.36431965104465,
              30.53656875263645
            ]
          ]
        ]
      }
    },
    {
      "type": "Feature",
      "properties": {
        "osm_id": "1037322797",
        "code": 5141,
        "fclass": "service",
        "name": null,
        "ref": null,
        "oneway": "B",
        "maxspeed": 0,
        "layer": 0,
        "bridge": "F",
        "tunnel": "F"
      },
      "geometry": {
        "type": "MultiLineString",
        "coordinates": [
          [
            [
              114.36417654032716,
              30.53814526373314
            ],
            [
              114.36474315544861,
              30.538142557851007
            ]
          ]
        ]
      }
    },
    {
      "type": "Feature",
      "properties": {
        "osm_id": "1037322798",
        "code": 5141,
        "fclass": "service",
        "name": null,
        "ref": null,
        "oneway": "B",
        "maxspeed": 0,
        "layer": 0,
        "bridge": "F",
        "tunnel": "F"
      },
      "geometry": {
        "type": "MultiLineString",
        "coordinates": [
          [
            [
              114.36532705356075,
              30.538389812618696
            ],
            [
              114.36477757363045,
              30.5383994912266
            ],
            [
              114.36474514187448,
              30.538399686452987
            ],
            [
              114.36418242836739,
              30.538404008447863
            ],
            [
              114.36405312066434,
              30.53840491116111
            ]
          ]
        ]
      }
    },
    {
      "type": "Feature",
      "properties": {
        "osm_id": "1037322799",
        "code": 5141,
        "fclass": "service",
        "name": null,
        "ref": null,
        "oneway": "B",
        "maxspeed": 0,
        "layer": 0,
        "bridge": "F",
        "tunnel": "F"
      },
      "geometry": {
        "type": "MultiLineString",
        "coordinates": [
          [
            [
              114.36474315544861,
              30.538142557851007
            ],
            [
              114.36474486716385,
              30.53836928295828
            ]
          ]
        ]
      }
    },
    {
      "type": "Feature",
      "properties": {
        "osm_id": "1037322800",
        "code": 5141,
        "fclass": "service",
        "name": null,
        "ref": null,
        "oneway": "B",
        "maxspeed": 0,
        "layer": 0,
        "bridge": "F",
        "tunnel": "F"
      },
      "geometry": {
        "type": "MultiLineString",
        "coordinates": [
          [
            [
              114.3647416167688,
              30.53794713580211
            ],
            [
              114.36521720673737,
              30.5379434729826
            ],
            [
              114.3653589628821,
              30.537942259387027
            ],
            [
              114.36591471926137,
              30.537937588227265
            ]
          ]
        ]
      }
    },
    {
      "type": "Feature",
      "properties": {
        "osm_id": "1037322801",
        "code": 5141,
        "fclass": "service",
        "name": null,
        "ref": null,
        "oneway": "B",
        "maxspeed": 0,
        "layer": 0,
        "bridge": "F",
        "tunnel": "F"
      },
      "geometry": {
        "type": "MultiLineString",
        "coordinates": [
          [
            [
              114.36521831864023,
              30.537688953699604
            ],
            [
              114.36521720673737,
              30.5379434729826
            ]
          ]
        ]
      }
    },
    {
      "type": "Feature",
      "properties": {
        "osm_id": "1037322802",
        "code": 5141,
        "fclass": "service",
        "name": null,
        "ref": null,
        "oneway": "B",
        "maxspeed": 0,
        "layer": 0,
        "bridge": "F",
        "tunnel": "F"
      },
      "geometry": {
        "type": "MultiLineString",
        "coordinates": [
          [
            [
              114.36591625418922,
              30.538138108782086
            ],
            [
              114.36536290315787,
              30.53813928694112
            ]
          ]
        ]
      }
    },
    {
      "type": "Feature",
      "properties": {
        "osm_id": "1037322803",
        "code": 5141,
        "fclass": "service",
        "name": null,
        "ref": null,
        "oneway": "B",
        "maxspeed": 0,
        "layer": 0,
        "bridge": "F",
        "tunnel": "F"
      },
      "geometry": {
        "type": "MultiLineString",
        "coordinates": [
          [
            [
              114.36591002252311,
              30.537684956159104
            ],
            [
              114.36591471926137,
              30.537937588227265
            ],
            [
              114.36591625418922,
              30.538138108782086
            ]
          ]
        ]
      }
    },
    {
      "type": "Feature",
      "properties": {
        "osm_id": "1382802124",
        "code": 5141,
        "fclass": "service",
        "name": null,
        "ref": null,
        "oneway": "B",
        "maxspeed": 0,
        "layer": 0,
        "bridge": "F",
        "tunnel": "F"
      },
      "geometry": {
        "type": "MultiLineString",
        "coordinates": [
          [
            [
              114.3664650705249,
              30.53765268733737
            ],
            [
              114.36650967415481,
              30.5379637846066
            ]
          ]
        ]
      }
    },
    {
      "type": "Feature",
      "properties": {
        "osm_id": "1382939838",
        "code": 5141,
        "fclass": "service",
        "name": null,
        "ref": null,
        "oneway": "B",
        "maxspeed": 0,
        "layer": 0,
        "bridge": "F",
        "tunnel": "F"
      },
      "geometry": {
        "type": "MultiLineString",
        "coordinates": [
          [
            [
              114.36427106260697,
              30.53637545532128
            ],
            [
              114.36385121915046,
              30.536377817287942
            ]
          ]
        ]
      }
    },
    {
      "type": "Feature",
      "properties": {
        "osm_id": "1382939855",
        "code": 5141,
        "fclass": "service",
        "name": null,
        "ref": null,
        "oneway": "B",
        "maxspeed": 0,
        "layer": 0,
        "bridge": "F",
        "tunnel": "F"
      },
      "geometry": {
        "type": "MultiLineString",
        "coordinates": [
          [
            [
              114.36758063324426,
              30.537039215909562
            ],
            [
              114.36729778725919,
              30.53703662874214
            ]
          ]
        ]
      }
    },
    {
      "type": "Feature",
      "properties": {
        "osm_id": "1382939856",
        "code": 5141,
        "fclass": "service",
        "name": null,
        "ref": null,
        "oneway": "B",
        "maxspeed": 0,
        "layer": 0,
        "bridge": "F",
        "tunnel": "F"
      },
      "geometry": {
        "type": "MultiLineString",
        "coordinates": [
          [
            [
              114.36727822087308,
              30.53658347143843
            ],
            [
              114.36730031584467,
              30.536632693798147
            ],
            [
              114.36730220871739,
              30.536645296467764
            ],
            [
              114.36730052647825,
              30.536744804316875
            ],
            [
              114.36729800441563,
              30.537015827034764
            ],
            [
              114.36729778725919,
              30.53703662874214
            ],
            [
              114.36729686665336,
              30.53706033014783
            ]
          ]
        ]
      }
    },
    {
      "type": "Feature",
      "properties": {
        "osm_id": "1382939858",
        "code": 5141,
        "fclass": "service",
        "name": null,
        "ref": null,
        "oneway": "B",
        "maxspeed": 0,
        "layer": 0,
        "bridge": "F",
        "tunnel": "F"
      },
      "geometry": {
        "type": "MultiLineString",
        "coordinates": [
          [
            [
              114.36727822087308,
              30.53658347143843
            ],
            [
              114.36698677905761,
              30.53658399292955
            ],
            [
              114.36660663494153,
              30.53658070664295
            ]
          ]
        ]
      }
    },
    {
      "type": "Feature",
      "properties": {
        "osm_id": "1382939860",
        "code": 5141,
        "fclass": "service",
        "name": null,
        "ref": null,
        "oneway": "B",
        "maxspeed": 0,
        "layer": 0,
        "bridge": "F",
        "tunnel": "F"
      },
      "geometry": {
        "type": "MultiLineString",
        "coordinates": [
          [
            [
              114.36474315544861,
              30.538142557851007
            ],
            [
              114.36536290315787,
              30.53813928694112
            ]
          ]
        ]
      }
    },
    {
      "type": "Feature",
      "properties": {
        "osm_id": "1382939863",
        "code": 5141,
        "fclass": "service",
        "name": null,
        "ref": null,
        "oneway": "B",
        "maxspeed": 0,
        "layer": 0,
        "bridge": "F",
        "tunnel": "F"
      },
      "geometry": {
        "type": "MultiLineString",
        "coordinates": [
          [
            [
              114.3653589628821,
              30.537942259387027
            ],
            [
              114.36536290315787,
              30.53813928694112
            ],
            [
              114.36532705356075,
              30.538389812618696
            ]
          ]
        ]
      }
    },
    {
      "type": "Feature",
      "properties": {
        "osm_id": "1382939865",
        "code": 5141,
        "fclass": "service",
        "name": null,
        "ref": null,
        "oneway": "B",
        "maxspeed": 0,
        "layer": 0,
        "bridge": "F",
        "tunnel": "F"
      },
      "geometry": {
        "type": "MultiLineString",
        "coordinates": [
          [
            [
              114.3647416167688,
              30.53794713580211
            ],
            [
              114.36459079549896,
              30.53792023231984
            ]
          ]
        ]
      }
    },
    {
      "type": "Feature",
      "properties": {
        "osm_id": "1382939866",
        "code": 5141,
        "fclass": "service",
        "name": null,
        "ref": null,
        "oneway": "B",
        "maxspeed": 0,
        "layer": 0,
        "bridge": "F",
        "tunnel": "F"
      },
      "geometry": {
        "type": "MultiLineString",
        "coordinates": [
          [
            [
              114.36474315544861,
              30.538142557851007
            ],
            [
              114.3647416167688,
              30.53794713580211
            ]
          ]
        ]
      }
    },
    {
      "type": "Feature",
      "properties": {
        "osm_id": "1382939867",
        "code": 5141,
        "fclass": "service",
        "name": null,
        "ref": null,
        "oneway": "B",
        "maxspeed": 0,
        "layer": 0,
        "bridge": "F",
        "tunnel": "F"
      },
      "geometry": {
        "type": "MultiLineString",
        "coordinates": [
          [
            [
              114.36458918142431,
              30.53769380678679
            ],
            [
              114.36459079549896,
              30.53792023231984
            ]
          ]
        ]
      }
    },
    {
      "type": "Feature",
      "properties": {
        "osm_id": "1382968044",
        "code": 5141,
        "fclass": "service",
        "name": null,
        "ref": null,
        "oneway": "B",
        "maxspeed": 0,
        "layer": 0,
        "bridge": "F",
        "tunnel": "F"
      },
      "geometry": {
        "type": "MultiLineString",
        "coordinates": [
          [
            [
              114.3680214484802,
              30.536814833976276
            ],
            [
              114.36870207036446,
              30.536812282063906
            ]
          ]
        ]
      }
    },
    {
      "type": "Feature",
      "properties": {
        "osm_id": "1474085628",
        "code": 5122,
        "fclass": "residential",
        "name": "物探路",
        "ref": null,
        "oneway": "B",
        "maxspeed": 0,
        "layer": 0,
        "bridge": "F",
        "tunnel": "F"
      },
      "geometry": {
        "type": "MultiLineString",
        "coordinates": [
          [
            [
              114.36660130322012,
              30.537231458503996
            ],
            [
              114.36657588058787,
              30.5373385305249
            ],
            [
              114.36655669935489,
              30.537405407729075
            ],
            [
              114.3664650705249,
              30.53765268733737
            ]
          ]
        ]
      }
    },
    {
      "type": "Feature",
      "properties": {
        "osm_id": "104372409",
        "code": 5122,
        "fclass": "residential",
        "name": "星湖路",
        "ref": null,
        "oneway": "B",
        "maxspeed": 0,
        "layer": 0,
        "bridge": "F",
        "tunnel": "F"
      },
      "geometry": {
        "type": "MultiLineString",
        "coordinates": [
          [
            [
              114.36701143358276,
              30.534068164791883
            ],
            [
              114.36697838453134,
              30.53406822877495
            ],
            [
              114.36642490072151,
              30.53406826949738
            ],
            [
              114.3660083575952,
              30.53406730380059
            ],
            [
              114.36571780143366,
              30.534067671098903
            ],
            [
              114.36556612320828,
              30.534067808589857
            ],
            [
              114.36526808879631,
              30.53406743188196
            ],
            [
              114.36512063079768,
              30.53406731608298
            ],
            [
              114.36494845273197,
              30.534067004173348
            ],
            [
              114.36490110434356,
              30.534067758512588
            ],
            [
              114.36459260598393,
              30.534066656217906
            ],
            [
              114.36421967319555,
              30.534066923203664
            ]
          ]
        ]
      }
    },
    {
      "type": "Feature",
      "properties": {
        "osm_id": "309396502",
        "code": 5122,
        "fclass": "residential",
        "name": "星湖三路",
        "ref": null,
        "oneway": "B",
        "maxspeed": 0,
        "layer": 0,
        "bridge": "F",
        "tunnel": "F"
      },
      "geometry": {
        "type": "MultiLineString",
        "coordinates": [
          [
            [
              114.36421967319555,
              30.534066923203664
            ],
            [
              114.36421731522199,
              30.534280938202723
            ],
            [
              114.36421473130106,
              30.5345278556025
            ],
            [
              114.3642138770794,
              30.534600060236674
            ],
            [
              114.36421107751792,
              30.53486437811448
            ],
            [
              114.36421075698384,
              30.534891379783186
            ],
            [
              114.36420817183499,
              30.535133895648293
            ],
            [
              114.36420752879398,
              30.535189899081136
            ],
            [
              114.3642040814481,
              30.535509719125454
            ]
          ]
        ]
      }
    },
    {
      "type": "Feature",
      "properties": {
        "osm_id": "1383484217",
        "code": 5141,
        "fclass": "service",
        "name": null,
        "ref": null,
        "oneway": "B",
        "maxspeed": 0,
        "layer": 0,
        "bridge": "F",
        "tunnel": "F"
      },
      "geometry": {
        "type": "MultiLineString",
        "coordinates": [
          [
            [
              114.36421473130106,
              30.5345278556025
            ],
            [
              114.36413906821136,
              30.53452726853803
            ],
            [
              114.36398384302338,
              30.53452586249521
            ],
            [
              114.363985186384,
              30.53433274663893
            ]
          ]
        ]
      }
    },
    {
      "type": "Feature",
      "properties": {
        "osm_id": "1473497651",
        "code": 5122,
        "fclass": "residential",
        "name": "星湖三路",
        "ref": null,
        "oneway": "B",
        "maxspeed": 0,
        "layer": 0,
        "bridge": "F",
        "tunnel": "F"
      },
      "geometry": {
        "type": "MultiLineString",
        "coordinates": [
          [
            [
              114.3642289888176,
              30.533069042367107
            ],
            [
              114.36422563758478,
              30.533424571934205
            ],
            [
              114.36422281889016,
              30.533729396700764
            ],
            [
              114.36421967319555,
              30.534066923203664
            ]
          ]
        ]
      }
    },
    {
      "type": "Feature",
      "properties": {
        "osm_id": "358205751",
        "code": 5141,
        "fclass": "service",
        "name": null,
        "ref": null,
        "oneway": "B",
        "maxspeed": 0,
        "layer": 0,
        "bridge": "F",
        "tunnel": "F"
      },
      "geometry": {
        "type": "MultiLineString",
        "coordinates": [
          [
            [
              114.36701182116599,
              30.534496011621847
            ],
            [
              114.36697767003591,
              30.534496674473647
            ],
            [
              114.36667843372389,
              30.534502000998096
            ],
            [
              114.36643927817762,
              30.534399729168552
            ],
            [
              114.36601502616294,
              30.53439575337978
            ]
          ]
        ]
      }
    },
    {
      "type": "Feature",
      "properties": {
        "osm_id": "402823350",
        "code": 5141,
        "fclass": "service",
        "name": null,
        "ref": null,
        "oneway": "F",
        "maxspeed": 0,
        "layer": 0,
        "bridge": "F",
        "tunnel": "F"
      },
      "geometry": {
        "type": "MultiLineString",
        "coordinates": [
          [
            [
              114.3638736266011,
              30.53317586425359
            ],
            [
              114.36192228058124,
              30.53314268818737
            ],
            [
              114.36172837070204,
              30.53263445885093
            ],
            [
              114.36169522028047,
              30.532547544949452
            ]
          ]
        ]
      }
    },
    {
      "type": "Feature",
      "properties": {
        "osm_id": "539830418",
        "code": 5141,
        "fclass": "service",
        "name": null,
        "ref": null,
        "oneway": "B",
        "maxspeed": 0,
        "layer": 0,
        "bridge": "F",
        "tunnel": "F"
      },
      "geometry": {
        "type": "MultiLineString",
        "coordinates": [
          [
            [
              114.36493124024457,
              30.53307283665289
            ],
            [
              114.36492526140451,
              30.532594760291595
            ]
          ]
        ]
      }
    },
    {
      "type": "Feature",
      "properties": {
        "osm_id": "673284746",
        "code": 5141,
        "fclass": "service",
        "name": null,
        "ref": null,
        "oneway": "B",
        "maxspeed": 0,
        "layer": 0,
        "bridge": "F",
        "tunnel": "F"
      },
      "geometry": {
        "type": "MultiLineString",
        "coordinates": [
          [
            [
              114.36576786244783,
              30.53264101965017
            ],
            [
              114.36552697925158,
              30.532641144939078
            ],
            [
              114.36544698817298,
              30.53264114176436
            ],
            [
              114.3650426501809,
              30.53264112080126
            ]
          ]
        ]
      }
    },
    {
      "type": "Feature",
      "properties": {
        "osm_id": "1441621540",
        "code": 5141,
        "fclass": "service",
        "name": null,
        "ref": null,
        "oneway": "B",
        "maxspeed": 0,
        "layer": 0,
        "bridge": "F",
        "tunnel": "F"
      },
      "geometry": {
        "type": "MultiLineString",
        "coordinates": [
          [
            [
              114.36502095933326,
              30.53259445049739
            ],
            [
              114.36492526140451,
              30.532594760291595
            ],
            [
              114.36479112763911,
              30.532595238765097
            ],
            [
              114.3646204635066,
              30.532595677512102
            ],
            [
              114.36420599258523,
              30.532596798490864
            ]
          ]
        ]
      }
    },
    {
      "type": "Feature",
      "properties": {
        "osm_id": "1480419195",
        "code": 5141,
        "fclass": "service",
        "name": null,
        "ref": null,
        "oneway": "B",
        "maxspeed": 0,
        "layer": 0,
        "bridge": "F",
        "tunnel": "F"
      },
      "geometry": {
        "type": "MultiLineString",
        "coordinates": [
          [
            [
              114.3650426501809,
              30.53264112080126
            ],
            [
              114.36502095933326,
              30.53259445049739
            ]
          ]
        ]
      }
    },
    {
      "type": "Feature",
      "properties": {
        "osm_id": "358205760",
        "code": 5141,
        "fclass": "service",
        "name": null,
        "ref": null,
        "oneway": "B",
        "maxspeed": 0,
        "layer": 0,
        "bridge": "F",
        "tunnel": "F"
      },
      "geometry": {
        "type": "MultiLineString",
        "coordinates": [
          [
            [
              114.3676506042196,
              30.532081822039462
            ],
            [
              114.36765158801518,
              30.532260144748683
            ],
            [
              114.36765383731984,
              30.5326394922291
            ]
          ]
        ]
      }
    },
    {
      "type": "Feature",
      "properties": {
        "osm_id": "673284745",
        "code": 5122,
        "fclass": "residential",
        "name": "求是二路",
        "ref": null,
        "oneway": "F",
        "maxspeed": 0,
        "layer": 0,
        "bridge": "F",
        "tunnel": "F"
      },
      "geometry": {
        "type": "MultiLineString",
        "coordinates": [
          [
            [
              114.36701252256836,
              30.53159937004005
            ],
            [
              114.36703206206933,
              30.53158308873888
            ],
            [
              114.36707294221559,
              30.531553327229595
            ],
            [
              114.36714177171937,
              30.53151298967501
            ],
            [
              114.3675033434534,
              30.531341148119747
            ],
            [
              114.36755523837014,
              30.53132257570676
            ],
            [
              114.36762255885203,
              30.53130410838636
            ]
          ]
        ]
      }
    },
    {
      "type": "Feature",
      "properties": {
        "osm_id": "1398876978",
        "code": 5122,
        "fclass": "residential",
        "name": "求是一路",
        "ref": null,
        "oneway": "F",
        "maxspeed": 0,
        "layer": 0,
        "bridge": "F",
        "tunnel": "F"
      },
      "geometry": {
        "type": "MultiLineString",
        "coordinates": [
          [
            [
              114.36768255634107,
              30.53130473610966
            ],
            [
              114.36775987491856,
              30.53131866848119
            ],
            [
              114.36783008137579,
              30.5313350934051
            ],
            [
              114.3680537966265,
              30.53143694778464
            ],
            [
              114.36817786762505,
              30.531506858972588
            ],
            [
              114.36826027736412,
              30.531562159378595
            ]
          ]
        ]
      }
    },
    {
      "type": "Feature",
      "properties": {
        "osm_id": "103949719",
        "code": 5141,
        "fclass": "service",
        "name": null,
        "ref": null,
        "oneway": "B",
        "maxspeed": 0,
        "layer": 0,
        "bridge": "F",
        "tunnel": "F"
      },
      "geometry": {
        "type": "MultiLineString",
        "coordinates": [
          [
            [
              114.361888807637,
              30.53323180003183
            ],
            [
              114.36199664180224,
              30.53323403731894
            ],
            [
              114.36262709407136,
              30.533247245014756
            ]
          ]
        ]
      }
    },
    {
      "type": "Feature",
      "properties": {
        "osm_id": "103949735",
        "code": 5141,
        "fclass": "service",
        "name": null,
        "ref": null,
        "oneway": "B",
        "maxspeed": 0,
        "layer": 0,
        "bridge": "F",
        "tunnel": "F"
      },
      "geometry": {
        "type": "MultiLineString",
        "coordinates": [
          [
            [
              114.36186934231401,
              30.533878960118198
            ],
            [
              114.36187222846391,
              30.533760263615846
            ],
            [
              114.36187898375198,
              30.53354537879235
            ],
            [
              114.361888807637,
              30.53323180003183
            ],
            [
              114.36189212509709,
              30.533208316965187
            ]
          ]
        ]
      }
    },
    {
      "type": "Feature",
      "properties": {
        "osm_id": "1441555682",
        "code": 5141,
        "fclass": "service",
        "name": null,
        "ref": null,
        "oneway": "B",
        "maxspeed": 0,
        "layer": 0,
        "bridge": "F",
        "tunnel": "F"
      },
      "geometry": {
        "type": "MultiLineString",
        "coordinates": [
          [
            [
              114.36186934231401,
              30.533878960118198
            ],
            [
              114.36235181222125,
              30.533890535509624
            ],
            [
              114.36260862419012,
              30.533896623682338
            ]
          ]
        ]
      }
    },
    {
      "type": "Feature",
      "properties": {
        "osm_id": "1444077822",
        "code": 5141,
        "fclass": "service",
        "name": null,
        "ref": null,
        "oneway": "B",
        "maxspeed": 0,
        "layer": 0,
        "bridge": "F",
        "tunnel": "F"
      },
      "geometry": {
        "type": "MultiLineString",
        "coordinates": [
          [
            [
              114.36199368807856,
              30.533309329040968
            ],
            [
              114.36199664180224,
              30.53323403731894
            ]
          ]
        ]
      }
    },
    {
      "type": "Feature",
      "properties": {
        "osm_id": "1444077827",
        "code": 5141,
        "fclass": "service",
        "name": null,
        "ref": null,
        "oneway": "B",
        "maxspeed": 0,
        "layer": 0,
        "bridge": "F",
        "tunnel": "F"
      },
      "geometry": {
        "type": "MultiLineString",
        "coordinates": [
          [
            [
              114.36196475723432,
              30.533762212507344
            ],
            [
              114.36187222846391,
              30.533760263615846
            ]
          ]
        ]
      }
    },
    {
      "type": "Feature",
      "properties": {
        "osm_id": "103949717",
        "code": 5122,
        "fclass": "residential",
        "name": "求是一路",
        "ref": null,
        "oneway": "F",
        "maxspeed": 0,
        "layer": 0,
        "bridge": "F",
        "tunnel": "F"
      },
      "geometry": {
        "type": "MultiLineString",
        "coordinates": [
          [
            [
              114.36826027736412,
              30.531562159378595
            ],
            [
              114.36826056229661,
              30.531896602221302
            ],
            [
              114.36826058568893,
              30.532014017038975
            ],
            [
              114.36826069461956,
              30.53215283439353
            ],
            [
              114.36826082422363,
              30.532259547616185
            ]
          ]
        ]
      }
    },
    {
      "type": "Feature",
      "properties": {
        "osm_id": "122744427",
        "code": 5122,
        "fclass": "residential",
        "name": null,
        "ref": null,
        "oneway": "F",
        "maxspeed": 0,
        "layer": 0,
        "bridge": "F",
        "tunnel": "F"
      },
      "geometry": {
        "type": "MultiLineString",
        "coordinates": [
          [
            [
              114.36768477896068,
              30.530789567649773
            ],
            [
              114.36768442349681,
              30.530879379774273
            ],
            [
              114.36768349596983,
              30.531083707029378
            ],
            [
              114.36768255634107,
              30.53130473610966
            ]
          ]
        ]
      }
    },
    {
      "type": "Feature",
      "properties": {
        "osm_id": "911456999",
        "code": 5122,
        "fclass": "residential",
        "name": null,
        "ref": null,
        "oneway": "F",
        "maxspeed": 0,
        "layer": 0,
        "bridge": "F",
        "tunnel": "F"
      },
      "geometry": {
        "type": "MultiLineString",
        "coordinates": [
          [
            [
              114.36762255885203,
              30.53130410838636
            ],
            [
              114.36762339761808,
              30.53108417944834
            ],
            [
              114.3676241125267,
              30.530899854860348
            ],
            [
              114.3676244641446,
              30.530816443644426
            ]
          ]
        ]
      }
    },
    {
      "type": "Feature",
      "properties": {
        "osm_id": "1383028683",
        "code": 5122,
        "fclass": "residential",
        "name": null,
        "ref": null,
        "oneway": "F",
        "maxspeed": 0,
        "layer": 0,
        "bridge": "F",
        "tunnel": "F"
      },
      "geometry": {
        "type": "MultiLineString",
        "coordinates": [
          [
            [
              114.36762255885203,
              30.53130410838636
            ],
            [
              114.3676507044721,
              30.531304421824203
            ],
            [
              114.36768255634107,
              30.53130473610966
            ]
          ]
        ]
      }
    },
    {
      "type": "Feature",
      "properties": {
        "osm_id": "1480419218",
        "code": 5141,
        "fclass": "service",
        "name": null,
        "ref": null,
        "oneway": "B",
        "maxspeed": 0,
        "layer": 0,
        "bridge": "F",
        "tunnel": "F"
      },
      "geometry": {
        "type": "MultiLineString",
        "coordinates": [
          [
            [
              114.36575366349318,
              30.53139262812535
            ],
            [
              114.36578025111197,
              30.531462597811196
            ],
            [
              114.36579714324208,
              30.53150704170724
            ],
            [
              114.36582682928321,
              30.531585318163128
            ],
            [
              114.36584711976067,
              30.53163876989433
            ],
            [
              114.36587490665713,
              30.531712040062175
            ]
          ]
        ]
      }
    },
    {
      "type": "Feature",
      "properties": {
        "osm_id": "1481020753",
        "code": 5122,
        "fclass": "residential",
        "name": "求是大道",
        "ref": null,
        "oneway": "B",
        "maxspeed": 0,
        "layer": 0,
        "bridge": "F",
        "tunnel": "F"
      },
      "geometry": {
        "type": "MultiLineString",
        "coordinates": [
          [
            [
              114.3656444510483,
              30.53613511330394
            ],
            [
              114.36532037211988,
              30.536020378412257
            ],
            [
              114.36493256893073,
              30.53588374679088
            ]
          ]
        ]
      }
    },
    {
      "type": "Feature",
      "properties": {
        "osm_id": "1036845890",
        "code": 5122,
        "fclass": "residential",
        "name": null,
        "ref": null,
        "oneway": "F",
        "maxspeed": 0,
        "layer": 0,
        "bridge": "F",
        "tunnel": "F"
      },
      "geometry": {
        "type": "MultiLineString",
        "coordinates": [
          [
            [
              114.36422281889016,
              30.533729396700764
            ],
            [
              114.36420116827597,
              30.533634404353073
            ],
            [
              114.36416153281715,
              30.533496438141427
            ],
            [
              114.36412607691716,
              30.533392090295397
            ],
            [
              114.36407851912624,
              30.533276192811616
            ],
            [
              114.36396737266641,
              30.533070930312384
            ]
          ]
        ]
      }
    },
    {
      "type": "Feature",
      "properties": {
        "osm_id": "98965440",
        "code": 5122,
        "fclass": "residential",
        "name": "求是二路",
        "ref": null,
        "oneway": "F",
        "maxspeed": 0,
        "layer": 0,
        "bridge": "F",
        "tunnel": "F"
      },
      "geometry": {
        "type": "MultiLineString",
        "coordinates": [
          [
            [
              114.36701028826224,
              30.53226035181295
            ],
            [
              114.36701010693986,
              30.53208032906583
            ],
            [
              114.36700986066619,
              30.531689678900868
            ],
            [
              114.36701252256836,
              30.53159937004005
            ]
          ]
        ]
      }
    },
    {
      "type": "Feature",
      "properties": {
        "osm_id": "103949739",
        "code": 5122,
        "fclass": "residential",
        "name": "星湖南路",
        "ref": null,
        "oneway": "B",
        "maxspeed": 0,
        "layer": 0,
        "bridge": "F",
        "tunnel": "F"
      },
      "geometry": {
        "type": "MultiLineString",
        "coordinates": [
          [
            [
              114.3642289888176,
              30.533069042367107
            ],
            [
              114.36396737266641,
              30.533070930312384
            ]
          ]
        ]
      }
    },
    {
      "type": "Feature",
      "properties": {
        "osm_id": "104108007",
        "code": 5122,
        "fclass": "residential",
        "name": "北京路",
        "ref": null,
        "oneway": "F",
        "maxspeed": 0,
        "layer": 0,
        "bridge": "F",
        "tunnel": "F"
      },
      "geometry": {
        "type": "MultiLineString",
        "coordinates": [
          [
            [
              114.36826082422363,
              30.532259547616185
            ],
            [
              114.36777779567656,
              30.532260195290657
            ],
            [
              114.36765158801518,
              30.532260144748683
            ],
            [
              114.36751937428058,
              30.53226017542543
            ],
            [
              114.36701028826224,
              30.53226035181295
            ]
          ]
        ]
      }
    },
    {
      "type": "Feature",
      "properties": {
        "osm_id": "104372380",
        "code": 5122,
        "fclass": "residential",
        "name": "星湖一路",
        "ref": null,
        "oneway": "B",
        "maxspeed": 0,
        "layer": 0,
        "bridge": "F",
        "tunnel": "F"
      },
      "geometry": {
        "type": "MultiLineString",
        "coordinates": [
          [
            [
              114.3660083575952,
              30.53406730380059
            ],
            [
              114.36601321380819,
              30.53427313634587
            ],
            [
              114.36601502616294,
              30.53439575337978
            ],
            [
              114.36602132858684,
              30.53480771022381
            ],
            [
              114.36602239706825,
              30.534851617012162
            ],
            [
              114.36602664019792,
              30.534934534289253
            ],
            [
              114.36603907986179,
              30.535167683541292
            ]
          ]
        ]
      }
    },
    {
      "type": "Feature",
      "properties": {
        "osm_id": "104372381",
        "code": 5141,
        "fclass": "service",
        "name": "陕西路",
        "ref": null,
        "oneway": "B",
        "maxspeed": 0,
        "layer": 0,
        "bridge": "F",
        "tunnel": "F"
      },
      "geometry": {
        "type": "MultiLineString",
        "coordinates": [
          [
            [
              114.36701063430043,
              30.532639798821776
            ],
            [
              114.3675199207824,
              30.532639522229708
            ],
            [
              114.36765383731984,
              30.5326394922291
            ]
          ]
        ]
      }
    },
    {
      "type": "Feature",
      "properties": {
        "osm_id": "104372392",
        "code": 5122,
        "fclass": "residential",
        "name": "回归路",
        "ref": null,
        "oneway": "B",
        "maxspeed": 0,
        "layer": 0,
        "bridge": "F",
        "tunnel": "F"
      },
      "geometry": {
        "type": "MultiLineString",
        "coordinates": [
          [
            [
              114.36948780434437,
              30.535803063643076
            ],
            [
              114.36949052932628,
              30.53499288019986
            ],
            [
              114.36949057709622,
              30.534929473694856
            ],
            [
              114.36948504784476,
              30.534685855832205
            ],
            [
              114.36947966992076,
              30.534641358149045
            ],
            [
              114.36947418661453,
              30.534603761277847
            ],
            [
              114.3694409313096,
              30.534451587422748
            ],
            [
              114.36939721892954,
              30.534211015584464
            ],
            [
              114.36939354062241,
              30.53417101573047
            ],
            [
              114.36938697276389,
              30.534108516891905
            ]
          ]
        ]
      }
    },
    {
      "type": "Feature",
      "properties": {
        "osm_id": "104372400",
        "code": 5122,
        "fclass": "residential",
        "name": "星湖二路",
        "ref": null,
        "oneway": "B",
        "maxspeed": 0,
        "layer": 0,
        "bridge": "F",
        "tunnel": "F"
      },
      "geometry": {
        "type": "MultiLineString",
        "coordinates": [
          [
            [
              114.36494845273197,
              30.534067004173348
            ],
            [
              114.36494857338812,
              30.534176316704794
            ],
            [
              114.36494859605799,
              30.534282228474783
            ],
            [
              114.3649488400329,
              30.534494752453284
            ],
            [
              114.36494896123726,
              30.53460136435629
            ],
            [
              114.36494910752377,
              30.534807886915075
            ],
            [
              114.36494914505633,
              30.5348912958756
            ],
            [
              114.36495881398206,
              30.535341472279054
            ]
          ]
        ]
      }
    },
    {
      "type": "Feature",
      "properties": {
        "osm_id": "104372410",
        "code": 5122,
        "fclass": "residential",
        "name": "星湖南路",
        "ref": null,
        "oneway": "B",
        "maxspeed": 0,
        "layer": 0,
        "bridge": "F",
        "tunnel": "F"
      },
      "geometry": {
        "type": "MultiLineString",
        "coordinates": [
          [
            [
              114.36701063707065,
              30.533073850711286
            ],
            [
              114.36697999165564,
              30.533073817291932
            ],
            [
              114.36601306773146,
              30.5330738995085
            ],
            [
              114.36595399377569,
              30.533073877652612
            ],
            [
              114.36534998356976,
              30.533073339329526
            ],
            [
              114.36526729286493,
              30.53307321515582
            ],
            [
              114.36493124024457,
              30.53307283665289
            ]
          ]
        ]
      }
    },
    {
      "type": "Feature",
      "properties": {
        "osm_id": "104474720",
        "code": 5122,
        "fclass": "residential",
        "name": "求是一路",
        "ref": null,
        "oneway": "F",
        "maxspeed": 0,
        "layer": 0,
        "bridge": "F",
        "tunnel": "F"
      },
      "geometry": {
        "type": "MultiLineString",
        "coordinates": [
          [
            [
              114.36826126653183,
              30.532938129498
            ],
            [
              114.36826137394921,
              30.533072645275183
            ]
          ]
        ]
      }
    },
    {
      "type": "Feature",
      "properties": {
        "osm_id": "104474722",
        "code": 5122,
        "fclass": "residential",
        "name": "求是二路",
        "ref": null,
        "oneway": "F",
        "maxspeed": 0,
        "layer": 0,
        "bridge": "F",
        "tunnel": "F"
      },
      "geometry": {
        "type": "MultiLineString",
        "coordinates": [
          [
            [
              114.36701063707065,
              30.533073850711286
            ],
            [
              114.36701053288476,
              30.53293473413643
            ]
          ]
        ]
      }
    },
    {
      "type": "Feature",
      "properties": {
        "osm_id": "307265578",
        "code": 5141,
        "fclass": "service",
        "name": null,
        "ref": null,
        "oneway": "B",
        "maxspeed": 0,
        "layer": 0,
        "bridge": "F",
        "tunnel": "F"
      },
      "geometry": {
        "type": "MultiLineString",
        "coordinates": [
          [
            [
              114.36602664019792,
              30.534934534289253
            ],
            [
              114.36593783009855,
              30.53493305096045
            ],
            [
              114.36581127327878,
              30.534934977040862
            ],
            [
              114.36556307775328,
              30.534936894980067
            ],
            [
              114.36523180707022,
              30.53493702568999
            ],
            [
              114.36523170349504,
              30.534808311800436
            ],
            [
              114.36523189147776,
              30.534420570647214
            ],
            [
              114.36523130851204,
              30.534396566409047
            ],
            [
              114.36572256645633,
              30.534397218332305
            ],
            [
              114.36593842906697,
              30.5343974951468
            ],
            [
              114.3659387211777,
              30.5346790260176
            ],
            [
              114.36593882394298,
              30.53480954006911
            ],
            [
              114.3659381589759,
              30.53489514767973
            ],
            [
              114.36593783009855,
              30.53493305096045
            ]
          ]
        ]
      }
    },
    {
      "type": "Feature",
      "properties": {
        "osm_id": "358205752",
        "code": 5141,
        "fclass": "service",
        "name": null,
        "ref": null,
        "oneway": "B",
        "maxspeed": 0,
        "layer": 0,
        "bridge": "F",
        "tunnel": "F"
      },
      "geometry": {
        "type": "MultiLineString",
        "coordinates": [
          [
            [
              114.3670120593801,
              30.53484854912698
            ],
            [
              114.3669770074315,
              30.53484851092489
            ],
            [
              114.36648450671366,
              30.534848449379556
            ],
            [
              114.36602239706825,
              30.534851617012162
            ]
          ]
        ]
      }
    },
    {
      "type": "Feature",
      "properties": {
        "osm_id": "489515246",
        "code": 5141,
        "fclass": "service",
        "name": "陕西路",
        "ref": null,
        "oneway": "B",
        "maxspeed": 0,
        "layer": 0,
        "bridge": "F",
        "tunnel": "F"
      },
      "geometry": {
        "type": "MultiLineString",
        "coordinates": [
          [
            [
              114.36765383731984,
              30.5326394922291
            ],
            [
              114.36777603853793,
              30.53263934107937
            ],
            [
              114.36826117058179,
              30.532638793839695
            ]
          ]
        ]
      }
    },
    {
      "type": "Feature",
      "properties": {
        "osm_id": "673284744",
        "code": 5141,
        "fclass": "service",
        "name": null,
        "ref": null,
        "oneway": "B",
        "maxspeed": 0,
        "layer": 0,
        "bridge": "F",
        "tunnel": "F"
      },
      "geometry": {
        "type": "MultiLineString",
        "coordinates": [
          [
            [
              114.36601122769288,
              30.531631716222712
            ],
            [
              114.36601121554781,
              30.531650618666
            ],
            [
              114.36601183735863,
              30.53207987514076
            ],
            [
              114.36601246354364,
              30.53264094620588
            ],
            [
              114.36601306773146,
              30.5330738995085
            ]
          ]
        ]
      }
    },
    {
      "type": "Feature",
      "properties": {
        "osm_id": "1036845861",
        "code": 5141,
        "fclass": "service",
        "name": null,
        "ref": null,
        "oneway": "B",
        "maxspeed": 0,
        "layer": 0,
        "bridge": "F",
        "tunnel": "F"
      },
      "geometry": {
        "type": "MultiLineString",
        "coordinates": [
          [
            [
              114.36523180707022,
              30.53493702568999
            ],
            [
              114.36509255795472,
              30.534938128963844
            ],
            [
              114.36509766026325,
              30.535337985402954
            ],
            [
              114.36525492906532,
              30.535336931311907
            ],
            [
              114.365559673442,
              30.535333327657384
            ],
            [
              114.36558710533627,
              30.535333194987377
            ],
            [
              114.36598999359981,
              30.535331200590747
            ],
            [
              114.36603915583693,
              30.53533080040512
            ]
          ]
        ]
      }
    },
    {
      "type": "Feature",
      "properties": {
        "osm_id": "1382895771",
        "code": 5141,
        "fclass": "service",
        "name": null,
        "ref": null,
        "oneway": "B",
        "maxspeed": 0,
        "layer": 0,
        "bridge": "F",
        "tunnel": "F"
      },
      "geometry": {
        "type": "MultiLineString",
        "coordinates": [
          [
            [
              114.36425719429282,
              30.535810348244702
            ],
            [
              114.3639178165052,
              30.53580993229746
            ],
            [
              114.3637375797639,
              30.535809588771183
            ],
            [
              114.36370005237065,
              30.535809330051144
            ]
          ]
        ]
      }
    },
    {
      "type": "Feature",
      "properties": {
        "osm_id": "1382928326",
        "code": 5141,
        "fclass": "service",
        "name": null,
        "ref": null,
        "oneway": "B",
        "maxspeed": 0,
        "layer": 0,
        "bridge": "F",
        "tunnel": "F"
      },
      "geometry": {
        "type": "MultiLineString",
        "coordinates": [
          [
            [
              114.36261106830645,
              30.534657221713186
            ],
            [
              114.36260182860366,
              30.534162017946983
            ],
            [
              114.36260862419012,
              30.533896623682338
            ]
          ]
        ]
      }
    },
    {
      "type": "Feature",
      "properties": {
        "osm_id": "1382928327",
        "code": 5141,
        "fclass": "service",
        "name": null,
        "ref": null,
        "oneway": "B",
        "maxspeed": 0,
        "layer": 0,
        "bridge": "F",
        "tunnel": "F"
      },
      "geometry": {
        "type": "MultiLineString",
        "coordinates": [
          [
            [
              114.36262709407136,
              30.533247245014756
            ],
            [
              114.36315007196663,
              30.53325787058665
            ],
            [
              114.3637863942419,
              30.53327051568949
            ],
            [
              114.36407851912624,
              30.533276192811616
            ]
          ]
        ]
      }
    },
    {
      "type": "Feature",
      "properties": {
        "osm_id": "1382928329",
        "code": 5122,
        "fclass": "residential",
        "name": null,
        "ref": null,
        "oneway": "B",
        "maxspeed": 0,
        "layer": 0,
        "bridge": "F",
        "tunnel": "F"
      },
      "geometry": {
        "type": "MultiLineString",
        "coordinates": [
          [
            [
              114.36396737266641,
              30.533070930312384
            ],
            [
              114.36397007641457,
              30.532333350365814
            ],
            [
              114.3639718801559,
              30.53202761863289
            ],
            [
              114.3639717080125,
              30.531984912444702
            ],
            [
              114.36397155350674,
              30.531915102801978
            ],
            [
              114.36397166845963,
              30.53189230030341
            ]
          ]
        ]
      }
    },
    {
      "type": "Feature",
      "properties": {
        "osm_id": "1382939840",
        "code": 5122,
        "fclass": "residential",
        "name": null,
        "ref": null,
        "oneway": "B",
        "maxspeed": 0,
        "layer": 0,
        "bridge": "F",
        "tunnel": "F"
      },
      "geometry": {
        "type": "MultiLineString",
        "coordinates": [
          [
            [
              114.36467972410333,
              30.535878739632818
            ],
            [
              114.36426444344384,
              30.53588368248634
            ]
          ]
        ]
      }
    },
    {
      "type": "Feature",
      "properties": {
        "osm_id": "1382968020",
        "code": 5141,
        "fclass": "service",
        "name": null,
        "ref": null,
        "oneway": "B",
        "maxspeed": 0,
        "layer": 0,
        "bridge": "F",
        "tunnel": "F"
      },
      "geometry": {
        "type": "MultiLineString",
        "coordinates": [
          [
            [
              114.36939721892954,
              30.534211015584464
            ],
            [
              114.36944211045257,
              30.53421036033316
            ],
            [
              114.36996771508124,
              30.534202871297598
            ]
          ]
        ]
      }
    },
    {
      "type": "Feature",
      "properties": {
        "osm_id": "1383475010",
        "code": 5122,
        "fclass": "residential",
        "name": "星湖南路",
        "ref": null,
        "oneway": "B",
        "maxspeed": 0,
        "layer": 0,
        "bridge": "F",
        "tunnel": "F"
      },
      "geometry": {
        "type": "MultiLineString",
        "coordinates": [
          [
            [
              114.36493124024457,
              30.53307283665289
            ],
            [
              114.36491212098507,
              30.533072777723056
            ],
            [
              114.3642289888176,
              30.533069042367107
            ]
          ]
        ]
      }
    },
    {
      "type": "Feature",
      "properties": {
        "osm_id": "1383475027",
        "code": 5122,
        "fclass": "residential",
        "name": "星湖南路",
        "ref": null,
        "oneway": "B",
        "maxspeed": 0,
        "layer": 0,
        "bridge": "F",
        "tunnel": "F"
      },
      "geometry": {
        "type": "MultiLineString",
        "coordinates": [
          [
            [
              114.36925724744391,
              30.533071848222264
            ],
            [
              114.36918249905158,
              30.53307202586497
            ],
            [
              114.36877801810913,
              30.533072353654415
            ],
            [
              114.36826137394921,
              30.533072645275183
            ]
          ]
        ]
      }
    },
    {
      "type": "Feature",
      "properties": {
        "osm_id": "1383475501",
        "code": 5122,
        "fclass": "residential",
        "name": "星湖南路",
        "ref": null,
        "oneway": "B",
        "maxspeed": 0,
        "layer": 0,
        "bridge": "F",
        "tunnel": "F"
      },
      "geometry": {
        "type": "MultiLineString",
        "coordinates": [
          [
            [
              114.36826137394921,
              30.533072645275183
            ],
            [
              114.36796055092168,
              30.533074139405848
            ],
            [
              114.36765414000895,
              30.53307444415253
            ],
            [
              114.36727163217613,
              30.533074598828
            ],
            [
              114.36701063707065,
              30.533073850711286
            ]
          ]
        ]
      }
    },
    {
      "type": "Feature",
      "properties": {
        "osm_id": "1383484209",
        "code": 5141,
        "fclass": "service",
        "name": null,
        "ref": null,
        "oneway": "B",
        "maxspeed": 0,
        "layer": 0,
        "bridge": "F",
        "tunnel": "F"
      },
      "geometry": {
        "type": "MultiLineString",
        "coordinates": [
          [
            [
              114.36370005237065,
              30.535809330051144
            ],
            [
              114.36335601733087,
              30.535805512423195
            ]
          ]
        ]
      }
    },
    {
      "type": "Feature",
      "properties": {
        "osm_id": "1387514498",
        "code": 5141,
        "fclass": "service",
        "name": null,
        "ref": null,
        "oneway": "B",
        "maxspeed": 0,
        "layer": 0,
        "bridge": "F",
        "tunnel": "F"
      },
      "geometry": {
        "type": "MultiLineString",
        "coordinates": [
          [
            [
              114.36487187366419,
              30.536182788142998
            ],
            [
              114.36493256893073,
              30.53588374679088
            ]
          ]
        ]
      }
    },
    {
      "type": "Feature",
      "properties": {
        "osm_id": "1389536015",
        "code": 5141,
        "fclass": "service",
        "name": null,
        "ref": null,
        "oneway": "B",
        "maxspeed": 0,
        "layer": 0,
        "bridge": "F",
        "tunnel": "F"
      },
      "geometry": {
        "type": "MultiLineString",
        "coordinates": [
          [
            [
              114.36838110069488,
              30.532013695306517
            ],
            [
              114.3683792747775,
              30.53189518078873
            ],
            [
              114.36826056229661,
              30.531896602221302
            ]
          ]
        ]
      }
    },
    {
      "type": "Feature",
      "properties": {
        "osm_id": "1397459407",
        "code": 5141,
        "fclass": "service",
        "name": null,
        "ref": null,
        "oneway": "B",
        "maxspeed": 0,
        "layer": 0,
        "bridge": "F",
        "tunnel": "F"
      },
      "geometry": {
        "type": "MultiLineString",
        "coordinates": [
          [
            [
              114.36927982898493,
              30.534009829112744
            ],
            [
              114.36928199216946,
              30.533788902535413
            ],
            [
              114.36928285660244,
              30.53370109186168
            ]
          ]
        ]
      }
    },
    {
      "type": "Feature",
      "properties": {
        "osm_id": "1441555684",
        "code": 5141,
        "fclass": "service",
        "name": null,
        "ref": null,
        "oneway": "B",
        "maxspeed": 0,
        "layer": 0,
        "bridge": "F",
        "tunnel": "F"
      },
      "geometry": {
        "type": "MultiLineString",
        "coordinates": [
          [
            [
              114.36260862419012,
              30.533896623682338
            ],
            [
              114.36261645016215,
              30.533586029007257
            ],
            [
              114.36262709407136,
              30.533247245014756
            ]
          ]
        ]
      }
    },
    {
      "type": "Feature",
      "properties": {
        "osm_id": "1441555687",
        "code": 5141,
        "fclass": "service",
        "name": null,
        "ref": null,
        "oneway": "B",
        "maxspeed": 0,
        "layer": 0,
        "bridge": "F",
        "tunnel": "F"
      },
      "geometry": {
        "type": "MultiLineString",
        "coordinates": [
          [
            [
              114.36134375525921,
              30.53353275020224
            ],
            [
              114.36165152128228,
              30.53353999679734
            ],
            [
              114.3618388731599,
              30.533542638387846
            ],
            [
              114.36187898375198,
              30.53354537879235
            ]
          ]
        ]
      }
    },
    {
      "type": "Feature",
      "properties": {
        "osm_id": "1441621542",
        "code": 5141,
        "fclass": "service",
        "name": null,
        "ref": null,
        "oneway": "B",
        "maxspeed": 0,
        "layer": 0,
        "bridge": "F",
        "tunnel": "F"
      },
      "geometry": {
        "type": "MultiLineString",
        "coordinates": [
          [
            [
              114.36593842906697,
              30.5343974951468
            ],
            [
              114.36601502616294,
              30.53439575337978
            ]
          ]
        ]
      }
    },
    {
      "type": "Feature",
      "properties": {
        "osm_id": "1443127359",
        "code": 5122,
        "fclass": "residential",
        "name": "星湖二路",
        "ref": null,
        "oneway": "B",
        "maxspeed": 0,
        "layer": 0,
        "bridge": "F",
        "tunnel": "F"
      },
      "geometry": {
        "type": "MultiLineString",
        "coordinates": [
          [
            [
              114.36495881398206,
              30.535341472279054
            ],
            [
              114.36493281984757,
              30.53543000188383
            ],
            [
              114.36493238573298,
              30.535473905029246
            ],
            [
              114.36493331561209,
              30.535566317267712
            ],
            [
              114.36493134260395,
              30.535787433441104
            ],
            [
              114.36493256893073,
              30.53588374679088
            ]
          ]
        ]
      }
    },
    {
      "type": "Feature",
      "properties": {
        "osm_id": "1443127360",
        "code": 5141,
        "fclass": "service",
        "name": null,
        "ref": null,
        "oneway": "B",
        "maxspeed": 0,
        "layer": 0,
        "bridge": "F",
        "tunnel": "F"
      },
      "geometry": {
        "type": "MultiLineString",
        "coordinates": [
          [
            [
              114.36495881398206,
              30.535341472279054
            ],
            [
              114.36502117718848,
              30.535342460383085
            ]
          ]
        ]
      }
    },
    {
      "type": "Feature",
      "properties": {
        "osm_id": "1443127370",
        "code": 5141,
        "fclass": "service",
        "name": null,
        "ref": null,
        "oneway": "B",
        "maxspeed": 0,
        "layer": 0,
        "bridge": "F",
        "tunnel": "F"
      },
      "geometry": {
        "type": "MultiLineString",
        "coordinates": [
          [
            [
              114.36603930911801,
              30.535910058639786
            ],
            [
              114.36619010239353,
              30.535910250358537
            ]
          ]
        ]
      }
    },
    {
      "type": "Feature",
      "properties": {
        "osm_id": "1443127386",
        "code": 5122,
        "fclass": "residential",
        "name": "星湖一路",
        "ref": null,
        "oneway": "B",
        "maxspeed": 0,
        "layer": 0,
        "bridge": "F",
        "tunnel": "F"
      },
      "geometry": {
        "type": "MultiLineString",
        "coordinates": [
          [
            [
              114.36603907986179,
              30.535167683541292
            ],
            [
              114.36603905051957,
              30.53520628745355
            ],
            [
              114.36603915583693,
              30.53533080040512
            ],
            [
              114.36603987926134,
              30.535562325272174
            ],
            [
              114.3660395403199,
              30.53574164248588
            ],
            [
              114.36603930911801,
              30.535910058639786
            ],
            [
              114.36603923522044,
              30.536004567738136
            ],
            [
              114.36603933294526,
              30.536135180621308
            ]
          ]
        ]
      }
    },
    {
      "type": "Feature",
      "properties": {
        "osm_id": "1443528363",
        "code": 5141,
        "fclass": "service",
        "name": null,
        "ref": null,
        "oneway": "B",
        "maxspeed": 0,
        "layer": 0,
        "bridge": "F",
        "tunnel": "F"
      },
      "geometry": {
        "type": "MultiLineString",
        "coordinates": [
          [
            [
              114.368961024644,
              30.533701896314756
            ],
            [
              114.36896066051516,
              30.533790706459566
            ],
            [
              114.3689620053778,
              30.534010029474867
            ]
          ]
        ]
      }
    },
    {
      "type": "Feature",
      "properties": {
        "osm_id": "1471868919",
        "code": 5141,
        "fclass": "service",
        "name": null,
        "ref": null,
        "oneway": "B",
        "maxspeed": 0,
        "layer": 0,
        "bridge": "F",
        "tunnel": "F"
      },
      "geometry": {
        "type": "MultiLineString",
        "coordinates": [
          [
            [
              114.36896066051516,
              30.533790706459566
            ],
            [
              114.36917447825876,
              30.53378951516469
            ],
            [
              114.36928199216946,
              30.533788902535413
            ]
          ]
        ]
      }
    },
    {
      "type": "Feature",
      "properties": {
        "osm_id": "1471868924",
        "code": 5141,
        "fclass": "service",
        "name": null,
        "ref": null,
        "oneway": "B",
        "maxspeed": 0,
        "layer": 0,
        "bridge": "F",
        "tunnel": "F"
      },
      "geometry": {
        "type": "MultiLineString",
        "coordinates": [
          [
            [
              114.36917534288823,
              30.53370140453885
            ],
            [
              114.36917447825876,
              30.53378951516469
            ],
            [
              114.36917231548072,
              30.534009941483625
            ]
          ]
        ]
      }
    },
    {
      "type": "Feature",
      "properties": {
        "osm_id": "1471868925",
        "code": 5141,
        "fclass": "service",
        "name": null,
        "ref": null,
        "oneway": "B",
        "maxspeed": 0,
        "layer": 0,
        "bridge": "F",
        "tunnel": "F"
      },
      "geometry": {
        "type": "MultiLineString",
        "coordinates": [
          [
            [
              114.3689620053778,
              30.534010029474867
            ],
            [
              114.36917231548072,
              30.534009941483625
            ],
            [
              114.36927982898493,
              30.534009829112744
            ],
            [
              114.36938674385641,
              30.534009706468893
            ]
          ]
        ]
      }
    },
    {
      "type": "Feature",
      "properties": {
        "osm_id": "1473497652",
        "code": 5122,
        "fclass": "residential",
        "name": "星湖三路",
        "ref": null,
        "oneway": "B",
        "maxspeed": 0,
        "layer": 0,
        "bridge": "F",
        "tunnel": "F"
      },
      "geometry": {
        "type": "MultiLineString",
        "coordinates": [
          [
            [
              114.3642040814481,
              30.535509719125454
            ],
            [
              114.3642544036419,
              30.535795236357018
            ],
            [
              114.36425719429282,
              30.535810348244702
            ],
            [
              114.36426444344384,
              30.53588368248634
            ]
          ]
        ]
      }
    },
    {
      "type": "Feature",
      "properties": {
        "osm_id": "1480400142",
        "code": 5122,
        "fclass": "residential",
        "name": "回归路",
        "ref": null,
        "oneway": "B",
        "maxspeed": 0,
        "layer": 0,
        "bridge": "F",
        "tunnel": "F"
      },
      "geometry": {
        "type": "MultiLineString",
        "coordinates": [
          [
            [
              114.36938302909903,
              30.53317371738938
            ],
            [
              114.3693298743354,
              30.53309837078932
            ],
            [
              114.36930684495671,
              30.533074094046363
            ],
            [
              114.36925724744391,
              30.533071848222264
            ]
          ]
        ]
      }
    },
    {
      "type": "Feature",
      "properties": {
        "osm_id": "1480419200",
        "code": 5141,
        "fclass": "service",
        "name": null,
        "ref": null,
        "oneway": "F",
        "maxspeed": 0,
        "layer": 0,
        "bridge": "F",
        "tunnel": "F"
      },
      "geometry": {
        "type": "MultiLineString",
        "coordinates": [
          [
            [
              114.36388208098872,
              30.531919042419112
            ],
            [
              114.36388142207589,
              30.532008351275426
            ],
            [
              114.36388119413391,
              30.53205065578987
            ],
            [
              114.3638736266011,
              30.53317586425359
            ]
          ]
        ]
      }
    },
    {
      "type": "Feature",
      "properties": {
        "osm_id": "1480437157",
        "code": 5141,
        "fclass": "service",
        "name": null,
        "ref": null,
        "oneway": "B",
        "maxspeed": 0,
        "layer": 0,
        "bridge": "F",
        "tunnel": "F"
      },
      "geometry": {
        "type": "MultiLineString",
        "coordinates": [
          [
            [
              114.361366296495,
              30.533196155439892
            ],
            [
              114.36180159848686,
              30.533206273831645
            ],
            [
              114.36189212509709,
              30.533208316965187
            ]
          ]
        ]
      }
    },
    {
      "type": "Feature",
      "properties": {
        "osm_id": "1481020752",
        "code": 5122,
        "fclass": "residential",
        "name": "求是大道",
        "ref": null,
        "oneway": "B",
        "maxspeed": 0,
        "layer": 0,
        "bridge": "F",
        "tunnel": "F"
      },
      "geometry": {
        "type": "MultiLineString",
        "coordinates": [
          [
            [
              114.36493256893073,
              30.53588374679088
            ],
            [
              114.36467972410333,
              30.535878739632818
            ]
          ]
        ]
      }
    }
  ]
}