{
  "type": "FeatureCollection",
  "name": "WHUInfo_Roads",
  "crs": {
    "type": "name",
    "properties": {
      "name": "urn:ogc:def:crs:OGC:1.3:CRS84"
    }
  },
  "features": [
    {
      "type": "Feature",
      "properties": {
        "osm_id": "112939112",
        "code": 5112,
        "fclass": "trunk",
        "name": "珞喻路",
        "ref": "G316",
        "oneway": "F",
        "maxspeed": 40,
        "layer": 0,
        "bridge": "F",
        "tunnel": "F"
      },
      "geometry": {
        "type": "MultiLineString",
        "coordinates": [
          [
            [
              114.36446165378095,
              30.53162960689574
            ],
            [
              114.36176614549365,
              30.532391258248484
            ],
            [
              114.36024637452888,
              30.53281481251102
            ]
          ]
        ]
      }
    },
    {
      "type": "Feature",
      "properties": {
        "osm_id": "112941282",
        "code": 5113,
        "fclass": "primary",
        "name": null,
        "ref": null,
        "oneway": "F",
        "maxspeed": 30,
        "layer": 0,
        "bridge": "F",
        "tunnel": "F"
      },
      "geometry": {
        "type": "MultiLineString",
        "coordinates": [
          [
            [
              114.36885880523995,
              30.53021775893924
            ],
            [
              114.36863811413018,
              30.530339180022068
            ],
            [
              114.36828637163944,
              30.530514715067557
            ],
            [
              114.36796883058,
              30.53066263369651
            ],
            [
              114.36789047667673,
              30.530697623209008
            ],
            [
              114.36768477896068,
              30.530789567649773
            ],
            [
              114.3676244641446,
              30.530816443644426
            ],
            [
              114.36734315409359,
              30.530917482211354
            ],
            [
              114.36708370473389,
              30.531001764723293
            ],
            [
              114.36676617279137,
              30.53110881103027
            ],
            [
              114.36648152285177,
              30.531192309884858
            ],
            [
              114.36617796581507,
              30.53127699567466
            ],
            [
              114.36575366349318,
              30.53139262812535
            ],
            [
              114.36443854986003,
              30.53175864216837
            ],
            [
              114.36397166845963,
              30.53189230030341
            ],
            [
              114.36391301127291,
              30.531909366786884
            ]
          ]
        ]
      }
    },
    {
      "type": "Feature",
      "properties": {
        "osm_id": "122744425",
        "code": 5141,
        "fclass": "service",
        "name": null,
        "ref": null,
        "oneway": "B",
        "maxspeed": 0,
        "layer": 0,
        "bridge": "F",
        "tunnel": "F"
      },
      "geometry": {
        "type": "MultiLineString",
        "coordinates": [
          [
            [
              114.36587490665713,
              30.531712040062175
            ],
            [
              114.36587596586132,
              30.531777250819445
            ],
            [
              114.36587689312952,
              30.53219580626158
            ],
            [
              114.36587487734599,
              30.532215904421843
            ],
            [
              114.36587126131312,
              30.532233398774693
            ],
            [
              114.36586334093492,
              30.532249483566286
            ],
            [
              114.36585302028851,
              30.532261562542924
            ],
            [
              114.36584059896339,
              30.532270836444127
            ],
            [
              114.36581956774938,
              30.532279291008454
            ],
            [
              114.3657910285667,
              30.532286228104944
            ],
            [
              114.36576389364957,
              30.53228956716335
            ],
            [
              114.36427706150555,
              30.53228642500302
            ],
            [
              114.36423682864415,
              30.53228397509324
            ],
            [
              114.36421551469994,
              30.532277694420454
            ],
            [
              114.364196805908,
              30.532267122610634
            ],
            [
              114.36418030309149,
              30.532250458060656
            ],
            [
              114.36403063842027,
              30.532010349242405
            ],
            [
              114.36400824407808,
              30.531974256239348
            ],
            [
              114.36397155350674,
              30.531915102801978
            ]
          ]
        ]
      }
    },
    {
      "type": "Feature",
      "properties": {
        "osm_id": "953298308",
        "code": 5152,
        "fclass": "cycleway",
        "name": null,
        "ref": null,
        "oneway": "B",
        "maxspeed": 0,
        "layer": 0,
        "bridge": "F",
        "tunnel": "F"
      },
      "geometry": {
        "type": "MultiLineString",
        "coordinates": [
          [
            [
              114.36388119413391,
              30.53205065578987
            ],
            [
              114.3639718801559,
              30.53202761863289
            ],
            [
              114.36403063842027,
              30.532010349242405
            ],
            [
              114.36419990944027,
              30.531962395399095
            ],
            [
              114.36579714324208,
              30.53150704170724
            ]
          ]
        ]
      }
    },
    {
      "type": "Feature",
      "properties": {
        "osm_id": "1279001413",
        "code": 5132,
        "fclass": "trunk_link",
        "name": "珞喻路",
        "ref": null,
        "oneway": "F",
        "maxspeed": 40,
        "layer": 0,
        "bridge": "F",
        "tunnel": "F"
      },
      "geometry": {
        "type": "MultiLineString",
        "coordinates": [
          [
            [
              114.36446165378095,
              30.53162960689574
            ],
            [
              114.36391301127291,
              30.531909366786884
            ]
          ]
        ]
      }
    },
    {
      "type": "Feature",
      "properties": {
        "osm_id": "1480419216",
        "code": 5124,
        "fclass": "pedestrian",
        "name": null,
        "ref": null,
        "oneway": "B",
        "maxspeed": 0,
        "layer": 0,
        "bridge": "F",
        "tunnel": "F"
      },
      "geometry": {
        "type": "MultiLineString",
        "coordinates": [
          [
            [
              114.3642364703249,
              30.532220765754836
            ],
            [
              114.36414824570872,
              30.531993603219153
            ],
            [
              114.36420520408723,
              30.53197741729999
            ],
            [
              114.36571792366375,
              30.53154546607384
            ],
            [
              114.36574291240908,
              30.531609732161392
            ],
            [
              114.36574980924935,
              30.53162755029958
            ],
            [
              114.3657354895019,
              30.531631617965495
            ],
            [
              114.36557096569013,
              30.531678732385327
            ],
            [
              114.36525595433318,
              30.531768721557057
            ],
            [
              114.36495247925227,
              30.531855350354952
            ],
            [
              114.36478067617163,
              30.53190431799803
            ],
            [
              114.36462119359888,
              30.531949798515953
            ],
            [
              114.36452798955351,
              30.53197638365076
            ],
            [
              114.36429503812016,
              30.532042760340744
            ],
            [
              114.36435139146745,
              30.532188084872512
            ],
            [
              114.3642364703249,
              30.532220765754836
            ]
          ]
        ]
      }
    },
    {
      "type": "Feature",
      "properties": {
        "osm_id": "1480419217",
        "code": 5153,
        "fclass": "footway",
        "name": null,
        "ref": null,
        "oneway": "B",
        "maxspeed": 0,
        "layer": 0,
        "bridge": "F",
        "tunnel": "F"
      },
      "geometry": {
        "type": "MultiLineString",
        "coordinates": [
          [
            [
              114.36419990944027,
              30.531962395399095
            ],
            [
              114.36420520408723,
              30.53197741729999
            ],
            [
              114.36423268169759,
              30.532047129438688
            ],
            [
              114.36574291240908,
              30.531609732161392
            ],
            [
              114.36582682928321,
              30.531585318163128
            ]
          ]
        ]
      }
    },
    {
      "type": "Feature",
      "properties": {
        "osm_id": "100305694",
        "code": 5113,
        "fclass": "primary",
        "name": "珞狮路",
        "ref": null,
        "oneway": "F",
        "maxspeed": 0,
        "layer": 0,
        "bridge": "F",
        "tunnel": "F"
      },
      "geometry": {
        "type": "MultiLineString",
        "coordinates": [
          [
            [
              114.36006208248389,
              30.53339699074918
            ],
            [
              114.36055471721514,
              30.534703795501752
            ],
            [
              114.36088769194868,
              30.535553330495095
            ],
            [
              114.36099837754182,
              30.535845317173134
            ]
          ]
        ]
      }
    },
    {
      "type": "Feature",
      "properties": {
        "osm_id": "100305700",
        "code": 5113,
        "fclass": "primary",
        "name": "珞喻路",
        "ref": null,
        "oneway": "F",
        "maxspeed": 40,
        "layer": 0,
        "bridge": "F",
        "tunnel": "F"
      },
      "geometry": {
        "type": "MultiLineString",
        "coordinates": [
          [
            [
              114.36391301127291,
              30.531909366786884
            ],
            [
              114.36388208098872,
              30.531919042419112
            ],
            [
              114.36238360155623,
              30.532341623393094
            ],
            [
              114.36169522028047,
              30.532547544949452
            ],
            [
              114.36075927628208,
              30.53281882674823
            ],
            [
              114.3603787917145,
              30.532928908510623
            ],
            [
              114.36029267900571,
              30.532950874549815
            ],
            [
              114.36006565169788,
              30.5330110710442
            ],
            [
              114.35993014080573,
              30.533046931884012
            ]
          ]
        ]
      }
    },
    {
      "type": "Feature",
      "properties": {
        "osm_id": "103755064",
        "code": 5112,
        "fclass": "trunk",
        "name": "二环线",
        "ref": null,
        "oneway": "F",
        "maxspeed": 60,
        "layer": 1,
        "bridge": "T",
        "tunnel": "F"
      },
      "geometry": {
        "type": "MultiLineString",
        "coordinates": [
          [
            [
              114.35971418018525,
              30.53271354609918
            ],
            [
              114.36034229416363,
              30.534330605365085
            ],
            [
              114.36053232999893,
              30.534819847032267
            ],
            [
              114.36061146743957,
              30.535038338709473
            ]
          ]
        ]
      }
    },
    {
      "type": "Feature",
      "properties": {
        "osm_id": "953298310",
        "code": 5152,
        "fclass": "cycleway",
        "name": null,
        "ref": null,
        "oneway": "B",
        "maxspeed": 0,
        "layer": 0,
        "bridge": "F",
        "tunnel": "F"
      },
      "geometry": {
        "type": "MultiLineString",
        "coordinates": [
          [
            [
              114.36165281288136,
              30.53733670356291
            ],
            [
              114.36143072615829,
              30.536760454386553
            ],
            [
              114.36110942854056,
              30.53592697308723
            ],
            [
              114.36067617015085,
              30.534772369770437
            ],
            [
              114.36016406699764,
              30.53340776673309
            ]
          ]
        ]
      }
    },
    {
      "type": "Feature",
      "properties": {
        "osm_id": "1279001408",
        "code": 5133,
        "fclass": "primary_link",
        "name": null,
        "ref": null,
        "oneway": "F",
        "maxspeed": 0,
        "layer": 0,
        "bridge": "F",
        "tunnel": "F"
      },
      "geometry": {
        "type": "MultiLineString",
        "coordinates": [
          [
            [
              114.3603787917145,
              30.532928908510623
            ],
            [
              114.36023022079544,
              30.533039119405707
            ],
            [
              114.36018759574415,
              30.533078704187922
            ],
            [
              114.3601576693332,
              30.533119483472635
            ],
            [
              114.36014485678338,
              30.533138788949515
            ],
            [
              114.36012994219237,
              30.533161278729487
            ],
            [
              114.36010571346871,
              30.53320510012534
            ],
            [
              114.36009268675832,
              30.53324480583237
            ],
            [
              114.36006208248389,
              30.53339699074918
            ]
          ]
        ]
      }
    },
    {
      "type": "Feature",
      "properties": {
        "osm_id": "1480437152",
        "code": 5152,
        "fclass": "cycleway",
        "name": null,
        "ref": null,
        "oneway": "B",
        "maxspeed": 0,
        "layer": 0,
        "bridge": "F",
        "tunnel": "F"
      },
      "geometry": {
        "type": "MultiLineString",
        "coordinates": [
          [
            [
              114.36400824407808,
              30.531974256239348
            ],
            [
              114.3639717080125,
              30.531984912444702
            ],
            [
              114.36388142207589,
              30.532008351275426
            ],
            [
              114.36172837070204,
              30.53263445885093
            ],
            [
              114.36132219423291,
              30.53275221586172
            ],
            [
              114.36079521991118,
              30.532904588583925
            ],
            [
              114.36040202553684,
              30.533024190876162
            ]
          ]
        ]
      }
    },
    {
      "type": "Feature",
      "properties": {
        "osm_id": "1480437173",
        "code": 5141,
        "fclass": "service",
        "name": null,
        "ref": null,
        "oneway": "B",
        "maxspeed": 0,
        "layer": 0,
        "bridge": "F",
        "tunnel": "F"
      },
      "geometry": {
        "type": "MultiLineString",
        "coordinates": [
          [
            [
              114.36115382179986,
              30.533105554239384
            ],
            [
              114.36093879529987,
              30.53324692196344
            ],
            [
              114.36079521991118,
              30.532904588583925
            ],
            [
              114.36075927628208,
              30.53281882674823
            ]
          ]
        ]
      }
    },
    {
      "type": "Feature",
      "properties": {
        "osm_id": "1480437174",
        "code": 5152,
        "fclass": "cycleway",
        "name": null,
        "ref": null,
        "oneway": "B",
        "maxspeed": 0,
        "layer": 0,
        "bridge": "F",
        "tunnel": "F"
      },
      "geometry": {
        "type": "MultiLineString",
        "coordinates": [
          [
            [
              114.36040202553684,
              30.533024190876162
            ],
            [
              114.36034290658826,
              30.533053259336146
            ],
            [
              114.36030478971419,
              30.533079280298413
            ],
            [
              114.3602608650819,
              30.533117258072558
            ],
            [
              114.36023124612693,
              30.5331465402414
            ],
            [
              114.3602051239786,
              30.533180348431806
            ],
            [
              114.36018239668026,
              30.53322138245033
            ],
            [
              114.36017167607856,
              30.5332518053312
            ],
            [
              114.36016035186856,
              30.5332874241706
            ],
            [
              114.36015411771007,
              30.533336683017072
            ],
            [
              114.36015489507213,
              30.533368792762598
            ],
            [
              114.36016406699764,
              30.53340776673309
            ]
          ]
        ]
      }
    },
    {
      "type": "Feature",
      "properties": {
        "osm_id": "1480437175",
        "code": 5153,
        "fclass": "footway",
        "name": null,
        "ref": null,
        "oneway": "B",
        "maxspeed": 0,
        "layer": 0,
        "bridge": "F",
        "tunnel": "F"
      },
      "geometry": {
        "type": "MultiLineString",
        "coordinates": [
          [
            [
              114.3602051239786,
              30.533180348431806
            ],
            [
              114.36014485678338,
              30.533138788949515
            ],
            [
              114.36010387955375,
              30.533110474630874
            ],
            [
              114.36006565169788,
              30.5330110710442
            ],
            [
              114.35995017006304,
              30.53271004528755
            ],
            [
              114.35992607429797,
              30.532647119930637
            ]
          ]
        ]
      }
    },
    {
      "type": "Feature",
      "properties": {
        "osm_id": "953298311",
        "code": 5152,
        "fclass": "cycleway",
        "name": null,
        "ref": null,
        "oneway": "B",
        "maxspeed": 0,
        "layer": 0,
        "bridge": "F",
        "tunnel": "F"
      },
      "geometry": {
        "type": "MultiLineString",
        "coordinates": [
          [
            [
              114.36578025111197,
              30.531462597811196
            ],
            [
              114.3667919716227,
              30.531170052795524
            ],
            [
              114.36695614441754,
              30.531115543834822
            ],
            [
              114.36737316151122,
              30.530981713246593
            ],
            [
              114.3675593949,
              30.530920924119997
            ],
            [
              114.3676241125267,
              30.530899854860348
            ],
            [
              114.36768442349681,
              30.530879379774273
            ],
            [
              114.36776628120123,
              30.530842106710132
            ],
            [
              114.36793541127311,
              30.53076574207635
            ],
            [
              114.36804452924484,
              30.530713649938317
            ],
            [
              114.3682642759763,
              30.53060883112829
            ],
            [
              114.36858855428459,
              30.530454118854593
            ],
            [
              114.36868435910534,
              30.530408266405846
            ],
            [
              114.36884911865077,
              30.530324855046178
            ],
            [
              114.36890823662553,
              30.530316011735433
            ],
            [
              114.36890875672348,
              30.53031571729714
            ]
          ]
        ]
      }
    },
    {
      "type": "Feature",
      "properties": {
        "osm_id": "243164210",
        "code": 5114,
        "fclass": "secondary",
        "name": "八一路",
        "ref": null,
        "oneway": "F",
        "maxspeed": 50,
        "layer": 0,
        "bridge": "F",
        "tunnel": "F"
      },
      "geometry": {
        "type": "MultiLineString",
        "coordinates": [
          [
            [
              114.37163982067933,
              30.53655226260601
            ],
            [
              114.37161274534024,
              30.536561552879782
            ],
            [
              114.37123621382075,
              30.53669053773298
            ],
            [
              114.36963348033575,
              30.53721729423088
            ]
          ]
        ]
      }
    },
    {
      "type": "Feature",
      "properties": {
        "osm_id": "415176586",
        "code": 5122,
        "fclass": "residential",
        "name": null,
        "ref": null,
        "oneway": "T",
        "maxspeed": 30,
        "layer": 0,
        "bridge": "F",
        "tunnel": "F"
      },
      "geometry": {
        "type": "MultiLineString",
        "coordinates": [
          [
            [
              114.36949180136503,
              30.537078075738588
            ],
            [
              114.36958759937473,
              30.537322868242995
            ],
            [
              114.36959761249774,
              30.537332155070803
            ],
            [
              114.36961283987128,
              30.537337234072393
            ],
            [
              114.36962075710285,
              30.537336222751204
            ],
            [
              114.3706952178255,
              30.536958616014793
            ],
            [
              114.37083448493742,
              30.536904662970628
            ],
            [
              114.3710575892555,
              30.536808758717847
            ],
            [
              114.37123621382075,
              30.53669053773298
            ]
          ]
        ]
      }
    },
    {
      "type": "Feature",
      "properties": {
        "osm_id": "558269480",
        "code": 5153,
        "fclass": "footway",
        "name": null,
        "ref": null,
        "oneway": "B",
        "maxspeed": 0,
        "layer": 1,
        "bridge": "T",
        "tunnel": "F"
      },
      "geometry": {
        "type": "MultiLineString",
        "coordinates": [
          [
            [
              114.37144507277385,
              30.536756008942298
            ],
            [
              114.37131299671452,
              30.536444387094832
            ]
          ]
        ]
      }
    },
    {
      "type": "Feature",
      "properties": {
        "osm_id": "558269482",
        "code": 5155,
        "fclass": "steps",
        "name": null,
        "ref": null,
        "oneway": "B",
        "maxspeed": 0,
        "layer": 0,
        "bridge": "T",
        "tunnel": "F"
      },
      "geometry": {
        "type": "MultiLineString",
        "coordinates": [
          [
            [
              114.37144507277385,
              30.536756008942298
            ],
            [
              114.3713913261332,
              30.53677367768579
            ],
            [
              114.37121184091637,
              30.536832621723054
            ]
          ]
        ]
      }
    },
    {
      "type": "Feature",
      "properties": {
        "osm_id": "1479939762",
        "code": 5155,
        "fclass": "steps",
        "name": null,
        "ref": null,
        "oneway": "B",
        "maxspeed": 0,
        "layer": 0,
        "bridge": "T",
        "tunnel": "F"
      },
      "geometry": {
        "type": "MultiLineString",
        "coordinates": [
          [
            [
              114.37163639967955,
              30.5366931864894
            ],
            [
              114.37144507277385,
              30.536756008942298
            ]
          ]
        ]
      }
    },
    {
      "type": "Feature",
      "properties": {
        "osm_id": "1480167617",
        "code": 5152,
        "fclass": "cycleway",
        "name": null,
        "ref": null,
        "oneway": "B",
        "maxspeed": 0,
        "layer": 0,
        "bridge": "F",
        "tunnel": "F"
      },
      "geometry": {
        "type": "MultiLineString",
        "coordinates": [
          [
            [
              114.36958453385668,
              30.537395378779664
            ],
            [
              114.37089128669385,
              30.536943719130566
            ],
            [
              114.37096227888948,
              30.536913028125507
            ],
            [
              114.37113866709005,
              30.53682923249246
            ],
            [
              114.37119562614058,
              30.536802166237415
            ],
            [
              114.37165597995295,
              30.53665431799538
            ]
          ]
        ]
      }
    },
    {
      "type": "Feature",
      "properties": {
        "osm_id": "1480167618",
        "code": 5153,
        "fclass": "footway",
        "name": null,
        "ref": null,
        "oneway": "B",
        "maxspeed": 0,
        "layer": 0,
        "bridge": "F",
        "tunnel": "F"
      },
      "geometry": {
        "type": "MultiLineString",
        "coordinates": [
          [
            [
              114.36959143528956,
              30.537411070529995
            ],
            [
              114.3702960364428,
              30.53717753263945
            ],
            [
              114.37105039907263,
              30.536928523872405
            ]
          ],
          [
            [
              114.37116349985342,
              30.53688501710566
            ],
            [
              114.3711491733528,
              30.53685290458079
            ],
            [
              114.37113866709005,
              30.53682923249246
            ]
          ]
        ]
      }
    },
    {
      "type": "Feature",
      "properties": {
        "osm_id": "1480167619",
        "code": 5153,
        "fclass": "footway",
        "name": null,
        "ref": null,
        "oneway": "B",
        "maxspeed": 0,
        "layer": 0,
        "bridge": "F",
        "tunnel": "F"
      },
      "geometry": {
        "type": "MultiLineString",
        "coordinates": [
          [
            [
              114.37121184091637,
              30.536832621723054
            ],
            [
              114.3711491733528,
              30.53685290458079
            ]
          ]
        ]
      }
    },
    {
      "type": "Feature",
      "properties": {
        "osm_id": "312772215",
        "code": 5152,
        "fclass": "cycleway",
        "name": null,
        "ref": null,
        "oneway": "B",
        "maxspeed": 0,
        "layer": 0,
        "bridge": "F",
        "tunnel": "F"
      },
      "geometry": {
        "type": "MultiLineString",
        "coordinates": [
          [
            [
              114.36501955297977,
              30.539181606616236
            ],
            [
              114.36514062741057,
              30.539125956202685
            ],
            [
              114.36540813300552,
              30.53899297790998
            ],
            [
              114.36548785694777,
              30.538953379716137
            ],
            [
              114.36621785165667,
              30.538598044251707
            ],
            [
              114.36630400050271,
              30.53855609509924
            ],
            [
              114.36669938094558,
              30.53839199828323
            ],
            [
              114.36696395351687,
              30.538284918229
            ],
            [
              114.36697996552518,
              30.538298837148847
            ],
            [
              114.36702324434542,
              30.538281482432822
            ],
            [
              114.36709798149093,
              30.538251456390935
            ],
            [
              114.3671647722186,
              30.538263921251403
            ],
            [
              114.36806129094091,
              30.53794843684195
            ],
            [
              114.36809017271848,
              30.537910035020708
            ],
            [
              114.36829619685308,
              30.53783441569354
            ],
            [
              114.36923022140678,
              30.537511021085255
            ],
            [
              114.36951898524192,
              30.53741216919542
            ]
          ]
        ]
      }
    },
    {
      "type": "Feature",
      "properties": {
        "osm_id": "402823351",
        "code": 5153,
        "fclass": "footway",
        "name": null,
        "ref": null,
        "oneway": "B",
        "maxspeed": 0,
        "layer": 0,
        "bridge": "F",
        "tunnel": "F"
      },
      "geometry": {
        "type": "MultiLineString",
        "coordinates": [
          [
            [
              114.36826117058179,
              30.532638793839695
            ],
            [
              114.36828922029221,
              30.532638790002366
            ],
            [
              114.36867752700847,
              30.532638159525455
            ],
            [
              114.36871890427817,
              30.532638137135624
            ]
          ]
        ]
      }
    },
    {
      "type": "Feature",
      "properties": {
        "osm_id": "1397459409",
        "code": 5153,
        "fclass": "footway",
        "name": null,
        "ref": null,
        "oneway": "B",
        "maxspeed": 0,
        "layer": 0,
        "bridge": "F",
        "tunnel": "F"
      },
      "geometry": {
        "type": "MultiLineString",
        "coordinates": [
          [
            [
              114.36867642451027,
              30.532490542279827
            ],
            [
              114.3686325143548,
              30.532533069352663
            ],
            [
              114.36867697402998,
              30.532567051252492
            ]
          ]
        ]
      }
    },
    {
      "type": "Feature",
      "properties": {
        "osm_id": "1397459410",
        "code": 5153,
        "fclass": "footway",
        "name": null,
        "ref": null,
        "oneway": "B",
        "maxspeed": 0,
        "layer": 0,
        "bridge": "F",
        "tunnel": "F"
      },
      "geometry": {
        "type": "MultiLineString",
        "coordinates": [
          [
            [
              114.36867697402998,
              30.532567051252492
            ],
            [
              114.36872108053166,
              30.53253122302846
            ],
            [
              114.36867642451027,
              30.532490542279827
            ]
          ]
        ]
      }
    },
    {
      "type": "Feature",
      "properties": {
        "osm_id": "1397459411",
        "code": 5141,
        "fclass": "service",
        "name": null,
        "ref": null,
        "oneway": "B",
        "maxspeed": 0,
        "layer": 0,
        "bridge": "F",
        "tunnel": "F"
      },
      "geometry": {
        "type": "MultiLineString",
        "coordinates": [
          [
            [
              114.36826101012122,
              30.532431168680553
            ],
            [
              114.3682907628535,
              30.532431164595142
            ],
            [
              114.36867636451602,
              30.53243073503919
            ],
            [
              114.36884428049194,
              30.53243053423856
            ]
          ]
        ]
      }
    },
    {
      "type": "Feature",
      "properties": {
        "osm_id": "1397459412",
        "code": 5153,
        "fclass": "footway",
        "name": null,
        "ref": null,
        "oneway": "B",
        "maxspeed": 0,
        "layer": 0,
        "bridge": "F",
        "tunnel": "F"
      },
      "geometry": {
        "type": "MultiLineString",
        "coordinates": [
          [
            [
              114.36905113889685,
              30.53263749810836
            ],
            [
              114.3692324957927,
              30.532637023251134
            ],
            [
              114.36925704463968,
              30.53263699718214
            ]
          ]
        ]
      }
    },
    {
      "type": "Feature",
      "properties": {
        "osm_id": "1397459413",
        "code": 5153,
        "fclass": "footway",
        "name": null,
        "ref": null,
        "oneway": "B",
        "maxspeed": 0,
        "layer": 0,
        "bridge": "F",
        "tunnel": "F"
      },
      "geometry": {
        "type": "MultiLineString",
        "coordinates": [
          [
            [
              114.36890716088998,
              30.532637714606235
            ],
            [
              114.36897098352243,
              30.53263766540769
            ],
            [
              114.36905113889685,
              30.53263749810836
            ]
          ]
        ]
      }
    },
    {
      "type": "Feature",
      "properties": {
        "osm_id": "1397459414",
        "code": 5153,
        "fclass": "footway",
        "name": null,
        "ref": null,
        "oneway": "B",
        "maxspeed": 0,
        "layer": 0,
        "bridge": "F",
        "tunnel": "F"
      },
      "geometry": {
        "type": "MultiLineString",
        "coordinates": [
          [
            [
              114.36871890427817,
              30.532638137135624
            ],
            [
              114.36890716088998,
              30.532637714606235
            ]
          ]
        ]
      }
    },
    {
      "type": "Feature",
      "properties": {
        "osm_id": "1397459415",
        "code": 5153,
        "fclass": "footway",
        "name": null,
        "ref": null,
        "oneway": "B",
        "maxspeed": 0,
        "layer": 0,
        "bridge": "F",
        "tunnel": "F"
      },
      "geometry": {
        "type": "MultiLineString",
        "coordinates": [
          [
            [
              114.36871890427817,
              30.532638137135624
            ],
            [
              114.36871902464087,
              30.532755751132104
            ]
          ]
        ]
      }
    },
    {
      "type": "Feature",
      "properties": {
        "osm_id": "1441621551",
        "code": 5153,
        "fclass": "footway",
        "name": null,
        "ref": null,
        "oneway": "B",
        "maxspeed": 0,
        "layer": -1,
        "bridge": "F",
        "tunnel": "T"
      },
      "geometry": {
        "type": "MultiLineString",
        "coordinates": [
          [
            [
              114.36627550265911,
              30.532640748285424
            ],
            [
              114.36627717933798,
              30.532825173605335
            ],
            [
              114.36652581463473,
              30.5328247865991
            ],
            [
              114.36705888100603,
              30.532823871802357
            ],
            [
              114.36727140362107,
              30.532824869025045
            ],
            [
              114.36765401158004,
              30.53282471455074
            ],
            [
              114.36796032229864,
              30.532824409882235
            ],
            [
              114.36821526421986,
              30.53282312055372
            ],
            [
              114.3687188788592,
              30.53282245913972
            ],
            [
              114.36897115849756,
              30.532821987223205
            ],
            [
              114.36897098352243,
              30.53263766540769
            ]
          ]
        ]
      }
    },
    {
      "type": "Feature",
      "properties": {
        "osm_id": "1480439889",
        "code": 5153,
        "fclass": "footway",
        "name": null,
        "ref": null,
        "oneway": "B",
        "maxspeed": 0,
        "layer": 0,
        "bridge": "F",
        "tunnel": "F"
      },
      "geometry": {
        "type": "MultiLineString",
        "coordinates": [
          [
            [
              114.36867752700847,
              30.532638159525455
            ],
            [
              114.36867697402998,
              30.532567051252492
            ]
          ]
        ]
      }
    },
    {
      "type": "Feature",
      "properties": {
        "osm_id": "1480439890",
        "code": 5153,
        "fclass": "footway",
        "name": null,
        "ref": null,
        "oneway": "B",
        "maxspeed": 0,
        "layer": 0,
        "bridge": "F",
        "tunnel": "F"
      },
      "geometry": {
        "type": "MultiLineString",
        "coordinates": [
          [
            [
              114.36867642451027,
              30.532490542279827
            ],
            [
              114.36867636451602,
              30.53243073503919
            ]
          ]
        ]
      }
    },
    {
      "type": "Feature",
      "properties": {
        "osm_id": "1391147723",
        "code": 5153,
        "fclass": "footway",
        "name": null,
        "ref": null,
        "oneway": "B",
        "maxspeed": 0,
        "layer": 0,
        "bridge": "F",
        "tunnel": "F"
      },
      "geometry": {
        "type": "MultiLineString",
        "coordinates": [
          [
            [
              114.36763941228975,
              30.535278277264773
            ],
            [
              114.36763924770565,
              30.53523137244497
            ]
          ]
        ]
      }
    },
    {
      "type": "Feature",
      "properties": {
        "osm_id": "1441621557",
        "code": 5124,
        "fclass": "pedestrian",
        "name": null,
        "ref": null,
        "oneway": "B",
        "maxspeed": 0,
        "layer": 0,
        "bridge": "F",
        "tunnel": "F"
      },
      "geometry": {
        "type": "MultiLineString",
        "coordinates": [
          [
            [
              114.36707769443319,
              30.535197353458734
            ],
            [
              114.36752238626579,
              30.53519530725419
            ],
            [
              114.36752248388147,
              30.535066594176467
            ],
            [
              114.36759840617957,
              30.535066635650004
            ],
            [
              114.36759834577269,
              30.53501403022156
            ],
            [
              114.36759837542233,
              30.534974726191347
            ],
            [
              114.36763904146571,
              30.534974746135358
            ],
            [
              114.36769653555407,
              30.534974671615046
            ],
            [
              114.36769650598004,
              30.53501387563469
            ],
            [
              114.36769646493877,
              30.535068181185128
            ],
            [
              114.36775546218911,
              30.535068204045036
            ],
            [
              114.36775546556996,
              30.535195817043405
            ],
            [
              114.36821615215021,
              30.53519578075378
            ],
            [
              114.36821612848864,
              30.535226883894943
            ],
            [
              114.36822069910815,
              30.535276088461337
            ],
            [
              114.36817982727156,
              30.5352761912163
            ],
            [
              114.36811150793426,
              30.535276492263982
            ],
            [
              114.36763941228975,
              30.535278277264773
            ],
            [
              114.36716296196049,
              30.535278044250816
            ],
            [
              114.36716291606528,
              30.535338150287213
            ],
            [
              114.36716286381805,
              30.535536770155034
            ],
            [
              114.36708975303026,
              30.535536999800748
            ],
            [
              114.36707923722855,
              30.53553698925473
            ],
            [
              114.36707828751703,
              30.535338968427848
            ],
            [
              114.36707776558997,
              30.535235457410547
            ],
            [
              114.36707769443319,
              30.535197353458734
            ]
          ]
        ]
      }
    },
    {
      "type": "Feature",
      "properties": {
        "osm_id": "1471868947",
        "code": 5153,
        "fclass": "footway",
        "name": null,
        "ref": null,
        "oneway": "B",
        "maxspeed": 0,
        "layer": 0,
        "bridge": "F",
        "tunnel": "F"
      },
      "geometry": {
        "type": "MultiLineString",
        "coordinates": [
          [
            [
              114.36705935898941,
              30.535339149177055
            ],
            [
              114.36707828751703,
              30.535338968427848
            ],
            [
              114.36716291606528,
              30.535338150287213
            ]
          ]
        ]
      }
    },
    {
      "type": "Feature",
      "properties": {
        "osm_id": "1382968012",
        "code": 5141,
        "fclass": "service",
        "name": null,
        "ref": null,
        "oneway": "B",
        "maxspeed": 0,
        "layer": 0,
        "bridge": "F",
        "tunnel": "F"
      },
      "geometry": {
        "type": "MultiLineString",
        "coordinates": [
          [
            [
              114.36988655342185,
              30.536919874694426
            ],
            [
              114.3698755494485,
              30.536895690908747
            ],
            [
              114.36982523114507,
              30.536785463576162
            ],
            [
              114.36978381339873,
              30.5366983218551
            ],
            [
              114.36976230931086,
              30.536646750880696
            ],
            [
              114.36975131115047,
              30.536615465104518
            ],
            [
              114.36974552777453,
              30.536579370751475
            ],
            [
              114.36974586128414,
              30.53653816648775
            ],
            [
              114.36973918560388,
              30.53610993716221
            ],
            [
              114.36961849139796,
              30.535908396333614
            ],
            [
              114.36961791511645,
              30.535876394102903
            ],
            [
              114.3696187604111,
              30.5353003368834
            ],
            [
              114.36961919518066,
              30.534991505312615
            ]
          ]
        ]
      }
    },
    {
      "type": "Feature",
      "properties": {
        "osm_id": "1480400147",
        "code": 5141,
        "fclass": "service",
        "name": null,
        "ref": null,
        "oneway": "B",
        "maxspeed": 0,
        "layer": 0,
        "bridge": "F",
        "tunnel": "F"
      },
      "geometry": {
        "type": "MultiLineString",
        "coordinates": [
          [
            [
              114.36826027736412,
              30.531562159378595
            ],
            [
              114.36827664324802,
              30.53150424973383
            ],
            [
              114.36830894208657,
              30.53143893627768
            ],
            [
              114.36834925210272,
              30.531378720832297
            ],
            [
              114.36836920273132,
              30.5313551134168
            ],
            [
              114.36838724855585,
              30.5313338063838
            ],
            [
              114.36840097911238,
              30.53132450173166
            ],
            [
              114.36841691172906,
              30.531318296711877
            ],
            [
              114.368435947936,
              30.531315390989924
            ]
          ]
        ]
      }
    },
    {
      "type": "Feature",
      "properties": {
        "osm_id": "1480400148",
        "code": 5141,
        "fclass": "service",
        "name": null,
        "ref": null,
        "oneway": "B",
        "maxspeed": 0,
        "layer": 0,
        "bridge": "F",
        "tunnel": "F"
      },
      "geometry": {
        "type": "MultiLineString",
        "coordinates": [
          [
            [
              114.368435947936,
              30.531315390989924
            ],
            [
              114.36848093057442,
              30.53131367677156
            ],
            [
              114.3689573226587,
              30.531312909894275
            ]
          ]
        ]
      }
    },
    {
      "type": "Feature",
      "properties": {
        "osm_id": "1382968013",
        "code": 5141,
        "fclass": "service",
        "name": null,
        "ref": null,
        "oneway": "B",
        "maxspeed": 0,
        "layer": 0,
        "bridge": "F",
        "tunnel": "F"
      },
      "geometry": {
        "type": "MultiLineString",
        "coordinates": [
          [
            [
              114.36948780434437,
              30.535803063643076
            ],
            [
              114.36956402579274,
              30.535848066472823
            ],
            [
              114.36961791511645,
              30.535876394102903
            ]
          ]
        ]
      }
    },
    {
      "type": "Feature",
      "properties": {
        "osm_id": "1485821107",
        "code": 5124,
        "fclass": "pedestrian",
        "name": null,
        "ref": null,
        "oneway": "B",
        "maxspeed": 0,
        "layer": 0,
        "bridge": "F",
        "tunnel": "F"
      },
      "geometry": {
        "type": "MultiLineString",
        "coordinates": [
          [
            [
              114.36967012831276,
              30.53574150582088
            ],
            [
              114.36966846359068,
              30.535300465196073
            ],
            [
              114.36966802299517,
              30.535221157958926
            ],
            [
              114.36971672477128,
              30.535221085448928
            ],
            [
              114.36971667495986,
              30.535154778903035
            ],
            [
              114.37014238739236,
              30.5351534495065
            ],
            [
              114.37014243340903,
              30.535224756513454
            ],
            [
              114.37014257575633,
              30.535300963785037
            ],
            [
              114.37014269395631,
              30.535408474134467
            ],
            [
              114.36993885202882,
              30.53540914486985
            ],
            [
              114.36993912007532,
              30.535581861263747
            ],
            [
              114.36999323652648,
              30.535581666643765
            ],
            [
              114.36999341453954,
              30.535740181616617
            ],
            [
              114.36967012831276,
              30.53574150582088
            ]
          ]
        ]
      }
    },
    {
      "type": "Feature",
      "properties": {
        "osm_id": "1485821108",
        "code": 5153,
        "fclass": "footway",
        "name": null,
        "ref": null,
        "oneway": "B",
        "maxspeed": 0,
        "layer": 0,
        "bridge": "F",
        "tunnel": "F"
      },
      "geometry": {
        "type": "MultiLineString",
        "coordinates": [
          [
            [
              114.3696187604111,
              30.5353003368834
            ],
            [
              114.36966846359068,
              30.535300465196073
            ],
            [
              114.37014257575633,
              30.535300963785037
            ]
          ]
        ]
      }
    },
    {
      "type": "Feature",
      "properties": {
        "osm_id": "1480419202",
        "code": 5141,
        "fclass": "service",
        "name": null,
        "ref": null,
        "oneway": "B",
        "maxspeed": 0,
        "layer": 0,
        "bridge": "F",
        "tunnel": "F"
      },
      "geometry": {
        "type": "MultiLineString",
        "coordinates": [
          [
            [
              114.36812145119664,
              30.531057900467605
            ],
            [
              114.36876522296099,
              30.531047008219694
            ]
          ]
        ]
      }
    },
    {
      "type": "Feature",
      "properties": {
        "osm_id": "1480419203",
        "code": 5141,
        "fclass": "service",
        "name": null,
        "ref": null,
        "oneway": "B",
        "maxspeed": 0,
        "layer": -1,
        "bridge": "F",
        "tunnel": "T"
      },
      "geometry": {
        "type": "MultiLineString",
        "coordinates": [
          [
            [
              114.36796583473807,
              30.53081205375149
            ],
            [
              114.36806220884336,
              30.530960484971892
            ]
          ]
        ]
      }
    },
    {
      "type": "Feature",
      "properties": {
        "osm_id": "1480419204",
        "code": 5141,
        "fclass": "service",
        "name": null,
        "ref": null,
        "oneway": "B",
        "maxspeed": 0,
        "layer": 0,
        "bridge": "F",
        "tunnel": "F"
      },
      "geometry": {
        "type": "MultiLineString",
        "coordinates": [
          [
            [
              114.36789047667673,
              30.530697623209008
            ],
            [
              114.36793541127311,
              30.53076574207635
            ],
            [
              114.36796583473807,
              30.53081205375149
            ]
          ]
        ]
      }
    },
    {
      "type": "Feature",
      "properties": {
        "osm_id": "1480419205",
        "code": 5141,
        "fclass": "service",
        "name": null,
        "ref": null,
        "oneway": "B",
        "maxspeed": 0,
        "layer": 0,
        "bridge": "F",
        "tunnel": "F"
      },
      "geometry": {
        "type": "MultiLineString",
        "coordinates": [
          [
            [
              114.36806220884336,
              30.530960484971892
            ],
            [
              114.36812145119664,
              30.531057900467605
            ]
          ]
        ]
      }
    },
    {
      "type": "Feature",
      "properties": {
        "osm_id": "1480419206",
        "code": 5141,
        "fclass": "service",
        "name": null,
        "ref": null,
        "oneway": "B",
        "maxspeed": 0,
        "layer": -1,
        "bridge": "F",
        "tunnel": "T"
      },
      "geometry": {
        "type": "MultiLineString",
        "coordinates": [
          [
            [
              114.36880771632585,
              30.5310256788392
            ],
            [
              114.36890523212236,
              30.53097660487667
            ]
          ]
        ]
      }
    },
    {
      "type": "Feature",
      "properties": {
        "osm_id": "1480419208",
        "code": 5141,
        "fclass": "service",
        "name": null,
        "ref": null,
        "oneway": "B",
        "maxspeed": 0,
        "layer": 0,
        "bridge": "F",
        "tunnel": "F"
      },
      "geometry": {
        "type": "MultiLineString",
        "coordinates": [
          [
            [
              114.36876522296099,
              30.531047008219694
            ],
            [
              114.36880771632585,
              30.5310256788392
            ]
          ]
        ]
      }
    },
    {
      "type": "Feature",
      "properties": {
        "osm_id": "1480419210",
        "code": 5153,
        "fclass": "footway",
        "name": null,
        "ref": null,
        "oneway": "B",
        "maxspeed": 0,
        "layer": 0,
        "bridge": "F",
        "tunnel": "F"
      },
      "geometry": {
        "type": "MultiLineString",
        "coordinates": [
          [
            [
              114.36804452924484,
              30.530713649938317
            ],
            [
              114.36807745629625,
              30.530762558947426
            ]
          ]
        ]
      }
    },
    {
      "type": "Feature",
      "properties": {
        "osm_id": "1480419211",
        "code": 5153,
        "fclass": "footway",
        "name": null,
        "ref": null,
        "oneway": "B",
        "maxspeed": 0,
        "layer": -1,
        "bridge": "F",
        "tunnel": "T"
      },
      "geometry": {
        "type": "MultiLineString",
        "coordinates": [
          [
            [
              114.36807745629625,
              30.530762558947426
            ],
            [
              114.36811548698614,
              30.5308202681969
            ],
            [
              114.36858405593395,
              30.53060444168824
            ],
            [
              114.36860073154605,
              30.530529724020397
            ]
          ]
        ]
      }
    },
    {
      "type": "Feature",
      "properties": {
        "osm_id": "1480419213",
        "code": 5153,
        "fclass": "footway",
        "name": null,
        "ref": null,
        "oneway": "B",
        "maxspeed": 0,
        "layer": 0,
        "bridge": "F",
        "tunnel": "F"
      },
      "geometry": {
        "type": "MultiLineString",
        "coordinates": [
          [
            [
              114.36829920448905,
              30.530664233834994
            ],
            [
              114.3682642759763,
              30.53060883112829
            ]
          ]
        ]
      }
    },
    {
      "type": "Feature",
      "properties": {
        "osm_id": "1471868928",
        "code": 5155,
        "fclass": "steps",
        "name": null,
        "ref": null,
        "oneway": "B",
        "maxspeed": 0,
        "layer": 0,
        "bridge": "F",
        "tunnel": "F"
      },
      "geometry": {
        "type": "MultiLineString",
        "coordinates": [
          [
            [
              114.36837443635544,
              30.533415264685722
            ],
            [
              114.36850747697908,
              30.533415425337974
            ]
          ]
        ]
      }
    },
    {
      "type": "Feature",
      "properties": {
        "osm_id": "104108016",
        "code": 5153,
        "fclass": "footway",
        "name": null,
        "ref": null,
        "oneway": "B",
        "maxspeed": 0,
        "layer": 0,
        "bridge": "F",
        "tunnel": "F"
      },
      "geometry": {
        "type": "MultiLineString",
        "coordinates": [
          [
            [
              114.36701010693986,
              30.53208032906583
            ],
            [
              114.3667132758731,
              30.532080367082784
            ],
            [
              114.36668523621717,
              30.532080328506645
            ],
            [
              114.36641876812165,
              30.532080224229606
            ]
          ]
        ]
      }
    },
    {
      "type": "Feature",
      "properties": {
        "osm_id": "104950054",
        "code": 5153,
        "fclass": "footway",
        "name": null,
        "ref": null,
        "oneway": "B",
        "maxspeed": 0,
        "layer": 0,
        "bridge": "F",
        "tunnel": "F"
      },
      "geometry": {
        "type": "MultiLineString",
        "coordinates": [
          [
            [
              114.36641876812165,
              30.532080224229606
            ],
            [
              114.36627767983414,
              30.532080082531344
            ]
          ]
        ]
      }
    },
    {
      "type": "Feature",
      "properties": {
        "osm_id": "104950060",
        "code": 5153,
        "fclass": "footway",
        "name": null,
        "ref": null,
        "oneway": "B",
        "maxspeed": 0,
        "layer": 0,
        "bridge": "F",
        "tunnel": "F"
      },
      "geometry": {
        "type": "MultiLineString",
        "coordinates": [
          [
            [
              114.36627767983414,
              30.532080082531344
            ],
            [
              114.36601183735863,
              30.53207987514076
            ]
          ]
        ]
      }
    },
    {
      "type": "Feature",
      "properties": {
        "osm_id": "1389536014",
        "code": 5153,
        "fclass": "footway",
        "name": null,
        "ref": null,
        "oneway": "B",
        "maxspeed": 0,
        "layer": 0,
        "bridge": "F",
        "tunnel": "F"
      },
      "geometry": {
        "type": "MultiLineString",
        "coordinates": [
          [
            [
              114.36668523621717,
              30.532080328506645
            ],
            [
              114.36668511516197,
              30.531959613032328
            ]
          ]
        ]
      }
    },
    {
      "type": "Feature",
      "properties": {
        "osm_id": "1472522860",
        "code": 5153,
        "fclass": "footway",
        "name": null,
        "ref": null,
        "oneway": "B",
        "maxspeed": 0,
        "layer": 0,
        "bridge": "F",
        "tunnel": "F"
      },
      "geometry": {
        "type": "MultiLineString",
        "coordinates": [
          [
            [
              114.36690039876441,
              30.531690655334863
            ],
            [
              114.36700986066619,
              30.531689678900868
            ]
          ]
        ]
      }
    },
    {
      "type": "Feature",
      "properties": {
        "osm_id": "1485103560",
        "code": 5153,
        "fclass": "footway",
        "name": null,
        "ref": null,
        "oneway": "B",
        "maxspeed": 0,
        "layer": 0,
        "bridge": "F",
        "tunnel": "F"
      },
      "geometry": {
        "type": "MultiLineString",
        "coordinates": [
          [
            [
              114.36671388404847,
              30.532220785555225
            ],
            [
              114.3667132758731,
              30.532080367082784
            ]
          ]
        ]
      }
    },
    {
      "type": "Feature",
      "properties": {
        "osm_id": "273985259",
        "code": 5141,
        "fclass": "service",
        "name": null,
        "ref": null,
        "oneway": "B",
        "maxspeed": 0,
        "layer": 0,
        "bridge": "F",
        "tunnel": "F"
      },
      "geometry": {
        "type": "MultiLineString",
        "coordinates": [
          [
            [
              114.36925666107719,
              30.532010420944427
            ],
            [
              114.36925666543776,
              30.53215593904083
            ],
            [
              114.36925681587145,
              30.532381666596976
            ],
            [
              114.36925696165778,
              30.532611594228428
            ],
            [
              114.36925704463968,
              30.53263699718214
            ],
            [
              114.36925724744391,
              30.533071848222264
            ]
          ]
        ]
      }
    },
    {
      "type": "Feature",
      "properties": {
        "osm_id": "358205761",
        "code": 5141,
        "fclass": "service",
        "name": null,
        "ref": null,
        "oneway": "B",
        "maxspeed": 0,
        "layer": 0,
        "bridge": "F",
        "tunnel": "F"
      },
      "geometry": {
        "type": "MultiLineString",
        "coordinates": [
          [
            [
              114.3689573226587,
              30.531312909894275
            ],
            [
              114.36899865216255,
              30.53139258698707
            ],
            [
              114.36900234482268,
              30.531415486918338
            ],
            [
              114.36900282363604,
              30.53145039106939
            ],
            [
              114.36900417500905,
              30.53153100040896
            ],
            [
              114.36900392765557,
              30.53160441009257
            ],
            [
              114.36900257127077,
              30.53168822198216
            ],
            [
              114.36900058698659,
              30.53196665893707
            ],
            [
              114.36899915498128,
              30.532011365729105
            ]
          ]
        ]
      }
    },
    {
      "type": "Feature",
      "properties": {
        "osm_id": "415176587",
        "code": 5115,
        "fclass": "tertiary",
        "name": "广八路",
        "ref": null,
        "oneway": "B",
        "maxspeed": 30,
        "layer": 0,
        "bridge": "F",
        "tunnel": "F"
      },
      "geometry": {
        "type": "MultiLineString",
        "coordinates": [
          [
            [
              114.37161636872803,
              30.53641762801932
            ],
            [
              114.37156494430631,
              30.536285784233257
            ],
            [
              114.37145628216862,
              30.536021107150308
            ],
            [
              114.3713434278162,
              30.53573392922576
            ],
            [
              114.37129980088473,
              30.535630751149007
            ],
            [
              114.37097895311236,
              30.534809084520575
            ],
            [
              114.37075261646326,
              30.53413840174801
            ],
            [
              114.37035616454078,
              30.533223713032786
            ],
            [
              114.37004419625383,
              30.53261465559044
            ],
            [
              114.37000436401598,
              30.532534817762755
            ],
            [
              114.36988095400542,
              30.532303902503838
            ],
            [
              114.36905451338129,
              30.530987685679456
            ],
            [
              114.36901427597006,
              30.530921511387472
            ],
            [
              114.36889576060834,
              30.53073697930795
            ],
            [
              114.36868435910534,
              30.530408266405846
            ],
            [
              114.36863811413018,
              30.530339180022068
            ]
          ]
        ]
      }
    },
    {
      "type": "Feature",
      "properties": {
        "osm_id": "1396795297",
        "code": 5153,
        "fclass": "footway",
        "name": null,
        "ref": null,
        "oneway": "B",
        "maxspeed": 0,
        "layer": 0,
        "bridge": "F",
        "tunnel": "F"
      },
      "geometry": {
        "type": "MultiLineString",
        "coordinates": [
          [
            [
              114.36900392765557,
              30.53160441009257
            ],
            [
              114.36873681978865,
              30.531602698052872
            ],
            [
              114.36873686541033,
              30.531687608946857
            ],
            [
              114.36900257127077,
              30.53168822198216
            ]
          ]
        ]
      }
    },
    {
      "type": "Feature",
      "properties": {
        "osm_id": "1397459389",
        "code": 5141,
        "fclass": "service",
        "name": null,
        "ref": null,
        "oneway": "B",
        "maxspeed": 0,
        "layer": 0,
        "bridge": "F",
        "tunnel": "F"
      },
      "geometry": {
        "type": "MultiLineString",
        "coordinates": [
          [
            [
              114.3689573226587,
              30.531312909894275
            ],
            [
              114.36887764800662,
              30.53118845315409
            ],
            [
              114.36848070590261,
              30.531192860861037
            ],
            [
              114.36848093057442,
              30.53131367677156
            ]
          ]
        ]
      }
    },
    {
      "type": "Feature",
      "properties": {
        "osm_id": "1397459428",
        "code": 5141,
        "fclass": "service",
        "name": null,
        "ref": null,
        "oneway": "B",
        "maxspeed": 0,
        "layer": 0,
        "bridge": "F",
        "tunnel": "F"
      },
      "geometry": {
        "type": "MultiLineString",
        "coordinates": [
          [
            [
              114.36826069461956,
              30.53215283439353
            ],
            [
              114.36831258664824,
              30.532152926757192
            ],
            [
              114.36921017311509,
              30.532155887881434
            ],
            [
              114.36925666543776,
              30.53215593904083
            ]
          ]
        ]
      }
    },
    {
      "type": "Feature",
      "properties": {
        "osm_id": "1478489984",
        "code": 5153,
        "fclass": "footway",
        "name": null,
        "ref": null,
        "oneway": "B",
        "maxspeed": 0,
        "layer": -1,
        "bridge": "F",
        "tunnel": "T"
      },
      "geometry": {
        "type": "MultiLineString",
        "coordinates": [
          [
            [
              114.36839190228334,
              30.53188777679702
            ],
            [
              114.3684509396392,
              30.53184035448063
            ],
            [
              114.36854451105799,
              30.531838921643867
            ],
            [
              114.36885689578558,
              30.53183685181425
            ]
          ]
        ]
      }
    },
    {
      "type": "Feature",
      "properties": {
        "osm_id": "1480419207",
        "code": 5141,
        "fclass": "service",
        "name": null,
        "ref": null,
        "oneway": "B",
        "maxspeed": 0,
        "layer": 0,
        "bridge": "F",
        "tunnel": "F"
      },
      "geometry": {
        "type": "MultiLineString",
        "coordinates": [
          [
            [
              114.36890523212236,
              30.53097660487667
            ],
            [
              114.36901427597006,
              30.530921511387472
            ]
          ]
        ]
      }
    },
    {
      "type": "Feature",
      "properties": {
        "osm_id": "1480419215",
        "code": 5153,
        "fclass": "footway",
        "name": null,
        "ref": null,
        "oneway": "B",
        "maxspeed": 0,
        "layer": 0,
        "bridge": "F",
        "tunnel": "F"
      },
      "geometry": {
        "type": "MultiLineString",
        "coordinates": [
          [
            [
              114.36905451338129,
              30.530987685679456
            ],
            [
              114.3691510308657,
              30.53094129011235
            ],
            [
              114.36911379295566,
              30.53088391788044
            ]
          ]
        ]
      }
    },
    {
      "type": "Feature",
      "properties": {
        "osm_id": "1485103557",
        "code": 5141,
        "fclass": "service",
        "name": null,
        "ref": null,
        "oneway": "B",
        "maxspeed": 0,
        "layer": 0,
        "bridge": "F",
        "tunnel": "F"
      },
      "geometry": {
        "type": "MultiLineString",
        "coordinates": [
          [
            [
              114.36826058568893,
              30.532014017038975
            ],
            [
              114.36838110069488,
              30.532013695306517
            ],
            [
              114.36899915498128,
              30.532011365729105
            ],
            [
              114.36925666107719,
              30.532010420944427
            ]
          ]
        ]
      }
    },
    {
      "type": "Feature",
      "properties": {
        "osm_id": "1441555675",
        "code": 5141,
        "fclass": "service",
        "name": null,
        "ref": null,
        "oneway": "B",
        "maxspeed": 0,
        "layer": 0,
        "bridge": "F",
        "tunnel": "F"
      },
      "geometry": {
        "type": "MultiLineString",
        "coordinates": [
          [
            [
              114.36378070363655,
              30.53353522308947
            ],
            [
              114.3637328687149,
              30.533534322347265
            ],
            [
              114.36314448231609,
              30.533522575177933
            ],
            [
              114.36309005053724,
              30.533521513694335
            ]
          ]
        ]
      }
    },
    {
      "type": "Feature",
      "properties": {
        "osm_id": "1441555676",
        "code": 5141,
        "fclass": "service",
        "name": null,
        "ref": null,
        "oneway": "B",
        "maxspeed": 0,
        "layer": 0,
        "bridge": "F",
        "tunnel": "F"
      },
      "geometry": {
        "type": "MultiLineString",
        "coordinates": [
          [
            [
              114.36308259868231,
              30.533868217863585
            ],
            [
              114.36308839557921,
              30.53359761459856
            ],
            [
              114.36309005053724,
              30.533521513694335
            ]
          ]
        ]
      }
    },
    {
      "type": "Feature",
      "properties": {
        "osm_id": "1441555677",
        "code": 5153,
        "fclass": "footway",
        "name": null,
        "ref": null,
        "oneway": "B",
        "maxspeed": 0,
        "layer": 0,
        "bridge": "F",
        "tunnel": "F"
      },
      "geometry": {
        "type": "MultiLineString",
        "coordinates": [
          [
            [
              114.36257092918166,
              30.53358488779009
            ],
            [
              114.36261645016215,
              30.533586029007257
            ],
            [
              114.36277782840436,
              30.53358996840509
            ],
            [
              114.36308839557921,
              30.53359761459856
            ]
          ]
        ]
      }
    },
    {
      "type": "Feature",
      "properties": {
        "osm_id": "1441555678",
        "code": 5141,
        "fclass": "service",
        "name": null,
        "ref": null,
        "oneway": "B",
        "maxspeed": 0,
        "layer": 0,
        "bridge": "F",
        "tunnel": "F"
      },
      "geometry": {
        "type": "MultiLineString",
        "coordinates": [
          [
            [
              114.36314448231609,
              30.533522575177933
            ],
            [
              114.36314841224359,
              30.53334167262629
            ],
            [
              114.36315007196663,
              30.53325787058665
            ]
          ]
        ]
      }
    },
    {
      "type": "Feature",
      "properties": {
        "osm_id": "1441555694",
        "code": 5155,
        "fclass": "steps",
        "name": null,
        "ref": null,
        "oneway": "B",
        "maxspeed": 0,
        "layer": 0,
        "bridge": "F",
        "tunnel": "F"
      },
      "geometry": {
        "type": "MultiLineString",
        "coordinates": [
          [
            [
              114.36373524896405,
              30.53342321938042
            ],
            [
              114.36378308384319,
              30.53342422003046
            ]
          ]
        ]
      }
    },
    {
      "type": "Feature",
      "properties": {
        "osm_id": "1383484214",
        "code": 5153,
        "fclass": "footway",
        "name": null,
        "ref": null,
        "oneway": "B",
        "maxspeed": 0,
        "layer": 0,
        "bridge": "F",
        "tunnel": "F"
      },
      "geometry": {
        "type": "MultiLineString",
        "coordinates": [
          [
            [
              114.36421107751792,
              30.53486437811448
            ],
            [
              114.36414111831354,
              30.53486501278198
            ],
            [
              114.36383987617154,
              30.534867716933448
            ]
          ]
        ]
      }
    },
    {
      "type": "Feature",
      "properties": {
        "osm_id": "1471868943",
        "code": 5124,
        "fclass": "pedestrian",
        "name": null,
        "ref": null,
        "oneway": "B",
        "maxspeed": 0,
        "layer": 0,
        "bridge": "F",
        "tunnel": "F"
      },
      "geometry": {
        "type": "MultiLineString",
        "coordinates": [
          [
            [
              114.3641413438655,
              30.53496432419605
            ],
            [
              114.36414111831354,
              30.53486501278198
            ],
            [
              114.36414187840896,
              30.53478560720556
            ],
            [
              114.36379770681309,
              30.534784133638247
            ],
            [
              114.36379746958286,
              30.53483363796145
            ],
            [
              114.36381578042999,
              30.534837614302646
            ],
            [
              114.3638294853148,
              30.534844971700405
            ],
            [
              114.36383598259197,
              30.534855199569684
            ],
            [
              114.36383987617154,
              30.534867716933448
            ],
            [
              114.36383636322279,
              30.53488140393562
            ],
            [
              114.36382875054522,
              30.534890573540473
            ],
            [
              114.36381533485132,
              30.534897918900725
            ],
            [
              114.3637970182996,
              30.534901543341007
            ],
            [
              114.36379677305882,
              30.534961448695572
            ],
            [
              114.3641413438655,
              30.53496432419605
            ]
          ]
        ]
      }
    },
    {
      "type": "Feature",
      "properties": {
        "osm_id": "1441555674",
        "code": 5153,
        "fclass": "footway",
        "name": null,
        "ref": null,
        "oneway": "B",
        "maxspeed": 0,
        "layer": 0,
        "bridge": "F",
        "tunnel": "F"
      },
      "geometry": {
        "type": "MultiLineString",
        "coordinates": [
          [
            [
              114.36377325044147,
              30.53388203193907
            ],
            [
              114.36372541560735,
              30.53388113087251
            ],
            [
              114.36308259868231,
              30.533868217863585
            ]
          ]
        ]
      }
    },
    {
      "type": "Feature",
      "properties": {
        "osm_id": "1441555679",
        "code": 5153,
        "fclass": "footway",
        "name": null,
        "ref": null,
        "oneway": "B",
        "maxspeed": 0,
        "layer": -1,
        "bridge": "F",
        "tunnel": "T"
      },
      "geometry": {
        "type": "MultiLineString",
        "coordinates": [
          [
            [
              114.363077233873,
              30.534091817344905
            ],
            [
              114.36308134628186,
              30.533939920003125
            ]
          ]
        ]
      }
    },
    {
      "type": "Feature",
      "properties": {
        "osm_id": "1480437187",
        "code": 5153,
        "fclass": "footway",
        "name": null,
        "ref": null,
        "oneway": "B",
        "maxspeed": 0,
        "layer": 1,
        "bridge": "F",
        "tunnel": "F"
      },
      "geometry": {
        "type": "MultiLineString",
        "coordinates": [
          [
            [
              114.36308134628186,
              30.533939920003125
            ],
            [
              114.36308259868231,
              30.533868217863585
            ]
          ]
        ]
      }
    },
    {
      "type": "Feature",
      "properties": {
        "osm_id": "1480437188",
        "code": 5153,
        "fclass": "footway",
        "name": null,
        "ref": null,
        "oneway": "B",
        "maxspeed": 0,
        "layer": 1,
        "bridge": "F",
        "tunnel": "F"
      },
      "geometry": {
        "type": "MultiLineString",
        "coordinates": [
          [
            [
              114.3630759740334,
              30.534173020391666
            ],
            [
              114.363077233873,
              30.534091817344905
            ]
          ]
        ]
      }
    },
    {
      "type": "Feature",
      "properties": {
        "osm_id": "1382928324",
        "code": 5153,
        "fclass": "footway",
        "name": null,
        "ref": null,
        "oneway": "B",
        "maxspeed": 0,
        "layer": 0,
        "bridge": "F",
        "tunnel": "F"
      },
      "geometry": {
        "type": "MultiLineString",
        "coordinates": [
          [
            [
              114.36363913205247,
              30.534185997295193
            ],
            [
              114.3630759740334,
              30.534173020391666
            ],
            [
              114.36260182860366,
              30.534162017946983
            ]
          ]
        ]
      }
    },
    {
      "type": "Feature",
      "properties": {
        "osm_id": "1441621549",
        "code": 5141,
        "fclass": "service",
        "name": null,
        "ref": null,
        "oneway": "B",
        "maxspeed": 0,
        "layer": 0,
        "bridge": "F",
        "tunnel": "F"
      },
      "geometry": {
        "type": "MultiLineString",
        "coordinates": [
          [
            [
              114.36377004024554,
              30.534031335449015
            ],
            [
              114.36363913205247,
              30.534185997295193
            ]
          ]
        ]
      }
    },
    {
      "type": "Feature",
      "properties": {
        "osm_id": "1441555683",
        "code": 5141,
        "fclass": "service",
        "name": null,
        "ref": null,
        "oneway": "B",
        "maxspeed": 0,
        "layer": 0,
        "bridge": "F",
        "tunnel": "F"
      },
      "geometry": {
        "type": "MultiLineString",
        "coordinates": [
          [
            [
              114.36109505118147,
              30.534850563444188
            ],
            [
              114.36110486081864,
              30.534163752569526
            ],
            [
              114.3611048916497,
              30.534121447954018
            ],
            [
              114.36110840822128,
              30.53409936893818
            ],
            [
              114.3611183231372,
              30.53408083303121
            ],
            [
              114.36113183713039,
              30.534064321242436
            ],
            [
              114.36115515079803,
              30.534050374686107
            ],
            [
              114.36118576238124,
              30.534041076431222
            ],
            [
              114.36122917272894,
              30.534036762056235
            ],
            [
              114.36127067975562,
              30.534037134041526
            ],
            [
              114.36166786693383,
              30.5340401557753
            ],
            [
              114.36186934231401,
              30.533878960118198
            ]
          ]
        ]
      }
    },
    {
      "type": "Feature",
      "properties": {
        "osm_id": "1480437163",
        "code": 5141,
        "fclass": "service",
        "name": null,
        "ref": null,
        "oneway": "B",
        "maxspeed": 0,
        "layer": 0,
        "bridge": "F",
        "tunnel": "F"
      },
      "geometry": {
        "type": "MultiLineString",
        "coordinates": [
          [
            [
              114.36127067975562,
              30.534037134041526
            ],
            [
              114.36127441837728,
              30.53384613643146
            ],
            [
              114.36111579478538,
              30.533842888723644
            ],
            [
              114.36111922256049,
              30.533665190843074
            ]
          ]
        ]
      }
    },
    {
      "type": "Feature",
      "properties": {
        "osm_id": "127024100",
        "code": 5122,
        "fclass": "residential",
        "name": "依云街",
        "ref": null,
        "oneway": "B",
        "maxspeed": 0,
        "layer": 0,
        "bridge": "F",
        "tunnel": "F"
      },
      "geometry": {
        "type": "MultiLineString",
        "coordinates": [
          [
            [
              114.37156738878913,
              30.53552535195355
            ],
            [
              114.37129980088473,
              30.535630751149007
            ]
          ]
        ]
      }
    },
    {
      "type": "Feature",
      "properties": {
        "osm_id": "243164215",
        "code": 5114,
        "fclass": "secondary",
        "name": "八一路",
        "ref": null,
        "oneway": "F",
        "maxspeed": 50,
        "layer": 0,
        "bridge": "F",
        "tunnel": "F"
      },
      "geometry": {
        "type": "MultiLineString",
        "coordinates": [
          [
            [
              114.36958716927593,
              30.53711275049006
            ],
            [
              114.3711757650234,
              30.536568402905882
            ]
          ]
        ]
      }
    },
    {
      "type": "Feature",
      "properties": {
        "osm_id": "415176584",
        "code": 5122,
        "fclass": "residential",
        "name": null,
        "ref": null,
        "oneway": "F",
        "maxspeed": 30,
        "layer": 0,
        "bridge": "F",
        "tunnel": "F"
      },
      "geometry": {
        "type": "MultiLineString",
        "coordinates": [
          [
            [
              114.36949180136503,
              30.537078075738588
            ],
            [
              114.36949572241738,
              30.53706196921229
            ],
            [
              114.36950695269472,
              30.537052953714436
            ],
            [
              114.36953522008373,
              30.53704131515148
            ],
            [
              114.36988655342185,
              30.536919874694426
            ],
            [
              114.3705553077896,
              30.53669602431039
            ],
            [
              114.37066548759866,
              30.536661661663654
            ],
            [
              114.3707718548471,
              30.536635197902168
            ],
            [
              114.3711757650234,
              30.536568402905882
            ]
          ]
        ]
      }
    },
    {
      "type": "Feature",
      "properties": {
        "osm_id": "415176585",
        "code": 5114,
        "fclass": "secondary",
        "name": "八一路",
        "ref": null,
        "oneway": "F",
        "maxspeed": 50,
        "layer": 0,
        "bridge": "F",
        "tunnel": "F"
      },
      "geometry": {
        "type": "MultiLineString",
        "coordinates": [
          [
            [
              114.3711757650234,
              30.536568402905882
            ],
            [
              114.37161636872803,
              30.53641762801932
            ]
          ]
        ]
      }
    },
    {
      "type": "Feature",
      "properties": {
        "osm_id": "558269481",
        "code": 5155,
        "fclass": "steps",
        "name": null,
        "ref": null,
        "oneway": "B",
        "maxspeed": 0,
        "layer": 0,
        "bridge": "T",
        "tunnel": "F"
      },
      "geometry": {
        "type": "MultiLineString",
        "coordinates": [
          [
            [
              114.37131299671452,
              30.536444387094832
            ],
            [
              114.3710529004105,
              30.53653044688255
            ]
          ]
        ]
      }
    },
    {
      "type": "Feature",
      "properties": {
        "osm_id": "1479939763",
        "code": 5155,
        "fclass": "steps",
        "name": null,
        "ref": null,
        "oneway": "B",
        "maxspeed": 0,
        "layer": 0,
        "bridge": "T",
        "tunnel": "F"
      },
      "geometry": {
        "type": "MultiLineString",
        "coordinates": [
          [
            [
              114.37145354120658,
              30.53631914317355
            ],
            [
              114.37145873510109,
              30.53634312901783
            ],
            [
              114.37145722044026,
              30.536356935038686
            ],
            [
              114.37145229567318,
              30.536372851967368
            ],
            [
              114.37144185877693,
              30.53638688598086
            ],
            [
              114.37142651254617,
              30.536397434895022
            ],
            [
              114.37140645530332,
              30.536407298139252
            ],
            [
              114.37131299671452,
              30.536444387094832
            ]
          ]
        ]
      }
    },
    {
      "type": "Feature",
      "properties": {
        "osm_id": "1479975471",
        "code": 5141,
        "fclass": "service",
        "name": null,
        "ref": null,
        "oneway": "B",
        "maxspeed": 0,
        "layer": 0,
        "bridge": "F",
        "tunnel": "F"
      },
      "geometry": {
        "type": "MultiLineString",
        "coordinates": [
          [
            [
              114.37146606645842,
              30.53568644488456
            ],
            [
              114.3713434278162,
              30.53573392922576
            ]
          ]
        ]
      }
    },
    {
      "type": "Feature",
      "properties": {
        "osm_id": "1480167614",
        "code": 5153,
        "fclass": "footway",
        "name": null,
        "ref": null,
        "oneway": "B",
        "maxspeed": 0,
        "layer": 0,
        "bridge": "F",
        "tunnel": "F"
      },
      "geometry": {
        "type": "MultiLineString",
        "coordinates": [
          [
            [
              114.36950695269472,
              30.537052953714436
            ],
            [
              114.36949344914028,
              30.537023168743648
            ],
            [
              114.3698755494485,
              30.536895690908747
            ],
            [
              114.37097100649021,
              30.536529470513493
            ],
            [
              114.37133588212582,
              30.536407214547065
            ],
            [
              114.37137088288448,
              30.53638830608155
            ],
            [
              114.37139495523444,
              30.53637163048767
            ],
            [
              114.37141542196902,
              30.53635096520261
            ],
            [
              114.37143027823967,
              30.53632611667296
            ],
            [
              114.37143841389926,
              30.536306389451205
            ],
            [
              114.37144003281732,
              30.536287482660722
            ],
            [
              114.37144085258907,
              30.536264978039515
            ],
            [
              114.37143886635612,
              30.536241282090106
            ],
            [
              114.3714368771893,
              30.536221286481773
            ],
            [
              114.37143077959352,
              30.53619910349989
            ],
            [
              114.37141087077927,
              30.536147860754017
            ],
            [
              114.37124070307468,
              30.53570073346164
            ]
          ]
        ]
      }
    },
    {
      "type": "Feature",
      "properties": {
        "osm_id": "1480167615",
        "code": 5153,
        "fclass": "footway",
        "name": null,
        "ref": null,
        "oneway": "B",
        "maxspeed": 0,
        "layer": 0,
        "bridge": "F",
        "tunnel": "F"
      },
      "geometry": {
        "type": "MultiLineString",
        "coordinates": [
          [
            [
              114.3710529004105,
              30.53653044688255
            ],
            [
              114.3709820129426,
              30.536554143032408
            ],
            [
              114.37097100649021,
              30.536529470513493
            ]
          ]
        ]
      }
    },
    {
      "type": "Feature",
      "properties": {
        "osm_id": "307265573",
        "code": 5141,
        "fclass": "service",
        "name": null,
        "ref": null,
        "oneway": "B",
        "maxspeed": 0,
        "layer": 0,
        "bridge": "F",
        "tunnel": "F"
      },
      "geometry": {
        "type": "MultiLineString",
        "coordinates": [
          [
            [
              114.3637863942419,
              30.53327051568949
            ],
            [
              114.36378308384319,
              30.53342422003046
            ],
            [
              114.36378070363655,
              30.53353522308947
            ],
            [
              114.36377883963677,
              30.533623425563025
            ],
            [
              114.36377325044147,
              30.53388203193907
            ],
            [
              114.36377004024554,
              30.534031335449015
            ]
          ]
        ]
      }
    },
    {
      "type": "Feature",
      "properties": {
        "osm_id": "1472522854",
        "code": 5153,
        "fclass": "footway",
        "name": null,
        "ref": null,
        "oneway": "B",
        "maxspeed": 0,
        "layer": 0,
        "bridge": "F",
        "tunnel": "F"
      },
      "geometry": {
        "type": "MultiLineString",
        "coordinates": [
          [
            [
              114.36164976227559,
              30.53362239562928
            ],
            [
              114.36165152128228,
              30.53353999679734
            ],
            [
              114.3616536910492,
              30.533442198619873
            ]
          ]
        ]
      }
    },
    {
      "type": "Feature",
      "properties": {
        "osm_id": "1472522855",
        "code": 5153,
        "fclass": "footway",
        "name": null,
        "ref": null,
        "oneway": "B",
        "maxspeed": 0,
        "layer": 0,
        "bridge": "F",
        "tunnel": "F"
      },
      "geometry": {
        "type": "MultiLineString",
        "coordinates": [
          [
            [
              114.36134129675048,
              30.533614443946597
            ],
            [
              114.36134375525921,
              30.53353275020224
            ],
            [
              114.3613466246434,
              30.53343545720073
            ]
          ]
        ]
      }
    },
    {
      "type": "Feature",
      "properties": {
        "osm_id": "103949725",
        "code": 5141,
        "fclass": "service",
        "name": "毕昇路",
        "ref": null,
        "oneway": "B",
        "maxspeed": 0,
        "layer": 0,
        "bridge": "F",
        "tunnel": "F"
      },
      "geometry": {
        "type": "MultiLineString",
        "coordinates": [
          [
            [
              114.36826282981868,
              30.53493714951914
            ],
            [
              114.36763907159633,
              30.53493474202247
            ],
            [
              114.36705776481902,
              30.53493220586923
            ],
            [
              114.36701209686619,
              30.53493195785195
            ]
          ]
        ]
      }
    },
    {
      "type": "Feature",
      "properties": {
        "osm_id": "104219265",
        "code": 5153,
        "fclass": "footway",
        "name": null,
        "ref": null,
        "oneway": "B",
        "maxspeed": 0,
        "layer": 0,
        "bridge": "F",
        "tunnel": "F"
      },
      "geometry": {
        "type": "MultiLineString",
        "coordinates": [
          [
            [
              114.36826282981868,
              30.53493714951914
            ],
            [
              114.36834026784584,
              30.534936736793153
            ],
            [
              114.36866446045255,
              30.53493482125863
            ],
            [
              114.36925540136015,
              30.53493105264241
            ],
            [
              114.36937454085862,
              30.534930217891127
            ]
          ]
        ]
      }
    },
    {
      "type": "Feature",
      "properties": {
        "osm_id": "104372386",
        "code": 5122,
        "fclass": "residential",
        "name": "求是一路",
        "ref": null,
        "oneway": "B",
        "maxspeed": 0,
        "layer": 0,
        "bridge": "F",
        "tunnel": "F"
      },
      "geometry": {
        "type": "MultiLineString",
        "coordinates": [
          [
            [
              114.36826137394921,
              30.533072645275183
            ],
            [
              114.36826135438548,
              30.53310084856972
            ],
            [
              114.36826146525283,
              30.533229363476234
            ],
            [
              114.36826163548433,
              30.533415084783886
            ],
            [
              114.36826194755716,
              30.53382133045608
            ],
            [
              114.36826210738057,
              30.534016451939955
            ],
            [
              114.36826225100823,
              30.534232075351674
            ],
            [
              114.36826244298587,
              30.534380091211244
            ],
            [
              114.36826282981868,
              30.53493714951914
            ]
          ]
        ]
      }
    },
    {
      "type": "Feature",
      "properties": {
        "osm_id": "104372402",
        "code": 5122,
        "fclass": "residential",
        "name": "求是大道",
        "ref": null,
        "oneway": "B",
        "maxspeed": 0,
        "layer": 0,
        "bridge": "F",
        "tunnel": "F"
      },
      "geometry": {
        "type": "MultiLineString",
        "coordinates": [
          [
            [
              114.36701507662654,
              30.536134781082872
            ],
            [
              114.3672597474147,
              30.536134813878267
            ],
            [
              114.36762111989515,
              30.536134852570516
            ],
            [
              114.36802799999074,
              30.536134671378665
            ],
            [
              114.3681454032841,
              30.53613447615638
            ],
            [
              114.3682638113912,
              30.536134367618022
            ]
          ]
        ]
      }
    },
    {
      "type": "Feature",
      "properties": {
        "osm_id": "122744428",
        "code": 5122,
        "fclass": "residential",
        "name": "求是二路",
        "ref": null,
        "oneway": "B",
        "maxspeed": 0,
        "layer": 0,
        "bridge": "F",
        "tunnel": "F"
      },
      "geometry": {
        "type": "MultiLineString",
        "coordinates": [
          [
            [
              114.36701063707065,
              30.533073850711286
            ],
            [
              114.36701061722782,
              30.533102454055474
            ],
            [
              114.36701085928004,
              30.533329580807884
            ],
            [
              114.36701144976452,
              30.534045862352748
            ],
            [
              114.36701143358276,
              30.534068164791883
            ],
            [
              114.36701158482903,
              30.534272787319974
            ],
            [
              114.36701182116599,
              30.534496011621847
            ],
            [
              114.3670120593801,
              30.53484854912698
            ],
            [
              114.36701209686619,
              30.53493195785195
            ],
            [
              114.36701232069393,
              30.535165782181767
            ],
            [
              114.36701239043906,
              30.535205786340466
            ],
            [
              114.36701056485074,
              30.53523588744708
            ],
            [
              114.36701257214226,
              30.535492015441175
            ],
            [
              114.36701262032307,
              30.535559522230805
            ],
            [
              114.36701259919097,
              30.535586924934723
            ],
            [
              114.36701284814194,
              30.535911357112262
            ],
            [
              114.36701507662654,
              30.536134781082872
            ]
          ]
        ]
      }
    },
    {
      "type": "Feature",
      "properties": {
        "osm_id": "202517255",
        "code": 5122,
        "fclass": "residential",
        "name": "求是大道",
        "ref": null,
        "oneway": "B",
        "maxspeed": 0,
        "layer": 0,
        "bridge": "F",
        "tunnel": "F"
      },
      "geometry": {
        "type": "MultiLineString",
        "coordinates": [
          [
            [
              114.36701507662654,
              30.536134781082872
            ],
            [
              114.36694537345683,
              30.53613480424118
            ],
            [
              114.36660668776702,
              30.536135064430233
            ],
            [
              114.36603933294526,
              30.536135180621308
            ],
            [
              114.36599748016569,
              30.536135195795943
            ],
            [
              114.36588714299494,
              30.536135164094876
            ],
            [
              114.3656444510483,
              30.53613511330394
            ]
          ]
        ]
      }
    },
    {
      "type": "Feature",
      "properties": {
        "osm_id": "273992081",
        "code": 5122,
        "fclass": "residential",
        "name": "汉林东路",
        "ref": null,
        "oneway": "B",
        "maxspeed": 0,
        "layer": 0,
        "bridge": "F",
        "tunnel": "F"
      },
      "geometry": {
        "type": "MultiLineString",
        "coordinates": [
          [
            [
              114.36941174616783,
              30.537068475927168
            ],
            [
              114.36938876210326,
              30.53699119696611
            ],
            [
              114.36934466016763,
              30.536883239437753
            ],
            [
              114.36930254253305,
              30.536799979988764
            ],
            [
              114.36928364593456,
              30.536748596353576
            ],
            [
              114.3692768554305,
              30.536719801213078
            ],
            [
              114.36927257376311,
              30.53668620285274
            ],
            [
              114.36926494829737,
              30.5364479893821
            ],
            [
              114.36927127927054,
              30.53604404480236
            ],
            [
              114.36923548219046,
              30.535949074187844
            ]
          ]
        ]
      }
    },
    {
      "type": "Feature",
      "properties": {
        "osm_id": "358205746",
        "code": 5153,
        "fclass": "footway",
        "name": null,
        "ref": null,
        "oneway": "B",
        "maxspeed": 0,
        "layer": 0,
        "bridge": "F",
        "tunnel": "F"
      },
      "geometry": {
        "type": "MultiLineString",
        "coordinates": [
          [
            [
              114.36850473958242,
              30.535366034235263
            ],
            [
              114.36878035209436,
              30.5353643990138
            ]
          ]
        ]
      }
    },
    {
      "type": "Feature",
      "properties": {
        "osm_id": "358205747",
        "code": 5153,
        "fclass": "footway",
        "name": null,
        "ref": null,
        "oneway": "B",
        "maxspeed": 0,
        "layer": 0,
        "bridge": "F",
        "tunnel": "F"
      },
      "geometry": {
        "type": "MultiLineString",
        "coordinates": [
          [
            [
              114.3687775969612,
              30.53516718098155
            ],
            [
              114.36901555133144,
              30.535167906816294
            ],
            [
              114.36919189848841,
              30.535165442640434
            ]
          ]
        ]
      }
    },
    {
      "type": "Feature",
      "properties": {
        "osm_id": "358205748",
        "code": 5153,
        "fclass": "footway",
        "name": null,
        "ref": null,
        "oneway": "B",
        "maxspeed": 0,
        "layer": 0,
        "bridge": "F",
        "tunnel": "F"
      },
      "geometry": {
        "type": "MultiLineString",
        "coordinates": [
          [
            [
              114.3687775969612,
              30.53516718098155
            ],
            [
              114.36878035209436,
              30.5353643990138
            ]
          ]
        ]
      }
    },
    {
      "type": "Feature",
      "properties": {
        "osm_id": "358205749",
        "code": 5153,
        "fclass": "footway",
        "name": null,
        "ref": null,
        "oneway": "B",
        "maxspeed": 0,
        "layer": 0,
        "bridge": "F",
        "tunnel": "F"
      },
      "geometry": {
        "type": "MultiLineString",
        "coordinates": [
          [
            [
              114.36919189848841,
              30.535165442640434
            ],
            [
              114.36919411826003,
              30.535276851535844
            ],
            [
              114.3691973926173,
              30.535449865349165
            ],
            [
              114.36923360029012,
              30.535533436038406
            ],
            [
              114.36933430190183,
              30.53553292508226
            ],
            [
              114.36933262718877,
              30.535101784195405
            ],
            [
              114.36925396956619,
              30.535102171533847
            ]
          ]
        ]
      }
    },
    {
      "type": "Feature",
      "properties": {
        "osm_id": "358205753",
        "code": 5141,
        "fclass": "service",
        "name": null,
        "ref": null,
        "oneway": "B",
        "maxspeed": 0,
        "layer": 0,
        "bridge": "F",
        "tunnel": "F"
      },
      "geometry": {
        "type": "MultiLineString",
        "coordinates": [
          [
            [
              114.36603907986179,
              30.535167683541292
            ],
            [
              114.36636280180032,
              30.53516718307689
            ],
            [
              114.36647415249196,
              30.535166966014007
            ],
            [
              114.36697646748124,
              30.535165843121117
            ],
            [
              114.36701232069393,
              30.535165782181767
            ]
          ]
        ]
      }
    },
    {
      "type": "Feature",
      "properties": {
        "osm_id": "436981355",
        "code": 5153,
        "fclass": "footway",
        "name": null,
        "ref": null,
        "oneway": "B",
        "maxspeed": 0,
        "layer": 0,
        "bridge": "F",
        "tunnel": "F"
      },
      "geometry": {
        "type": "MultiLineString",
        "coordinates": [
          [
            [
              114.36701056485074,
              30.53523588744708
            ],
            [
              114.36705893729159,
              30.535235538241615
            ],
            [
              114.36707776558997,
              30.535235457410547
            ],
            [
              114.36763924770565,
              30.53523137244497
            ],
            [
              114.36817976443406,
              30.535227186285262
            ],
            [
              114.36821612848864,
              30.535226883894943
            ],
            [
              114.36826311170007,
              30.5352264789314
            ]
          ]
        ]
      }
    },
    {
      "type": "Feature",
      "properties": {
        "osm_id": "536353533",
        "code": 5153,
        "fclass": "footway",
        "name": null,
        "ref": null,
        "oneway": "B",
        "maxspeed": 0,
        "layer": 0,
        "bridge": "F",
        "tunnel": "F"
      },
      "geometry": {
        "type": "MultiLineString",
        "coordinates": [
          [
            [
              114.36763924770565,
              30.53523137244497
            ],
            [
              114.3676391120547,
              30.535013950202337
            ],
            [
              114.36763904146571,
              30.534974746135358
            ],
            [
              114.36763907159633,
              30.53493474202247
            ]
          ]
        ]
      }
    },
    {
      "type": "Feature",
      "properties": {
        "osm_id": "539822022",
        "code": 5153,
        "fclass": "footway",
        "name": null,
        "ref": null,
        "oneway": "B",
        "maxspeed": 0,
        "layer": 0,
        "bridge": "F",
        "tunnel": "F"
      },
      "geometry": {
        "type": "MultiLineString",
        "coordinates": [
          [
            [
              114.36901520227515,
              30.53536292659487
            ],
            [
              114.36901850961442,
              30.535622349313865
            ]
          ]
        ]
      }
    },
    {
      "type": "Feature",
      "properties": {
        "osm_id": "539822024",
        "code": 5153,
        "fclass": "footway",
        "name": null,
        "ref": null,
        "oneway": "B",
        "maxspeed": 0,
        "layer": 0,
        "bridge": "F",
        "tunnel": "F"
      },
      "geometry": {
        "type": "MultiLineString",
        "coordinates": [
          [
            [
              114.36901520227515,
              30.53536292659487
            ],
            [
              114.36901555133144,
              30.535167906816294
            ]
          ]
        ]
      }
    },
    {
      "type": "Feature",
      "properties": {
        "osm_id": "539822026",
        "code": 5153,
        "fclass": "footway",
        "name": null,
        "ref": null,
        "oneway": "B",
        "maxspeed": 0,
        "layer": 0,
        "bridge": "F",
        "tunnel": "F"
      },
      "geometry": {
        "type": "MultiLineString",
        "coordinates": [
          [
            [
              114.36907361614786,
              30.535362575548994
            ],
            [
              114.36907214757197,
              30.53544848536866
            ],
            [
              114.3691973926173,
              30.535449865349165
            ]
          ]
        ]
      }
    },
    {
      "type": "Feature",
      "properties": {
        "osm_id": "539822027",
        "code": 5153,
        "fclass": "footway",
        "name": null,
        "ref": null,
        "oneway": "B",
        "maxspeed": 0,
        "layer": 0,
        "bridge": "F",
        "tunnel": "F"
      },
      "geometry": {
        "type": "MultiLineString",
        "coordinates": [
          [
            [
              114.36907361614786,
              30.535362575548994
            ],
            [
              114.36907418290365,
              30.535276466471277
            ],
            [
              114.36919411826003,
              30.535276851535844
            ]
          ]
        ]
      }
    },
    {
      "type": "Feature",
      "properties": {
        "osm_id": "539822029",
        "code": 5153,
        "fclass": "footway",
        "name": null,
        "ref": null,
        "oneway": "B",
        "maxspeed": 0,
        "layer": 0,
        "bridge": "F",
        "tunnel": "F"
      },
      "geometry": {
        "type": "MultiLineString",
        "coordinates": [
          [
            [
              114.3671042714336,
              30.536056765111425
            ],
            [
              114.36720795861483,
              30.53601895826551
            ],
            [
              114.36732686845369,
              30.53598555334478
            ],
            [
              114.36743905849481,
              30.53596793194724
            ],
            [
              114.3675863094971,
              30.535948317122163
            ],
            [
              114.36770001102987,
              30.535927568117508
            ],
            [
              114.36785691097568,
              30.535877016009998
            ],
            [
              114.36799478611488,
              30.53582353773575
            ],
            [
              114.36802434692021,
              30.53581043986341
            ],
            [
              114.3681482018519,
              30.53575803991522
            ]
          ]
        ]
      }
    },
    {
      "type": "Feature",
      "properties": {
        "osm_id": "539822035",
        "code": 5153,
        "fclass": "footway",
        "name": null,
        "ref": null,
        "oneway": "B",
        "maxspeed": 0,
        "layer": 0,
        "bridge": "F",
        "tunnel": "F"
      },
      "geometry": {
        "type": "MultiLineString",
        "coordinates": [
          [
            [
              114.36817994016864,
              30.535650928408653
            ],
            [
              114.36817982727156,
              30.5352761912163
            ],
            [
              114.36817976443406,
              30.535227186285262
            ]
          ]
        ]
      }
    },
    {
      "type": "Feature",
      "properties": {
        "osm_id": "990913727",
        "code": 5141,
        "fclass": "service",
        "name": null,
        "ref": null,
        "oneway": "B",
        "maxspeed": 0,
        "layer": 0,
        "bridge": "F",
        "tunnel": "F"
      },
      "geometry": {
        "type": "MultiLineString",
        "coordinates": [
          [
            [
              114.36603987926134,
              30.535562325272174
            ],
            [
              114.36651871236673,
              30.535561075812083
            ],
            [
              114.36701262032307,
              30.535559522230805
            ]
          ]
        ]
      }
    },
    {
      "type": "Feature",
      "properties": {
        "osm_id": "1036845875",
        "code": 5141,
        "fclass": "service",
        "name": null,
        "ref": null,
        "oneway": "B",
        "maxspeed": 0,
        "layer": 0,
        "bridge": "F",
        "tunnel": "F"
      },
      "geometry": {
        "type": "MultiLineString",
        "coordinates": [
          [
            [
              114.36627841694572,
              30.53591171119328
            ],
            [
              114.36638185472596,
              30.535911689868442
            ],
            [
              114.3665182401607,
              30.53591160973257
            ],
            [
              114.36701284814194,
              30.535911357112262
            ]
          ]
        ]
      }
    },
    {
      "type": "Feature",
      "properties": {
        "osm_id": "1037329806",
        "code": 5141,
        "fclass": "service",
        "name": null,
        "ref": null,
        "oneway": "B",
        "maxspeed": 0,
        "layer": 0,
        "bridge": "F",
        "tunnel": "F"
      },
      "geometry": {
        "type": "MultiLineString",
        "coordinates": [
          [
            [
              114.3680192620819,
              30.537041454219896
            ],
            [
              114.3680214484802,
              30.536814833976276
            ],
            [
              114.36802363517475,
              30.536586213246828
            ],
            [
              114.36802625526616,
              30.536314588211212
            ],
            [
              114.36802799999074,
              30.536134671378665
            ]
          ]
        ]
      }
    },
    {
      "type": "Feature",
      "properties": {
        "osm_id": "1050745724",
        "code": 5153,
        "fclass": "footway",
        "name": null,
        "ref": null,
        "oneway": "B",
        "maxspeed": 0,
        "layer": 0,
        "bridge": "F",
        "tunnel": "F"
      },
      "geometry": {
        "type": "MultiLineString",
        "coordinates": [
          [
            [
              114.36710710682333,
              30.53563092630215
            ],
            [
              114.3672642023975,
              30.53568817420953
            ],
            [
              114.36744969495706,
              30.535685311379268
            ],
            [
              114.36786530486795,
              30.535774308190415
            ],
            [
              114.36790967638127,
              30.5357785188948
            ],
            [
              114.36797248515485,
              30.535775729968993
            ]
          ]
        ]
      }
    },
    {
      "type": "Feature",
      "properties": {
        "osm_id": "1050745725",
        "code": 5153,
        "fclass": "footway",
        "name": null,
        "ref": null,
        "oneway": "B",
        "maxspeed": 0,
        "layer": 0,
        "bridge": "F",
        "tunnel": "F"
      },
      "geometry": {
        "type": "MultiLineString",
        "coordinates": [
          [
            [
              114.3675863094971,
              30.535948317122163
            ],
            [
              114.36760941951354,
              30.53598343228618
            ],
            [
              114.36761551807736,
              30.53599793670519
            ],
            [
              114.36761921038803,
              30.536015440201467
            ],
            [
              114.36762196592066,
              30.53607794754325
            ]
          ]
        ]
      }
    },
    {
      "type": "Feature",
      "properties": {
        "osm_id": "1050745726",
        "code": 5153,
        "fclass": "footway",
        "name": null,
        "ref": null,
        "oneway": "B",
        "maxspeed": 0,
        "layer": 0,
        "bridge": "F",
        "tunnel": "F"
      },
      "geometry": {
        "type": "MultiLineString",
        "coordinates": [
          [
            [
              114.3681482018519,
              30.53575803991522
            ],
            [
              114.36814820007672,
              30.53588905261448
            ],
            [
              114.36814826702738,
              30.53605956897761
            ]
          ]
        ]
      }
    },
    {
      "type": "Feature",
      "properties": {
        "osm_id": "1382806701",
        "code": 5155,
        "fclass": "steps",
        "name": null,
        "ref": null,
        "oneway": "B",
        "maxspeed": 0,
        "layer": 0,
        "bridge": "F",
        "tunnel": "F"
      },
      "geometry": {
        "type": "MultiLineString",
        "coordinates": [
          [
            [
              114.36814826702738,
              30.53605956897761
            ],
            [
              114.36814893401062,
              30.53610317312056
            ]
          ]
        ]
      }
    },
    {
      "type": "Feature",
      "properties": {
        "osm_id": "1382968019",
        "code": 5155,
        "fclass": "steps",
        "name": null,
        "ref": null,
        "oneway": "B",
        "maxspeed": 0,
        "layer": 0,
        "bridge": "F",
        "tunnel": "F"
      },
      "geometry": {
        "type": "MultiLineString",
        "coordinates": [
          [
            [
              114.36937454085862,
              30.534930217891127
            ],
            [
              114.36945059536433,
              30.534929724822533
            ]
          ]
        ]
      }
    },
    {
      "type": "Feature",
      "properties": {
        "osm_id": "1382968060",
        "code": 5155,
        "fclass": "steps",
        "name": null,
        "ref": null,
        "oneway": "B",
        "maxspeed": 0,
        "layer": 0,
        "bridge": "F",
        "tunnel": "F"
      },
      "geometry": {
        "type": "MultiLineString",
        "coordinates": [
          [
            [
              114.36826320442778,
              30.535367493064612
            ],
            [
              114.36850473958242,
              30.535366034235263
            ]
          ]
        ]
      }
    },
    {
      "type": "Feature",
      "properties": {
        "osm_id": "1383475026",
        "code": 5122,
        "fclass": "residential",
        "name": "求是大道",
        "ref": null,
        "oneway": "B",
        "maxspeed": 0,
        "layer": 0,
        "bridge": "F",
        "tunnel": "F"
      },
      "geometry": {
        "type": "MultiLineString",
        "coordinates": [
          [
            [
              114.36870381234338,
              30.53613391840867
            ],
            [
              114.36923548219046,
              30.535949074187844
            ],
            [
              114.36943885784747,
              30.535863231664962
            ],
            [
              114.36945670475122,
              30.53584960792404
            ],
            [
              114.36947134673278,
              30.535833987794707
            ],
            [
              114.36948047617047,
              30.5358200747403
            ],
            [
              114.36948780434437,
              30.535803063643076
            ]
          ]
        ]
      }
    },
    {
      "type": "Feature",
      "properties": {
        "osm_id": "1391147724",
        "code": 5153,
        "fclass": "footway",
        "name": null,
        "ref": null,
        "oneway": "B",
        "maxspeed": 0,
        "layer": 0,
        "bridge": "F",
        "tunnel": "F"
      },
      "geometry": {
        "type": "MultiLineString",
        "coordinates": [
          [
            [
              114.3676391120547,
              30.535013950202337
            ],
            [
              114.36759834577269,
              30.53501403022156
            ],
            [
              114.36723467109773,
              30.53501478140105
            ]
          ]
        ]
      }
    },
    {
      "type": "Feature",
      "properties": {
        "osm_id": "1391147725",
        "code": 5153,
        "fclass": "footway",
        "name": null,
        "ref": null,
        "oneway": "B",
        "maxspeed": 0,
        "layer": 0,
        "bridge": "F",
        "tunnel": "F"
      },
      "geometry": {
        "type": "MultiLineString",
        "coordinates": [
          [
            [
              114.36826297272827,
              30.53501335731358
            ],
            [
              114.36769650598004,
              30.53501387563469
            ],
            [
              114.3676391120547,
              30.535013950202337
            ]
          ]
        ]
      }
    },
    {
      "type": "Feature",
      "properties": {
        "osm_id": "1391147726",
        "code": 5153,
        "fclass": "footway",
        "name": null,
        "ref": null,
        "oneway": "B",
        "maxspeed": 0,
        "layer": 0,
        "bridge": "F",
        "tunnel": "F"
      },
      "geometry": {
        "type": "MultiLineString",
        "coordinates": [
          [
            [
              114.36719412042376,
              30.534999544207995
            ],
            [
              114.36720213478281,
              30.534996751085096
            ],
            [
              114.36721064811235,
              30.534996358588547
            ],
            [
              114.36721895949131,
              30.534998166072967
            ],
            [
              114.36722616753468,
              30.53500217276177
            ],
            [
              114.36723157153669,
              30.535007878022263
            ],
            [
              114.36723467109773,
              30.53501478140105
            ],
            [
              114.36723496551811,
              30.53502278247842
            ],
            [
              114.36723215554368,
              30.535030280834096
            ],
            [
              114.36722654217103,
              30.53503657663199
            ],
            [
              114.36721882709094,
              30.535040870358273
            ],
            [
              114.36720981184438,
              30.53504276263323
            ],
            [
              114.36720069850404,
              30.535041954464788
            ],
            [
              114.36719238844677,
              30.53503844666156
            ],
            [
              114.36718588274172,
              30.53503284021172
            ],
            [
              114.36718198222374,
              30.535025635929124
            ],
            [
              114.367181086816,
              30.53501773429986
            ],
            [
              114.36718309530652,
              30.535010535384117
            ],
            [
              114.36718760686195,
              30.5350043388338
            ],
            [
              114.36719412042376,
              30.534999544207995
            ]
          ]
        ]
      }
    },
    {
      "type": "Feature",
      "properties": {
        "osm_id": "1396640830",
        "code": 5122,
        "fclass": "residential",
        "name": "求是一路",
        "ref": null,
        "oneway": "B",
        "maxspeed": 0,
        "layer": 0,
        "bridge": "F",
        "tunnel": "F"
      },
      "geometry": {
        "type": "MultiLineString",
        "coordinates": [
          [
            [
              114.36826282981868,
              30.53493714951914
            ],
            [
              114.36826297272827,
              30.53501335731358
            ],
            [
              114.36826311170007,
              30.5352264789314
            ],
            [
              114.36826320442778,
              30.535367493064612
            ],
            [
              114.36826338716604,
              30.535650821059615
            ],
            [
              114.36826373606172,
              30.53610276462657
            ],
            [
              114.3682638113912,
              30.536134367618022
            ]
          ]
        ]
      }
    },
    {
      "type": "Feature",
      "properties": {
        "osm_id": "1441621550",
        "code": 5153,
        "fclass": "footway",
        "name": null,
        "ref": null,
        "oneway": "B",
        "maxspeed": 0,
        "layer": 0,
        "bridge": "F",
        "tunnel": "F"
      },
      "geometry": {
        "type": "MultiLineString",
        "coordinates": [
          [
            [
              114.3681482018519,
              30.53575803991522
            ],
            [
              114.36814968752454,
              30.535650629393736
            ],
            [
              114.36817994016864,
              30.535650928408653
            ],
            [
              114.36826338716604,
              30.535650821059615
            ]
          ]
        ]
      }
    },
    {
      "type": "Feature",
      "properties": {
        "osm_id": "1441621556",
        "code": 5153,
        "fclass": "footway",
        "name": null,
        "ref": null,
        "oneway": "B",
        "maxspeed": 0,
        "layer": 0,
        "bridge": "F",
        "tunnel": "F"
      },
      "geometry": {
        "type": "MultiLineString",
        "coordinates": [
          [
            [
              114.3675863094971,
              30.535948317122163
            ],
            [
              114.3672642023975,
              30.53568817420953
            ]
          ]
        ]
      }
    },
    {
      "type": "Feature",
      "properties": {
        "osm_id": "1443127383",
        "code": 5153,
        "fclass": "footway",
        "name": null,
        "ref": null,
        "oneway": "B",
        "maxspeed": 0,
        "layer": 0,
        "bridge": "F",
        "tunnel": "F"
      },
      "geometry": {
        "type": "MultiLineString",
        "coordinates": [
          [
            [
              114.36603905051957,
              30.53520628745355
            ],
            [
              114.36636287228887,
              30.535206187198664
            ],
            [
              114.36697643707743,
              30.53520584717252
            ],
            [
              114.36701239043906,
              30.535205786340466
            ]
          ]
        ]
      }
    },
    {
      "type": "Feature",
      "properties": {
        "osm_id": "1472842325",
        "code": 5141,
        "fclass": "service",
        "name": null,
        "ref": null,
        "oneway": "B",
        "maxspeed": 0,
        "layer": 0,
        "bridge": "F",
        "tunnel": "F"
      },
      "geometry": {
        "type": "MultiLineString",
        "coordinates": [
          [
            [
              114.36727822087308,
              30.53658347143843
            ],
            [
              114.36725753154106,
              30.536529949368322
            ],
            [
              114.36725514385425,
              30.536509845493008
            ],
            [
              114.3672570957977,
              30.536322029473986
            ],
            [
              114.3672597474147,
              30.536134813878267
            ]
          ]
        ]
      }
    },
    {
      "type": "Feature",
      "properties": {
        "osm_id": "1474085629",
        "code": 5122,
        "fclass": "residential",
        "name": "玉兰路",
        "ref": null,
        "oneway": "B",
        "maxspeed": 0,
        "layer": 0,
        "bridge": "F",
        "tunnel": "F"
      },
      "geometry": {
        "type": "MultiLineString",
        "coordinates": [
          [
            [
              114.36870381234338,
              30.53613391840867
            ],
            [
              114.36870385308775,
              30.536588060666936
            ],
            [
              114.36870382439585,
              30.53662396397213
            ],
            [
              114.36870207036446,
              30.536812282063906
            ],
            [
              114.36870389804947,
              30.537030400642834
            ]
          ]
        ]
      }
    },
    {
      "type": "Feature",
      "properties": {
        "osm_id": "1480400123",
        "code": 5153,
        "fclass": "footway",
        "name": null,
        "ref": null,
        "oneway": "B",
        "maxspeed": 0,
        "layer": 0,
        "bridge": "F",
        "tunnel": "F"
      },
      "geometry": {
        "type": "MultiLineString",
        "coordinates": [
          [
            [
              114.36878035209436,
              30.5353643990138
            ],
            [
              114.36901520227515,
              30.53536292659487
            ]
          ]
        ]
      }
    },
    {
      "type": "Feature",
      "properties": {
        "osm_id": "1480400124",
        "code": 5153,
        "fclass": "footway",
        "name": null,
        "ref": null,
        "oneway": "B",
        "maxspeed": 0,
        "layer": 0,
        "bridge": "F",
        "tunnel": "F"
      },
      "geometry": {
        "type": "MultiLineString",
        "coordinates": [
          [
            [
              114.36901520227515,
              30.53536292659487
            ],
            [
              114.36907361614786,
              30.535362575548994
            ]
          ]
        ]
      }
    },
    {
      "type": "Feature",
      "properties": {
        "osm_id": "1480400126",
        "code": 5153,
        "fclass": "footway",
        "name": null,
        "ref": null,
        "oneway": "B",
        "maxspeed": 0,
        "layer": 0,
        "bridge": "F",
        "tunnel": "F"
      },
      "geometry": {
        "type": "MultiLineString",
        "coordinates": [
          [
            [
              114.36866446045255,
              30.53493482125863
            ],
            [
              114.36866640319201,
              30.535015728532574
            ],
            [
              114.36866938740503,
              30.53504402988002
            ],
            [
              114.36867647962528,
              30.535071829025142
            ],
            [
              114.36869158686144,
              30.535099523835413
            ],
            [
              114.36871290877832,
              30.535123214573705
            ],
            [
              114.3687775969612,
              30.53516718098155
            ]
          ]
        ]
      }
    },
    {
      "type": "Feature",
      "properties": {
        "osm_id": "1480400127",
        "code": 5153,
        "fclass": "footway",
        "name": null,
        "ref": null,
        "oneway": "B",
        "maxspeed": 0,
        "layer": 0,
        "bridge": "F",
        "tunnel": "F"
      },
      "geometry": {
        "type": "MultiLineString",
        "coordinates": [
          [
            [
              114.36919189848841,
              30.535165442640434
            ],
            [
              114.36925375393255,
              30.53512227379055
            ],
            [
              114.36925396956619,
              30.535102171533847
            ],
            [
              114.36925540136015,
              30.53493105264241
            ]
          ]
        ]
      }
    },
    {
      "type": "Feature",
      "properties": {
        "osm_id": "1480400128",
        "code": 5153,
        "fclass": "footway",
        "name": null,
        "ref": null,
        "oneway": "B",
        "maxspeed": 0,
        "layer": 0,
        "bridge": "F",
        "tunnel": "F"
      },
      "geometry": {
        "type": "MultiLineString",
        "coordinates": [
          [
            [
              114.36744969495706,
              30.535685311379268
            ],
            [
              114.3674498286982,
              30.535641907189074
            ],
            [
              114.36779188441429,
              30.535642074056746
            ],
            [
              114.36797248515485,
              30.535775729968993
            ],
            [
              114.36802434692021,
              30.53581043986341
            ],
            [
              114.36814820007672,
              30.53588905261448
            ]
          ]
        ]
      }
    },
    {
      "type": "Feature",
      "properties": {
        "osm_id": "1480400129",
        "code": 5155,
        "fclass": "steps",
        "name": null,
        "ref": null,
        "oneway": "B",
        "maxspeed": 0,
        "layer": 0,
        "bridge": "F",
        "tunnel": "F"
      },
      "geometry": {
        "type": "MultiLineString",
        "coordinates": [
          [
            [
              114.36706280842887,
              30.536057623596033
            ],
            [
              114.3671042714336,
              30.536056765111425
            ]
          ]
        ]
      }
    },
    {
      "type": "Feature",
      "properties": {
        "osm_id": "1480400130",
        "code": 5122,
        "fclass": "residential",
        "name": "求是大道",
        "ref": null,
        "oneway": "B",
        "maxspeed": 0,
        "layer": 0,
        "bridge": "F",
        "tunnel": "F"
      },
      "geometry": {
        "type": "MultiLineString",
        "coordinates": [
          [
            [
              114.3682638113912,
              30.536134367618022
            ],
            [
              114.36870381234338,
              30.53613391840867
            ]
          ]
        ]
      }
    },
    {
      "type": "Feature",
      "properties": {
        "osm_id": "1480400131",
        "code": 5153,
        "fclass": "footway",
        "name": null,
        "ref": null,
        "oneway": "B",
        "maxspeed": 0,
        "layer": 0,
        "bridge": "F",
        "tunnel": "F"
      },
      "geometry": {
        "type": "MultiLineString",
        "coordinates": [
          [
            [
              114.3670630716541,
              30.536105028425997
            ],
            [
              114.36762194486674,
              30.536104750097337
            ],
            [
              114.36814893401062,
              30.53610317312056
            ],
            [
              114.36826373606172,
              30.53610276462657
            ],
            [
              114.36871866579737,
              30.536101207052138
            ],
            [
              114.36940830795535,
              30.53584766788313
            ],
            [
              114.36944986757372,
              30.535750707061986
            ],
            [
              114.3694569192421,
              30.535702493508378
            ],
            [
              114.36945817076331,
              30.535639085783732
            ],
            [
              114.36945059536433,
              30.534929724822533
            ]
          ]
        ]
      }
    },
    {
      "type": "Feature",
      "properties": {
        "osm_id": "1480400132",
        "code": 5155,
        "fclass": "steps",
        "name": null,
        "ref": null,
        "oneway": "B",
        "maxspeed": 0,
        "layer": 0,
        "bridge": "F",
        "tunnel": "F"
      },
      "geometry": {
        "type": "MultiLineString",
        "coordinates": [
          [
            [
              114.36762196592066,
              30.53607794754325
            ],
            [
              114.36762194486674,
              30.536104750097337
            ]
          ]
        ]
      }
    },
    {
      "type": "Feature",
      "properties": {
        "osm_id": "1480400133",
        "code": 5153,
        "fclass": "footway",
        "name": null,
        "ref": null,
        "oneway": "B",
        "maxspeed": 0,
        "layer": 0,
        "bridge": "F",
        "tunnel": "F"
      },
      "geometry": {
        "type": "MultiLineString",
        "coordinates": [
          [
            [
              114.3670630716541,
              30.536105028425997
            ],
            [
              114.36706280842887,
              30.536057623596033
            ],
            [
              114.3670603519255,
              30.535610977408925
            ],
            [
              114.36705935898941,
              30.535339149177055
            ],
            [
              114.36705893729159,
              30.535235538241615
            ],
            [
              114.36705776481902,
              30.53493220586923
            ]
          ]
        ]
      }
    },
    {
      "type": "Feature",
      "properties": {
        "osm_id": "1480400134",
        "code": 5155,
        "fclass": "steps",
        "name": null,
        "ref": null,
        "oneway": "B",
        "maxspeed": 0,
        "layer": 0,
        "bridge": "F",
        "tunnel": "F"
      },
      "geometry": {
        "type": "MultiLineString",
        "coordinates": [
          [
            [
              114.3670603519255,
              30.535610977408925
            ],
            [
              114.36710710682333,
              30.53563092630215
            ]
          ]
        ]
      }
    },
    {
      "type": "Feature",
      "properties": {
        "osm_id": "1382968049",
        "code": 5141,
        "fclass": "service",
        "name": null,
        "ref": null,
        "oneway": "B",
        "maxspeed": 0,
        "layer": 0,
        "bridge": "F",
        "tunnel": "F"
      },
      "geometry": {
        "type": "MultiLineString",
        "coordinates": [
          [
            [
              114.36826244298587,
              30.534380091211244
            ],
            [
              114.3683630221875,
              30.534379973693984
            ],
            [
              114.3688758712508,
              30.534379334058567
            ]
          ]
        ]
      }
    },
    {
      "type": "Feature",
      "properties": {
        "osm_id": "1397459408",
        "code": 5141,
        "fclass": "service",
        "name": null,
        "ref": null,
        "oneway": "B",
        "maxspeed": 0,
        "layer": 0,
        "bridge": "F",
        "tunnel": "F"
      },
      "geometry": {
        "type": "MultiLineString",
        "coordinates": [
          [
            [
              114.36938576350836,
              30.533700873728836
            ],
            [
              114.36928285660244,
              30.53370109186168
            ],
            [
              114.36917534288823,
              30.53370140453885
            ],
            [
              114.368961024644,
              30.533701896314756
            ]
          ]
        ]
      }
    },
    {
      "type": "Feature",
      "properties": {
        "osm_id": "1480400141",
        "code": 5122,
        "fclass": "residential",
        "name": "回归路",
        "ref": null,
        "oneway": "B",
        "maxspeed": 0,
        "layer": 0,
        "bridge": "F",
        "tunnel": "F"
      },
      "geometry": {
        "type": "MultiLineString",
        "coordinates": [
          [
            [
              114.36938697276389,
              30.534108516891905
            ],
            [
              114.36938674385641,
              30.534009706468893
            ],
            [
              114.36938576350836,
              30.533700873728836
            ],
            [
              114.36938509904566,
              30.533507952964168
            ],
            [
              114.36938461796917,
              30.53333753425095
            ],
            [
              114.36938302909903,
              30.53317371738938
            ]
          ]
        ]
      }
    },
    {
      "type": "Feature",
      "properties": {
        "osm_id": "1382968055",
        "code": 5153,
        "fclass": "footway",
        "name": null,
        "ref": null,
        "oneway": "B",
        "maxspeed": 0,
        "layer": 0,
        "bridge": "F",
        "tunnel": "F"
      },
      "geometry": {
        "type": "MultiLineString",
        "coordinates": [
          [
            [
              114.36826210738057,
              30.534016451939955
            ],
            [
              114.36836438961986,
              30.534016334104937
            ],
            [
              114.36861494589634,
              30.53401614816628
            ],
            [
              114.36863167693501,
              30.534016040280974
            ],
            [
              114.36865011112644,
              30.53401603129548
            ]
          ]
        ]
      }
    },
    {
      "type": "Feature",
      "properties": {
        "osm_id": "1382968005",
        "code": 5153,
        "fclass": "footway",
        "name": null,
        "ref": null,
        "oneway": "B",
        "maxspeed": 0,
        "layer": 0,
        "bridge": "F",
        "tunnel": "F"
      },
      "geometry": {
        "type": "MultiLineString",
        "coordinates": [
          [
            [
              114.36889279442975,
              30.533700948063498
            ],
            [
              114.368961024644,
              30.533701896314756
            ]
          ]
        ]
      }
    },
    {
      "type": "Feature",
      "properties": {
        "osm_id": "1382968006",
        "code": 5153,
        "fclass": "footway",
        "name": null,
        "ref": null,
        "oneway": "B",
        "maxspeed": 0,
        "layer": -1,
        "bridge": "F",
        "tunnel": "T"
      },
      "geometry": {
        "type": "MultiLineString",
        "coordinates": [
          [
            [
              114.36865053906752,
              30.533699596158083
            ],
            [
              114.36889279442975,
              30.533700948063498
            ]
          ]
        ]
      }
    },
    {
      "type": "Feature",
      "properties": {
        "osm_id": "1382968052",
        "code": 5153,
        "fclass": "footway",
        "name": null,
        "ref": null,
        "oneway": "B",
        "maxspeed": 0,
        "layer": 0,
        "bridge": "F",
        "tunnel": "F"
      },
      "geometry": {
        "type": "MultiLineString",
        "coordinates": [
          [
            [
              114.36862864105123,
              30.534332375893477
            ],
            [
              114.36863167693501,
              30.534016040280974
            ],
            [
              114.36863010109191,
              30.533699706115218
            ]
          ]
        ]
      }
    },
    {
      "type": "Feature",
      "properties": {
        "osm_id": "1382968053",
        "code": 5153,
        "fclass": "footway",
        "name": null,
        "ref": null,
        "oneway": "B",
        "maxspeed": 0,
        "layer": 0,
        "bridge": "F",
        "tunnel": "F"
      },
      "geometry": {
        "type": "MultiLineString",
        "coordinates": [
          [
            [
              114.36863010109191,
              30.533699706115218
            ],
            [
              114.36865053906752,
              30.533699596158083
            ]
          ]
        ]
      }
    },
    {
      "type": "Feature",
      "properties": {
        "osm_id": "1383198090",
        "code": 5122,
        "fclass": "residential",
        "name": "求是二路",
        "ref": null,
        "oneway": "B",
        "maxspeed": 0,
        "layer": 0,
        "bridge": "F",
        "tunnel": "F"
      },
      "geometry": {
        "type": "MultiLineString",
        "coordinates": [
          [
            [
              114.36701063430043,
              30.532639798821776
            ],
            [
              114.36701039350079,
              30.532402769572048
            ],
            [
              114.36701035858242,
              30.532305157458655
            ],
            [
              114.36701028826224,
              30.53226035181295
            ]
          ]
        ]
      }
    },
    {
      "type": "Feature",
      "properties": {
        "osm_id": "1397459397",
        "code": 5153,
        "fclass": "footway",
        "name": null,
        "ref": null,
        "oneway": "B",
        "maxspeed": 0,
        "layer": 0,
        "bridge": "F",
        "tunnel": "F"
      },
      "geometry": {
        "type": "MultiLineString",
        "coordinates": [
          [
            [
              114.36701039350079,
              30.532402769572048
            ],
            [
              114.36695150643129,
              30.532402704512286
            ],
            [
              114.36693137684932,
              30.532402681508504
            ],
            [
              114.36665808423717,
              30.532402530686692
            ],
            [
              114.36652610073305,
              30.53240243555636
            ],
            [
              114.36641494926977,
              30.532402358238546
            ],
            [
              114.36640623752308,
              30.532402343838015
            ]
          ]
        ]
      }
    },
    {
      "type": "Feature",
      "properties": {
        "osm_id": "1442936179",
        "code": 5124,
        "fclass": "pedestrian",
        "name": null,
        "ref": null,
        "oneway": "B",
        "maxspeed": 0,
        "layer": 0,
        "bridge": "F",
        "tunnel": "F"
      },
      "geometry": {
        "type": "MultiLineString",
        "coordinates": [
          [
            [
              114.36749509640018,
              30.53261690462455
            ],
            [
              114.36751984116074,
              30.532609218514015
            ],
            [
              114.36755821074344,
              30.532597438905736
            ],
            [
              114.36755730692764,
              30.53230270230153
            ],
            [
              114.36751944607947,
              30.5323027807488
            ],
            [
              114.3674925029568,
              30.532302864576845
            ],
            [
              114.36749509640018,
              30.53261690462455
            ]
          ]
        ]
      }
    },
    {
      "type": "Feature",
      "properties": {
        "osm_id": "1442936181",
        "code": 5153,
        "fclass": "footway",
        "name": null,
        "ref": null,
        "oneway": "B",
        "maxspeed": 0,
        "layer": 0,
        "bridge": "F",
        "tunnel": "F"
      },
      "geometry": {
        "type": "MultiLineString",
        "coordinates": [
          [
            [
              114.3675199207824,
              30.532639522229708
            ],
            [
              114.36751984116074,
              30.532609218514015
            ],
            [
              114.36751944607947,
              30.5323027807488
            ],
            [
              114.36751937428058,
              30.53226017542543
            ]
          ]
        ]
      }
    },
    {
      "type": "Feature",
      "properties": {
        "osm_id": "1485103565",
        "code": 5153,
        "fclass": "footway",
        "name": null,
        "ref": null,
        "oneway": "B",
        "maxspeed": 0,
        "layer": 0,
        "bridge": "F",
        "tunnel": "F"
      },
      "geometry": {
        "type": "MultiLineString",
        "coordinates": [
          [
            [
              114.36691922443612,
              30.53230465530038
            ],
            [
              114.36701035858242,
              30.532305157458655
            ]
          ]
        ]
      }
    },
    {
      "type": "Feature",
      "properties": {
        "osm_id": "307265569",
        "code": 5152,
        "fclass": "cycleway",
        "name": null,
        "ref": null,
        "oneway": "B",
        "maxspeed": 0,
        "layer": 0,
        "bridge": "F",
        "tunnel": "F"
      },
      "geometry": {
        "type": "MultiLineString",
        "coordinates": [
          [
            [
              114.36526996447975,
              30.53382670999901
            ],
            [
              114.36524291181138,
              30.533859138993105
            ],
            [
              114.36522037190014,
              30.53388077868377
            ],
            [
              114.36520454655553,
              30.53389233563748
            ],
            [
              114.36519382939001,
              30.53390020635401
            ],
            [
              114.36516378770297,
              30.533913522694437
            ],
            [
              114.36512934344377,
              30.53392422519471
            ],
            [
              114.36508358856062,
              30.533933593372986
            ],
            [
              114.36494602900196,
              30.533958184568867
            ]
          ]
        ]
      }
    },
    {
      "type": "Feature",
      "properties": {
        "osm_id": "307265570",
        "code": 5155,
        "fclass": "steps",
        "name": null,
        "ref": null,
        "oneway": "B",
        "maxspeed": 0,
        "layer": 1,
        "bridge": "T",
        "tunnel": "F"
      },
      "geometry": {
        "type": "MultiLineString",
        "coordinates": [
          [
            [
              114.36531479153949,
              30.533577203712927
            ],
            [
              114.36503819410522,
              30.533580119288526
            ]
          ]
        ]
      }
    },
    {
      "type": "Feature",
      "properties": {
        "osm_id": "1382816575",
        "code": 5152,
        "fclass": "cycleway",
        "name": null,
        "ref": null,
        "oneway": "B",
        "maxspeed": 0,
        "layer": 0,
        "bridge": "F",
        "tunnel": "F"
      },
      "geometry": {
        "type": "MultiLineString",
        "coordinates": [
          [
            [
              114.36494845273197,
              30.534067004173348
            ],
            [
              114.36494602900196,
              30.533958184568867
            ]
          ]
        ]
      }
    },
    {
      "type": "Feature",
      "properties": {
        "osm_id": "1392378067",
        "code": 5153,
        "fclass": "footway",
        "name": null,
        "ref": null,
        "oneway": "B",
        "maxspeed": 0,
        "layer": 0,
        "bridge": "F",
        "tunnel": "F"
      },
      "geometry": {
        "type": "MultiLineString",
        "coordinates": [
          [
            [
              114.36491212098507,
              30.533072777723056
            ],
            [
              114.36491344821708,
              30.533179494515473
            ],
            [
              114.36491381959566,
              30.53322110058617
            ]
          ]
        ]
      }
    },
    {
      "type": "Feature",
      "properties": {
        "osm_id": "1442936167",
        "code": 5153,
        "fclass": "footway",
        "name": null,
        "ref": null,
        "oneway": "B",
        "maxspeed": 0,
        "layer": 0,
        "bridge": "F",
        "tunnel": "F"
      },
      "geometry": {
        "type": "MultiLineString",
        "coordinates": [
          [
            [
              114.36490110434356,
              30.534067758512588
            ],
            [
              114.36490000310677,
              30.533929639598277
            ]
          ]
        ]
      }
    },
    {
      "type": "Feature",
      "properties": {
        "osm_id": "1472842308",
        "code": 5124,
        "fclass": "pedestrian",
        "name": null,
        "ref": null,
        "oneway": "B",
        "maxspeed": 0,
        "layer": 0,
        "bridge": "F",
        "tunnel": "F"
      },
      "geometry": {
        "type": "MultiLineString",
        "coordinates": [
          [
            [
              114.36477355350097,
              30.533259762407994
            ],
            [
              114.3647740892803,
              30.533209258167147
            ],
            [
              114.36477390987106,
              30.53317945405763
            ],
            [
              114.36491344821708,
              30.533179494515473
            ],
            [
              114.36504698473665,
              30.533179598566573
            ],
            [
              114.36504843098571,
              30.533258812202696
            ],
            [
              114.36498668482041,
              30.53323372463379
            ],
            [
              114.36491381959566,
              30.53322110058617
            ],
            [
              114.36484354244625,
              30.533230982282404
            ],
            [
              114.36477355350097,
              30.533259762407994
            ]
          ]
        ]
      }
    },
    {
      "type": "Feature",
      "properties": {
        "osm_id": "1472842312",
        "code": 5153,
        "fclass": "footway",
        "name": null,
        "ref": null,
        "oneway": "B",
        "maxspeed": 0,
        "layer": 0,
        "bridge": "F",
        "tunnel": "F"
      },
      "geometry": {
        "type": "MultiLineString",
        "coordinates": [
          [
            [
              114.36517886037116,
              30.533412808177427
            ],
            [
              114.36526705636804,
              30.53341155434156
            ]
          ]
        ]
      }
    },
    {
      "type": "Feature",
      "properties": {
        "osm_id": "1472842318",
        "code": 5141,
        "fclass": "service",
        "name": null,
        "ref": null,
        "oneway": "B",
        "maxspeed": 0,
        "layer": 0,
        "bridge": "F",
        "tunnel": "F"
      },
      "geometry": {
        "type": "MultiLineString",
        "coordinates": [
          [
            [
              114.36422563758478,
              30.533424571934205
            ],
            [
              114.36452119971938,
              30.53342343767399
            ]
          ]
        ]
      }
    },
    {
      "type": "Feature",
      "properties": {
        "osm_id": "1442936180",
        "code": 5124,
        "fclass": "pedestrian",
        "name": null,
        "ref": null,
        "oneway": "B",
        "maxspeed": 0,
        "layer": 0,
        "bridge": "F",
        "tunnel": "F"
      },
      "geometry": {
        "type": "MultiLineString",
        "coordinates": [
          [
            [
              114.36773970530585,
              30.532301286735123
            ],
            [
              114.36777756818228,
              30.532301000263924
            ],
            [
              114.36780922089491,
              30.532300910537444
            ],
            [
              114.36781031083758,
              30.53261674948415
            ],
            [
              114.36777616052944,
              30.5326071372278
            ],
            [
              114.36774080937779,
              30.53259622324456
            ],
            [
              114.36773970530585,
              30.532301286735123
            ]
          ]
        ]
      }
    },
    {
      "type": "Feature",
      "properties": {
        "osm_id": "1442936182",
        "code": 5153,
        "fclass": "footway",
        "name": null,
        "ref": null,
        "oneway": "B",
        "maxspeed": 0,
        "layer": 0,
        "bridge": "F",
        "tunnel": "F"
      },
      "geometry": {
        "type": "MultiLineString",
        "coordinates": [
          [
            [
              114.36777603853793,
              30.53263934107937
            ],
            [
              114.36777616052944,
              30.5326071372278
            ],
            [
              114.36777756818228,
              30.532301000263924
            ],
            [
              114.36777779567656,
              30.532260195290657
            ]
          ]
        ]
      }
    },
    {
      "type": "Feature",
      "properties": {
        "osm_id": "1472842313",
        "code": 5153,
        "fclass": "footway",
        "name": null,
        "ref": null,
        "oneway": "B",
        "maxspeed": 0,
        "layer": 0,
        "bridge": "F",
        "tunnel": "F"
      },
      "geometry": {
        "type": "MultiLineString",
        "coordinates": [
          [
            [
              114.36523189147776,
              30.534420570647214
            ],
            [
              114.3651889453648,
              30.534420450212444
            ]
          ]
        ]
      }
    },
    {
      "type": "Feature",
      "properties": {
        "osm_id": "1391147717",
        "code": 5155,
        "fclass": "steps",
        "name": null,
        "ref": null,
        "oneway": "B",
        "maxspeed": 0,
        "layer": 0,
        "bridge": "F",
        "tunnel": "F"
      },
      "geometry": {
        "type": "MultiLineString",
        "coordinates": [
          [
            [
              114.36647415249196,
              30.535166966014007
            ],
            [
              114.36647408946276,
              30.535118060885438
            ]
          ]
        ]
      }
    },
    {
      "type": "Feature",
      "properties": {
        "osm_id": "1443127390",
        "code": 5153,
        "fclass": "footway",
        "name": null,
        "ref": null,
        "oneway": "B",
        "maxspeed": 0,
        "layer": 0,
        "bridge": "F",
        "tunnel": "F"
      },
      "geometry": {
        "type": "MultiLineString",
        "coordinates": [
          [
            [
              114.3642544036419,
              30.535795236357018
            ],
            [
              114.36493134260395,
              30.535787433441104
            ],
            [
              114.36496157292882,
              30.53578792587425
            ],
            [
              114.36498259489973,
              30.535787289537716
            ]
          ]
        ]
      }
    },
    {
      "type": "Feature",
      "properties": {
        "osm_id": "1391147716",
        "code": 5155,
        "fclass": "steps",
        "name": null,
        "ref": null,
        "oneway": "B",
        "maxspeed": 0,
        "layer": 0,
        "bridge": "F",
        "tunnel": "F"
      },
      "geometry": {
        "type": "MultiLineString",
        "coordinates": [
          [
            [
              114.36648444202376,
              30.534801144310116
            ],
            [
              114.36648450671366,
              30.534848449379556
            ]
          ]
        ]
      }
    },
    {
      "type": "Feature",
      "properties": {
        "osm_id": "1382939857",
        "code": 5141,
        "fclass": "service",
        "name": null,
        "ref": null,
        "oneway": "B",
        "maxspeed": 0,
        "layer": 0,
        "bridge": "F",
        "tunnel": "F"
      },
      "geometry": {
        "type": "MultiLineString",
        "coordinates": [
          [
            [
              114.3672570957977,
              30.536322029473986
            ],
            [
              114.36802625526616,
              30.536314588211212
            ]
          ]
        ]
      }
    },
    {
      "type": "Feature",
      "properties": {
        "osm_id": "1472842324",
        "code": 5153,
        "fclass": "footway",
        "name": null,
        "ref": null,
        "oneway": "B",
        "maxspeed": 0,
        "layer": 0,
        "bridge": "F",
        "tunnel": "F"
      },
      "geometry": {
        "type": "MultiLineString",
        "coordinates": [
          [
            [
              114.36698340386279,
              30.536671897397206
            ],
            [
              114.36698677905761,
              30.53658399292955
            ]
          ]
        ]
      }
    },
    {
      "type": "Feature",
      "properties": {
        "osm_id": "1472842326",
        "code": 5153,
        "fclass": "footway",
        "name": null,
        "ref": null,
        "oneway": "B",
        "maxspeed": 0,
        "layer": 0,
        "bridge": "F",
        "tunnel": "F"
      },
      "geometry": {
        "type": "MultiLineString",
        "coordinates": [
          [
            [
              114.36670750399776,
              30.53692098059904
            ],
            [
              114.36660505866863,
              30.536922535979276
            ]
          ]
        ]
      }
    },
    {
      "type": "Feature",
      "properties": {
        "osm_id": "1472842327",
        "code": 5153,
        "fclass": "footway",
        "name": null,
        "ref": null,
        "oneway": "B",
        "maxspeed": 0,
        "layer": 0,
        "bridge": "F",
        "tunnel": "F"
      },
      "geometry": {
        "type": "MultiLineString",
        "coordinates": [
          [
            [
              114.36670985996606,
              30.536731066329658
            ],
            [
              114.36660591522806,
              30.536729219421073
            ]
          ]
        ]
      }
    },
    {
      "type": "Feature",
      "properties": {
        "osm_id": "203427109",
        "code": 5153,
        "fclass": "footway",
        "name": null,
        "ref": null,
        "oneway": "B",
        "maxspeed": 0,
        "layer": 0,
        "bridge": "F",
        "tunnel": "F"
      },
      "geometry": {
        "type": "MultiLineString",
        "coordinates": [
          [
            [
              114.36870389804947,
              30.537030400642834
            ],
            [
              114.36886006264317,
              30.537067506412455
            ],
            [
              114.36894332612539,
              30.537062344444955
            ],
            [
              114.36931356055536,
              30.536929379181334
            ]
          ]
        ]
      }
    },
    {
      "type": "Feature",
      "properties": {
        "osm_id": "1387978149",
        "code": 5152,
        "fclass": "cycleway",
        "name": null,
        "ref": null,
        "oneway": "B",
        "maxspeed": 0,
        "layer": 0,
        "bridge": "F",
        "tunnel": "F"
      },
      "geometry": {
        "type": "MultiLineString",
        "coordinates": [
          [
            [
              114.36934359002053,
              30.53709135916978
            ],
            [
              114.36928174913437,
              30.537112230889246
            ],
            [
              114.36819640629658,
              30.537487497118025
            ],
            [
              114.36813488134845,
              30.537508701172705
            ],
            [
              114.36778027807075,
              30.53763035382517
            ],
            [
              114.36738982898184,
              30.537772962976497
            ],
            [
              114.36704099068083,
              30.537897768463043
            ],
            [
              114.36696950699312,
              30.537870589143523
            ],
            [
              114.36689961061967,
              30.537862908461967
            ],
            [
              114.36686505779032,
              30.537865867426184
            ],
            [
              114.36682639249524,
              30.537877020822886
            ],
            [
              114.36652426843047,
              30.53799480983836
            ]
          ]
        ]
      }
    },
    {
      "type": "Feature",
      "properties": {
        "osm_id": "1481028903",
        "code": 5153,
        "fclass": "footway",
        "name": null,
        "ref": null,
        "oneway": "B",
        "maxspeed": 0,
        "layer": 0,
        "bridge": "F",
        "tunnel": "F"
      },
      "geometry": {
        "type": "MultiLineString",
        "coordinates": [
          [
            [
              114.36928174913437,
              30.537112230889246
            ],
            [
              114.36930574671322,
              30.537174409675707
            ],
            [
              114.36931753859831,
              30.537213499790383
            ],
            [
              114.36932011416413,
              30.537249900049453
            ],
            [
              114.36931968039897,
              30.53729030406906
            ],
            [
              114.36931012969052,
              30.537329018253725
            ],
            [
              114.3693013913702,
              30.53735453028909
            ],
            [
              114.36928964801845,
              30.537378845479786
            ],
            [
              114.36927007973539,
              30.537414570080564
            ],
            [
              114.36924098755263,
              30.537456404997844
            ],
            [
              114.36922575095589,
              30.537464121736786
            ],
            [
              114.36920971831827,
              30.537465138498792
            ],
            [
              114.36919168997657,
              30.537456156180955
            ],
            [
              114.36917276156518,
              30.53744517427829
            ],
            [
              114.3691464235463,
              30.53742819874434
            ],
            [
              114.36910426388678,
              30.537399936434003
            ],
            [
              114.36906851105846,
              30.53737906733453
            ],
            [
              114.36903305557298,
              30.537362497131507
            ],
            [
              114.36898848035455,
              30.537348833515104
            ],
            [
              114.368915851871,
              30.537334989471937
            ],
            [
              114.36886415616519,
              30.537331226768547
            ]
          ]
        ]
      }
    },
    {
      "type": "Feature",
      "properties": {
        "osm_id": "103949718",
        "code": 5141,
        "fclass": "service",
        "name": null,
        "ref": null,
        "oneway": "B",
        "maxspeed": 0,
        "layer": 0,
        "bridge": "F",
        "tunnel": "F"
      },
      "geometry": {
        "type": "MultiLineString",
        "coordinates": [
          [
            [
              114.3623425896943,
              30.536795389467578
            ],
            [
              114.36253354767294,
              30.535689318815972
            ],
            [
              114.36255706442545,
              30.535552430326167
            ],
            [
              114.36260308118602,
              30.535298348127505
            ],
            [
              114.36260821163071,
              30.534731414712287
            ],
            [
              114.36261106830645,
              30.534657221713186
            ]
          ]
        ]
      }
    },
    {
      "type": "Feature",
      "properties": {
        "osm_id": "1483109338",
        "code": 5141,
        "fclass": "service",
        "name": null,
        "ref": null,
        "oneway": "B",
        "maxspeed": 0,
        "layer": 0,
        "bridge": "F",
        "tunnel": "F"
      },
      "geometry": {
        "type": "MultiLineString",
        "coordinates": [
          [
            [
              114.36148910419489,
              30.53553450229517
            ],
            [
              114.36171172780612,
              30.535577492608493
            ],
            [
              114.36189955855656,
              30.535610929387023
            ],
            [
              114.36253354767294,
              30.535689318815972
            ]
          ]
        ]
      }
    },
    {
      "type": "Feature",
      "properties": {
        "osm_id": "1483109343",
        "code": 5141,
        "fclass": "service",
        "name": null,
        "ref": null,
        "oneway": "B",
        "maxspeed": 0,
        "layer": 0,
        "bridge": "F",
        "tunnel": "F"
      },
      "geometry": {
        "type": "MultiLineString",
        "coordinates": [
          [
            [
              114.36253354767294,
              30.535689318815972
            ],
            [
              114.3632386878754,
              30.535746863345242
            ]
          ]
        ]
      }
    },
    {
      "type": "Feature",
      "properties": {
        "osm_id": "1483109334",
        "code": 5141,
        "fclass": "service",
        "name": null,
        "ref": null,
        "oneway": "B",
        "maxspeed": 0,
        "layer": 0,
        "bridge": "F",
        "tunnel": "F"
      },
      "geometry": {
        "type": "MultiLineString",
        "coordinates": [
          [
            [
              114.36133542102442,
              30.53598576513633
            ],
            [
              114.36132924270419,
              30.535956522168963
            ],
            [
              114.36133145500953,
              30.535941334950948
            ],
            [
              114.36133926650206,
              30.535928584202356
            ],
            [
              114.36134907612475,
              30.535918746599634
            ],
            [
              114.3613636860058,
              30.535909839949692
            ],
            [
              114.3613822950172,
              30.535903159040462
            ],
            [
              114.36140230158206,
              30.535900087135474
            ],
            [
              114.36143230761601,
              30.535900579076635
            ],
            [
              114.36145960982617,
              30.535905453446386
            ],
            [
              114.36148730932528,
              30.53591413002507
            ],
            [
              114.3615150058695,
              30.535926806277804
            ],
            [
              114.36155849055916,
              30.53595978288611
            ],
            [
              114.36214362904768,
              30.536521844173567
            ],
            [
              114.36226811176795,
              30.536853880610646
            ]
          ]
        ]
      }
    },
    {
      "type": "Feature",
      "properties": {
        "osm_id": "1383484210",
        "code": 5154,
        "fclass": "path",
        "name": null,
        "ref": null,
        "oneway": "B",
        "maxspeed": 0,
        "layer": 0,
        "bridge": "F",
        "tunnel": "F"
      },
      "geometry": {
        "type": "MultiLineString",
        "coordinates": [
          [
            [
              114.36373124454876,
              30.536104591497516
            ],
            [
              114.36373210198296,
              30.536032187941583
            ],
            [
              114.3637375797639,
              30.535809588771183
            ]
          ]
        ]
      }
    },
    {
      "type": "Feature",
      "properties": {
        "osm_id": "1383484208",
        "code": 5141,
        "fclass": "service",
        "name": null,
        "ref": null,
        "oneway": "B",
        "maxspeed": 0,
        "layer": 0,
        "bridge": "F",
        "tunnel": "F"
      },
      "geometry": {
        "type": "MultiLineString",
        "coordinates": [
          [
            [
              114.36370005237065,
              30.535809330051144
            ],
            [
              114.36370577513928,
              30.53552672563028
            ]
          ]
        ]
      }
    },
    {
      "type": "Feature",
      "properties": {
        "osm_id": "1383484211",
        "code": 5141,
        "fclass": "service",
        "name": null,
        "ref": null,
        "oneway": "B",
        "maxspeed": 0,
        "layer": 0,
        "bridge": "F",
        "tunnel": "F"
      },
      "geometry": {
        "type": "MultiLineString",
        "coordinates": [
          [
            [
              114.36370577513928,
              30.53552672563028
            ],
            [
              114.36343538762061,
              30.535523943766577
            ]
          ]
        ]
      }
    },
    {
      "type": "Feature",
      "properties": {
        "osm_id": "1472522858",
        "code": 5153,
        "fclass": "footway",
        "name": null,
        "ref": null,
        "oneway": "B",
        "maxspeed": 0,
        "layer": 0,
        "bridge": "F",
        "tunnel": "F"
      },
      "geometry": {
        "type": "MultiLineString",
        "coordinates": [
          [
            [
              114.3639178165052,
              30.53580993229746
            ],
            [
              114.36391742638399,
              30.53579682940413
            ]
          ]
        ]
      }
    },
    {
      "type": "Feature",
      "properties": {
        "osm_id": "1474085623",
        "code": 5153,
        "fclass": "footway",
        "name": null,
        "ref": null,
        "oneway": "B",
        "maxspeed": 0,
        "layer": 0,
        "bridge": "F",
        "tunnel": "F"
      },
      "geometry": {
        "type": "MultiLineString",
        "coordinates": [
          [
            [
              114.3632653512637,
              30.53719732868485
            ],
            [
              114.36326439839308,
              30.537138618782883
            ]
          ]
        ]
      }
    },
    {
      "type": "Feature",
      "properties": {
        "osm_id": "104449522",
        "code": 5141,
        "fclass": "service",
        "name": null,
        "ref": null,
        "oneway": "B",
        "maxspeed": 0,
        "layer": 0,
        "bridge": "F",
        "tunnel": "F"
      },
      "geometry": {
        "type": "MultiLineString",
        "coordinates": [
          [
            [
              114.36368294883518,
              30.538626318237466
            ],
            [
              114.36296191113087,
              30.538117355005966
            ],
            [
              114.36279577440035,
              30.538292035822252
            ],
            [
              114.3627066497577,
              30.538385685582366
            ]
          ]
        ]
      }
    },
    {
      "type": "Feature",
      "properties": {
        "osm_id": "236801239",
        "code": 5115,
        "fclass": "tertiary",
        "name": "珞珈山路",
        "ref": null,
        "oneway": "F",
        "maxspeed": 0,
        "layer": 0,
        "bridge": "F",
        "tunnel": "F"
      },
      "geometry": {
        "type": "MultiLineString",
        "coordinates": [
          [
            [
              114.36373127318865,
              30.539109463754457
            ],
            [
              114.36370676986797,
              30.53909225877526
            ],
            [
              114.36365306246911,
              30.539055226728806
            ],
            [
              114.36334083597156,
              30.53883522284453
            ],
            [
              114.36302803081175,
              30.53861472326565
            ],
            [
              114.3627066497577,
              30.538385685582366
            ],
            [
              114.36211393749316,
              30.537970209633514
            ],
            [
              114.36208364521241,
              30.53794753318172
            ],
            [
              114.36205534684929,
              30.537933268187967
            ],
            [
              114.36202764271859,
              30.537926406571334
            ],
            [
              114.36199733587989,
              30.53792192922102
            ],
            [
              114.36196662537418,
              30.537921949042598
            ],
            [
              114.36192981018526,
              30.537925432197493
            ],
            [
              114.36189199157637,
              30.53793300848356
            ],
            [
              114.36184296511377,
              30.537946216786533
            ],
            [
              114.36178893189536,
              30.537966393206826
            ]
          ]
        ]
      }
    },
    {
      "type": "Feature",
      "properties": {
        "osm_id": "1383484769",
        "code": 5154,
        "fclass": "path",
        "name": null,
        "ref": null,
        "oneway": "B",
        "maxspeed": 0,
        "layer": 0,
        "bridge": "F",
        "tunnel": "F"
      },
      "geometry": {
        "type": "MultiLineString",
        "coordinates": [
          [
            [
              114.36405646397743,
              30.538356620057527
            ],
            [
              114.3640235368506,
              30.53835719101249
            ],
            [
              114.36398480527936,
              30.538357837893653
            ],
            [
              114.36357909528469,
              30.538364448087457
            ]
          ]
        ]
      }
    },
    {
      "type": "Feature",
      "properties": {
        "osm_id": "1481002326",
        "code": 5141,
        "fclass": "service",
        "name": null,
        "ref": null,
        "oneway": "B",
        "maxspeed": 0,
        "layer": 0,
        "bridge": "F",
        "tunnel": "F"
      },
      "geometry": {
        "type": "MultiLineString",
        "coordinates": [
          [
            [
              114.36232851362551,
              30.53881269432803
            ],
            [
              114.36291425098929,
              30.5387509733686
            ],
            [
              114.36302803081175,
              30.53861472326565
            ]
          ]
        ]
      }
    },
    {
      "type": "Feature",
      "properties": {
        "osm_id": "243164211",
        "code": 5114,
        "fclass": "secondary",
        "name": "八一路下穿通道",
        "ref": null,
        "oneway": "F",
        "maxspeed": 50,
        "layer": -1,
        "bridge": "F",
        "tunnel": "T"
      },
      "geometry": {
        "type": "MultiLineString",
        "coordinates": [
          [
            [
              114.36363692460962,
              30.539551198356573
            ],
            [
              114.36479741984404,
              30.538958401926674
            ],
            [
              114.36543756347199,
              30.53864292525715
            ],
            [
              114.36605634463362,
              30.538359315621033
            ],
            [
              114.36780485221688,
              30.53771136872712
            ],
            [
              114.36879288926458,
              30.537370077851346
            ],
            [
              114.36958716927593,
              30.53711275049006
            ]
          ]
        ]
      }
    },
    {
      "type": "Feature",
      "properties": {
        "osm_id": "312772220",
        "code": 5152,
        "fclass": "cycleway",
        "name": null,
        "ref": null,
        "oneway": "B",
        "maxspeed": 0,
        "layer": 0,
        "bridge": "F",
        "tunnel": "F"
      },
      "geometry": {
        "type": "MultiLineString",
        "coordinates": [
          [
            [
              114.36652426843047,
              30.53799480983836
            ],
            [
              114.36589342919382,
              30.538253869966056
            ],
            [
              114.36592593127726,
              30.538299343046038
            ],
            [
              114.36594073302622,
              30.538319175912477
            ],
            [
              114.36530001991308,
              30.53863166002409
            ]
          ]
        ]
      }
    },
    {
      "type": "Feature",
      "properties": {
        "osm_id": "1382939848",
        "code": 5153,
        "fclass": "footway",
        "name": null,
        "ref": null,
        "oneway": "B",
        "maxspeed": 0,
        "layer": 0,
        "bridge": "F",
        "tunnel": "F"
      },
      "geometry": {
        "type": "MultiLineString",
        "coordinates": [
          [
            [
              114.36455124164539,
              30.536212639172575
            ],
            [
              114.36472490678479,
              30.53621142100249
            ],
            [
              114.36474924612017,
              30.536191398306617
            ]
          ]
        ]
      }
    },
    {
      "type": "Feature",
      "properties": {
        "osm_id": "1387514496",
        "code": 5141,
        "fclass": "service",
        "name": null,
        "ref": null,
        "oneway": "B",
        "maxspeed": 0,
        "layer": 0,
        "bridge": "F",
        "tunnel": "F"
      },
      "geometry": {
        "type": "MultiLineString",
        "coordinates": [
          [
            [
              114.36479619111766,
              30.53619244967086
            ],
            [
              114.36487187366419,
              30.536182788142998
            ],
            [
              114.36535115859755,
              30.53633489151773
            ]
          ]
        ]
      }
    },
    {
      "type": "Feature",
      "properties": {
        "osm_id": "1387514497",
        "code": 5155,
        "fclass": "steps",
        "name": null,
        "ref": null,
        "oneway": "B",
        "maxspeed": 0,
        "layer": 0,
        "bridge": "F",
        "tunnel": "F"
      },
      "geometry": {
        "type": "MultiLineString",
        "coordinates": [
          [
            [
              114.36474924612017,
              30.536191398306617
            ],
            [
              114.36479619111766,
              30.53619244967086
            ]
          ]
        ]
      }
    },
    {
      "type": "Feature",
      "properties": {
        "osm_id": "358205767",
        "code": 5153,
        "fclass": "footway",
        "name": null,
        "ref": null,
        "oneway": "B",
        "maxspeed": 0,
        "layer": 0,
        "bridge": "F",
        "tunnel": "F"
      },
      "geometry": {
        "type": "MultiLineString",
        "coordinates": [
          [
            [
              114.36542163125681,
              30.537091448083512
            ],
            [
              114.36542616807965,
              30.537420789748538
            ]
          ]
        ]
      }
    },
    {
      "type": "Feature",
      "properties": {
        "osm_id": "1387514494",
        "code": 5141,
        "fclass": "service",
        "name": null,
        "ref": null,
        "oneway": "B",
        "maxspeed": 0,
        "layer": 0,
        "bridge": "F",
        "tunnel": "F"
      },
      "geometry": {
        "type": "MultiLineString",
        "coordinates": [
          [
            [
              114.36411812196813,
              30.536890327101165
            ],
            [
              114.36415228171995,
              30.536975365928228
            ],
            [
              114.36415554577978,
              30.53702318283232
            ],
            [
              114.36414550033986,
              30.537068948751088
            ],
            [
              114.36412334340301,
              30.537116468260788
            ],
            [
              114.36408908010924,
              30.537159640049722
            ],
            [
              114.3640534241288,
              30.53719270433599
            ],
            [
              114.36400937211882,
              30.5372129330856
            ],
            [
              114.36390507556217,
              30.53723031744862
            ]
          ]
        ]
      }
    },
    {
      "type": "Feature",
      "properties": {
        "osm_id": "1474085622",
        "code": 5153,
        "fclass": "footway",
        "name": null,
        "ref": null,
        "oneway": "B",
        "maxspeed": 0,
        "layer": 0,
        "bridge": "F",
        "tunnel": "F"
      },
      "geometry": {
        "type": "MultiLineString",
        "coordinates": [
          [
            [
              114.36412334340301,
              30.537116468260788
            ],
            [
              114.36420040984467,
              30.53711406130531
            ]
          ]
        ]
      }
    },
    {
      "type": "Feature",
      "properties": {
        "osm_id": "358205768",
        "code": 5153,
        "fclass": "footway",
        "name": null,
        "ref": null,
        "oneway": "B",
        "maxspeed": 0,
        "layer": 0,
        "bridge": "F",
        "tunnel": "F"
      },
      "geometry": {
        "type": "MultiLineString",
        "coordinates": [
          [
            [
              114.36588716601445,
              30.536736121258993
            ],
            [
              114.36588744891687,
              30.53700624685065
            ]
          ]
        ]
      }
    },
    {
      "type": "Feature",
      "properties": {
        "osm_id": "202358434",
        "code": 5141,
        "fclass": "service",
        "name": null,
        "ref": null,
        "oneway": "B",
        "maxspeed": 0,
        "layer": 0,
        "bridge": "F",
        "tunnel": "F"
      },
      "geometry": {
        "type": "MultiLineString",
        "coordinates": [
          [
            [
              114.36466828150309,
              30.53705111412409
            ],
            [
              114.36532876558333,
              30.537044798287038
            ],
            [
              114.36532587420157,
              30.536782066148618
            ],
            [
              114.36534463026932,
              30.536738012335896
            ],
            [
              114.36550884973386,
              30.53644401065047
            ]
          ]
        ]
      }
    },
    {
      "type": "Feature",
      "properties": {
        "osm_id": "202358435",
        "code": 5141,
        "fclass": "service",
        "name": null,
        "ref": null,
        "oneway": "B",
        "maxspeed": 0,
        "layer": 0,
        "bridge": "F",
        "tunnel": "F"
      },
      "geometry": {
        "type": "MultiLineString",
        "coordinates": [
          [
            [
              114.36466736511221,
              30.53682248978394
            ],
            [
              114.36468962439223,
              30.536775159057107
            ],
            [
              114.36478868853293,
              30.536564961508862
            ],
            [
              114.36493077622639,
              30.536254677660974
            ],
            [
              114.36550884973386,
              30.53644401065047
            ]
          ]
        ]
      }
    },
    {
      "type": "Feature",
      "properties": {
        "osm_id": "1037322795",
        "code": 5153,
        "fclass": "footway",
        "name": null,
        "ref": null,
        "oneway": "B",
        "maxspeed": 0,
        "layer": 0,
        "bridge": "F",
        "tunnel": "F"
      },
      "geometry": {
        "type": "MultiLineString",
        "coordinates": [
          [
            [
              114.36510324943123,
              30.536638429706343
            ],
            [
              114.36509785376126,
              30.536625912834733
            ],
            [
              114.36508835227944,
              30.536615284134836
            ],
            [
              114.36507574517917,
              30.53660764653164
            ],
            [
              114.3650610332102,
              30.536603402899303
            ],
            [
              114.36504551718386,
              30.536603257067537
            ],
            [
              114.36503069889916,
              30.536606913440952
            ],
            [
              114.3650177796648,
              30.53661427562899
            ],
            [
              114.36500796133585,
              30.536624547228346
            ],
            [
              114.36500204543097,
              30.53663683064763
            ],
            [
              114.36500083243375,
              30.53665152839506
            ],
            [
              114.36500522550527,
              30.536665842931058
            ],
            [
              114.36501482561293,
              30.53667807283128
            ],
            [
              114.36502853261797,
              30.536687014564787
            ],
            [
              114.36504474578327,
              30.536691563127466
            ],
            [
              114.36506196381691,
              30.5366914139547
            ],
            [
              114.3650780846963,
              30.536686360822586
            ],
            [
              114.36509130595996,
              30.53667709859208
            ],
            [
              114.36510042551748,
              30.536664623972236
            ],
            [
              114.3651041397325,
              30.53665173354886
            ],
            [
              114.36510324943123,
              30.536638429706343
            ]
          ]
        ]
      }
    },
    {
      "type": "Feature",
      "properties": {
        "osm_id": "1472842333",
        "code": 5141,
        "fclass": "service",
        "name": null,
        "ref": null,
        "oneway": "B",
        "maxspeed": 0,
        "layer": 0,
        "bridge": "F",
        "tunnel": "F"
      },
      "geometry": {
        "type": "MultiLineString",
        "coordinates": [
          [
            [
              114.36463021919491,
              30.53769474545037
            ],
            [
              114.36462734322383,
              30.537540822015366
            ],
            [
              114.36462917738739,
              30.53750132462204
            ],
            [
              114.36464222446153,
              30.53745896453703
            ],
            [
              114.36465856867771,
              30.53742391592817
            ],
            [
              114.36466828150309,
              30.53705111412409
            ],
            [
              114.36466736511221,
              30.53682248978394
            ]
          ]
        ]
      }
    },
    {
      "type": "Feature",
      "properties": {
        "osm_id": "203427213",
        "code": 5141,
        "fclass": "service",
        "name": null,
        "ref": null,
        "oneway": "B",
        "maxspeed": 0,
        "layer": 0,
        "bridge": "F",
        "tunnel": "F"
      },
      "geometry": {
        "type": "MultiLineString",
        "coordinates": [
          [
            [
              114.36550884973386,
              30.53644401065047
            ],
            [
              114.36555447497099,
              30.536352215674107
            ]
          ]
        ]
      }
    },
    {
      "type": "Feature",
      "properties": {
        "osm_id": "1382939859",
        "code": 5141,
        "fclass": "service",
        "name": null,
        "ref": null,
        "oneway": "B",
        "maxspeed": 0,
        "layer": 0,
        "bridge": "F",
        "tunnel": "F"
      },
      "geometry": {
        "type": "MultiLineString",
        "coordinates": [
          [
            [
              114.36459079549896,
              30.53792023231984
            ],
            [
              114.36417081916248,
              30.53792482267977
            ]
          ]
        ]
      }
    },
    {
      "type": "Feature",
      "properties": {
        "osm_id": "1387530050",
        "code": 5141,
        "fclass": "service",
        "name": null,
        "ref": null,
        "oneway": "B",
        "maxspeed": 0,
        "layer": 0,
        "bridge": "F",
        "tunnel": "F"
      },
      "geometry": {
        "type": "MultiLineString",
        "coordinates": [
          [
            [
              114.36417081916248,
              30.53792482267977
            ],
            [
              114.36417654032716,
              30.53814526373314
            ],
            [
              114.3641817774986,
              30.538344900892277
            ]
          ]
        ]
      }
    },
    {
      "type": "Feature",
      "properties": {
        "osm_id": "103943355",
        "code": 5132,
        "fclass": "trunk_link",
        "name": null,
        "ref": null,
        "oneway": "F",
        "maxspeed": 40,
        "layer": 0,
        "bridge": "F",
        "tunnel": "F"
      },
      "geometry": {
        "type": "MultiLineString",
        "coordinates": [
          [
            [
              114.36088128393591,
              30.535432973729364
            ],
            [
              114.36099636674214,
              30.53573029169068
            ],
            [
              114.36099837754182,
              30.535845317173134
            ]
          ]
        ]
      }
    },
    {
      "type": "Feature",
      "properties": {
        "osm_id": "103943358",
        "code": 5132,
        "fclass": "trunk_link",
        "name": null,
        "ref": null,
        "oneway": "F",
        "maxspeed": 40,
        "layer": 1,
        "bridge": "T",
        "tunnel": "F"
      },
      "geometry": {
        "type": "MultiLineString",
        "coordinates": [
          [
            [
              114.36061146743957,
              30.535038338709473
            ],
            [
              114.3607460331305,
              30.53509229696963
            ],
            [
              114.36088128393591,
              30.535432973729364
            ]
          ]
        ]
      }
    },
    {
      "type": "Feature",
      "properties": {
        "osm_id": "1441555693",
        "code": 5152,
        "fclass": "cycleway",
        "name": null,
        "ref": null,
        "oneway": "B",
        "maxspeed": 0,
        "layer": 0,
        "bridge": "F",
        "tunnel": "F"
      },
      "geometry": {
        "type": "MultiLineString",
        "coordinates": [
          [
            [
              114.36136734866601,
              30.533121553178685
            ],
            [
              114.3615934964121,
              30.53312678723993
            ],
            [
              114.36180325102364,
              30.533131574785816
            ]
          ]
        ]
      }
    },
    {
      "type": "Feature",
      "properties": {
        "osm_id": "1480437161",
        "code": 5152,
        "fclass": "cycleway",
        "name": null,
        "ref": null,
        "oneway": "B",
        "maxspeed": 0,
        "layer": 0,
        "bridge": "F",
        "tunnel": "F"
      },
      "geometry": {
        "type": "MultiLineString",
        "coordinates": [
          [
            [
              114.361366296495,
              30.533196155439892
            ],
            [
              114.36136671387283,
              30.53317135512874
            ],
            [
              114.36136734866601,
              30.533121553178685
            ],
            [
              114.36136818625903,
              30.533067652015845
            ],
            [
              114.36136860512254,
              30.53304055140775
            ]
          ]
        ]
      }
    },
    {
      "type": "Feature",
      "properties": {
        "osm_id": "243164212",
        "code": 5114,
        "fclass": "secondary",
        "name": "八一路",
        "ref": null,
        "oneway": "F",
        "maxspeed": 50,
        "layer": 0,
        "bridge": "F",
        "tunnel": "F"
      },
      "geometry": {
        "type": "MultiLineString",
        "coordinates": [
          [
            [
              114.36370337868676,
              30.539659991087536
            ],
            [
              114.36304624298361,
              30.540008927907586
            ],
            [
              114.36285385966693,
              30.54009518168337
            ],
            [
              114.36267190379264,
              30.540165453669612
            ]
          ]
        ]
      }
    },
    {
      "type": "Feature",
      "properties": {
        "osm_id": "243164214",
        "code": 5114,
        "fclass": "secondary",
        "name": "八一路",
        "ref": null,
        "oneway": "F",
        "maxspeed": 50,
        "layer": 0,
        "bridge": "F",
        "tunnel": "F"
      },
      "geometry": {
        "type": "MultiLineString",
        "coordinates": [
          [
            [
              114.36246932152969,
              30.540138196811032
            ],
            [
              114.3626270743974,
              30.540059410316736
            ],
            [
              114.36281234955925,
              30.5399667610915
            ],
            [
              114.36363692460962,
              30.539551198356573
            ]
          ]
        ]
      }
    },
    {
      "type": "Feature",
      "properties": {
        "osm_id": "306232311",
        "code": 5115,
        "fclass": "tertiary",
        "name": null,
        "ref": null,
        "oneway": "F",
        "maxspeed": 0,
        "layer": 0,
        "bridge": "F",
        "tunnel": "F"
      },
      "geometry": {
        "type": "MultiLineString",
        "coordinates": [
          [
            [
              114.36251247628111,
              30.53976507750184
            ],
            [
              114.36262914504886,
              30.53986480544874
            ],
            [
              114.36267175229813,
              30.539880629890412
            ],
            [
              114.36270946602767,
              30.539886626474615
            ],
            [
              114.36274568445297,
              30.539886713540938
            ],
            [
              114.36278791465486,
              30.539877229317113
            ],
            [
              114.36283004808118,
              30.539864442651687
            ],
            [
              114.36367715164874,
              30.539437661417743
            ],
            [
              114.36371389681656,
              30.539416415762524
            ],
            [
              114.36374273446005,
              30.539397435802943
            ],
            [
              114.36376206392524,
              30.539379915426807
            ],
            [
              114.3637772903211,
              30.539362477599056
            ],
            [
              114.3637910208907,
              30.53933893283022
            ],
            [
              114.36379914142962,
              30.539322165175687
            ],
            [
              114.36380626578358,
              30.53930009289395
            ],
            [
              114.36380988672566,
              30.53927890614011
            ],
            [
              114.36381120128635,
              30.53926311027638
            ],
            [
              114.36381081413059,
              30.539247807410028
            ],
            [
              114.3638093251963,
              30.539233600072734
            ],
            [
              114.3638065374255,
              30.539216887145628
            ],
            [
              114.36380044776952,
              30.539199460459187
            ],
            [
              114.3637908587506,
              30.539178218877435
            ],
            [
              114.3637849646231,
              30.539166193359236
            ],
            [
              114.36377636839919,
              30.539154256547263
            ],
            [
              114.36376337354429,
              30.539136900821124
            ],
            [
              114.36375337537622,
              30.53912605804409
            ],
            [
              114.36373127318865,
              30.539109463754457
            ]
          ]
        ]
      }
    },
    {
      "type": "Feature",
      "properties": {
        "osm_id": "1481002316",
        "code": 5141,
        "fclass": "service",
        "name": null,
        "ref": null,
        "oneway": "B",
        "maxspeed": 0,
        "layer": 0,
        "bridge": "F",
        "tunnel": "F"
      },
      "geometry": {
        "type": "MultiLineString",
        "coordinates": [
          [
            [
              114.36329851538483,
              30.539527385656914
            ],
            [
              114.3628977073698,
              30.53972327190723
            ],
            [
              114.3626234187841,
              30.539313929958205
            ],
            [
              114.36315043593338,
              30.53904685048225
            ],
            [
              114.36317897261868,
              30.539024284196746
            ],
            [
              114.36334083597156,
              30.53883522284453
            ]
          ]
        ]
      }
    },
    {
      "type": "Feature",
      "properties": {
        "osm_id": "1481002317",
        "code": 5141,
        "fclass": "service",
        "name": null,
        "ref": null,
        "oneway": "B",
        "maxspeed": 0,
        "layer": 0,
        "bridge": "F",
        "tunnel": "F"
      },
      "geometry": {
        "type": "MultiLineString",
        "coordinates": [
          [
            [
              114.3628977073698,
              30.53972327190723
            ],
            [
              114.36280411786534,
              30.539768303098967
            ],
            [
              114.36283004808118,
              30.539864442651687
            ]
          ]
        ]
      }
    },
    {
      "type": "Feature",
      "properties": {
        "osm_id": "1481002320",
        "code": 5141,
        "fclass": "service",
        "name": null,
        "ref": null,
        "oneway": "B",
        "maxspeed": 0,
        "layer": 0,
        "bridge": "F",
        "tunnel": "F"
      },
      "geometry": {
        "type": "MultiLineString",
        "coordinates": [
          [
            [
              114.36358841851776,
              30.539286066709455
            ],
            [
              114.36317897261868,
              30.539024284196746
            ]
          ]
        ]
      }
    },
    {
      "type": "Feature",
      "properties": {
        "osm_id": "104451083",
        "code": 5141,
        "fclass": "service",
        "name": null,
        "ref": null,
        "oneway": "B",
        "maxspeed": 0,
        "layer": 0,
        "bridge": "F",
        "tunnel": "F"
      },
      "geometry": {
        "type": "MultiLineString",
        "coordinates": [
          [
            [
              114.36323981634486,
              30.536475140872337
            ],
            [
              114.36295745859788,
              30.536713003737866
            ],
            [
              114.36278978563598,
              30.53656534618015
            ],
            [
              114.36246981723659,
              30.536830288750934
            ],
            [
              114.36232924918156,
              30.53696273157965
            ],
            [
              114.36223127368332,
              30.53688277644997
            ]
          ]
        ]
      }
    },
    {
      "type": "Feature",
      "properties": {
        "osm_id": "127030845",
        "code": 5132,
        "fclass": "trunk_link",
        "name": null,
        "ref": null,
        "oneway": "F",
        "maxspeed": 0,
        "layer": 0,
        "bridge": "F",
        "tunnel": "F"
      },
      "geometry": {
        "type": "MultiLineString",
        "coordinates": [
          [
            [
              114.36179700904228,
              30.53799674475596
            ],
            [
              114.3618894769948,
              30.538069605795204
            ],
            [
              114.36200187880588,
              30.53835099405168
            ]
          ]
        ]
      }
    },
    {
      "type": "Feature",
      "properties": {
        "osm_id": "149552429",
        "code": 5113,
        "fclass": "primary",
        "name": "珞狮路",
        "ref": null,
        "oneway": "F",
        "maxspeed": 0,
        "layer": 0,
        "bridge": "F",
        "tunnel": "F"
      },
      "geometry": {
        "type": "MultiLineString",
        "coordinates": [
          [
            [
              114.36164102564689,
              30.537561151562716
            ],
            [
              114.3617144882089,
              30.537752020977194
            ]
          ]
        ]
      }
    },
    {
      "type": "Feature",
      "properties": {
        "osm_id": "149554145",
        "code": 5112,
        "fclass": "trunk",
        "name": "二环线",
        "ref": null,
        "oneway": "F",
        "maxspeed": 60,
        "layer": 1,
        "bridge": "T",
        "tunnel": "F"
      },
      "geometry": {
        "type": "MultiLineString",
        "coordinates": [
          [
            [
              114.36061146743957,
              30.535038338709473
            ],
            [
              114.36076634789103,
              30.53546777925126
            ],
            [
              114.36107683650468,
              30.536292491752132
            ],
            [
              114.36131777250826,
              30.536922543232993
            ],
            [
              114.36173538255436,
              30.53800687168057
            ],
            [
              114.36219750141271,
              30.539116386165496
            ],
            [
              114.36266973580656,
              30.540390477083857
            ]
          ]
        ]
      }
    },
    {
      "type": "Feature",
      "properties": {
        "osm_id": "149561626",
        "code": 5112,
        "fclass": "trunk",
        "name": "二环线",
        "ref": null,
        "oneway": "F",
        "maxspeed": 60,
        "layer": 1,
        "bridge": "T",
        "tunnel": "F"
      },
      "geometry": {
        "type": "MultiLineString",
        "coordinates": [
          [
            [
              114.36166153858808,
              30.538035021419297
            ],
            [
              114.3612171692413,
              30.53690408418996
            ],
            [
              114.36079827113063,
              30.53582843965302
            ],
            [
              114.360482422522,
              30.53496210147013
            ],
            [
              114.36026178156118,
              30.534351610070104
            ],
            [
              114.35962408889277,
              30.532741777246336
            ]
          ]
        ]
      }
    },
    {
      "type": "Feature",
      "properties": {
        "osm_id": "415176579",
        "code": 5113,
        "fclass": "primary",
        "name": "珞狮路",
        "ref": null,
        "oneway": "F",
        "maxspeed": 0,
        "layer": 0,
        "bridge": "F",
        "tunnel": "F"
      },
      "geometry": {
        "type": "MultiLineString",
        "coordinates": [
          [
            [
              114.3617144882089,
              30.537752020977194
            ],
            [
              114.36178893189536,
              30.537966393206826
            ],
            [
              114.36179700904228,
              30.53799674475596
            ],
            [
              114.36207821372695,
              30.538697067941797
            ],
            [
              114.3623621481545,
              30.539373327591008
            ],
            [
              114.36251247628111,
              30.53976507750184
            ],
            [
              114.3626270743974,
              30.540059410316736
            ]
          ]
        ]
      }
    },
    {
      "type": "Feature",
      "properties": {
        "osm_id": "1382939839",
        "code": 5154,
        "fclass": "path",
        "name": null,
        "ref": null,
        "oneway": "B",
        "maxspeed": 0,
        "layer": 0,
        "bridge": "F",
        "tunnel": "F"
      },
      "geometry": {
        "type": "MultiLineString",
        "coordinates": [
          [
            [
              114.36426647407545,
              30.536102411685782
            ],
            [
              114.36373124454876,
              30.536104591497516
            ]
          ]
        ]
      }
    },
    {
      "type": "Feature",
      "properties": {
        "osm_id": "1382939841",
        "code": 5141,
        "fclass": "service",
        "name": null,
        "ref": null,
        "oneway": "B",
        "maxspeed": 0,
        "layer": 0,
        "bridge": "F",
        "tunnel": "F"
      },
      "geometry": {
        "type": "MultiLineString",
        "coordinates": [
          [
            [
              114.36366580526688,
              30.536723773593707
            ],
            [
              114.36417590378475,
              30.536724032132913
            ],
            [
              114.36422224216787,
              30.536725006930443
            ]
          ]
        ]
      }
    },
    {
      "type": "Feature",
      "properties": {
        "osm_id": "1382939842",
        "code": 5141,
        "fclass": "service",
        "name": null,
        "ref": null,
        "oneway": "B",
        "maxspeed": 0,
        "layer": 0,
        "bridge": "F",
        "tunnel": "F"
      },
      "geometry": {
        "type": "MultiLineString",
        "coordinates": [
          [
            [
              114.36326134464463,
              30.536955687407183
            ],
            [
              114.36402929961422,
              30.536952087399875
            ],
            [
              114.36408044245024,
              30.536950487097194
            ]
          ]
        ]
      }
    },
    {
      "type": "Feature",
      "properties": {
        "osm_id": "1382939843",
        "code": 5141,
        "fclass": "service",
        "name": null,
        "ref": null,
        "oneway": "B",
        "maxspeed": 0,
        "layer": 0,
        "bridge": "F",
        "tunnel": "F"
      },
      "geometry": {
        "type": "MultiLineString",
        "coordinates": [
          [
            [
              114.36393213185374,
              30.537187122698104
            ],
            [
              114.36388749567216,
              30.537188842271195
            ],
            [
              114.3632653512637,
              30.53719732868485
            ]
          ]
        ]
      }
    },
    {
      "type": "Feature",
      "properties": {
        "osm_id": "1383484768",
        "code": 5141,
        "fclass": "service",
        "name": null,
        "ref": null,
        "oneway": "B",
        "maxspeed": 0,
        "layer": 0,
        "bridge": "F",
        "tunnel": "F"
      },
      "geometry": {
        "type": "MultiLineString",
        "coordinates": [
          [
            [
              114.36402107246133,
              30.537953246030586
            ],
            [
              114.36399214446386,
              30.537959032194994
            ],
            [
              114.36379065466141,
              30.537999417190925
            ],
            [
              114.36354627833691,
              30.53799857245246
            ]
          ]
        ]
      }
    },
    {
      "type": "Feature",
      "properties": {
        "osm_id": "1383484771",
        "code": 5141,
        "fclass": "service",
        "name": null,
        "ref": null,
        "oneway": "B",
        "maxspeed": 0,
        "layer": 0,
        "bridge": "F",
        "tunnel": "F"
      },
      "geometry": {
        "type": "MultiLineString",
        "coordinates": [
          [
            [
              114.36394346518226,
              30.537766920908414
            ],
            [
              114.36391654399989,
              30.53776701253213
            ],
            [
              114.36351224567993,
              30.53776850196421
            ]
          ]
        ]
      }
    },
    {
      "type": "Feature",
      "properties": {
        "osm_id": "1474085624",
        "code": 5153,
        "fclass": "footway",
        "name": null,
        "ref": null,
        "oneway": "B",
        "maxspeed": 0,
        "layer": 0,
        "bridge": "F",
        "tunnel": "F"
      },
      "geometry": {
        "type": "MultiLineString",
        "coordinates": [
          [
            [
              114.36326296596953,
              30.537054204220208
            ],
            [
              114.36326134464463,
              30.536955687407183
            ]
          ]
        ]
      }
    },
    {
      "type": "Feature",
      "properties": {
        "osm_id": "1483109332",
        "code": 5141,
        "fclass": "service",
        "name": null,
        "ref": null,
        "oneway": "B",
        "maxspeed": 0,
        "layer": 0,
        "bridge": "F",
        "tunnel": "F"
      },
      "geometry": {
        "type": "MultiLineString",
        "coordinates": [
          [
            [
              114.36158074792904,
              30.537393261434012
            ],
            [
              114.36165281288136,
              30.53733670356291
            ],
            [
              114.36223127368332,
              30.53688277644997
            ],
            [
              114.36226811176795,
              30.536853880610646
            ],
            [
              114.36230394916561,
              30.536825677991285
            ],
            [
              114.3623425896943,
              30.536795389467578
            ]
          ]
        ]
      }
    },
    {
      "type": "Feature",
      "properties": {
        "osm_id": "1483109335",
        "code": 5141,
        "fclass": "service",
        "name": null,
        "ref": null,
        "oneway": "B",
        "maxspeed": 0,
        "layer": 0,
        "bridge": "F",
        "tunnel": "F"
      },
      "geometry": {
        "type": "MultiLineString",
        "coordinates": [
          [
            [
              114.36200276203971,
              30.536915867625638
            ],
            [
              114.36171920939493,
              30.536994579224082
            ],
            [
              114.36161051014315,
              30.5367089817501
            ],
            [
              114.36133542102442,
              30.53598576513633
            ]
          ]
        ]
      }
    },
    {
      "type": "Feature",
      "properties": {
        "osm_id": "1479975469",
        "code": 5141,
        "fclass": "service",
        "name": null,
        "ref": null,
        "oneway": "B",
        "maxspeed": 0,
        "layer": 0,
        "bridge": "F",
        "tunnel": "F"
      },
      "geometry": {
        "type": "MultiLineString",
        "coordinates": [
          [
            [
              114.37167800388858,
              30.536189302460084
            ],
            [
              114.37158874563463,
              30.53597757832158
            ],
            [
              114.37146606645842,
              30.53568644488456
            ],
            [
              114.37161930718126,
              30.535627005520315
            ]
          ],
          [
            [
              114.37188313384706,
              30.536143516102054
            ],
            [
              114.37167800388858,
              30.536189302460084
            ]
          ]
        ]
      }
    },
    {
      "type": "Feature",
      "properties": {
        "osm_id": "104453207",
        "code": 5141,
        "fclass": "service",
        "name": null,
        "ref": null,
        "oneway": "B",
        "maxspeed": 0,
        "layer": 0,
        "bridge": "F",
        "tunnel": "F"
      },
      "geometry": {
        "type": "MultiLineString",
        "coordinates": [
          [
            [
              114.37005211970587,
              30.534715474057883
            ],
            [
              114.37097895311236,
              30.534809084520575
            ]
          ]
        ]
      }
    },
    {
      "type": "Feature",
      "properties": {
        "osm_id": "307265565",
        "code": 5141,
        "fclass": "service",
        "name": null,
        "ref": null,
        "oneway": "B",
        "maxspeed": 0,
        "layer": 0,
        "bridge": "F",
        "tunnel": "F"
      },
      "geometry": {
        "type": "MultiLineString",
        "coordinates": [
          [
            [
              114.36701252256836,
              30.53159937004005
            ],
            [
              114.36666481445859,
              30.531607239222584
            ],
            [
              114.36601122769288,
              30.531631716222712
            ]
          ]
        ]
      }
    },
    {
      "type": "Feature",
      "properties": {
        "osm_id": "402879513",
        "code": 5155,
        "fclass": "steps",
        "name": null,
        "ref": null,
        "oneway": "B",
        "maxspeed": 0,
        "layer": 0,
        "bridge": "T",
        "tunnel": "F"
      },
      "geometry": {
        "type": "MultiLineString",
        "coordinates": [
          [
            [
              114.36600192178528,
              30.531465975447308
            ],
            [
              114.36615885107564,
              30.531419678603356
            ],
            [
              114.36631278130959,
              30.531374352975924
            ]
          ]
        ]
      }
    },
    {
      "type": "Feature",
      "properties": {
        "osm_id": "402879519",
        "code": 5153,
        "fclass": "footway",
        "name": null,
        "ref": null,
        "oneway": "B",
        "maxspeed": 0,
        "layer": 1,
        "bridge": "T",
        "tunnel": "F"
      },
      "geometry": {
        "type": "MultiLineString",
        "coordinates": [
          [
            [
              114.36615885107564,
              30.531419678603356
            ],
            [
              114.36596621281089,
              30.53092892950422
            ]
          ]
        ]
      }
    },
    {
      "type": "Feature",
      "properties": {
        "osm_id": "990914332",
        "code": 5155,
        "fclass": "steps",
        "name": null,
        "ref": null,
        "oneway": "B",
        "maxspeed": 0,
        "layer": 0,
        "bridge": "F",
        "tunnel": "F"
      },
      "geometry": {
        "type": "MultiLineString",
        "coordinates": [
          [
            [
              114.36666213807142,
              30.531564429857077
            ],
            [
              114.36666481445859,
              30.531607239222584
            ]
          ]
        ]
      }
    },
    {
      "type": "Feature",
      "properties": {
        "osm_id": "1397459418",
        "code": 5141,
        "fclass": "service",
        "name": null,
        "ref": null,
        "oneway": "B",
        "maxspeed": 0,
        "layer": 0,
        "bridge": "F",
        "tunnel": "F"
      },
      "geometry": {
        "type": "MultiLineString",
        "coordinates": [
          [
            [
              114.36683146960165,
              30.53126421548243
            ],
            [
              114.3667919716227,
              30.531170052795524
            ],
            [
              114.36676617279137,
              30.53110881103027
            ]
          ]
        ]
      }
    },
    {
      "type": "Feature",
      "properties": {
        "osm_id": "1480419192",
        "code": 5141,
        "fclass": "service",
        "name": null,
        "ref": null,
        "oneway": "B",
        "maxspeed": 0,
        "layer": 0,
        "bridge": "F",
        "tunnel": "F"
      },
      "geometry": {
        "type": "MultiLineString",
        "coordinates": [
          [
            [
              114.36691116583218,
              30.531453837096006
            ],
            [
              114.36685356699846,
              30.531319250174786
            ]
          ]
        ]
      }
    },
    {
      "type": "Feature",
      "properties": {
        "osm_id": "1480419193",
        "code": 5141,
        "fclass": "service",
        "name": null,
        "ref": null,
        "oneway": "B",
        "maxspeed": 0,
        "layer": -1,
        "bridge": "F",
        "tunnel": "T"
      },
      "geometry": {
        "type": "MultiLineString",
        "coordinates": [
          [
            [
              114.36685356699846,
              30.531319250174786
            ],
            [
              114.36683146960165,
              30.53126421548243
            ]
          ]
        ]
      }
    },
    {
      "type": "Feature",
      "properties": {
        "osm_id": "916497788",
        "code": 5152,
        "fclass": "cycleway",
        "name": null,
        "ref": null,
        "oneway": "B",
        "maxspeed": 0,
        "layer": 0,
        "bridge": "F",
        "tunnel": "F"
      },
      "geometry": {
        "type": "MultiLineString",
        "coordinates": [
          [
            [
              114.36460037638135,
              30.53132294566002
            ],
            [
              114.36577043896887,
              30.53098401124962
            ]
          ]
        ]
      }
    },
    {
      "type": "Feature",
      "properties": {
        "osm_id": "113819673",
        "code": 5122,
        "fclass": "residential",
        "name": null,
        "ref": null,
        "oneway": "B",
        "maxspeed": 0,
        "layer": 0,
        "bridge": "F",
        "tunnel": "F"
      },
      "geometry": {
        "type": "MultiLineString",
        "coordinates": [
          [
            [
              114.36643236806943,
              30.530849384207425
            ],
            [
              114.36633445666214,
              30.530619888861185
            ]
          ]
        ]
      }
    },
    {
      "type": "Feature",
      "properties": {
        "osm_id": "231522796",
        "code": 5112,
        "fclass": "trunk",
        "name": "珞喻路",
        "ref": null,
        "oneway": "F",
        "maxspeed": 40,
        "layer": 0,
        "bridge": "F",
        "tunnel": "F"
      },
      "geometry": {
        "type": "MultiLineString",
        "coordinates": [
          [
            [
              114.36424257431395,
              30.531609209406653
            ],
            [
              114.36542426358633,
              30.531261305861836
            ],
            [
              114.366396738709,
              30.530981643512664
            ],
            [
              114.36685867314773,
              30.530837791422673
            ],
            [
              114.36752582896854,
              30.530611962642872
            ],
            [
              114.36785424202426,
              30.53048778500274
            ],
            [
              114.36802127247016,
              30.53040860528312
            ],
            [
              114.36835054419478,
              30.530248066263177
            ],
            [
              114.36875434127579,
              30.53001288863065
            ]
          ]
        ]
      }
    },
    {
      "type": "Feature",
      "properties": {
        "osm_id": "236520139",
        "code": 5112,
        "fclass": "trunk",
        "name": "珞喻路",
        "ref": "G316",
        "oneway": "F",
        "maxspeed": 40,
        "layer": 0,
        "bridge": "F",
        "tunnel": "F"
      },
      "geometry": {
        "type": "MultiLineString",
        "coordinates": [
          [
            [
              114.36851774368071,
              30.530252718917847
            ],
            [
              114.36789226418864,
              30.530557504218784
            ],
            [
              114.36755863332357,
              30.53069199232605
            ],
            [
              114.36689397361492,
              30.53092084536958
            ]
          ]
        ]
      }
    },
    {
      "type": "Feature",
      "properties": {
        "osm_id": "478013806",
        "code": 5122,
        "fclass": "residential",
        "name": null,
        "ref": null,
        "oneway": "B",
        "maxspeed": 0,
        "layer": 0,
        "bridge": "F",
        "tunnel": "F"
      },
      "geometry": {
        "type": "MultiLineString",
        "coordinates": [
          [
            [
              114.36751311567794,
              30.530243089138516
            ],
            [
              114.36758226455923,
              30.530369760097503
            ],
            [
              114.3676205815413,
              30.530445590326266
            ]
          ]
        ]
      }
    },
    {
      "type": "Feature",
      "properties": {
        "osm_id": "1279001409",
        "code": 5113,
        "fclass": "primary",
        "name": null,
        "ref": null,
        "oneway": "F",
        "maxspeed": 0,
        "layer": 0,
        "bridge": "F",
        "tunnel": "F"
      },
      "geometry": {
        "type": "MultiLineString",
        "coordinates": [
          [
            [
              114.36375126766146,
              30.53163216348349
            ],
            [
              114.36400320753819,
              30.531560682187408
            ],
            [
              114.36461766029407,
              30.531374110983833
            ],
            [
              114.36566535763588,
              30.5310747798947
            ],
            [
              114.36643236806943,
              30.530849384207425
            ],
            [
              114.36674106021529,
              30.530745628210372
            ],
            [
              114.3672847755602,
              30.530568188190678
            ],
            [
              114.3676205815413,
              30.530445590326266
            ],
            [
              114.36797596230655,
              30.530294983387
            ],
            [
              114.36831965286491,
              30.530139156706188
            ],
            [
              114.36847476909414,
              30.53007540853949
            ],
            [
              114.36873537106469,
              30.529975683726416
            ]
          ]
        ]
      }
    },
    {
      "type": "Feature",
      "properties": {
        "osm_id": "402879515",
        "code": 5155,
        "fclass": "steps",
        "name": null,
        "ref": null,
        "oneway": "B",
        "maxspeed": 0,
        "layer": 0,
        "bridge": "T",
        "tunnel": "F"
      },
      "geometry": {
        "type": "MultiLineString",
        "coordinates": [
          [
            [
              114.36577043896887,
              30.53098401124962
            ],
            [
              114.36596621281089,
              30.53092892950422
            ],
            [
              114.36624641930213,
              30.53085086414947
            ]
          ]
        ]
      }
    },
    {
      "type": "Feature",
      "properties": {
        "osm_id": "1478489986",
        "code": 5153,
        "fclass": "footway",
        "name": null,
        "ref": null,
        "oneway": "B",
        "maxspeed": 0,
        "layer": -1,
        "bridge": "F",
        "tunnel": "T"
      },
      "geometry": {
        "type": "MultiLineString",
        "coordinates": [
          [
            [
              114.36871902464087,
              30.532755751132104
            ],
            [
              114.3687188788592,
              30.53282245913972
            ]
          ]
        ]
      }
    },
    {
      "type": "Feature",
      "properties": {
        "osm_id": "104474724",
        "code": 5122,
        "fclass": "residential",
        "name": "求是一路",
        "ref": null,
        "oneway": "B",
        "maxspeed": 0,
        "layer": -2,
        "bridge": "F",
        "tunnel": "F"
      },
      "geometry": {
        "type": "MultiLineString",
        "coordinates": [
          [
            [
              114.36826122203192,
              30.53271050244586
            ],
            [
              114.36826124416264,
              30.53282481608465
            ],
            [
              114.36826126653183,
              30.532938129498
            ]
          ]
        ]
      }
    },
    {
      "type": "Feature",
      "properties": {
        "osm_id": "1383198091",
        "code": 5122,
        "fclass": "residential",
        "name": "求是一路",
        "ref": null,
        "oneway": "B",
        "maxspeed": 0,
        "layer": 0,
        "bridge": "F",
        "tunnel": "F"
      },
      "geometry": {
        "type": "MultiLineString",
        "coordinates": [
          [
            [
              114.36826082422363,
              30.532259547616185
            ],
            [
              114.36826101012122,
              30.532431168680553
            ],
            [
              114.36826117058179,
              30.532638793839695
            ],
            [
              114.36826122203192,
              30.53271050244586
            ]
          ]
        ]
      }
    },
    {
      "type": "Feature",
      "properties": {
        "osm_id": "1389536013",
        "code": 5153,
        "fclass": "footway",
        "name": null,
        "ref": null,
        "oneway": "B",
        "maxspeed": 0,
        "layer": 0,
        "bridge": "F",
        "tunnel": "F"
      },
      "geometry": {
        "type": "MultiLineString",
        "coordinates": [
          [
            [
              114.36765414000895,
              30.53307444415253
            ],
            [
              114.36765405176132,
              30.532912124967545
            ]
          ]
        ]
      }
    },
    {
      "type": "Feature",
      "properties": {
        "osm_id": "1390672142",
        "code": 5153,
        "fclass": "footway",
        "name": null,
        "ref": null,
        "oneway": "B",
        "maxspeed": 0,
        "layer": -1,
        "bridge": "F",
        "tunnel": "T"
      },
      "geometry": {
        "type": "MultiLineString",
        "coordinates": [
          [
            [
              114.36765380913738,
              30.532680997224805
            ],
            [
              114.36765401158004,
              30.53282471455074
            ],
            [
              114.36765405176132,
              30.532912124967545
            ]
          ]
        ]
      }
    },
    {
      "type": "Feature",
      "properties": {
        "osm_id": "1442936173",
        "code": 5153,
        "fclass": "footway",
        "name": null,
        "ref": null,
        "oneway": "B",
        "maxspeed": 0,
        "layer": 0,
        "bridge": "F",
        "tunnel": "F"
      },
      "geometry": {
        "type": "MultiLineString",
        "coordinates": [
          [
            [
              114.36727163217613,
              30.533074598828
            ],
            [
              114.36727144351764,
              30.532912679528827
            ]
          ]
        ]
      }
    },
    {
      "type": "Feature",
      "properties": {
        "osm_id": "1442936174",
        "code": 5153,
        "fclass": "footway",
        "name": null,
        "ref": null,
        "oneway": "B",
        "maxspeed": 0,
        "layer": 0,
        "bridge": "F",
        "tunnel": "F"
      },
      "geometry": {
        "type": "MultiLineString",
        "coordinates": [
          [
            [
              114.36796055092168,
              30.533074139405848
            ],
            [
              114.36796046279582,
              30.532911620260197
            ]
          ]
        ]
      }
    },
    {
      "type": "Feature",
      "properties": {
        "osm_id": "1442936175",
        "code": 5153,
        "fclass": "footway",
        "name": null,
        "ref": null,
        "oneway": "B",
        "maxspeed": 0,
        "layer": -1,
        "bridge": "F",
        "tunnel": "T"
      },
      "geometry": {
        "type": "MultiLineString",
        "coordinates": [
          [
            [
              114.36727144351764,
              30.532912679528827
            ],
            [
              114.36727140362107,
              30.532824869025045
            ]
          ]
        ]
      }
    },
    {
      "type": "Feature",
      "properties": {
        "osm_id": "1442936176",
        "code": 5153,
        "fclass": "footway",
        "name": null,
        "ref": null,
        "oneway": "B",
        "maxspeed": 0,
        "layer": -1,
        "bridge": "F",
        "tunnel": "T"
      },
      "geometry": {
        "type": "MultiLineString",
        "coordinates": [
          [
            [
              114.36796046279582,
              30.532911620260197
            ],
            [
              114.36796032229864,
              30.532824409882235
            ]
          ]
        ]
      }
    },
    {
      "type": "Feature",
      "properties": {
        "osm_id": "103949730",
        "code": 5122,
        "fclass": "residential",
        "name": "求是二路",
        "ref": null,
        "oneway": "B",
        "maxspeed": 0,
        "layer": 0,
        "bridge": "F",
        "tunnel": "F"
      },
      "geometry": {
        "type": "MultiLineString",
        "coordinates": [
          [
            [
              114.36701063430043,
              30.532639798821776
            ],
            [
              114.36701068483384,
              30.53271280771159
            ]
          ]
        ]
      }
    },
    {
      "type": "Feature",
      "properties": {
        "osm_id": "104474721",
        "code": 5122,
        "fclass": "residential",
        "name": "求是二路",
        "ref": null,
        "oneway": "B",
        "maxspeed": 0,
        "layer": -2,
        "bridge": "F",
        "tunnel": "F"
      },
      "geometry": {
        "type": "MultiLineString",
        "coordinates": [
          [
            [
              114.36701053288476,
              30.53293473413643
            ],
            [
              114.36701070911752,
              30.53282392110024
            ],
            [
              114.36701068483384,
              30.53271280771159
            ]
          ]
        ]
      }
    },
    {
      "type": "Feature",
      "properties": {
        "osm_id": "1478489987",
        "code": 5153,
        "fclass": "footway",
        "name": null,
        "ref": null,
        "oneway": "B",
        "maxspeed": 0,
        "layer": 0,
        "bridge": "F",
        "tunnel": "F"
      },
      "geometry": {
        "type": "MultiLineString",
        "coordinates": [
          [
            [
              114.36652513915763,
              30.53264046327029
            ],
            [
              114.36652515490285,
              30.532764478320377
            ]
          ]
        ]
      }
    },
    {
      "type": "Feature",
      "properties": {
        "osm_id": "1478489988",
        "code": 5153,
        "fclass": "footway",
        "name": null,
        "ref": null,
        "oneway": "B",
        "maxspeed": 0,
        "layer": -1,
        "bridge": "F",
        "tunnel": "T"
      },
      "geometry": {
        "type": "MultiLineString",
        "coordinates": [
          [
            [
              114.36652515490285,
              30.532764478320377
            ],
            [
              114.36652581463473,
              30.5328247865991
            ]
          ]
        ]
      }
    },
    {
      "type": "Feature",
      "properties": {
        "osm_id": "358205766",
        "code": 5155,
        "fclass": "steps",
        "name": null,
        "ref": null,
        "oneway": "B",
        "maxspeed": 0,
        "layer": 0,
        "bridge": "F",
        "tunnel": "F"
      },
      "geometry": {
        "type": "MultiLineString",
        "coordinates": [
          [
            [
              114.36532876558333,
              30.537044798287038
            ],
            [
              114.36542163125681,
              30.537091448083512
            ]
          ]
        ]
      }
    },
    {
      "type": "Feature",
      "properties": {
        "osm_id": "1478489985",
        "code": 5153,
        "fclass": "footway",
        "name": null,
        "ref": null,
        "oneway": "B",
        "maxspeed": 0,
        "layer": -1,
        "bridge": "F",
        "tunnel": "T"
      },
      "geometry": {
        "type": "MultiLineString",
        "coordinates": [
          [
            [
              114.36854451105799,
              30.531838921643867
            ],
            [
              114.36854475844092,
              30.531766412312077
            ]
          ]
        ]
      }
    },
    {
      "type": "Feature",
      "properties": {
        "osm_id": "104946490",
        "code": 5113,
        "fclass": "primary",
        "name": "珞喻路",
        "ref": null,
        "oneway": "F",
        "maxspeed": 40,
        "layer": 0,
        "bridge": "F",
        "tunnel": "F"
      },
      "geometry": {
        "type": "MultiLineString",
        "coordinates": [
          [
            [
              114.36013548785633,
              30.532658558427887
            ],
            [
              114.36030601040268,
              30.532611831215657
            ],
            [
              114.36081341362147,
              30.53247506146909
            ],
            [
              114.3614938451415,
              30.532285556549677
            ],
            [
              114.36259014370155,
              30.53196598993697
            ],
            [
              114.36267089625741,
              30.531945712260132
            ],
            [
              114.3631862791976,
              30.53179625993121
            ],
            [
              114.36348272832065,
              30.531707411000287
            ],
            [
              114.36375126766146,
              30.53163216348349
            ]
          ]
        ]
      }
    },
    {
      "type": "Feature",
      "properties": {
        "osm_id": "149554156",
        "code": 5113,
        "fclass": "primary",
        "name": "武珞路",
        "ref": null,
        "oneway": "F",
        "maxspeed": 40,
        "layer": 0,
        "bridge": "F",
        "tunnel": "F"
      },
      "geometry": {
        "type": "MultiLineString",
        "coordinates": [
          [
            [
              114.35954495749112,
              30.53282502626226
            ],
            [
              114.35955235552176,
              30.532822806947912
            ]
          ]
        ]
      }
    },
    {
      "type": "Feature",
      "properties": {
        "osm_id": "180345971",
        "code": 5113,
        "fclass": "primary",
        "name": null,
        "ref": null,
        "oneway": "F",
        "maxspeed": 40,
        "layer": 0,
        "bridge": "F",
        "tunnel": "F"
      },
      "geometry": {
        "type": "MultiLineString",
        "coordinates": [
          [
            [
              114.35979221638499,
              30.53268908708468
            ],
            [
              114.359814061801,
              30.532747787535033
            ],
            [
              114.35993014080573,
              30.533046931884012
            ]
          ]
        ]
      }
    },
    {
      "type": "Feature",
      "properties": {
        "osm_id": "180345972",
        "code": 5112,
        "fclass": "trunk",
        "name": "珞喻路",
        "ref": "G316",
        "oneway": "F",
        "maxspeed": 40,
        "layer": 0,
        "bridge": "F",
        "tunnel": "F"
      },
      "geometry": {
        "type": "MultiLineString",
        "coordinates": [
          [
            [
              114.36022272577694,
              30.532741626332413
            ],
            [
              114.36173188880228,
              30.532311739530247
            ],
            [
              114.36424257431395,
              30.531609209406653
            ]
          ]
        ]
      }
    },
    {
      "type": "Feature",
      "properties": {
        "osm_id": "180345973",
        "code": 5113,
        "fclass": "primary",
        "name": null,
        "ref": null,
        "oneway": "F",
        "maxspeed": 0,
        "layer": 0,
        "bridge": "F",
        "tunnel": "F"
      },
      "geometry": {
        "type": "MultiLineString",
        "coordinates": [
          [
            [
              114.35979168888291,
              30.533433295460622
            ],
            [
              114.35966833019654,
              30.533117477226366
            ],
            [
              114.35955235552176,
              30.532822806947912
            ]
          ]
        ]
      }
    },
    {
      "type": "Feature",
      "properties": {
        "osm_id": "180345974",
        "code": 5112,
        "fclass": "trunk",
        "name": "珞喻路",
        "ref": "G316",
        "oneway": "F",
        "maxspeed": 40,
        "layer": -1,
        "bridge": "F",
        "tunnel": "T"
      },
      "geometry": {
        "type": "MultiLineString",
        "coordinates": [
          [
            [
              114.35957889352858,
              30.532909945034202
            ],
            [
              114.36022272577694,
              30.532741626332413
            ]
          ]
        ]
      }
    },
    {
      "type": "Feature",
      "properties": {
        "osm_id": "180345976",
        "code": 5112,
        "fclass": "trunk",
        "name": "珞喻路",
        "ref": "G316",
        "oneway": "F",
        "maxspeed": 40,
        "layer": -1,
        "bridge": "F",
        "tunnel": "T"
      },
      "geometry": {
        "type": "MultiLineString",
        "coordinates": [
          [
            [
              114.36024637452888,
              30.53281481251102
            ],
            [
              114.35961095730012,
              30.53299017777377
            ]
          ]
        ]
      }
    },
    {
      "type": "Feature",
      "properties": {
        "osm_id": "233473934",
        "code": 5113,
        "fclass": "primary",
        "name": null,
        "ref": null,
        "oneway": "F",
        "maxspeed": 0,
        "layer": 0,
        "bridge": "F",
        "tunnel": "F"
      },
      "geometry": {
        "type": "MultiLineString",
        "coordinates": [
          [
            [
              114.35955235552176,
              30.532822806947912
            ],
            [
              114.35953224178236,
              30.532770551644198
            ]
          ]
        ]
      }
    },
    {
      "type": "Feature",
      "properties": {
        "osm_id": "233473986",
        "code": 5113,
        "fclass": "primary",
        "name": "武珞路",
        "ref": null,
        "oneway": "F",
        "maxspeed": 0,
        "layer": 0,
        "bridge": "F",
        "tunnel": "F"
      },
      "geometry": {
        "type": "MultiLineString",
        "coordinates": [
          [
            [
              114.35955235552176,
              30.532822806947912
            ],
            [
              114.359814061801,
              30.532747787535033
            ],
            [
              114.35995017006304,
              30.53271004528755
            ],
            [
              114.36013548785633,
              30.532658558427887
            ]
          ]
        ]
      }
    },
    {
      "type": "Feature",
      "properties": {
        "osm_id": "236518323",
        "code": 5113,
        "fclass": "primary",
        "name": null,
        "ref": null,
        "oneway": "F",
        "maxspeed": 0,
        "layer": 0,
        "bridge": "F",
        "tunnel": "F"
      },
      "geometry": {
        "type": "MultiLineString",
        "coordinates": [
          [
            [
              114.35993014080573,
              30.533046931884012
            ],
            [
              114.36006208248389,
              30.53339699074918
            ]
          ]
        ]
      }
    },
    {
      "type": "Feature",
      "properties": {
        "osm_id": "236518327",
        "code": 5113,
        "fclass": "primary",
        "name": "武珞路",
        "ref": null,
        "oneway": "F",
        "maxspeed": 0,
        "layer": 0,
        "bridge": "F",
        "tunnel": "F"
      },
      "geometry": {
        "type": "MultiLineString",
        "coordinates": [
          [
            [
              114.35993014080573,
              30.533046931884012
            ],
            [
              114.35966833019654,
              30.533117477226366
            ],
            [
              114.35966244234076,
              30.533119005994816
            ]
          ]
        ]
      }
    },
    {
      "type": "Feature",
      "properties": {
        "osm_id": "236518329",
        "code": 5133,
        "fclass": "primary_link",
        "name": "珞狮路",
        "ref": null,
        "oneway": "F",
        "maxspeed": 40,
        "layer": 0,
        "bridge": "F",
        "tunnel": "F"
      },
      "geometry": {
        "type": "MultiLineString",
        "coordinates": [
          [
            [
              114.36007569630497,
              30.532600192657572
            ],
            [
              114.36010612737074,
              30.53260362866002
            ],
            [
              114.36030601040268,
              30.532611831215657
            ]
          ]
        ]
      }
    },
    {
      "type": "Feature",
      "properties": {
        "osm_id": "492930479",
        "code": 5133,
        "fclass": "primary_link",
        "name": null,
        "ref": null,
        "oneway": "F",
        "maxspeed": 0,
        "layer": 0,
        "bridge": "F",
        "tunnel": "F"
      },
      "geometry": {
        "type": "MultiLineString",
        "coordinates": [
          [
            [
              114.36029267900571,
              30.532950874549815
            ],
            [
              114.3602136919159,
              30.532937482951816
            ],
            [
              114.3601637098913,
              30.53291580402164
            ],
            [
              114.3601305293871,
              30.532890849899527
            ],
            [
              114.36010764678689,
              30.53286807336756
            ],
            [
              114.36009287447824,
              30.532829456170013
            ],
            [
              114.3600867011916,
              30.53279120436991
            ],
            [
              114.36008712809384,
              30.532751802693568
            ],
            [
              114.36009545343288,
              30.532713661319207
            ],
            [
              114.36010566897924,
              30.532689636020045
            ],
            [
              114.36013548785633,
              30.532658558427887
            ]
          ]
        ]
      }
    },
    {
      "type": "Feature",
      "properties": {
        "osm_id": "636203505",
        "code": 5141,
        "fclass": "service",
        "name": null,
        "ref": null,
        "oneway": "B",
        "maxspeed": 0,
        "layer": 0,
        "bridge": "F",
        "tunnel": "F"
      },
      "geometry": {
        "type": "MultiLineString",
        "coordinates": [
          [
            [
              114.3614938451415,
              30.532285556549677
            ],
            [
              114.36143095661568,
              30.53224725192765
            ],
            [
              114.36142555840208,
              30.532242816876387
            ],
            [
              114.36138967039325,
              30.532213383164873
            ],
            [
              114.36137032968277,
              30.532193355244097
            ]
          ]
        ]
      }
    },
    {
      "type": "Feature",
      "properties": {
        "osm_id": "1480437151",
        "code": 5153,
        "fclass": "footway",
        "name": null,
        "ref": null,
        "oneway": "B",
        "maxspeed": 0,
        "layer": -1,
        "bridge": "F",
        "tunnel": "T"
      },
      "geometry": {
        "type": "MultiLineString",
        "coordinates": [
          [
            [
              114.36123999613142,
              30.532873594676015
            ],
            [
              114.36128821338461,
              30.532861008432835
            ],
            [
              114.36135643864388,
              30.532843248707746
            ],
            [
              114.36134645500866,
              30.532816480915052
            ]
          ]
        ]
      }
    },
    {
      "type": "Feature",
      "properties": {
        "osm_id": "1480437153",
        "code": 5153,
        "fclass": "footway",
        "name": null,
        "ref": null,
        "oneway": "B",
        "maxspeed": 0,
        "layer": 0,
        "bridge": "F",
        "tunnel": "F"
      },
      "geometry": {
        "type": "MultiLineString",
        "coordinates": [
          [
            [
              114.36134645500866,
              30.532816480915052
            ],
            [
              114.36132219423291,
              30.53275221586172
            ]
          ]
        ]
      }
    },
    {
      "type": "Feature",
      "properties": {
        "osm_id": "1480437158",
        "code": 5152,
        "fclass": "cycleway",
        "name": null,
        "ref": null,
        "oneway": "B",
        "maxspeed": 0,
        "layer": 0,
        "bridge": "F",
        "tunnel": "F"
      },
      "geometry": {
        "type": "MultiLineString",
        "coordinates": [
          [
            [
              114.36136860512254,
              30.53304055140775
            ],
            [
              114.36141513656793,
              30.533009046325876
            ],
            [
              114.36147597969232,
              30.532965928673946
            ]
          ]
        ]
      }
    },
    {
      "type": "Feature",
      "properties": {
        "osm_id": "1480437159",
        "code": 5152,
        "fclass": "cycleway",
        "name": null,
        "ref": null,
        "oneway": "B",
        "maxspeed": 0,
        "layer": 0,
        "bridge": "F",
        "tunnel": "F"
      },
      "geometry": {
        "type": "MultiLineString",
        "coordinates": [
          [
            [
              114.36136818625903,
              30.533067652015845
            ],
            [
              114.3615947338755,
              30.533073288452727
            ],
            [
              114.3617962864782,
              30.53307752615556
            ]
          ]
        ]
      }
    },
    {
      "type": "Feature",
      "properties": {
        "osm_id": "1480437160",
        "code": 5152,
        "fclass": "cycleway",
        "name": null,
        "ref": null,
        "oneway": "B",
        "maxspeed": 0,
        "layer": 0,
        "bridge": "F",
        "tunnel": "F"
      },
      "geometry": {
        "type": "MultiLineString",
        "coordinates": [
          [
            [
              114.36141513656793,
              30.533009046325876
            ],
            [
              114.36159617565058,
              30.533013490145258
            ],
            [
              114.36176972030552,
              30.53301735792424
            ]
          ]
        ]
      }
    },
    {
      "type": "Feature",
      "properties": {
        "osm_id": "1480437177",
        "code": 5141,
        "fclass": "service",
        "name": null,
        "ref": null,
        "oneway": "B",
        "maxspeed": 0,
        "layer": 0,
        "bridge": "F",
        "tunnel": "F"
      },
      "geometry": {
        "type": "MultiLineString",
        "coordinates": [
          [
            [
              114.36081341362147,
              30.53247506146909
            ],
            [
              114.36077638592135,
              30.532380178252488
            ]
          ]
        ]
      }
    },
    {
      "type": "Feature",
      "properties": {
        "osm_id": "1480944411",
        "code": 5153,
        "fclass": "footway",
        "name": null,
        "ref": null,
        "oneway": "B",
        "maxspeed": 0,
        "layer": -1,
        "bridge": "F",
        "tunnel": "T"
      },
      "geometry": {
        "type": "MultiLineString",
        "coordinates": [
          [
            [
              114.36128821338461,
              30.532861008432835
            ],
            [
              114.36131247669591,
              30.53292097368175
            ]
          ]
        ]
      }
    },
    {
      "type": "Feature",
      "properties": {
        "osm_id": "1480949274",
        "code": 5153,
        "fclass": "footway",
        "name": null,
        "ref": null,
        "oneway": "B",
        "maxspeed": 0,
        "layer": -2,
        "bridge": "F",
        "tunnel": "T"
      },
      "geometry": {
        "type": "MultiLineString",
        "coordinates": [
          [
            [
              114.36131247669591,
              30.53292097368175
            ],
            [
              114.36162560885238,
              30.532830950706096
            ]
          ]
        ]
      }
    },
    {
      "type": "Feature",
      "properties": {
        "osm_id": "1480949277",
        "code": 5152,
        "fclass": "cycleway",
        "name": null,
        "ref": null,
        "oneway": "B",
        "maxspeed": 0,
        "layer": 0,
        "bridge": "F",
        "tunnel": "F"
      },
      "geometry": {
        "type": "MultiLineString",
        "coordinates": [
          [
            [
              114.36174974568628,
              30.532972230993977
            ],
            [
              114.36159730688027,
              30.53296869171196
            ],
            [
              114.36147597969232,
              30.532965928673946
            ]
          ]
        ]
      }
    },
    {
      "type": "Feature",
      "properties": {
        "osm_id": "149570551",
        "code": 5112,
        "fclass": "trunk",
        "name": "珞喻路",
        "ref": null,
        "oneway": "F",
        "maxspeed": 40,
        "layer": 0,
        "bridge": "F",
        "tunnel": "F"
      },
      "geometry": {
        "type": "MultiLineString",
        "coordinates": [
          [
            [
              114.36879866730415,
              30.53009982047562
            ],
            [
              114.36851774368071,
              30.530252718917847
            ]
          ]
        ]
      }
    },
    {
      "type": "Feature",
      "properties": {
        "osm_id": "1480419212",
        "code": 5153,
        "fclass": "footway",
        "name": null,
        "ref": null,
        "oneway": "B",
        "maxspeed": 0,
        "layer": 0,
        "bridge": "F",
        "tunnel": "F"
      },
      "geometry": {
        "type": "MultiLineString",
        "coordinates": [
          [
            [
              114.36860073154605,
              30.530529724020397
            ],
            [
              114.36861007213261,
              30.53049071438165
            ],
            [
              114.36858855428459,
              30.530454118854593
            ]
          ]
        ]
      }
    },
    {
      "type": "Feature",
      "properties": {
        "osm_id": "1481608796",
        "code": 5141,
        "fclass": "service",
        "name": null,
        "ref": null,
        "oneway": "B",
        "maxspeed": 0,
        "layer": 0,
        "bridge": "F",
        "tunnel": "F"
      },
      "geometry": {
        "type": "MultiLineString",
        "coordinates": [
          [
            [
              114.36907951234161,
              30.530650559601945
            ],
            [
              114.36889576060834,
              30.53073697930795
            ]
          ]
        ]
      }
    },
    {
      "type": "Feature",
      "properties": {
        "osm_id": "1382900353",
        "code": 5153,
        "fclass": "footway",
        "name": null,
        "ref": null,
        "oneway": "B",
        "maxspeed": 0,
        "layer": 0,
        "bridge": "F",
        "tunnel": "F"
      },
      "geometry": {
        "type": "MultiLineString",
        "coordinates": [
          [
            [
              114.37176355226924,
              30.53665375425669
            ],
            [
              114.37172103426032,
              30.536666600424443
            ],
            [
              114.37166929064648,
              30.536682876107825
            ],
            [
              114.37163639967955,
              30.5366931864894
            ]
          ]
        ]
      }
    },
    {
      "type": "Feature",
      "properties": {
        "osm_id": "1479978218",
        "code": 5141,
        "fclass": "service",
        "name": null,
        "ref": null,
        "oneway": "F",
        "maxspeed": 0,
        "layer": 0,
        "bridge": "F",
        "tunnel": "F"
      },
      "geometry": {
        "type": "MultiLineString",
        "coordinates": [
          [
            [
              114.37189025275192,
              30.536590120618957
            ],
            [
              114.37175204418682,
              30.536627291325335
            ],
            [
              114.37170842446197,
              30.536638940659216
            ],
            [
              114.37165597995295,
              30.53665431799538
            ]
          ]
        ]
      }
    },
    {
      "type": "Feature",
      "properties": {
        "osm_id": "1484820232",
        "code": 5153,
        "fclass": "footway",
        "name": null,
        "ref": null,
        "oneway": "B",
        "maxspeed": 0,
        "layer": 0,
        "bridge": "F",
        "tunnel": "F"
      },
      "geometry": {
        "type": "MultiLineString",
        "coordinates": [
          [
            [
              114.37176364888361,
              30.536653974388834
            ],
            [
              114.37176355226924,
              30.53665375425669
            ],
            [
              114.37175204418682,
              30.536627291325335
            ]
          ]
        ]
      }
    },
    {
      "type": "Feature",
      "properties": {
        "osm_id": "103747027",
        "code": 5122,
        "fclass": "residential",
        "name": "汉林东路",
        "ref": null,
        "oneway": "B",
        "maxspeed": 0,
        "layer": 0,
        "bridge": "F",
        "tunnel": "F"
      },
      "geometry": {
        "type": "MultiLineString",
        "coordinates": [
          [
            [
              114.36951898524192,
              30.53741216919542
            ],
            [
              114.36954437101328,
              30.537493242203134
            ],
            [
              114.36954815021943,
              30.537505358168392
            ]
          ]
        ]
      }
    },
    {
      "type": "Feature",
      "properties": {
        "osm_id": "103755114",
        "code": 5112,
        "fclass": "trunk",
        "name": "二环线",
        "ref": null,
        "oneway": "F",
        "maxspeed": 60,
        "layer": 1,
        "bridge": "T",
        "tunnel": "F"
      },
      "geometry": {
        "type": "MultiLineString",
        "coordinates": [
          [
            [
              114.36258368935783,
              30.540424000640076
            ],
            [
              114.3623476225529,
              30.539742778024937
            ],
            [
              114.36207529003467,
              30.539075883507973
            ],
            [
              114.36166153858808,
              30.538035021419297
            ]
          ]
        ]
      }
    },
    {
      "type": "Feature",
      "properties": {
        "osm_id": "103949723",
        "code": 5122,
        "fclass": "residential",
        "name": "求是大道",
        "ref": null,
        "oneway": "B",
        "maxspeed": 0,
        "layer": 0,
        "bridge": "F",
        "tunnel": "F"
      },
      "geometry": {
        "type": "MultiLineString",
        "coordinates": [
          [
            [
              114.36467972410333,
              30.535878739632818
            ],
            [
              114.36452803613132,
              30.53619245725657
            ],
            [
              114.36440854545485,
              30.536423059812275
            ],
            [
              114.36431965104465,
              30.53656875263645
            ]
          ]
        ]
      }
    },
    {
      "type": "Feature",
      "properties": {
        "osm_id": "103949733",
        "code": 5122,
        "fclass": "residential",
        "name": "玉兰路",
        "ref": null,
        "oneway": "B",
        "maxspeed": 0,
        "layer": 0,
        "bridge": "F",
        "tunnel": "F"
      },
      "geometry": {
        "type": "MultiLineString",
        "coordinates": [
          [
            [
              114.36870389804947,
              30.537030400642834
            ],
            [
              114.36831138071581,
              30.53715505406588
            ],
            [
              114.36809183546787,
              30.537228475956738
            ],
            [
              114.3677518848527,
              30.537320516857577
            ],
            [
              114.3664650705249,
              30.53765268733737
            ],
            [
              114.36591002252311,
              30.537684956159104
            ],
            [
              114.36582732095175,
              30.537685076761917
            ],
            [
              114.36521831864023,
              30.537688953699604
            ],
            [
              114.36463021919491,
              30.53769474545037
            ],
            [
              114.36458918142431,
              30.53769380678679
            ],
            [
              114.36391499411528,
              30.537704900712235
            ]
          ]
        ]
      }
    },
    {
      "type": "Feature",
      "properties": {
        "osm_id": "104372389",
        "code": 5122,
        "fclass": "residential",
        "name": "求是大道",
        "ref": null,
        "oneway": "B",
        "maxspeed": 0,
        "layer": 0,
        "bridge": "F",
        "tunnel": "F"
      },
      "geometry": {
        "type": "MultiLineString",
        "coordinates": [
          [
            [
              114.36431965104465,
              30.53656875263645
            ],
            [
              114.36422224216787,
              30.536725006930443
            ],
            [
              114.36411812196813,
              30.536890327101165
            ],
            [
              114.36408044245024,
              30.536950487097194
            ],
            [
              114.36393213185374,
              30.537187122698104
            ],
            [
              114.36390507556217,
              30.53723031744862
            ],
            [
              114.36389113520202,
              30.53726656423236
            ],
            [
              114.36385160473472,
              30.537389014084756
            ],
            [
              114.36384023455756,
              30.537464074237256
            ],
            [
              114.3638488887753,
              30.537527915582523
            ],
            [
              114.3638674467886,
              30.537596297755275
            ],
            [
              114.36391499411528,
              30.537704900712235
            ],
            [
              114.36394346518226,
              30.537766920908414
            ],
            [
              114.363990017183,
              30.537869415820317
            ],
            [
              114.36402107246133,
              30.537953246030586
            ],
            [
              114.36405391766785,
              30.53805098349933
            ],
            [
              114.36406507532315,
              30.538112632442985
            ],
            [
              114.36406802884301,
              30.53817114906006
            ],
            [
              114.36405646397743,
              30.538356620057527
            ],
            [
              114.36405312066434,
              30.53840491116111
            ],
            [
              114.36404243176271,
              30.538500177517957
            ],
            [
              114.36403533146309,
              30.53861215924133
            ],
            [
              114.36403657118352,
              30.538684570262703
            ]
          ]
        ]
      }
    },
    {
      "type": "Feature",
      "properties": {
        "osm_id": "104372395",
        "code": 5122,
        "fclass": "residential",
        "name": "物探路",
        "ref": null,
        "oneway": "B",
        "maxspeed": 0,
        "layer": 0,
        "bridge": "F",
        "tunnel": "F"
      },
      "geometry": {
        "type": "MultiLineString",
        "coordinates": [
          [
            [
              114.36660668776702,
              30.536135064430233
            ],
            [
              114.36660724146337,
              30.53644789505098
            ],
            [
              114.36660699406656,
              30.536507100265066
            ],
            [
              114.36660663494153,
              30.53658070664295
            ],
            [
              114.36660591522806,
              30.536729219421073
            ],
            [
              114.36660505866863,
              30.536922535979276
            ],
            [
              114.36660458429809,
              30.537013843623622
            ],
            [
              114.36660130322012,
              30.537231458503996
            ]
          ]
        ]
      }
    },
    {
      "type": "Feature",
      "properties": {
        "osm_id": "127029059",
        "code": 5114,
        "fclass": "secondary",
        "name": "八一路",
        "ref": null,
        "oneway": "F",
        "maxspeed": 40,
        "layer": 0,
        "bridge": "F",
        "tunnel": "F"
      },
      "geometry": {
        "type": "MultiLineString",
        "coordinates": [
          [
            [
              114.36267190379264,
              30.540165453669612
            ],
            [
              114.36250528131491,
              30.540228061686452
            ]
          ]
        ]
      }
    },
    {
      "type": "Feature",
      "properties": {
        "osm_id": "149555237",
        "code": 5114,
        "fclass": "secondary",
        "name": "八一路",
        "ref": null,
        "oneway": "F",
        "maxspeed": 40,
        "layer": 0,
        "bridge": "F",
        "tunnel": "F"
      },
      "geometry": {
        "type": "MultiLineString",
        "coordinates": [
          [
            [
              114.37193379288247,
              30.536464951866364
            ],
            [
              114.37186223877288,
              30.53648429609014
            ],
            [
              114.37166539118654,
              30.53654447681431
            ],
            [
              114.37163982067933,
              30.53655226260601
            ]
          ]
        ]
      }
    },
    {
      "type": "Feature",
      "properties": {
        "osm_id": "202516852",
        "code": 5141,
        "fclass": "service",
        "name": null,
        "ref": null,
        "oneway": "B",
        "maxspeed": 0,
        "layer": 0,
        "bridge": "F",
        "tunnel": "F"
      },
      "geometry": {
        "type": "MultiLineString",
        "coordinates": [
          [
            [
              114.36550884973386,
              30.53644401065047
            ],
            [
              114.36588549416037,
              30.536447590506594
            ],
            [
              114.36660724146337,
              30.53644789505098
            ]
          ]
        ]
      }
    },
    {
      "type": "Feature",
      "properties": {
        "osm_id": "203427107",
        "code": 5141,
        "fclass": "service",
        "name": null,
        "ref": null,
        "oneway": "B",
        "maxspeed": 0,
        "layer": 0,
        "bridge": "F",
        "tunnel": "F"
      },
      "geometry": {
        "type": "MultiLineString",
        "coordinates": [
          [
            [
              114.36870385308775,
              30.536588060666936
            ],
            [
              114.36802363517475,
              30.536586213246828
            ],
            [
              114.36727822087308,
              30.53658347143843
            ]
          ]
        ]
      }
    },
    {
      "type": "Feature",
      "properties": {
        "osm_id": "203427110",
        "code": 5141,
        "fclass": "service",
        "name": null,
        "ref": null,
        "oneway": "B",
        "maxspeed": 0,
        "layer": 0,
        "bridge": "F",
        "tunnel": "F"
      },
      "geometry": {
        "type": "MultiLineString",
        "coordinates": [
          [
            [
              114.36729505458307,
              30.537195040801908
            ],
            [
              114.36757679942596,
              30.537196627999325
            ],
            [
              114.3677518848527,
              30.537320516857577
            ]
          ]
        ]
      }
    },
    {
      "type": "Feature",
      "properties": {
        "osm_id": "203427111",
        "code": 5141,
        "fclass": "service",
        "name": null,
        "ref": null,
        "oneway": "B",
        "maxspeed": 0,
        "layer": 0,
        "bridge": "F",
        "tunnel": "F"
      },
      "geometry": {
        "type": "MultiLineString",
        "coordinates": [
          [
            [
              114.36757679942596,
              30.537196627999325
            ],
            [
              114.36758063324426,
              30.537039215909562
            ],
            [
              114.3680192620819,
              30.537041454219896
            ]
          ]
        ]
      }
    },
    {
      "type": "Feature",
      "properties": {
        "osm_id": "203427210",
        "code": 5141,
        "fclass": "service",
        "name": null,
        "ref": null,
        "oneway": "B",
        "maxspeed": 0,
        "layer": 0,
        "bridge": "F",
        "tunnel": "F"
      },
      "geometry": {
        "type": "MultiLineString",
        "coordinates": [
          [
            [
              114.36468962439223,
              30.536775159057107
            ],
            [
              114.36532587420157,
              30.536782066148618
            ]
          ]
        ]
      }
    },
    {
      "type": "Feature",
      "properties": {
        "osm_id": "203427211",
        "code": 5153,
        "fclass": "footway",
        "name": null,
        "ref": null,
        "oneway": "B",
        "maxspeed": 0,
        "layer": 0,
        "bridge": "F",
        "tunnel": "F"
      },
      "geometry": {
        "type": "MultiLineString",
        "coordinates": [
          [
            [
              114.36588549416037,
              30.536447590506594
            ],
            [
              114.36588714299494,
              30.536135164094876
            ]
          ]
        ]
      }
    },
    {
      "type": "Feature",
      "properties": {
        "osm_id": "203427212",
        "code": 5141,
        "fclass": "service",
        "name": null,
        "ref": null,
        "oneway": "B",
        "maxspeed": 0,
        "layer": 0,
        "bridge": "F",
        "tunnel": "F"
      },
      "geometry": {
        "type": "MultiLineString",
        "coordinates": [
          [
            [
              114.36588716601445,
              30.536736121258993
            ],
            [
              114.36588549416037,
              30.536447590506594
            ]
          ]
        ]
      }
    },
    {
      "type": "Feature",
      "properties": {
        "osm_id": "203427214",
        "code": 5141,
        "fclass": "service",
        "name": null,
        "ref": null,
        "oneway": "B",
        "maxspeed": 0,
        "layer": 0,
        "bridge": "F",
        "tunnel": "F"
      },
      "geometry": {
        "type": "MultiLineString",
        "coordinates": [
          [
            [
              114.36534463026932,
              30.536738012335896
            ],
            [
              114.36588716601445,
              30.536736121258993
            ],
            [
              114.36660591522806,
              30.536729219421073
            ]
          ]
        ]
      }
    },
    {
      "type": "Feature",
      "properties": {
        "osm_id": "236801238",
        "code": 5114,
        "fclass": "secondary",
        "name": "珞狮北路",
        "ref": null,
        "oneway": "F",
        "maxspeed": 40,
        "layer": 0,
        "bridge": "F",
        "tunnel": "F"
      },
      "geometry": {
        "type": "MultiLineString",
        "coordinates": [
          [
            [
              114.3626270743974,
              30.540059410316736
            ],
            [
              114.36267190379264,
              30.540165453669612
            ],
            [
              114.36270644187655,
              30.54025594053442
            ],
            [
              114.36274845138836,
              30.540359804084197
            ]
          ]
        ]
      }
    },
    {
      "type": "Feature",
      "properties": {
        "osm_id": "243164213",
        "code": 5114,
        "fclass": "secondary",
        "name": "八一路下穿通道",
        "ref": null,
        "oneway": "F",
        "maxspeed": 50,
        "layer": -1,
        "bridge": "F",
        "tunnel": "T"
      },
      "geometry": {
        "type": "MultiLineString",
        "coordinates": [
          [
            [
              114.36963348033575,
              30.53721729423088
            ],
            [
              114.36883398572616,
              30.537469559583165
            ],
            [
              114.36785896675335,
              30.537803391984347
            ],
            [
              114.36611234573893,
              30.53844303252681
            ],
            [
              114.36549866075171,
              30.53872808836647
            ],
            [
              114.36370337868676,
              30.539659991087536
            ]
          ]
        ]
      }
    },
    {
      "type": "Feature",
      "properties": {
        "osm_id": "273990968",
        "code": 5115,
        "fclass": "tertiary",
        "name": "汉林西路",
        "ref": null,
        "oneway": "B",
        "maxspeed": 0,
        "layer": 0,
        "bridge": "F",
        "tunnel": "F"
      },
      "geometry": {
        "type": "MultiLineString",
        "coordinates": [
          [
            [
              114.36418156407228,
              30.53883394173376
            ],
            [
              114.36435695382872,
              30.53890609695791
            ],
            [
              114.36455056467837,
              30.538981385701074
            ],
            [
              114.3646221027181,
              30.53901513159554
            ],
            [
              114.36463140711606,
              30.53902026327812
            ],
            [
              114.36466822486324,
              30.539040387817398
            ],
            [
              114.36472695363099,
              30.539072683796853
            ],
            [
              114.36482049207909,
              30.539134589963304
            ],
            [
              114.36489552038404,
              30.539188829842796
            ],
            [
              114.36495434407261,
              30.539230614067005
            ],
            [
              114.36500986013915,
              30.539278185542976
            ],
            [
              114.36506887716509,
              30.53932966465123
            ],
            [
              114.36509785781325,
              30.53936303371847
            ]
          ]
        ]
      }
    },
    {
      "type": "Feature",
      "properties": {
        "osm_id": "273992080",
        "code": 5122,
        "fclass": "residential",
        "name": "汉林东路",
        "ref": null,
        "oneway": "B",
        "maxspeed": 0,
        "layer": 0,
        "bridge": "F",
        "tunnel": "F"
      },
      "geometry": {
        "type": "MultiLineString",
        "coordinates": [
          [
            [
              114.36941174616783,
              30.537068475927168
            ],
            [
              114.36951898524192,
              30.53741216919542
            ]
          ]
        ]
      }
    },
    {
      "type": "Feature",
      "properties": {
        "osm_id": "306232292",
        "code": 5141,
        "fclass": "service",
        "name": null,
        "ref": null,
        "oneway": "B",
        "maxspeed": 0,
        "layer": 0,
        "bridge": "F",
        "tunnel": "F"
      },
      "geometry": {
        "type": "MultiLineString",
        "coordinates": [
          [
            [
              114.36697670231476,
              30.538488205154618
            ],
            [
              114.36694449967172,
              30.538434008823074
            ]
          ]
        ]
      }
    },
    {
      "type": "Feature",
      "properties": {
        "osm_id": "312772184",
        "code": 5153,
        "fclass": "footway",
        "name": null,
        "ref": null,
        "oneway": "B",
        "maxspeed": 0,
        "layer": -1,
        "bridge": "F",
        "tunnel": "F"
      },
      "geometry": {
        "type": "MultiLineString",
        "coordinates": [
          [
            [
              114.36666565692653,
              30.538004918697393
            ],
            [
              114.36642925192335,
              30.538098968199595
            ],
            [
              114.36616701722231,
              30.538203416572088
            ]
          ]
        ]
      }
    },
    {
      "type": "Feature",
      "properties": {
        "osm_id": "312772186",
        "code": 5153,
        "fclass": "footway",
        "name": null,
        "ref": null,
        "oneway": "B",
        "maxspeed": 0,
        "layer": -1,
        "bridge": "F",
        "tunnel": "F"
      },
      "geometry": {
        "type": "MultiLineString",
        "coordinates": [
          [
            [
              114.36728492727403,
              30.538179618167945
            ],
            [
              114.36760122287795,
              30.53806671619815
            ],
            [
              114.36791984557793,
              30.537952818633524
            ]
          ]
        ]
      }
    },
    {
      "type": "Feature",
      "properties": {
        "osm_id": "312772191",
        "code": 5153,
        "fclass": "footway",
        "name": null,
        "ref": null,
        "oneway": "B",
        "maxspeed": 0,
        "layer": 0,
        "bridge": "F",
        "tunnel": "F"
      },
      "geometry": {
        "type": "MultiLineString",
        "coordinates": [
          [
            [
              114.36690188323782,
              30.53802032465305
            ],
            [
              114.36673134480614,
              30.538131119566376
            ],
            [
              114.36667943602637,
              30.538173252302226
            ],
            [
              114.36662633250786,
              30.538207780078437
            ],
            [
              114.36657504392466,
              30.538228206653258
            ],
            [
              114.36652185918616,
              30.538241627185794
            ],
            [
              114.36644795611839,
              30.53824401087035
            ],
            [
              114.3663825697466,
              30.538241603199417
            ],
            [
              114.36633040041735,
              30.53824101445842
            ],
            [
              114.36628643525607,
              30.538249138373587
            ],
            [
              114.36625157863216,
              30.53826187726616
            ],
            [
              114.366213508117,
              30.53828651009924
            ],
            [
              114.36618615189772,
              30.538311061554708
            ],
            [
              114.36615167682591,
              30.538347299798748
            ],
            [
              114.3661049770111,
              30.53839461416672
            ],
            [
              114.3660474590533,
              30.53844770537215
            ],
            [
              114.36599585966142,
              30.53848840447851
            ],
            [
              114.36595828765749,
              30.538518029399935
            ],
            [
              114.36586931670095,
              30.538590146360168
            ],
            [
              114.36579048115993,
              30.53863687637316
            ],
            [
              114.36568381474535,
              30.53868263541122
            ]
          ]
        ]
      }
    },
    {
      "type": "Feature",
      "properties": {
        "osm_id": "312772193",
        "code": 5155,
        "fclass": "steps",
        "name": null,
        "ref": null,
        "oneway": "B",
        "maxspeed": 0,
        "layer": -1,
        "bridge": "F",
        "tunnel": "F"
      },
      "geometry": {
        "type": "MultiLineString",
        "coordinates": [
          [
            [
              114.36791984557793,
              30.537952818633524
            ],
            [
              114.36804609861998,
              30.537907632300016
            ]
          ]
        ]
      }
    },
    {
      "type": "Feature",
      "properties": {
        "osm_id": "312772200",
        "code": 5153,
        "fclass": "footway",
        "name": null,
        "ref": null,
        "oneway": "B",
        "maxspeed": 0,
        "layer": 0,
        "bridge": "F",
        "tunnel": "F"
      },
      "geometry": {
        "type": "MultiLineString",
        "coordinates": [
          [
            [
              114.36592593127726,
              30.538299343046038
            ],
            [
              114.36596659549022,
              30.538283126829143
            ]
          ]
        ]
      }
    },
    {
      "type": "Feature",
      "properties": {
        "osm_id": "312772203",
        "code": 5153,
        "fclass": "footway",
        "name": null,
        "ref": null,
        "oneway": "B",
        "maxspeed": 0,
        "layer": 0,
        "bridge": "F",
        "tunnel": "F"
      },
      "geometry": {
        "type": "MultiLineString",
        "coordinates": [
          [
            [
              114.36506858803052,
              30.538848724273304
            ],
            [
              114.36490032667052,
              30.538835615541796
            ]
          ]
        ]
      }
    },
    {
      "type": "Feature",
      "properties": {
        "osm_id": "312772205",
        "code": 5153,
        "fclass": "footway",
        "name": null,
        "ref": null,
        "oneway": "B",
        "maxspeed": 0,
        "layer": 0,
        "bridge": "F",
        "tunnel": "F"
      },
      "geometry": {
        "type": "MultiLineString",
        "coordinates": [
          [
            [
              114.36691329473285,
              30.537906228228895
            ],
            [
              114.36686671242528,
              30.53792347439106
            ]
          ]
        ]
      }
    },
    {
      "type": "Feature",
      "properties": {
        "osm_id": "312772206",
        "code": 5152,
        "fclass": "cycleway",
        "name": null,
        "ref": null,
        "oneway": "B",
        "maxspeed": 0,
        "layer": 0,
        "bridge": "F",
        "tunnel": "F"
      },
      "geometry": {
        "type": "MultiLineString",
        "coordinates": [
          [
            [
              114.36650967415481,
              30.5379637846066
            ],
            [
              114.36652426843047,
              30.53799480983836
            ]
          ]
        ]
      }
    },
    {
      "type": "Feature",
      "properties": {
        "osm_id": "312772207",
        "code": 5152,
        "fclass": "cycleway",
        "name": null,
        "ref": null,
        "oneway": "B",
        "maxspeed": 0,
        "layer": 0,
        "bridge": "F",
        "tunnel": "F"
      },
      "geometry": {
        "type": "MultiLineString",
        "coordinates": [
          [
            [
              114.36696395351687,
              30.538284918229
            ],
            [
              114.36686489289428,
              30.538183894410363
            ],
            [
              114.3668578903293,
              30.53817478513152
            ],
            [
              114.36685409133368,
              30.53816697983494
            ],
            [
              114.36685159606773,
              30.53815697593458
            ],
            [
              114.36685220530204,
              30.53814697583169
            ],
            [
              114.36685953471843,
              30.538124482864596
            ],
            [
              114.366872488573,
              30.538082494972524
            ],
            [
              114.36690188323782,
              30.53802032465305
            ],
            [
              114.3669151423872,
              30.5379725360732
            ],
            [
              114.36691776999581,
              30.53794393667413
            ],
            [
              114.36691329473285,
              30.537906228228895
            ],
            [
              114.36689961061967,
              30.537862908461967
            ]
          ]
        ]
      }
    },
    {
      "type": "Feature",
      "properties": {
        "osm_id": "312772209",
        "code": 5153,
        "fclass": "footway",
        "name": null,
        "ref": null,
        "oneway": "B",
        "maxspeed": 0,
        "layer": 0,
        "bridge": "F",
        "tunnel": "F"
      },
      "geometry": {
        "type": "MultiLineString",
        "coordinates": [
          [
            [
              114.36568381474535,
              30.53868263541122
            ],
            [
              114.36558257625181,
              30.53870589492143
            ],
            [
              114.36549677020682,
              30.538714382450333
            ],
            [
              114.36543861030101,
              30.538707133331737
            ],
            [
              114.36540668121793,
              30.538699049743457
            ],
            [
              114.36537345371835,
              30.53868766146726
            ],
            [
              114.36534333371154,
              30.53867178006465
            ],
            [
              114.36528850232659,
              30.53863752918849
            ]
          ]
        ]
      }
    },
    {
      "type": "Feature",
      "properties": {
        "osm_id": "312772212",
        "code": 5153,
        "fclass": "footway",
        "name": null,
        "ref": null,
        "oneway": "B",
        "maxspeed": 0,
        "layer": 0,
        "bridge": "F",
        "tunnel": "F"
      },
      "geometry": {
        "type": "MultiLineString",
        "coordinates": [
          [
            [
              114.36514062741057,
              30.539125956202685
            ],
            [
              114.36513905994278,
              30.538968838776977
            ]
          ]
        ]
      }
    },
    {
      "type": "Feature",
      "properties": {
        "osm_id": "312772213",
        "code": 5152,
        "fclass": "cycleway",
        "name": null,
        "ref": null,
        "oneway": "B",
        "maxspeed": 0,
        "layer": -1,
        "bridge": "F",
        "tunnel": "F"
      },
      "geometry": {
        "type": "MultiLineString",
        "coordinates": [
          [
            [
              114.36530001991308,
              30.53863166002409
            ],
            [
              114.36528850232659,
              30.53863752918849
            ],
            [
              114.36522871136195,
              30.538668167080655
            ],
            [
              114.36509671354098,
              30.53873559703991
            ],
            [
              114.36490032667052,
              30.538835615541796
            ],
            [
              114.36470675181225,
              30.538934806247862
            ],
            [
              114.36467579291146,
              30.538969107004863
            ],
            [
              114.36463140711606,
              30.53902026327812
            ]
          ]
        ]
      }
    },
    {
      "type": "Feature",
      "properties": {
        "osm_id": "312772217",
        "code": 5152,
        "fclass": "cycleway",
        "name": null,
        "ref": null,
        "oneway": "B",
        "maxspeed": 0,
        "layer": 0,
        "bridge": "F",
        "tunnel": "F"
      },
      "geometry": {
        "type": "MultiLineString",
        "coordinates": [
          [
            [
              114.36709798149093,
              30.538251456390935
            ],
            [
              114.36706756037964,
              30.53822202342605
            ],
            [
              114.36704374397192,
              30.538198996995064
            ],
            [
              114.36701982945777,
              30.53817366971672
            ],
            [
              114.36700642598399,
              30.538153953718197
            ],
            [
              114.36699963234543,
              30.538134244718616
            ],
            [
              114.36699804618041,
              30.53811484135441
            ],
            [
              114.36699856362829,
              30.538094840215688
            ],
            [
              114.36700339246576,
              30.538068843223204
            ],
            [
              114.36701865412026,
              30.538022055583287
            ],
            [
              114.36703382495024,
              30.537964066655825
            ],
            [
              114.36704099068083,
              30.537897768463043
            ]
          ]
        ]
      }
    },
    {
      "type": "Feature",
      "properties": {
        "osm_id": "312772219",
        "code": 5153,
        "fclass": "footway",
        "name": null,
        "ref": null,
        "oneway": "B",
        "maxspeed": 0,
        "layer": 0,
        "bridge": "F",
        "tunnel": "F"
      },
      "geometry": {
        "type": "MultiLineString",
        "coordinates": [
          [
            [
              114.36501955297977,
              30.539181606616236
            ],
            [
              114.36512849373372,
              30.53926693286038
            ],
            [
              114.36515400081669,
              30.539290207863317
            ],
            [
              114.3651741057987,
              30.539309366605462
            ],
            [
              114.3651833456689,
              30.539319033498824
            ]
          ]
        ]
      }
    },
    {
      "type": "Feature",
      "properties": {
        "osm_id": "312772222",
        "code": 5153,
        "fclass": "footway",
        "name": null,
        "ref": null,
        "oneway": "B",
        "maxspeed": 0,
        "layer": 0,
        "bridge": "F",
        "tunnel": "F"
      },
      "geometry": {
        "type": "MultiLineString",
        "coordinates": [
          [
            [
              114.36393605953612,
              30.53872177423655
            ],
            [
              114.36396757471938,
              30.53873320140327
            ],
            [
              114.36404461772717,
              30.53875530779417
            ],
            [
              114.3641162045931,
              30.538721982856032
            ],
            [
              114.36417367611683,
              30.53869410004682
            ],
            [
              114.36424698312014,
              30.5387591810157
            ],
            [
              114.3643188980481,
              30.53881485094897
            ],
            [
              114.364353509343,
              30.53883727872798
            ],
            [
              114.36439962847533,
              30.538862846845937
            ],
            [
              114.36446076262982,
              30.538887265765055
            ],
            [
              114.36456102370218,
              30.538923516731792
            ],
            [
              114.3646051513051,
              30.53893946815017
            ],
            [
              114.36467579291146,
              30.538969107004863
            ],
            [
              114.36471561615897,
              30.538986639615707
            ],
            [
              114.36475013479219,
              30.539003953507148
            ],
            [
              114.36477804818495,
              30.539020144950335
            ],
            [
              114.36486008865587,
              30.53906760937072
            ],
            [
              114.3649549328356,
              30.539127707430783
            ],
            [
              114.36501955297977,
              30.539181606616236
            ]
          ]
        ]
      }
    },
    {
      "type": "Feature",
      "properties": {
        "osm_id": "358205764",
        "code": 5153,
        "fclass": "footway",
        "name": null,
        "ref": null,
        "oneway": "B",
        "maxspeed": 0,
        "layer": 0,
        "bridge": "F",
        "tunnel": "F"
      },
      "geometry": {
        "type": "MultiLineString",
        "coordinates": [
          [
            [
              114.36521831864023,
              30.537688953699604
            ],
            [
              114.36521954111615,
              30.53741983307677
            ]
          ]
        ]
      }
    },
    {
      "type": "Feature",
      "properties": {
        "osm_id": "358205765",
        "code": 5153,
        "fclass": "footway",
        "name": null,
        "ref": null,
        "oneway": "B",
        "maxspeed": 0,
        "layer": 0,
        "bridge": "F",
        "tunnel": "F"
      },
      "geometry": {
        "type": "MultiLineString",
        "coordinates": [
          [
            [
              114.36465856867771,
              30.53742391592817
            ],
            [
              114.36521954111615,
              30.53741983307677
            ],
            [
              114.36542616807965,
              30.537420789748538
            ],
            [
              114.3658264355702,
              30.537422551494608
            ]
          ]
        ]
      }
    },
    {
      "type": "Feature",
      "properties": {
        "osm_id": "358205769",
        "code": 5153,
        "fclass": "footway",
        "name": null,
        "ref": null,
        "oneway": "B",
        "maxspeed": 0,
        "layer": 0,
        "bridge": "F",
        "tunnel": "F"
      },
      "geometry": {
        "type": "MultiLineString",
        "coordinates": [
          [
            [
              114.36588744891687,
              30.53700624685065
            ],
            [
              114.36660458429809,
              30.537013843623622
            ]
          ]
        ]
      }
    },
    {
      "type": "Feature",
      "properties": {
        "osm_id": "366939501",
        "code": 5153,
        "fclass": "footway",
        "name": null,
        "ref": null,
        "oneway": "B",
        "maxspeed": 0,
        "layer": 0,
        "bridge": "F",
        "tunnel": "F"
      },
      "geometry": {
        "type": "MultiLineString",
        "coordinates": [
          [
            [
              114.36420645934813,
              30.539563895899633
            ],
            [
              114.36424402811785,
              30.539521333058918
            ],
            [
              114.36434140773461,
              30.539410982283222
            ],
            [
              114.36460400182307,
              30.5391132786672
            ],
            [
              114.36461562408809,
              30.53910001680423
            ]
          ]
        ]
      }
    },
    {
      "type": "Feature",
      "properties": {
        "osm_id": "366939507",
        "code": 5153,
        "fclass": "footway",
        "name": null,
        "ref": null,
        "oneway": "B",
        "maxspeed": 0,
        "layer": 0,
        "bridge": "F",
        "tunnel": "F"
      },
      "geometry": {
        "type": "MultiLineString",
        "coordinates": [
          [
            [
              114.36414184634424,
              30.538933198971648
            ],
            [
              114.36419478290199,
              30.538942400776342
            ],
            [
              114.36425322301213,
              30.538953720550104
            ],
            [
              114.36430145163652,
              30.538968999959156
            ],
            [
              114.36459491249092,
              30.53909084604388
            ],
            [
              114.36461562408809,
              30.53910001680423
            ],
            [
              114.36466884918734,
              30.539129597254924
            ],
            [
              114.36473077216482,
              30.539172204446746
            ],
            [
              114.36486081634273,
              30.539269628225966
            ],
            [
              114.36488112284248,
              30.539285693001123
            ],
            [
              114.3649245370461,
              30.5393200301555
            ],
            [
              114.36496214549041,
              30.53935464789793
            ],
            [
              114.36500991377443,
              30.539408291696095
            ]
          ]
        ]
      }
    },
    {
      "type": "Feature",
      "properties": {
        "osm_id": "410145304",
        "code": 5152,
        "fclass": "cycleway",
        "name": null,
        "ref": null,
        "oneway": "B",
        "maxspeed": 0,
        "layer": 0,
        "bridge": "F",
        "tunnel": "F"
      },
      "geometry": {
        "type": "MultiLineString",
        "coordinates": [
          [
            [
              114.36958759937473,
              30.537322868242995
            ],
            [
              114.369557128422,
              30.537332811055737
            ],
            [
              114.36958453385668,
              30.537395378779664
            ],
            [
              114.36959143528956,
              30.537411070529995
            ],
            [
              114.36960563817966,
              30.537443453413296
            ],
            [
              114.36961704060572,
              30.537469339518907
            ],
            [
              114.36954437101328,
              30.537493242203134
            ]
          ]
        ]
      }
    },
    {
      "type": "Feature",
      "properties": {
        "osm_id": "415176588",
        "code": 5114,
        "fclass": "secondary",
        "name": "八一路",
        "ref": null,
        "oneway": "F",
        "maxspeed": 60,
        "layer": 0,
        "bridge": "F",
        "tunnel": "F"
      },
      "geometry": {
        "type": "MultiLineString",
        "coordinates": [
          [
            [
              114.37161636872803,
              30.53641762801932
            ],
            [
              114.37186786640652,
              30.536341363379055
            ],
            [
              114.3719661401557,
              30.53631470991966
            ],
            [
              114.37197004202875,
              30.53631364409151
            ]
          ]
        ]
      }
    },
    {
      "type": "Feature",
      "properties": {
        "osm_id": "610942763",
        "code": 5153,
        "fclass": "footway",
        "name": null,
        "ref": null,
        "oneway": "B",
        "maxspeed": 0,
        "layer": 0,
        "bridge": "F",
        "tunnel": "F"
      },
      "geometry": {
        "type": "MultiLineString",
        "coordinates": [
          [
            [
              114.3686995816384,
              30.53753174700893
            ],
            [
              114.36862722551312,
              30.53755798630821
            ],
            [
              114.36857471779975,
              30.537571111186125
            ],
            [
              114.36853383501708,
              30.53758052866376
            ],
            [
              114.36850578002858,
              30.537585039565272
            ],
            [
              114.36845468839249,
              30.537583456640732
            ],
            [
              114.3684058051867,
              30.537577170229994
            ],
            [
              114.36836934668452,
              30.537568578539823
            ],
            [
              114.3683329863559,
              30.537562785800628
            ],
            [
              114.36830053121635,
              30.537559491375543
            ],
            [
              114.36827157668547,
              30.53756329608264
            ],
            [
              114.36823780990534,
              30.53757190091998
            ],
            [
              114.36820564356313,
              30.537583704825657
            ],
            [
              114.36817006440799,
              30.53760410862776
            ],
            [
              114.36814289689252,
              30.53762851147676
            ],
            [
              114.368117529775,
              30.537656413938663
            ],
            [
              114.3680886536592,
              30.537688015974023
            ],
            [
              114.36807040032984,
              30.537714417399467
            ],
            [
              114.36806378114873,
              30.537723817821956
            ],
            [
              114.3680507434033,
              30.537742318529048
            ],
            [
              114.3680302770571,
              30.53778002005013
            ],
            [
              114.36799559023892,
              30.537813119066012
            ],
            [
              114.3679574045021,
              30.53783801565972
            ],
            [
              114.36792063066461,
              30.537851810188005
            ],
            [
              114.3678727411501,
              30.53786230048141
            ],
            [
              114.36782185485004,
              30.537863486908233
            ],
            [
              114.36777998816953,
              30.537859773478775
            ],
            [
              114.36776706763666,
              30.537858668998435
            ],
            [
              114.36768664494964,
              30.537846637069382
            ],
            [
              114.3676104223438,
              30.537844501874538
            ],
            [
              114.36755312750897,
              30.537847172116496
            ],
            [
              114.36750714943247,
              30.53785234621841
            ],
            [
              114.3674690832532,
              30.537858923438748
            ],
            [
              114.36743822582892,
              30.53786910436843
            ],
            [
              114.36740275014819,
              30.537892782340663
            ],
            [
              114.36736977609019,
              30.537919561189902
            ],
            [
              114.36734161201365,
              30.53794364239959
            ],
            [
              114.36730644411273,
              30.53795941664445
            ],
            [
              114.36726196809336,
              30.537967981399586
            ],
            [
              114.36716922134573,
              30.537973400730113
            ],
            [
              114.36703382495024,
              30.537964066655825
            ]
          ]
        ]
      }
    },
    {
      "type": "Feature",
      "properties": {
        "osm_id": "673284749",
        "code": 5122,
        "fclass": "residential",
        "name": "星湖三路",
        "ref": null,
        "oneway": "B",
        "maxspeed": 0,
        "layer": 0,
        "bridge": "F",
        "tunnel": "F"
      },
      "geometry": {
        "type": "MultiLineString",
        "coordinates": [
          [
            [
              114.36426444344384,
              30.53588368248634
            ],
            [
              114.36426647407545,
              30.536102411685782
            ],
            [
              114.36427106260697,
              30.53637545532128
            ],
            [
              114.3643020882375,
              30.53650288198609
            ],
            [
              114.36431965104465,
              30.53656875263645
            ]
          ]
        ]
      }
    },
    {
      "type": "Feature",
      "properties": {
        "osm_id": "1037322796",
        "code": 5153,
        "fclass": "footway",
        "name": null,
        "ref": null,
        "oneway": "B",
        "maxspeed": 0,
        "layer": 0,
        "bridge": "F",
        "tunnel": "F"
      },
      "geometry": {
        "type": "MultiLineString",
        "coordinates": [
          [
            [
              114.36510042551748,
              30.536664623972236
            ],
            [
              114.36534463026932,
              30.536738012335896
            ]
          ]
        ]
      }
    },
    {
      "type": "Feature",
      "properties": {
        "osm_id": "1037322797",
        "code": 5141,
        "fclass": "service",
        "name": null,
        "ref": null,
        "oneway": "B",
        "maxspeed": 0,
        "layer": 0,
        "bridge": "F",
        "tunnel": "F"
      },
      "geometry": {
        "type": "MultiLineString",
        "coordinates": [
          [
            [
              114.36417654032716,
              30.53814526373314
            ],
            [
              114.36474315544861,
              30.538142557851007
            ]
          ]
        ]
      }
    },
    {
      "type": "Feature",
      "properties": {
        "osm_id": "1037322798",
        "code": 5141,
        "fclass": "service",
        "name": null,
        "ref": null,
        "oneway": "B",
        "maxspeed": 0,
        "layer": 0,
        "bridge": "F",
        "tunnel": "F"
      },
      "geometry": {
        "type": "MultiLineString",
        "coordinates": [
          [
            [
              114.36532705356075,
              30.538389812618696
            ],
            [
              114.36477757363045,
              30.5383994912266
            ],
            [
              114.36474514187448,
              30.538399686452987
            ],
            [
              114.36418242836739,
              30.538404008447863
            ],
            [
              114.36405312066434,
              30.53840491116111
            ]
          ]
        ]
      }
    },
    {
      "type": "Feature",
      "properties": {
        "osm_id": "1037322799",
        "code": 5141,
        "fclass": "service",
        "name": null,
        "ref": null,
        "oneway": "B",
        "maxspeed": 0,
        "layer": 0,
        "bridge": "F",
        "tunnel": "F"
      },
      "geometry": {
        "type": "MultiLineString",
        "coordinates": [
          [
            [
              114.36474315544861,
              30.538142557851007
            ],
            [
              114.36474486716385,
              30.53836928295828
            ]
          ]
        ]
      }
    },
    {
      "type": "Feature",
      "properties": {
        "osm_id": "1037322800",
        "code": 5141,
        "fclass": "service",
        "name": null,
        "ref": null,
        "oneway": "B",
        "maxspeed": 0,
        "layer": 0,
        "bridge": "F",
        "tunnel": "F"
      },
      "geometry": {
        "type": "MultiLineString",
        "coordinates": [
          [
            [
              114.3647416167688,
              30.53794713580211
            ],
            [
              114.36521720673737,
              30.5379434729826
            ],
            [
              114.3653589628821,
              30.537942259387027
            ],
            [
              114.36591471926137,
              30.537937588227265
            ]
          ]
        ]
      }
    },
    {
      "type": "Feature",
      "properties": {
        "osm_id": "1037322801",
        "code": 5141,
        "fclass": "service",
        "name": null,
        "ref": null,
        "oneway": "B",
        "maxspeed": 0,
        "layer": 0,
        "bridge": "F",
        "tunnel": "F"
      },
      "geometry": {
        "type": "MultiLineString",
        "coordinates": [
          [
            [
              114.36521831864023,
              30.537688953699604
            ],
            [
              114.36521720673737,
              30.5379434729826
            ]
          ]
        ]
      }
    },
    {
      "type": "Feature",
      "properties": {
        "osm_id": "1037322802",
        "code": 5141,
        "fclass": "service",
        "name": null,
        "ref": null,
        "oneway": "B",
        "maxspeed": 0,
        "layer": 0,
        "bridge": "F",
        "tunnel": "F"
      },
      "geometry": {
        "type": "MultiLineString",
        "coordinates": [
          [
            [
              114.36591625418922,
              30.538138108782086
            ],
            [
              114.36536290315787,
              30.53813928694112
            ]
          ]
        ]
      }
    },
    {
      "type": "Feature",
      "properties": {
        "osm_id": "1037322803",
        "code": 5141,
        "fclass": "service",
        "name": null,
        "ref": null,
        "oneway": "B",
        "maxspeed": 0,
        "layer": 0,
        "bridge": "F",
        "tunnel": "F"
      },
      "geometry": {
        "type": "MultiLineString",
        "coordinates": [
          [
            [
              114.36591002252311,
              30.537684956159104
            ],
            [
              114.36591471926137,
              30.537937588227265
            ],
            [
              114.36591625418922,
              30.538138108782086
            ]
          ]
        ]
      }
    },
    {
      "type": "Feature",
      "properties": {
        "osm_id": "1081570654",
        "code": 5152,
        "fclass": "cycleway",
        "name": null,
        "ref": null,
        "oneway": "B",
        "maxspeed": 0,
        "layer": 0,
        "bridge": "F",
        "tunnel": "F"
      },
      "geometry": {
        "type": "MultiLineString",
        "coordinates": [
          [
            [
              114.36934359002053,
              30.53709135916978
            ],
            [
              114.36941174616783,
              30.537068475927168
            ]
          ]
        ]
      }
    },
    {
      "type": "Feature",
      "properties": {
        "osm_id": "1087858227",
        "code": 5134,
        "fclass": "secondary_link",
        "name": null,
        "ref": null,
        "oneway": "B",
        "maxspeed": 30,
        "layer": 0,
        "bridge": "F",
        "tunnel": "F"
      },
      "geometry": {
        "type": "MultiLineString",
        "coordinates": [
          [
            [
              114.36304624298361,
              30.540008927907586
            ],
            [
              114.36293219783008,
              30.540100674467812
            ],
            [
              114.36284147958189,
              30.540179125878137
            ],
            [
              114.3628145195922,
              30.540231193361976
            ],
            [
              114.36279976248886,
              30.54028742274393
            ],
            [
              114.3627879325246,
              30.540344417526743
            ]
          ]
        ]
      }
    },
    {
      "type": "Feature",
      "properties": {
        "osm_id": "1382802124",
        "code": 5141,
        "fclass": "service",
        "name": null,
        "ref": null,
        "oneway": "B",
        "maxspeed": 0,
        "layer": 0,
        "bridge": "F",
        "tunnel": "F"
      },
      "geometry": {
        "type": "MultiLineString",
        "coordinates": [
          [
            [
              114.3664650705249,
              30.53765268733737
            ],
            [
              114.36650967415481,
              30.5379637846066
            ]
          ]
        ]
      }
    },
    {
      "type": "Feature",
      "properties": {
        "osm_id": "1382802131",
        "code": 5153,
        "fclass": "footway",
        "name": null,
        "ref": null,
        "oneway": "B",
        "maxspeed": 0,
        "layer": 0,
        "bridge": "F",
        "tunnel": "F"
      },
      "geometry": {
        "type": "MultiLineString",
        "coordinates": [
          [
            [
              114.36875682218833,
              30.536625933684004
            ],
            [
              114.36873307838084,
              30.53662494757552
            ]
          ]
        ]
      }
    },
    {
      "type": "Feature",
      "properties": {
        "osm_id": "1382802152",
        "code": 5141,
        "fclass": "service",
        "name": null,
        "ref": null,
        "oneway": "B",
        "maxspeed": 0,
        "layer": 0,
        "bridge": "F",
        "tunnel": "F"
      },
      "geometry": {
        "type": "MultiLineString",
        "coordinates": [
          [
            [
              114.36883996781714,
              30.5377483794729
            ],
            [
              114.36884881707853,
              30.537773224081928
            ]
          ]
        ]
      }
    },
    {
      "type": "Feature",
      "properties": {
        "osm_id": "1382918066",
        "code": 5153,
        "fclass": "footway",
        "name": null,
        "ref": null,
        "oneway": "B",
        "maxspeed": 0,
        "layer": 0,
        "bridge": "F",
        "tunnel": "F"
      },
      "geometry": {
        "type": "MultiLineString",
        "coordinates": [
          [
            [
              114.36413357451445,
              30.539359402599846
            ],
            [
              114.36389732445352,
              30.539196557610122
            ],
            [
              114.36394971378583,
              30.53914016411524
            ],
            [
              114.36414184634424,
              30.538933198971648
            ]
          ]
        ]
      }
    },
    {
      "type": "Feature",
      "properties": {
        "osm_id": "1382918075",
        "code": 5153,
        "fclass": "footway",
        "name": null,
        "ref": null,
        "oneway": "B",
        "maxspeed": 0,
        "layer": 0,
        "bridge": "F",
        "tunnel": "F"
      },
      "geometry": {
        "type": "MultiLineString",
        "coordinates": [
          [
            [
              114.36294768011248,
              30.54024506286449
            ],
            [
              114.36420645934813,
              30.539563895899633
            ]
          ]
        ]
      }
    },
    {
      "type": "Feature",
      "properties": {
        "osm_id": "1382939837",
        "code": 5153,
        "fclass": "footway",
        "name": null,
        "ref": null,
        "oneway": "B",
        "maxspeed": 0,
        "layer": 0,
        "bridge": "F",
        "tunnel": "F"
      },
      "geometry": {
        "type": "MultiLineString",
        "coordinates": [
          [
            [
              114.36660458429809,
              30.537013843623622
            ],
            [
              114.36729800441563,
              30.537015827034764
            ]
          ]
        ]
      }
    },
    {
      "type": "Feature",
      "properties": {
        "osm_id": "1382939838",
        "code": 5141,
        "fclass": "service",
        "name": null,
        "ref": null,
        "oneway": "B",
        "maxspeed": 0,
        "layer": 0,
        "bridge": "F",
        "tunnel": "F"
      },
      "geometry": {
        "type": "MultiLineString",
        "coordinates": [
          [
            [
              114.36427106260697,
              30.53637545532128
            ],
            [
              114.36385121915046,
              30.536377817287942
            ]
          ]
        ]
      }
    },
    {
      "type": "Feature",
      "properties": {
        "osm_id": "1382939844",
        "code": 5155,
        "fclass": "steps",
        "name": null,
        "ref": null,
        "oneway": "B",
        "maxspeed": 0,
        "layer": 0,
        "bridge": "F",
        "tunnel": "F"
      },
      "geometry": {
        "type": "MultiLineString",
        "coordinates": [
          [
            [
              114.36440854545485,
              30.536423059812275
            ],
            [
              114.36448889460385,
              30.536452446427027
            ],
            [
              114.36457395053196,
              30.536480642815597
            ]
          ]
        ]
      }
    },
    {
      "type": "Feature",
      "properties": {
        "osm_id": "1382939854",
        "code": 5155,
        "fclass": "steps",
        "name": null,
        "ref": null,
        "oneway": "B",
        "maxspeed": 0,
        "layer": 0,
        "bridge": "F",
        "tunnel": "F"
      },
      "geometry": {
        "type": "MultiLineString",
        "coordinates": [
          [
            [
              114.36729686665336,
              30.53706033014783
            ],
            [
              114.36729505458307,
              30.537195040801908
            ]
          ]
        ]
      }
    },
    {
      "type": "Feature",
      "properties": {
        "osm_id": "1382939855",
        "code": 5141,
        "fclass": "service",
        "name": null,
        "ref": null,
        "oneway": "B",
        "maxspeed": 0,
        "layer": 0,
        "bridge": "F",
        "tunnel": "F"
      },
      "geometry": {
        "type": "MultiLineString",
        "coordinates": [
          [
            [
              114.36758063324426,
              30.537039215909562
            ],
            [
              114.36729778725919,
              30.53703662874214
            ]
          ]
        ]
      }
    },
    {
      "type": "Feature",
      "properties": {
        "osm_id": "1382939856",
        "code": 5141,
        "fclass": "service",
        "name": null,
        "ref": null,
        "oneway": "B",
        "maxspeed": 0,
        "layer": 0,
        "bridge": "F",
        "tunnel": "F"
      },
      "geometry": {
        "type": "MultiLineString",
        "coordinates": [
          [
            [
              114.36727822087308,
              30.53658347143843
            ],
            [
              114.36730031584467,
              30.536632693798147
            ],
            [
              114.36730220871739,
              30.536645296467764
            ],
            [
              114.36730052647825,
              30.536744804316875
            ],
            [
              114.36729800441563,
              30.537015827034764
            ],
            [
              114.36729778725919,
              30.53703662874214
            ],
            [
              114.36729686665336,
              30.53706033014783
            ]
          ]
        ]
      }
    },
    {
      "type": "Feature",
      "properties": {
        "osm_id": "1382939858",
        "code": 5141,
        "fclass": "service",
        "name": null,
        "ref": null,
        "oneway": "B",
        "maxspeed": 0,
        "layer": 0,
        "bridge": "F",
        "tunnel": "F"
      },
      "geometry": {
        "type": "MultiLineString",
        "coordinates": [
          [
            [
              114.36727822087308,
              30.53658347143843
            ],
            [
              114.36698677905761,
              30.53658399292955
            ],
            [
              114.36660663494153,
              30.53658070664295
            ]
          ]
        ]
      }
    },
    {
      "type": "Feature",
      "properties": {
        "osm_id": "1382939860",
        "code": 5141,
        "fclass": "service",
        "name": null,
        "ref": null,
        "oneway": "B",
        "maxspeed": 0,
        "layer": 0,
        "bridge": "F",
        "tunnel": "F"
      },
      "geometry": {
        "type": "MultiLineString",
        "coordinates": [
          [
            [
              114.36474315544861,
              30.538142557851007
            ],
            [
              114.36536290315787,
              30.53813928694112
            ]
          ]
        ]
      }
    },
    {
      "type": "Feature",
      "properties": {
        "osm_id": "1382939861",
        "code": 5153,
        "fclass": "footway",
        "name": null,
        "ref": null,
        "oneway": "B",
        "maxspeed": 0,
        "layer": 0,
        "bridge": "F",
        "tunnel": "F"
      },
      "geometry": {
        "type": "MultiLineString",
        "coordinates": [
          [
            [
              114.36582732095175,
              30.537685076761917
            ],
            [
              114.3658264355702,
              30.537422551494608
            ],
            [
              114.36582635060684,
              30.53740404965018
            ]
          ]
        ]
      }
    },
    {
      "type": "Feature",
      "properties": {
        "osm_id": "1382939863",
        "code": 5141,
        "fclass": "service",
        "name": null,
        "ref": null,
        "oneway": "B",
        "maxspeed": 0,
        "layer": 0,
        "bridge": "F",
        "tunnel": "F"
      },
      "geometry": {
        "type": "MultiLineString",
        "coordinates": [
          [
            [
              114.3653589628821,
              30.537942259387027
            ],
            [
              114.36536290315787,
              30.53813928694112
            ],
            [
              114.36532705356075,
              30.538389812618696
            ]
          ]
        ]
      }
    },
    {
      "type": "Feature",
      "properties": {
        "osm_id": "1382939864",
        "code": 5155,
        "fclass": "steps",
        "name": null,
        "ref": null,
        "oneway": "B",
        "maxspeed": 0,
        "layer": 0,
        "bridge": "F",
        "tunnel": "F"
      },
      "geometry": {
        "type": "MultiLineString",
        "coordinates": [
          [
            [
              114.36474486716385,
              30.53836928295828
            ],
            [
              114.36474514187448,
              30.538399686452987
            ]
          ]
        ]
      }
    },
    {
      "type": "Feature",
      "properties": {
        "osm_id": "1382939865",
        "code": 5141,
        "fclass": "service",
        "name": null,
        "ref": null,
        "oneway": "B",
        "maxspeed": 0,
        "layer": 0,
        "bridge": "F",
        "tunnel": "F"
      },
      "geometry": {
        "type": "MultiLineString",
        "coordinates": [
          [
            [
              114.3647416167688,
              30.53794713580211
            ],
            [
              114.36459079549896,
              30.53792023231984
            ]
          ]
        ]
      }
    },
    {
      "type": "Feature",
      "properties": {
        "osm_id": "1382939866",
        "code": 5141,
        "fclass": "service",
        "name": null,
        "ref": null,
        "oneway": "B",
        "maxspeed": 0,
        "layer": 0,
        "bridge": "F",
        "tunnel": "F"
      },
      "geometry": {
        "type": "MultiLineString",
        "coordinates": [
          [
            [
              114.36474315544861,
              30.538142557851007
            ],
            [
              114.3647416167688,
              30.53794713580211
            ]
          ]
        ]
      }
    },
    {
      "type": "Feature",
      "properties": {
        "osm_id": "1382939867",
        "code": 5141,
        "fclass": "service",
        "name": null,
        "ref": null,
        "oneway": "B",
        "maxspeed": 0,
        "layer": 0,
        "bridge": "F",
        "tunnel": "F"
      },
      "geometry": {
        "type": "MultiLineString",
        "coordinates": [
          [
            [
              114.36458918142431,
              30.53769380678679
            ],
            [
              114.36459079549896,
              30.53792023231984
            ]
          ]
        ]
      }
    },
    {
      "type": "Feature",
      "properties": {
        "osm_id": "1382968007",
        "code": 5155,
        "fclass": "steps",
        "name": null,
        "ref": null,
        "oneway": "B",
        "maxspeed": 0,
        "layer": 0,
        "bridge": "F",
        "tunnel": "F"
      },
      "geometry": {
        "type": "MultiLineString",
        "coordinates": [
          [
            [
              114.36873307838084,
              30.53662494757552
            ],
            [
              114.36870382439585,
              30.53662396397213
            ]
          ]
        ]
      }
    },
    {
      "type": "Feature",
      "properties": {
        "osm_id": "1382968043",
        "code": 5153,
        "fclass": "footway",
        "name": null,
        "ref": null,
        "oneway": "B",
        "maxspeed": 0,
        "layer": 0,
        "bridge": "F",
        "tunnel": "F"
      },
      "geometry": {
        "type": "MultiLineString",
        "coordinates": [
          [
            [
              114.36808848069802,
              30.53704225924232
            ],
            [
              114.36809183546787,
              30.537228475956738
            ]
          ]
        ]
      }
    },
    {
      "type": "Feature",
      "properties": {
        "osm_id": "1382968044",
        "code": 5141,
        "fclass": "service",
        "name": null,
        "ref": null,
        "oneway": "B",
        "maxspeed": 0,
        "layer": 0,
        "bridge": "F",
        "tunnel": "F"
      },
      "geometry": {
        "type": "MultiLineString",
        "coordinates": [
          [
            [
              114.3680214484802,
              30.536814833976276
            ],
            [
              114.36870207036446,
              30.536812282063906
            ]
          ]
        ]
      }
    },
    {
      "type": "Feature",
      "properties": {
        "osm_id": "1382968058",
        "code": 5155,
        "fclass": "steps",
        "name": null,
        "ref": null,
        "oneway": "B",
        "maxspeed": 0,
        "layer": 0,
        "bridge": "F",
        "tunnel": "F"
      },
      "geometry": {
        "type": "MultiLineString",
        "coordinates": [
          [
            [
              114.36929915641281,
              30.53689869262851
            ],
            [
              114.36931356055536,
              30.536929379181334
            ]
          ]
        ]
      }
    },
    {
      "type": "Feature",
      "properties": {
        "osm_id": "1382968059",
        "code": 5153,
        "fclass": "footway",
        "name": null,
        "ref": null,
        "oneway": "B",
        "maxspeed": 0,
        "layer": 0,
        "bridge": "F",
        "tunnel": "F"
      },
      "geometry": {
        "type": "MultiLineString",
        "coordinates": [
          [
            [
              114.36934466016763,
              30.536883239437753
            ],
            [
              114.36929915641281,
              30.53689869262851
            ]
          ]
        ]
      }
    },
    {
      "type": "Feature",
      "properties": {
        "osm_id": "1383028675",
        "code": 5141,
        "fclass": "service",
        "name": null,
        "ref": null,
        "oneway": "B",
        "maxspeed": 0,
        "layer": 0,
        "bridge": "F",
        "tunnel": "F"
      },
      "geometry": {
        "type": "MultiLineString",
        "coordinates": [
          [
            [
              114.36619465624528,
              30.53867510788484
            ],
            [
              114.36622670276307,
              30.538669566384648
            ],
            [
              114.36625514164284,
              30.538667717727016
            ],
            [
              114.3662853791901,
              30.53867047185552
            ],
            [
              114.36630950307817,
              30.53868001501835
            ],
            [
              114.36632661454645,
              30.538693345838173
            ],
            [
              114.3663472263447,
              30.53871188279223
            ],
            [
              114.36635534957621,
              30.53872482952831
            ]
          ]
        ]
      }
    },
    {
      "type": "Feature",
      "properties": {
        "osm_id": "1383028676",
        "code": 5141,
        "fclass": "service",
        "name": null,
        "ref": null,
        "oneway": "B",
        "maxspeed": 0,
        "layer": 0,
        "bridge": "F",
        "tunnel": "F"
      },
      "geometry": {
        "type": "MultiLineString",
        "coordinates": [
          [
            [
              114.365394657491,
              30.539063748459455
            ],
            [
              114.36619465624528,
              30.53867510788484
            ]
          ]
        ]
      }
    },
    {
      "type": "Feature",
      "properties": {
        "osm_id": "1383220162",
        "code": 5153,
        "fclass": "footway",
        "name": null,
        "ref": null,
        "oneway": "B",
        "maxspeed": 0,
        "layer": 0,
        "bridge": "F",
        "tunnel": "F"
      },
      "geometry": {
        "type": "MultiLineString",
        "coordinates": [
          [
            [
              114.36447926825544,
              30.53968123560405
            ],
            [
              114.36424402811785,
              30.539521333058918
            ]
          ]
        ]
      }
    },
    {
      "type": "Feature",
      "properties": {
        "osm_id": "1387978147",
        "code": 5155,
        "fclass": "steps",
        "name": null,
        "ref": null,
        "oneway": "B",
        "maxspeed": 0,
        "layer": -1,
        "bridge": "F",
        "tunnel": "F"
      },
      "geometry": {
        "type": "MultiLineString",
        "coordinates": [
          [
            [
              114.36686671242528,
              30.53792347439106
            ],
            [
              114.36666565692653,
              30.538004918697393
            ]
          ]
        ]
      }
    },
    {
      "type": "Feature",
      "properties": {
        "osm_id": "1387978151",
        "code": 5153,
        "fclass": "footway",
        "name": null,
        "ref": null,
        "oneway": "B",
        "maxspeed": 0,
        "layer": 0,
        "bridge": "F",
        "tunnel": "F"
      },
      "geometry": {
        "type": "MultiLineString",
        "coordinates": [
          [
            [
              114.3680302770571,
              30.53778002005013
            ],
            [
              114.36808307336885,
              30.537894433414717
            ],
            [
              114.36809017271848,
              30.537910035020708
            ]
          ]
        ]
      }
    },
    {
      "type": "Feature",
      "properties": {
        "osm_id": "1442751121",
        "code": 5115,
        "fclass": "tertiary",
        "name": null,
        "ref": null,
        "oneway": "F",
        "maxspeed": 0,
        "layer": 0,
        "bridge": "F",
        "tunnel": "F"
      },
      "geometry": {
        "type": "MultiLineString",
        "coordinates": [
          [
            [
              114.36403657118352,
              30.538684570262703
            ],
            [
              114.36406048966239,
              30.538685663928998
            ],
            [
              114.36408300204153,
              30.538692752104055
            ],
            [
              114.36410210716326,
              30.538705227101392
            ],
            [
              114.3641162045931,
              30.538721982856032
            ],
            [
              114.36412349542296,
              30.538739912399155
            ],
            [
              114.36412498052836,
              30.538758919707778
            ],
            [
              114.36412036101403,
              30.538777403522722
            ]
          ]
        ]
      }
    },
    {
      "type": "Feature",
      "properties": {
        "osm_id": "1442751122",
        "code": 5115,
        "fclass": "tertiary",
        "name": null,
        "ref": null,
        "oneway": "F",
        "maxspeed": 0,
        "layer": 0,
        "bridge": "F",
        "tunnel": "F"
      },
      "geometry": {
        "type": "MultiLineString",
        "coordinates": [
          [
            [
              114.36412036101403,
              30.538777403522722
            ],
            [
              114.36413815975989,
              30.53879627337333
            ],
            [
              114.36415576112609,
              30.538811941898
            ],
            [
              114.36418156407228,
              30.53883394173376
            ]
          ]
        ]
      }
    },
    {
      "type": "Feature",
      "properties": {
        "osm_id": "1442751123",
        "code": 5115,
        "fclass": "tertiary",
        "name": null,
        "ref": null,
        "oneway": "F",
        "maxspeed": 0,
        "layer": 0,
        "bridge": "F",
        "tunnel": "F"
      },
      "geometry": {
        "type": "MultiLineString",
        "coordinates": [
          [
            [
              114.36418156407228,
              30.53883394173376
            ],
            [
              114.36413232808091,
              30.538827853701143
            ],
            [
              114.36406087474306,
              30.538821476911338
            ]
          ]
        ]
      }
    },
    {
      "type": "Feature",
      "properties": {
        "osm_id": "1442751125",
        "code": 5115,
        "fclass": "tertiary",
        "name": null,
        "ref": null,
        "oneway": "F",
        "maxspeed": 0,
        "layer": 0,
        "bridge": "F",
        "tunnel": "F"
      },
      "geometry": {
        "type": "MultiLineString",
        "coordinates": [
          [
            [
              114.36370676986797,
              30.53909225877526
            ],
            [
              114.36377288117968,
              30.53901933074986
            ],
            [
              114.3637935158088,
              30.53899691481257
            ],
            [
              114.36397413152304,
              30.53879023236323
            ]
          ]
        ]
      }
    },
    {
      "type": "Feature",
      "properties": {
        "osm_id": "1442751126",
        "code": 5115,
        "fclass": "tertiary",
        "name": null,
        "ref": null,
        "oneway": "F",
        "maxspeed": 0,
        "layer": 0,
        "bridge": "F",
        "tunnel": "F"
      },
      "geometry": {
        "type": "MultiLineString",
        "coordinates": [
          [
            [
              114.3639963334248,
              30.53880882212798
            ],
            [
              114.36381621888661,
              30.53901341027719
            ],
            [
              114.36379648507506,
              30.539035530374765
            ],
            [
              114.36373127318865,
              30.539109463754457
            ]
          ]
        ]
      }
    },
    {
      "type": "Feature",
      "properties": {
        "osm_id": "1442753305",
        "code": 5115,
        "fclass": "tertiary",
        "name": null,
        "ref": null,
        "oneway": "F",
        "maxspeed": 0,
        "layer": 0,
        "bridge": "F",
        "tunnel": "F"
      },
      "geometry": {
        "type": "MultiLineString",
        "coordinates": [
          [
            [
              114.36404686136295,
              30.53882382235903
            ],
            [
              114.36402054367191,
              30.53881961867615
            ],
            [
              114.36400663645531,
              30.538814963414328
            ],
            [
              114.3639963334248,
              30.53880882212798
            ],
            [
              114.36398303007643,
              30.538800268615976
            ],
            [
              114.36397413152304,
              30.53879023236323
            ],
            [
              114.36396754066531,
              30.53877330466068
            ],
            [
              114.36396415496908,
              30.538753289455812
            ],
            [
              114.36396757471938,
              30.53873320140327
            ],
            [
              114.36397769832567,
              30.538714840185122
            ],
            [
              114.36399352359851,
              30.538699901778976
            ],
            [
              114.36401374862932,
              30.538689480884685
            ],
            [
              114.36403657118352,
              30.538684570262703
            ]
          ]
        ]
      }
    },
    {
      "type": "Feature",
      "properties": {
        "osm_id": "1442753306",
        "code": 5115,
        "fclass": "tertiary",
        "name": null,
        "ref": null,
        "oneway": "F",
        "maxspeed": 0,
        "layer": 0,
        "bridge": "F",
        "tunnel": "F"
      },
      "geometry": {
        "type": "MultiLineString",
        "coordinates": [
          [
            [
              114.36412036101403,
              30.538777403522722
            ],
            [
              114.36410683255704,
              30.538797753154075
            ],
            [
              114.36408620257714,
              30.538813074683542
            ],
            [
              114.36406087474306,
              30.538821476911338
            ],
            [
              114.36404686136295,
              30.53882382235903
            ]
          ]
        ]
      }
    },
    {
      "type": "Feature",
      "properties": {
        "osm_id": "1442839110",
        "code": 5153,
        "fclass": "footway",
        "name": null,
        "ref": null,
        "oneway": "B",
        "maxspeed": 0,
        "layer": 0,
        "bridge": "F",
        "tunnel": "F"
      },
      "geometry": {
        "type": "MultiLineString",
        "coordinates": [
          [
            [
              114.36434140773461,
              30.539410982283222
            ],
            [
              114.36462521327398,
              30.539606190645152
            ]
          ]
        ]
      }
    },
    {
      "type": "Feature",
      "properties": {
        "osm_id": "1442839119",
        "code": 5153,
        "fclass": "footway",
        "name": null,
        "ref": null,
        "oneway": "B",
        "maxspeed": 0,
        "layer": 0,
        "bridge": "F",
        "tunnel": "F"
      },
      "geometry": {
        "type": "MultiLineString",
        "coordinates": [
          [
            [
              114.36377288117968,
              30.53901933074986
            ],
            [
              114.36379648507506,
              30.539035530374765
            ],
            [
              114.36382899078704,
              30.539057666685842
            ],
            [
              114.3638442935198,
              30.539068130511104
            ],
            [
              114.36394971378583,
              30.53914016411524
            ]
          ]
        ]
      }
    },
    {
      "type": "Feature",
      "properties": {
        "osm_id": "1442845385",
        "code": 5124,
        "fclass": "pedestrian",
        "name": null,
        "ref": null,
        "oneway": "B",
        "maxspeed": 0,
        "layer": 0,
        "bridge": "F",
        "tunnel": "F"
      },
      "geometry": {
        "type": "MultiLineString",
        "coordinates": [
          [
            [
              114.36407692149761,
              30.539482794145027
            ],
            [
              114.36409445220377,
              30.53946386055167
            ],
            [
              114.36389540661526,
              30.539332061009812
            ],
            [
              114.36392355571866,
              30.539300472251107
            ],
            [
              114.36412330281667,
              30.539432769203657
            ],
            [
              114.36420254272002,
              30.539347363523042
            ],
            [
              114.36398699121133,
              30.539201017825846
            ],
            [
              114.36401393806248,
              30.539171522029925
            ],
            [
              114.36422979115471,
              30.53931796333983
            ],
            [
              114.36424762292961,
              30.539298728276883
            ],
            [
              114.36401456700386,
              30.5391383217601
            ],
            [
              114.3641550144826,
              30.538983453428784
            ],
            [
              114.36419126178102,
              30.53896368926594
            ],
            [
              114.36424670311723,
              30.538970497698294
            ],
            [
              114.36429042734625,
              30.538986260875237
            ],
            [
              114.36430145163652,
              30.538968999959156
            ],
            [
              114.36430906855735,
              30.53895692688243
            ],
            [
              114.36425843889683,
              30.538940338804817
            ],
            [
              114.36419780086668,
              30.538924310644166
            ],
            [
              114.36414456265594,
              30.538916707971968
            ],
            [
              114.36407881266463,
              30.538911654297547
            ],
            [
              114.36407871982804,
              30.5389031532243
            ],
            [
              114.36405990538734,
              30.538902079905313
            ],
            [
              114.36403498483114,
              30.538902482424238
            ],
            [
              114.3640151670507,
              30.538904604631977
            ],
            [
              114.36399174069794,
              30.538913512728698
            ],
            [
              114.36397481782038,
              30.538924546399173
            ],
            [
              114.36395408493362,
              30.538943865250005
            ],
            [
              114.36386282561601,
              30.539047204705025
            ],
            [
              114.3638442935198,
              30.539068130511104
            ],
            [
              114.3637939078888,
              30.53912352700637
            ],
            [
              114.36381679050632,
              30.539164025186306
            ],
            [
              114.36382628088496,
              30.539183665992685
            ],
            [
              114.36383217266172,
              30.539198491499842
            ],
            [
              114.3638404608597,
              30.539219627347215
            ],
            [
              114.36384413937313,
              30.539247944800806
            ],
            [
              114.36384631956713,
              30.53927295581659
            ],
            [
              114.3638464026206,
              30.539292757790633
            ],
            [
              114.36384529111757,
              30.539305154249675
            ],
            [
              114.36384397799682,
              30.539319250018913
            ],
            [
              114.3638406648993,
              30.539331537419468
            ],
            [
              114.36383544949628,
              30.5393448170649
            ],
            [
              114.36387487599772,
              30.539349178911426
            ],
            [
              114.36407692149761,
              30.539482794145027
            ]
          ]
        ]
      }
    },
    {
      "type": "Feature",
      "properties": {
        "osm_id": "1442929824",
        "code": 5152,
        "fclass": "cycleway",
        "name": null,
        "ref": null,
        "oneway": "B",
        "maxspeed": 0,
        "layer": 0,
        "bridge": "F",
        "tunnel": "F"
      },
      "geometry": {
        "type": "MultiLineString",
        "coordinates": [
          [
            [
              114.3640235368506,
              30.53835719101249
            ],
            [
              114.36403580612966,
              30.538167022728476
            ],
            [
              114.36403455332714,
              30.53810931276686
            ],
            [
              114.36402249569076,
              30.53804685988173
            ],
            [
              114.36399214446386,
              30.537959032194994
            ],
            [
              114.36396219276108,
              30.537872205272226
            ],
            [
              114.36391654399989,
              30.53776701253213
            ],
            [
              114.36384122043012,
              30.53760389095872
            ],
            [
              114.36381675840977,
              30.537535083894106
            ],
            [
              114.36380790920535,
              30.537465040912767
            ],
            [
              114.36382288824635,
              30.53738239532024
            ],
            [
              114.36388749567216,
              30.537188842271195
            ],
            [
              114.36394362814478,
              30.53707965894333
            ],
            [
              114.36402929961422,
              30.536952087399875
            ],
            [
              114.36417590378475,
              30.536724032132913
            ],
            [
              114.364271219557,
              30.536555573230135
            ],
            [
              114.36431965104465,
              30.53656875263645
            ]
          ]
        ]
      }
    },
    {
      "type": "Feature",
      "properties": {
        "osm_id": "1442934096",
        "code": 5153,
        "fclass": "footway",
        "name": null,
        "ref": null,
        "oneway": "B",
        "maxspeed": 0,
        "layer": 0,
        "bridge": "F",
        "tunnel": "F"
      },
      "geometry": {
        "type": "MultiLineString",
        "coordinates": [
          [
            [
              114.36478868853293,
              30.536564961508862
            ],
            [
              114.36500204543097,
              30.53663683064763
            ]
          ]
        ]
      }
    },
    {
      "type": "Feature",
      "properties": {
        "osm_id": "1442934101",
        "code": 5155,
        "fclass": "steps",
        "name": null,
        "ref": null,
        "oneway": "B",
        "maxspeed": 0,
        "layer": 0,
        "bridge": "F",
        "tunnel": "F"
      },
      "geometry": {
        "type": "MultiLineString",
        "coordinates": [
          [
            [
              114.36541931625348,
              30.539144319446905
            ],
            [
              114.36595386177088,
              30.53889625158872
            ]
          ]
        ]
      }
    },
    {
      "type": "Feature",
      "properties": {
        "osm_id": "1442934102",
        "code": 5153,
        "fclass": "footway",
        "name": null,
        "ref": null,
        "oneway": "B",
        "maxspeed": 0,
        "layer": 0,
        "bridge": "F",
        "tunnel": "F"
      },
      "geometry": {
        "type": "MultiLineString",
        "coordinates": [
          [
            [
              114.36541931625348,
              30.539144319446905
            ],
            [
              114.36535662081381,
              30.539173956997875
            ],
            [
              114.36528731311577,
              30.539210473331433
            ],
            [
              114.36515400081669,
              30.539290207863317
            ]
          ]
        ]
      }
    },
    {
      "type": "Feature",
      "properties": {
        "osm_id": "1442934103",
        "code": 5153,
        "fclass": "footway",
        "name": null,
        "ref": null,
        "oneway": "B",
        "maxspeed": 0,
        "layer": 0,
        "bridge": "F",
        "tunnel": "F"
      },
      "geometry": {
        "type": "MultiLineString",
        "coordinates": [
          [
            [
              114.36528731311577,
              30.539210473331433
            ],
            [
              114.36532130853841,
              30.539248011623158
            ]
          ]
        ]
      }
    },
    {
      "type": "Feature",
      "properties": {
        "osm_id": "1442934106",
        "code": 5153,
        "fclass": "footway",
        "name": null,
        "ref": null,
        "oneway": "B",
        "maxspeed": 0,
        "layer": 0,
        "bridge": "F",
        "tunnel": "F"
      },
      "geometry": {
        "type": "MultiLineString",
        "coordinates": [
          [
            [
              114.36600147231553,
              30.538897635354576
            ],
            [
              114.36599072312995,
              30.538878326370163
            ],
            [
              114.36595386177088,
              30.53889625158872
            ]
          ]
        ]
      }
    },
    {
      "type": "Feature",
      "properties": {
        "osm_id": "1442934110",
        "code": 5152,
        "fclass": "cycleway",
        "name": null,
        "ref": null,
        "oneway": "B",
        "maxspeed": 0,
        "layer": 0,
        "bridge": "F",
        "tunnel": "F"
      },
      "geometry": {
        "type": "MultiLineString",
        "coordinates": [
          [
            [
              114.36393605953612,
              30.53872177423655
            ],
            [
              114.3639764768729,
              30.538620927342155
            ],
            [
              114.36400572051697,
              30.538478431169413
            ],
            [
              114.3640235368506,
              30.53835719101249
            ]
          ]
        ]
      }
    },
    {
      "type": "Feature",
      "properties": {
        "osm_id": "1442934111",
        "code": 5153,
        "fclass": "footway",
        "name": null,
        "ref": null,
        "oneway": "B",
        "maxspeed": 0,
        "layer": 0,
        "bridge": "F",
        "tunnel": "F"
      },
      "geometry": {
        "type": "MultiLineString",
        "coordinates": [
          [
            [
              114.36477757363045,
              30.5383994912266
            ],
            [
              114.36477459137461,
              30.538612199717157
            ],
            [
              114.36476724895299,
              30.53865387958132
            ],
            [
              114.3647509983742,
              30.538694930502416
            ],
            [
              114.36472814263688,
              30.538734559515664
            ],
            [
              114.36467573557921,
              30.538801392826038
            ],
            [
              114.36462333595604,
              30.53886012284203
            ],
            [
              114.36456102370218,
              30.538923516731792
            ]
          ]
        ]
      }
    },
    {
      "type": "Feature",
      "properties": {
        "osm_id": "1443021867",
        "code": 5153,
        "fclass": "footway",
        "name": null,
        "ref": null,
        "oneway": "B",
        "maxspeed": 0,
        "layer": 0,
        "bridge": "F",
        "tunnel": "F"
      },
      "geometry": {
        "type": "MultiLineString",
        "coordinates": [
          [
            [
              114.36382899078704,
              30.539057666685842
            ],
            [
              114.36384782338476,
              30.53903634234864
            ],
            [
              114.36394689675716,
              30.538923334736797
            ],
            [
              114.36396091911371,
              30.538910089745766
            ],
            [
              114.36398174587868,
              30.53889807174417
            ],
            [
              114.36401067631581,
              30.538889485642564
            ],
            [
              114.36404890951395,
              30.538886735663414
            ]
          ]
        ]
      }
    },
    {
      "type": "Feature",
      "properties": {
        "osm_id": "1443021868",
        "code": 5152,
        "fclass": "cycleway",
        "name": null,
        "ref": null,
        "oneway": "B",
        "maxspeed": 0,
        "layer": 0,
        "bridge": "F",
        "tunnel": "F"
      },
      "geometry": {
        "type": "MultiLineString",
        "coordinates": [
          [
            [
              114.36365306246911,
              30.539055226728806
            ],
            [
              114.36373890882814,
              30.53895728318112
            ],
            [
              114.36393605953612,
              30.53872177423655
            ]
          ]
        ]
      }
    },
    {
      "type": "Feature",
      "properties": {
        "osm_id": "1443021869",
        "code": 5153,
        "fclass": "footway",
        "name": null,
        "ref": null,
        "oneway": "B",
        "maxspeed": 0,
        "layer": 0,
        "bridge": "F",
        "tunnel": "F"
      },
      "geometry": {
        "type": "MultiLineString",
        "coordinates": [
          [
            [
              114.36923022140678,
              30.537511021085255
            ],
            [
              114.36920971831827,
              30.537465138498792
            ]
          ]
        ]
      }
    },
    {
      "type": "Feature",
      "properties": {
        "osm_id": "1443021870",
        "code": 5153,
        "fclass": "footway",
        "name": null,
        "ref": null,
        "oneway": "B",
        "maxspeed": 0,
        "layer": 0,
        "bridge": "F",
        "tunnel": "F"
      },
      "geometry": {
        "type": "MultiLineString",
        "coordinates": [
          [
            [
              114.36743822582892,
              30.53786910436843
            ],
            [
              114.36738982898184,
              30.537772962976497
            ]
          ]
        ]
      }
    },
    {
      "type": "Feature",
      "properties": {
        "osm_id": "1443021871",
        "code": 5153,
        "fclass": "footway",
        "name": null,
        "ref": null,
        "oneway": "B",
        "maxspeed": 0,
        "layer": 0,
        "bridge": "F",
        "tunnel": "F"
      },
      "geometry": {
        "type": "MultiLineString",
        "coordinates": [
          [
            [
              114.36823780990534,
              30.53757190091998
            ],
            [
              114.36819640629658,
              30.537487497118025
            ]
          ]
        ]
      }
    },
    {
      "type": "Feature",
      "properties": {
        "osm_id": "1444044380",
        "code": 5124,
        "fclass": "pedestrian",
        "name": null,
        "ref": null,
        "oneway": "B",
        "maxspeed": 0,
        "layer": 0,
        "bridge": "F",
        "tunnel": "F"
      },
      "geometry": {
        "type": "MultiLineString",
        "coordinates": [
          [
            [
              114.36458509290249,
              30.53910301371605
            ],
            [
              114.36429042734625,
              30.538986260875237
            ],
            [
              114.36430145163652,
              30.538968999959156
            ],
            [
              114.36430906855735,
              30.53895692688243
            ],
            [
              114.36460182638858,
              30.53908216874096
            ],
            [
              114.36461364968282,
              30.539067907495983
            ],
            [
              114.36463496108344,
              30.539078079979312
            ],
            [
              114.36465807617671,
              30.539086057852696
            ],
            [
              114.36464284603143,
              30.539104408549576
            ],
            [
              114.36467646250536,
              30.539122521913065
            ],
            [
              114.36472498208761,
              30.539154084067594
            ],
            [
              114.36479901057649,
              30.53920502734609
            ],
            [
              114.36487553529612,
              30.53926467386275
            ],
            [
              114.36490097826444,
              30.53924435130014
            ],
            [
              114.36491698208238,
              30.539258701906725
            ],
            [
              114.36493408741231,
              30.539272655610837
            ],
            [
              114.36491154862064,
              30.539291287808165
            ],
            [
              114.36497306487254,
              30.53934508023593
            ],
            [
              114.36502372205744,
              30.539401186074894
            ]
          ],
          [
            [
              114.36499566835283,
              30.539415622096605
            ],
            [
              114.36495202470759,
              30.539366818090794
            ],
            [
              114.3649140163859,
              30.539331698711447
            ],
            [
              114.36484849457653,
              30.53928069042646
            ],
            [
              114.36470684263854,
              30.53917972678743
            ],
            [
              114.36465532351403,
              30.539144553507093
            ],
            [
              114.3646239114219,
              30.539123946673453
            ],
            [
              114.36460400182307,
              30.5391132786672
            ],
            [
              114.36458509290249,
              30.53910301371605
            ]
          ]
        ]
      }
    },
    {
      "type": "Feature",
      "properties": {
        "osm_id": "1444044384",
        "code": 5153,
        "fclass": "footway",
        "name": null,
        "ref": null,
        "oneway": "B",
        "maxspeed": 0,
        "layer": 0,
        "bridge": "F",
        "tunnel": "F"
      },
      "geometry": {
        "type": "MultiLineString",
        "coordinates": [
          [
            [
              114.36491698208238,
              30.539258701906725
            ],
            [
              114.36495434407261,
              30.539230614067005
            ],
            [
              114.36501955297977,
              30.539181606616236
            ]
          ]
        ]
      }
    },
    {
      "type": "Feature",
      "properties": {
        "osm_id": "1444044385",
        "code": 5153,
        "fclass": "footway",
        "name": null,
        "ref": null,
        "oneway": "B",
        "maxspeed": 0,
        "layer": 0,
        "bridge": "F",
        "tunnel": "F"
      },
      "geometry": {
        "type": "MultiLineString",
        "coordinates": [
          [
            [
              114.36463496108344,
              30.539078079979312
            ],
            [
              114.36466822486324,
              30.539040387817398
            ],
            [
              114.36471561615897,
              30.538986639615707
            ]
          ]
        ]
      }
    },
    {
      "type": "Feature",
      "properties": {
        "osm_id": "1444044387",
        "code": 5124,
        "fclass": "pedestrian",
        "name": null,
        "ref": null,
        "oneway": "B",
        "maxspeed": 0,
        "layer": 0,
        "bridge": "F",
        "tunnel": "F"
      },
      "geometry": {
        "type": "MultiLineString",
        "coordinates": [
          [
            [
              114.36516699242958,
              30.539327450915106
            ],
            [
              114.3651621827038,
              30.539321433718097
            ],
            [
              114.36511657352408,
              30.539275799201512
            ],
            [
              114.36512849373372,
              30.53926693286038
            ],
            [
              114.36515584758568,
              30.53923800888447
            ],
            [
              114.36518239859181,
              30.539211582123436
            ],
            [
              114.36521896325586,
              30.539181982429746
            ],
            [
              114.36525923145794,
              30.539153291729292
            ],
            [
              114.36538362022071,
              30.539092921837344
            ],
            [
              114.36540991735383,
              30.539130693858407
            ],
            [
              114.36541931625348,
              30.539144319446905
            ],
            [
              114.3654327131596,
              30.539165555919663
            ],
            [
              114.3654477168257,
              30.5391829238299
            ]
          ]
        ]
      }
    },
    {
      "type": "Feature",
      "properties": {
        "osm_id": "1444044394",
        "code": 5153,
        "fclass": "footway",
        "name": null,
        "ref": null,
        "oneway": "B",
        "maxspeed": 0,
        "layer": 0,
        "bridge": "F",
        "tunnel": "F"
      },
      "geometry": {
        "type": "MultiLineString",
        "coordinates": [
          [
            [
              114.36488112284248,
              30.539285693001123
            ],
            [
              114.36491698208238,
              30.539258701906725
            ]
          ]
        ]
      }
    },
    {
      "type": "Feature",
      "properties": {
        "osm_id": "1444044395",
        "code": 5153,
        "fclass": "footway",
        "name": null,
        "ref": null,
        "oneway": "B",
        "maxspeed": 0,
        "layer": 0,
        "bridge": "F",
        "tunnel": "F"
      },
      "geometry": {
        "type": "MultiLineString",
        "coordinates": [
          [
            [
              114.36461562408809,
              30.53910001680423
            ],
            [
              114.36463496108344,
              30.539078079979312
            ]
          ]
        ]
      }
    },
    {
      "type": "Feature",
      "properties": {
        "osm_id": "1444593101",
        "code": 5124,
        "fclass": "pedestrian",
        "name": null,
        "ref": null,
        "oneway": "B",
        "maxspeed": 0,
        "layer": 0,
        "bridge": "F",
        "tunnel": "F"
      },
      "geometry": {
        "type": "MultiLineString",
        "coordinates": [
          [
            [
              114.3654327131596,
              30.539165555919663
            ],
            [
              114.36541931625348,
              30.539144319446905
            ],
            [
              114.36540991735383,
              30.539130693858407
            ],
            [
              114.36594686310376,
              30.538884435991214
            ],
            [
              114.36595386177088,
              30.53889625158872
            ],
            [
              114.36596560416422,
              30.538916122063508
            ]
          ],
          [
            [
              114.36586386414378,
              30.538968553700435
            ],
            [
              114.3654327131596,
              30.539165555919663
            ]
          ]
        ]
      }
    },
    {
      "type": "Feature",
      "properties": {
        "osm_id": "1472842328",
        "code": 5153,
        "fclass": "footway",
        "name": null,
        "ref": null,
        "oneway": "B",
        "maxspeed": 0,
        "layer": 0,
        "bridge": "F",
        "tunnel": "F"
      },
      "geometry": {
        "type": "MultiLineString",
        "coordinates": [
          [
            [
              114.36724995035617,
              30.536742162673814
            ],
            [
              114.36730052647825,
              30.536744804316875
            ]
          ]
        ]
      }
    },
    {
      "type": "Feature",
      "properties": {
        "osm_id": "1472842329",
        "code": 5153,
        "fclass": "footway",
        "name": null,
        "ref": null,
        "oneway": "B",
        "maxspeed": 0,
        "layer": 0,
        "bridge": "F",
        "tunnel": "F"
      },
      "geometry": {
        "type": "MultiLineString",
        "coordinates": [
          [
            [
              114.36582621879752,
              30.537074419532722
            ],
            [
              114.36582635060684,
              30.53740404965018
            ]
          ]
        ]
      }
    },
    {
      "type": "Feature",
      "properties": {
        "osm_id": "1472842330",
        "code": 5155,
        "fclass": "steps",
        "name": null,
        "ref": null,
        "oneway": "B",
        "maxspeed": 0,
        "layer": 0,
        "bridge": "F",
        "tunnel": "F"
      },
      "geometry": {
        "type": "MultiLineString",
        "coordinates": [
          [
            [
              114.36588744891687,
              30.53700624685065
            ],
            [
              114.36582621879752,
              30.537074419532722
            ]
          ]
        ]
      }
    },
    {
      "type": "Feature",
      "properties": {
        "osm_id": "1472842331",
        "code": 5154,
        "fclass": "path",
        "name": null,
        "ref": null,
        "oneway": "B",
        "maxspeed": 0,
        "layer": 0,
        "bridge": "F",
        "tunnel": "F"
      },
      "geometry": {
        "type": "MultiLineString",
        "coordinates": [
          [
            [
              114.36542163125681,
              30.537091448083512
            ],
            [
              114.36554444051666,
              30.53712916349433
            ],
            [
              114.3655908890209,
              30.537135678302832
            ],
            [
              114.36563414076728,
              30.5371341826567
            ],
            [
              114.36568911256424,
              30.53712561208678
            ],
            [
              114.36574138709761,
              30.537110531841975
            ],
            [
              114.36582621879752,
              30.537074419532722
            ]
          ]
        ]
      }
    },
    {
      "type": "Feature",
      "properties": {
        "osm_id": "1474085619",
        "code": 5153,
        "fclass": "footway",
        "name": null,
        "ref": null,
        "oneway": "B",
        "maxspeed": 0,
        "layer": 0,
        "bridge": "F",
        "tunnel": "F"
      },
      "geometry": {
        "type": "MultiLineString",
        "coordinates": [
          [
            [
              114.36457395053196,
              30.536480642815597
            ],
            [
              114.36462178205875,
              30.536497306523998
            ]
          ]
        ]
      }
    },
    {
      "type": "Feature",
      "properties": {
        "osm_id": "1474085620",
        "code": 5153,
        "fclass": "footway",
        "name": null,
        "ref": null,
        "oneway": "B",
        "maxspeed": 0,
        "layer": 0,
        "bridge": "F",
        "tunnel": "F"
      },
      "geometry": {
        "type": "MultiLineString",
        "coordinates": [
          [
            [
              114.36478868853293,
              30.536564961508862
            ],
            [
              114.36474305637239,
              30.53654951272037
            ]
          ]
        ]
      }
    },
    {
      "type": "Feature",
      "properties": {
        "osm_id": "1474085621",
        "code": 5153,
        "fclass": "footway",
        "name": null,
        "ref": null,
        "oneway": "B",
        "maxspeed": 0,
        "layer": 0,
        "bridge": "F",
        "tunnel": "F"
      },
      "geometry": {
        "type": "MultiLineString",
        "coordinates": [
          [
            [
              114.36389113520202,
              30.53726656423236
            ],
            [
              114.3641302281324,
              30.537265208403284
            ]
          ]
        ]
      }
    },
    {
      "type": "Feature",
      "properties": {
        "osm_id": "1474085628",
        "code": 5122,
        "fclass": "residential",
        "name": "物探路",
        "ref": null,
        "oneway": "B",
        "maxspeed": 0,
        "layer": 0,
        "bridge": "F",
        "tunnel": "F"
      },
      "geometry": {
        "type": "MultiLineString",
        "coordinates": [
          [
            [
              114.36660130322012,
              30.537231458503996
            ],
            [
              114.36657588058787,
              30.5373385305249
            ],
            [
              114.36655669935489,
              30.537405407729075
            ],
            [
              114.3664650705249,
              30.53765268733737
            ]
          ]
        ]
      }
    },
    {
      "type": "Feature",
      "properties": {
        "osm_id": "1476723183",
        "code": 5152,
        "fclass": "cycleway",
        "name": null,
        "ref": null,
        "oneway": "B",
        "maxspeed": 0,
        "layer": 0,
        "bridge": "F",
        "tunnel": "F"
      },
      "geometry": {
        "type": "MultiLineString",
        "coordinates": [
          [
            [
              114.36703567048747,
              30.538391604750043
            ],
            [
              114.36697996552518,
              30.538298837148847
            ]
          ]
        ]
      }
    },
    {
      "type": "Feature",
      "properties": {
        "osm_id": "1476723184",
        "code": 5141,
        "fclass": "service",
        "name": null,
        "ref": null,
        "oneway": "B",
        "maxspeed": 0,
        "layer": 0,
        "bridge": "F",
        "tunnel": "F"
      },
      "geometry": {
        "type": "MultiLineString",
        "coordinates": [
          [
            [
              114.3663472263447,
              30.53871188279223
            ],
            [
              114.36694449967172,
              30.538434008823074
            ],
            [
              114.36703567048747,
              30.538391604750043
            ]
          ]
        ]
      }
    },
    {
      "type": "Feature",
      "properties": {
        "osm_id": "1479980404",
        "code": 5141,
        "fclass": "service",
        "name": null,
        "ref": null,
        "oneway": "B",
        "maxspeed": 0,
        "layer": 0,
        "bridge": "F",
        "tunnel": "F"
      },
      "geometry": {
        "type": "MultiLineString",
        "coordinates": [
          [
            [
              114.3696130131126,
              30.536752382187263
            ],
            [
              114.36978381339873,
              30.5366983218551
            ]
          ]
        ]
      }
    },
    {
      "type": "Feature",
      "properties": {
        "osm_id": "1480167621",
        "code": 5153,
        "fclass": "footway",
        "name": null,
        "ref": null,
        "oneway": "B",
        "maxspeed": 0,
        "layer": 0,
        "bridge": "F",
        "tunnel": "F"
      },
      "geometry": {
        "type": "MultiLineString",
        "coordinates": [
          [
            [
              114.3702960364428,
              30.53717753263945
            ],
            [
              114.37031142497698,
              30.537212517884143
            ]
          ]
        ]
      }
    },
    {
      "type": "Feature",
      "properties": {
        "osm_id": "1480167624",
        "code": 5153,
        "fclass": "footway",
        "name": null,
        "ref": null,
        "oneway": "B",
        "maxspeed": 0,
        "layer": 0,
        "bridge": "F",
        "tunnel": "F"
      },
      "geometry": {
        "type": "MultiLineString",
        "coordinates": [
          [
            [
              114.36834198723653,
              30.537944516654406
            ],
            [
              114.36829619685308,
              30.53783441569354
            ]
          ]
        ]
      }
    },
    {
      "type": "Feature",
      "properties": {
        "osm_id": "1481020750",
        "code": 5155,
        "fclass": "steps",
        "name": null,
        "ref": null,
        "oneway": "B",
        "maxspeed": 0,
        "layer": 0,
        "bridge": "F",
        "tunnel": "F"
      },
      "geometry": {
        "type": "MultiLineString",
        "coordinates": [
          [
            [
              114.3641817774986,
              30.538344900892277
            ],
            [
              114.36418242836739,
              30.538404008447863
            ]
          ]
        ]
      }
    },
    {
      "type": "Feature",
      "properties": {
        "osm_id": "1481024652",
        "code": 5155,
        "fclass": "steps",
        "name": null,
        "ref": null,
        "oneway": "B",
        "maxspeed": 0,
        "layer": 0,
        "bridge": "F",
        "tunnel": "F"
      },
      "geometry": {
        "type": "MultiLineString",
        "coordinates": [
          [
            [
              114.3680192620819,
              30.537041454219896
            ],
            [
              114.36808848069802,
              30.53704225924232
            ]
          ]
        ]
      }
    },
    {
      "type": "Feature",
      "properties": {
        "osm_id": "1481028895",
        "code": 5153,
        "fclass": "footway",
        "name": null,
        "ref": null,
        "oneway": "B",
        "maxspeed": 0,
        "layer": 0,
        "bridge": "F",
        "tunnel": "F"
      },
      "geometry": {
        "type": "MultiLineString",
        "coordinates": [
          [
            [
              114.36709798149093,
              30.538251456390935
            ],
            [
              114.36715188326428,
              30.538227306190223
            ]
          ]
        ]
      }
    },
    {
      "type": "Feature",
      "properties": {
        "osm_id": "1481028896",
        "code": 5153,
        "fclass": "footway",
        "name": null,
        "ref": null,
        "oneway": "B",
        "maxspeed": 0,
        "layer": 0,
        "bridge": "F",
        "tunnel": "F"
      },
      "geometry": {
        "type": "MultiLineString",
        "coordinates": [
          [
            [
              114.36804609861998,
              30.537907632300016
            ],
            [
              114.36808307336885,
              30.537894433414717
            ]
          ]
        ]
      }
    },
    {
      "type": "Feature",
      "properties": {
        "osm_id": "1481028897",
        "code": 5153,
        "fclass": "footway",
        "name": null,
        "ref": null,
        "oneway": "B",
        "maxspeed": 0,
        "layer": 0,
        "bridge": "F",
        "tunnel": "F"
      },
      "geometry": {
        "type": "MultiLineString",
        "coordinates": [
          [
            [
              114.36522871136195,
              30.538668167080655
            ],
            [
              114.365185510081,
              30.538732851378786
            ],
            [
              114.3651436273467,
              30.538777735999076
            ],
            [
              114.36506858803052,
              30.538848724273304
            ],
            [
              114.365107976582,
              30.53891074433743
            ],
            [
              114.36513905994278,
              30.538968838776977
            ],
            [
              114.36521544186041,
              30.538968555067562
            ],
            [
              114.36527520954333,
              30.53896522015191
            ],
            [
              114.36532276467629,
              30.53896174898837
            ],
            [
              114.36536642273202,
              30.53895036468021
            ],
            [
              114.36541008795993,
              30.53893107790961
            ],
            [
              114.36542802537926,
              30.53891082287464
            ],
            [
              114.36544407187651,
              30.53887746157603
            ],
            [
              114.3654553152719,
              30.53884138749116
            ],
            [
              114.36549677020682,
              30.538714382450333
            ]
          ]
        ]
      }
    },
    {
      "type": "Feature",
      "properties": {
        "osm_id": "1481028898",
        "code": 5153,
        "fclass": "footway",
        "name": null,
        "ref": null,
        "oneway": "B",
        "maxspeed": 0,
        "layer": 0,
        "bridge": "F",
        "tunnel": "F"
      },
      "geometry": {
        "type": "MultiLineString",
        "coordinates": [
          [
            [
              114.36657504392466,
              30.538228206653258
            ],
            [
              114.3666584625895,
              30.538225727393495
            ],
            [
              114.36674809387618,
              30.53822064946846
            ],
            [
              114.36679727291869,
              30.538210412538387
            ],
            [
              114.36686489289428,
              30.538183894410363
            ]
          ]
        ]
      }
    },
    {
      "type": "Feature",
      "properties": {
        "osm_id": "1481028899",
        "code": 5153,
        "fclass": "footway",
        "name": null,
        "ref": null,
        "oneway": "B",
        "maxspeed": 0,
        "layer": 0,
        "bridge": "F",
        "tunnel": "F"
      },
      "geometry": {
        "type": "MultiLineString",
        "coordinates": [
          [
            [
              114.36540813300552,
              30.53899297790998
            ],
            [
              114.36541008795993,
              30.53893107790961
            ]
          ]
        ]
      }
    },
    {
      "type": "Feature",
      "properties": {
        "osm_id": "1481028900",
        "code": 5153,
        "fclass": "footway",
        "name": null,
        "ref": null,
        "oneway": "B",
        "maxspeed": 0,
        "layer": 0,
        "bridge": "F",
        "tunnel": "F"
      },
      "geometry": {
        "type": "MultiLineString",
        "coordinates": [
          [
            [
              114.36599585966142,
              30.53848840447851
            ],
            [
              114.36606862288802,
              30.538522553703373
            ],
            [
              114.36614138502333,
              30.53855939805361
            ],
            [
              114.36621785165667,
              30.538598044251707
            ]
          ]
        ]
      }
    },
    {
      "type": "Feature",
      "properties": {
        "osm_id": "1481028901",
        "code": 5153,
        "fclass": "footway",
        "name": null,
        "ref": null,
        "oneway": "B",
        "maxspeed": 0,
        "layer": 0,
        "bridge": "F",
        "tunnel": "F"
      },
      "geometry": {
        "type": "MultiLineString",
        "coordinates": [
          [
            [
              114.36706756037964,
              30.53822202342605
            ],
            [
              114.3671406407508,
              30.538138088074707
            ],
            [
              114.36717792028487,
              30.538110720378402
            ],
            [
              114.36721158699615,
              30.53809244894963
            ],
            [
              114.3672541626007,
              30.538080284450675
            ],
            [
              114.36731085796023,
              30.53807122962958
            ],
            [
              114.36736755288204,
              30.53806357184094
            ],
            [
              114.36740832706458,
              30.538051499734383
            ],
            [
              114.3674402903193,
              30.538036219990786
            ],
            [
              114.3674668499473,
              30.53801523537228
            ],
            [
              114.36750153833492,
              30.53797545338659
            ],
            [
              114.3676104223438,
              30.537844501874538
            ],
            [
              114.36778027807075,
              30.53763035382517
            ]
          ]
        ]
      }
    },
    {
      "type": "Feature",
      "properties": {
        "osm_id": "1481028902",
        "code": 5153,
        "fclass": "footway",
        "name": null,
        "ref": null,
        "oneway": "B",
        "maxspeed": 0,
        "layer": 0,
        "bridge": "F",
        "tunnel": "F"
      },
      "geometry": {
        "type": "MultiLineString",
        "coordinates": [
          [
            [
              114.368117529775,
              30.537656413938663
            ],
            [
              114.36824881920683,
              30.537705711243902
            ],
            [
              114.36833745916284,
              30.53772699905592
            ],
            [
              114.36838533937912,
              30.537733788940766
            ],
            [
              114.36843312489232,
              30.5377345761468
            ],
            [
              114.36846688988857,
              30.537729965348415
            ],
            [
              114.36850767289718,
              30.53771935042113
            ],
            [
              114.36855396820845,
              30.537706531484524
            ],
            [
              114.36859335784735,
              30.5376857129116
            ],
            [
              114.36863195525099,
              30.53765409231143
            ],
            [
              114.3686560226419,
              30.53762647806604
            ],
            [
              114.36867438205608,
              30.537595765995228
            ],
            [
              114.36868743227124,
              30.53756425638255
            ],
            [
              114.3686995816384,
              30.53753174700893
            ],
            [
              114.36873834411328,
              30.53742201560492
            ],
            [
              114.36875229468934,
              30.537392204781234
            ],
            [
              114.36877566295468,
              30.5373624879906
            ],
            [
              114.3687947092784,
              30.537349774922337
            ],
            [
              114.3688169592195,
              30.53734015967447
            ],
            [
              114.36884251408124,
              30.537332341860804
            ],
            [
              114.36886415616519,
              30.537331226768547
            ]
          ]
        ]
      }
    },
    {
      "type": "Feature",
      "properties": {
        "osm_id": "1481028904",
        "code": 5153,
        "fclass": "footway",
        "name": null,
        "ref": null,
        "oneway": "B",
        "maxspeed": 0,
        "layer": 0,
        "bridge": "F",
        "tunnel": "F"
      },
      "geometry": {
        "type": "MultiLineString",
        "coordinates": [
          [
            [
              114.36702324434542,
              30.538281482432822
            ],
            [
              114.36694839320124,
              30.5382100944356
            ],
            [
              114.36692828396055,
              30.538185769435966
            ],
            [
              114.3669215895165,
              30.53816736015311
            ],
            [
              114.36692021547614,
              30.53813385572105
            ],
            [
              114.36693508934201,
              30.53807146753956
            ],
            [
              114.36694694883293,
              30.538020976734234
            ],
            [
              114.36695659697669,
              30.537980184130483
            ],
            [
              114.36696334431028,
              30.53793518783241
            ],
            [
              114.36696737615321,
              30.53790398964836
            ],
            [
              114.36696950699312,
              30.537870589143523
            ]
          ]
        ]
      }
    },
    {
      "type": "Feature",
      "properties": {
        "osm_id": "1481028906",
        "code": 5155,
        "fclass": "steps",
        "name": null,
        "ref": null,
        "oneway": "B",
        "maxspeed": 0,
        "layer": -1,
        "bridge": "F",
        "tunnel": "F"
      },
      "geometry": {
        "type": "MultiLineString",
        "coordinates": [
          [
            [
              114.36616701722231,
              30.538203416572088
            ],
            [
              114.36596659549022,
              30.538283126829143
            ]
          ]
        ]
      }
    },
    {
      "type": "Feature",
      "properties": {
        "osm_id": "1481028907",
        "code": 5155,
        "fclass": "steps",
        "name": null,
        "ref": null,
        "oneway": "B",
        "maxspeed": 0,
        "layer": -1,
        "bridge": "F",
        "tunnel": "F"
      },
      "geometry": {
        "type": "MultiLineString",
        "coordinates": [
          [
            [
              114.36715188326428,
              30.538227306190223
            ],
            [
              114.36728492727403,
              30.538179618167945
            ]
          ]
        ]
      }
    },
    {
      "type": "Feature",
      "properties": {
        "osm_id": "1481028908",
        "code": 5153,
        "fclass": "footway",
        "name": null,
        "ref": null,
        "oneway": "B",
        "maxspeed": 0,
        "layer": 0,
        "bridge": "F",
        "tunnel": "F"
      },
      "geometry": {
        "type": "MultiLineString",
        "coordinates": [
          [
            [
              114.36701865412026,
              30.538022055583287
            ],
            [
              114.36694694883293,
              30.538020976734234
            ],
            [
              114.36690188323782,
              30.53802032465305
            ]
          ]
        ]
      }
    },
    {
      "type": "Feature",
      "properties": {
        "osm_id": "1481028909",
        "code": 5153,
        "fclass": "footway",
        "name": null,
        "ref": null,
        "oneway": "B",
        "maxspeed": 0,
        "layer": 0,
        "bridge": "F",
        "tunnel": "F"
      },
      "geometry": {
        "type": "MultiLineString",
        "coordinates": [
          [
            [
              114.36777998816953,
              30.537859773478775
            ],
            [
              114.36780637694692,
              30.53780557729936
            ],
            [
              114.36782643448981,
              30.537776480787624
            ],
            [
              114.36785740727579,
              30.537751187099587
            ],
            [
              114.36788666738997,
              30.537737993136997
            ],
            [
              114.36792995260078,
              30.537723400987176
            ],
            [
              114.3679793431992,
              30.537715408496897
            ],
            [
              114.36801941174849,
              30.53771541343076
            ],
            [
              114.36806378114873,
              30.537723817821956
            ]
          ]
        ]
      }
    },
    {
      "type": "Feature",
      "properties": {
        "osm_id": "1484820220",
        "code": 5153,
        "fclass": "footway",
        "name": null,
        "ref": null,
        "oneway": "B",
        "maxspeed": 0,
        "layer": 0,
        "bridge": "F",
        "tunnel": "F"
      },
      "geometry": {
        "type": "MultiLineString",
        "coordinates": [
          [
            [
              114.36404890951395,
              30.538886735663414
            ],
            [
              114.36404686136295,
              30.53882382235903
            ],
            [
              114.36404461772717,
              30.53875530779417
            ]
          ]
        ]
      }
    },
    {
      "type": "Feature",
      "properties": {
        "osm_id": "1484820224",
        "code": 5122,
        "fclass": "residential",
        "name": "珞南四路",
        "ref": null,
        "oneway": "F",
        "maxspeed": 0,
        "layer": 0,
        "bridge": "F",
        "tunnel": "F"
      },
      "geometry": {
        "type": "MultiLineString",
        "coordinates": [
          [
            [
              114.37167223243635,
              30.53668918719329
            ],
            [
              114.37166929064648,
              30.536682876107825
            ],
            [
              114.37165597995295,
              30.53665431799538
            ],
            [
              114.37161274534024,
              30.536561552879782
            ]
          ]
        ]
      }
    },
    {
      "type": "Feature",
      "properties": {
        "osm_id": "1484820225",
        "code": 5122,
        "fclass": "residential",
        "name": "珞南四路",
        "ref": null,
        "oneway": "F",
        "maxspeed": 0,
        "layer": 0,
        "bridge": "F",
        "tunnel": "F"
      },
      "geometry": {
        "type": "MultiLineString",
        "coordinates": [
          [
            [
              114.37166539118654,
              30.53654447681431
            ],
            [
              114.37170842446197,
              30.536638940659216
            ],
            [
              114.37172103426032,
              30.536666600424443
            ],
            [
              114.37172250411592,
              30.536669823862567
            ]
          ]
        ]
      }
    },
    {
      "type": "Feature",
      "properties": {
        "osm_id": "1485821101",
        "code": 5153,
        "fclass": "footway",
        "name": null,
        "ref": null,
        "oneway": "B",
        "maxspeed": 0,
        "layer": 0,
        "bridge": "F",
        "tunnel": "F"
      },
      "geometry": {
        "type": "MultiLineString",
        "coordinates": [
          [
            [
              114.36582635060684,
              30.53740404965018
            ],
            [
              114.36655669935489,
              30.537405407729075
            ]
          ]
        ]
      }
    },
    {
      "type": "Feature",
      "properties": {
        "osm_id": "1391147722",
        "code": 5153,
        "fclass": "footway",
        "name": null,
        "ref": null,
        "oneway": "B",
        "maxspeed": 0,
        "layer": 0,
        "bridge": "F",
        "tunnel": "F"
      },
      "geometry": {
        "type": "MultiLineString",
        "coordinates": [
          [
            [
              114.36636189173574,
              30.535310296167
            ],
            [
              114.3663629364087,
              30.535253492147554
            ]
          ]
        ]
      }
    },
    {
      "type": "Feature",
      "properties": {
        "osm_id": "1441621538",
        "code": 5153,
        "fclass": "footway",
        "name": null,
        "ref": null,
        "oneway": "B",
        "maxspeed": 0,
        "layer": 0,
        "bridge": "F",
        "tunnel": "F"
      },
      "geometry": {
        "type": "MultiLineString",
        "coordinates": [
          [
            [
              114.36420599258523,
              30.532596798490864
            ],
            [
              114.36420563233524,
              30.532537489782335
            ]
          ]
        ]
      }
    },
    {
      "type": "Feature",
      "properties": {
        "osm_id": "122625785",
        "code": 5153,
        "fclass": "footway",
        "name": null,
        "ref": null,
        "oneway": "B",
        "maxspeed": 0,
        "layer": 0,
        "bridge": "F",
        "tunnel": "F"
      },
      "geometry": {
        "type": "MultiLineString",
        "coordinates": [
          [
            [
              114.36701063430043,
              30.532639798821776
            ],
            [
              114.36695945851555,
              30.532639842504196
            ],
            [
              114.36665862495165,
              30.532640260588934
            ],
            [
              114.36652513915763,
              30.53264046327029
            ],
            [
              114.36637413392278,
              30.53264061940112
            ]
          ]
        ]
      }
    },
    {
      "type": "Feature",
      "properties": {
        "osm_id": "122625791",
        "code": 5153,
        "fclass": "footway",
        "name": null,
        "ref": null,
        "oneway": "B",
        "maxspeed": 0,
        "layer": 0,
        "bridge": "F",
        "tunnel": "F"
      },
      "geometry": {
        "type": "MultiLineString",
        "coordinates": [
          [
            [
              114.36623825367407,
              30.532640781227865
            ],
            [
              114.36601246354364,
              30.53264094620588
            ]
          ]
        ]
      }
    },
    {
      "type": "Feature",
      "properties": {
        "osm_id": "122625793",
        "code": 5153,
        "fclass": "footway",
        "name": null,
        "ref": null,
        "oneway": "B",
        "maxspeed": 0,
        "layer": 0,
        "bridge": "F",
        "tunnel": "F"
      },
      "geometry": {
        "type": "MultiLineString",
        "coordinates": [
          [
            [
              114.36637413392278,
              30.53264061940112
            ],
            [
              114.36627550265911,
              30.532640748285424
            ],
            [
              114.36623825367407,
              30.532640781227865
            ]
          ]
        ]
      }
    },
    {
      "type": "Feature",
      "properties": {
        "osm_id": "104372409",
        "code": 5122,
        "fclass": "residential",
        "name": "星湖路",
        "ref": null,
        "oneway": "B",
        "maxspeed": 0,
        "layer": 0,
        "bridge": "F",
        "tunnel": "F"
      },
      "geometry": {
        "type": "MultiLineString",
        "coordinates": [
          [
            [
              114.36701143358276,
              30.534068164791883
            ],
            [
              114.36697838453134,
              30.53406822877495
            ],
            [
              114.36642490072151,
              30.53406826949738
            ],
            [
              114.3660083575952,
              30.53406730380059
            ],
            [
              114.36571780143366,
              30.534067671098903
            ],
            [
              114.36556612320828,
              30.534067808589857
            ],
            [
              114.36526808879631,
              30.53406743188196
            ],
            [
              114.36512063079768,
              30.53406731608298
            ],
            [
              114.36494845273197,
              30.534067004173348
            ],
            [
              114.36490110434356,
              30.534067758512588
            ],
            [
              114.36459260598393,
              30.534066656217906
            ],
            [
              114.36421967319555,
              30.534066923203664
            ]
          ]
        ]
      }
    },
    {
      "type": "Feature",
      "properties": {
        "osm_id": "309396502",
        "code": 5122,
        "fclass": "residential",
        "name": "星湖三路",
        "ref": null,
        "oneway": "B",
        "maxspeed": 0,
        "layer": 0,
        "bridge": "F",
        "tunnel": "F"
      },
      "geometry": {
        "type": "MultiLineString",
        "coordinates": [
          [
            [
              114.36421967319555,
              30.534066923203664
            ],
            [
              114.36421731522199,
              30.534280938202723
            ],
            [
              114.36421473130106,
              30.5345278556025
            ],
            [
              114.3642138770794,
              30.534600060236674
            ],
            [
              114.36421107751792,
              30.53486437811448
            ],
            [
              114.36421075698384,
              30.534891379783186
            ],
            [
              114.36420817183499,
              30.535133895648293
            ],
            [
              114.36420752879398,
              30.535189899081136
            ],
            [
              114.3642040814481,
              30.535509719125454
            ]
          ]
        ]
      }
    },
    {
      "type": "Feature",
      "properties": {
        "osm_id": "358205754",
        "code": 5153,
        "fclass": "footway",
        "name": null,
        "ref": null,
        "oneway": "B",
        "maxspeed": 0,
        "layer": 0,
        "bridge": "F",
        "tunnel": "F"
      },
      "geometry": {
        "type": "MultiLineString",
        "coordinates": [
          [
            [
              114.36421731522199,
              30.534280938202723
            ],
            [
              114.36458534216507,
              30.534282155477726
            ],
            [
              114.36484038763994,
              30.534281992245937
            ]
          ]
        ]
      }
    },
    {
      "type": "Feature",
      "properties": {
        "osm_id": "1383484217",
        "code": 5141,
        "fclass": "service",
        "name": null,
        "ref": null,
        "oneway": "B",
        "maxspeed": 0,
        "layer": 0,
        "bridge": "F",
        "tunnel": "F"
      },
      "geometry": {
        "type": "MultiLineString",
        "coordinates": [
          [
            [
              114.36421473130106,
              30.5345278556025
            ],
            [
              114.36413906821136,
              30.53452726853803
            ],
            [
              114.36398384302338,
              30.53452586249521
            ],
            [
              114.363985186384,
              30.53433274663893
            ]
          ]
        ]
      }
    },
    {
      "type": "Feature",
      "properties": {
        "osm_id": "1473497651",
        "code": 5122,
        "fclass": "residential",
        "name": "星湖三路",
        "ref": null,
        "oneway": "B",
        "maxspeed": 0,
        "layer": 0,
        "bridge": "F",
        "tunnel": "F"
      },
      "geometry": {
        "type": "MultiLineString",
        "coordinates": [
          [
            [
              114.3642289888176,
              30.533069042367107
            ],
            [
              114.36422563758478,
              30.533424571934205
            ],
            [
              114.36422281889016,
              30.533729396700764
            ],
            [
              114.36421967319555,
              30.534066923203664
            ]
          ]
        ]
      }
    },
    {
      "type": "Feature",
      "properties": {
        "osm_id": "1441621543",
        "code": 5153,
        "fclass": "footway",
        "name": null,
        "ref": null,
        "oneway": "B",
        "maxspeed": 0,
        "layer": 0,
        "bridge": "F",
        "tunnel": "F"
      },
      "geometry": {
        "type": "MultiLineString",
        "coordinates": [
          [
            [
              114.36581131395788,
              30.534880871452287
            ],
            [
              114.36581130358965,
              30.53489467287978
            ],
            [
              114.36581127327878,
              30.534934977040862
            ]
          ]
        ]
      }
    },
    {
      "type": "Feature",
      "properties": {
        "osm_id": "1441621544",
        "code": 5153,
        "fclass": "footway",
        "name": null,
        "ref": null,
        "oneway": "B",
        "maxspeed": 0,
        "layer": -2,
        "bridge": "F",
        "tunnel": "T"
      },
      "geometry": {
        "type": "MultiLineString",
        "coordinates": [
          [
            [
              114.36581106458408,
              30.534678849511273
            ],
            [
              114.36589256415392,
              30.534678927844116
            ]
          ]
        ]
      }
    },
    {
      "type": "Feature",
      "properties": {
        "osm_id": "1441621545",
        "code": 5153,
        "fclass": "footway",
        "name": null,
        "ref": null,
        "oneway": "B",
        "maxspeed": 0,
        "layer": -2,
        "bridge": "F",
        "tunnel": "T"
      },
      "geometry": {
        "type": "MultiLineString",
        "coordinates": [
          [
            [
              114.36572270303031,
              30.534483527998965
            ],
            [
              114.36572274726396,
              30.534559036237965
            ],
            [
              114.36581095330209,
              30.53455913645498
            ],
            [
              114.36581106458408,
              30.534678849511273
            ],
            [
              114.36581131395788,
              30.534880871452287
            ]
          ]
        ]
      }
    },
    {
      "type": "Feature",
      "properties": {
        "osm_id": "1442929834",
        "code": 5153,
        "fclass": "footway",
        "name": null,
        "ref": null,
        "oneway": "B",
        "maxspeed": 0,
        "layer": 0,
        "bridge": "F",
        "tunnel": "F"
      },
      "geometry": {
        "type": "MultiLineString",
        "coordinates": [
          [
            [
              114.36589256415392,
              30.534678927844116
            ],
            [
              114.3659387211777,
              30.5346790260176
            ]
          ]
        ]
      }
    },
    {
      "type": "Feature",
      "properties": {
        "osm_id": "1478489989",
        "code": 5153,
        "fclass": "footway",
        "name": null,
        "ref": null,
        "oneway": "B",
        "maxspeed": 0,
        "layer": 0,
        "bridge": "F",
        "tunnel": "F"
      },
      "geometry": {
        "type": "MultiLineString",
        "coordinates": [
          [
            [
              114.36581130358965,
              30.53489467287978
            ],
            [
              114.36587458063728,
              30.53489491188621
            ],
            [
              114.3659381589759,
              30.53489514767973
            ]
          ]
        ]
      }
    },
    {
      "type": "Feature",
      "properties": {
        "osm_id": "1478489990",
        "code": 5155,
        "fclass": "steps",
        "name": null,
        "ref": null,
        "oneway": "B",
        "maxspeed": 0,
        "layer": 1,
        "bridge": "T",
        "tunnel": "F"
      },
      "geometry": {
        "type": "MultiLineString",
        "coordinates": [
          [
            [
              114.36587459288327,
              30.534878610200078
            ],
            [
              114.36587471878363,
              30.534710392691405
            ]
          ]
        ]
      }
    },
    {
      "type": "Feature",
      "properties": {
        "osm_id": "1478489991",
        "code": 5153,
        "fclass": "footway",
        "name": null,
        "ref": null,
        "oneway": "B",
        "maxspeed": 0,
        "layer": -1,
        "bridge": "F",
        "tunnel": "T"
      },
      "geometry": {
        "type": "MultiLineString",
        "coordinates": [
          [
            [
              114.36587471878363,
              30.534710392691405
            ],
            [
              114.36587473339891,
              30.534690790638095
            ],
            [
              114.36578352252174,
              30.53469058905636
            ]
          ]
        ]
      }
    },
    {
      "type": "Feature",
      "properties": {
        "osm_id": "1478489992",
        "code": 5153,
        "fclass": "footway",
        "name": null,
        "ref": null,
        "oneway": "B",
        "maxspeed": 0,
        "layer": 0,
        "bridge": "F",
        "tunnel": "F"
      },
      "geometry": {
        "type": "MultiLineString",
        "coordinates": [
          [
            [
              114.36587458063728,
              30.53489491188621
            ],
            [
              114.36587459288327,
              30.534878610200078
            ]
          ]
        ]
      }
    },
    {
      "type": "Feature",
      "properties": {
        "osm_id": "122625898",
        "code": 5153,
        "fclass": "footway",
        "name": null,
        "ref": null,
        "oneway": "B",
        "maxspeed": 0,
        "layer": 0,
        "bridge": "F",
        "tunnel": "F"
      },
      "geometry": {
        "type": "MultiLineString",
        "coordinates": [
          [
            [
              114.36565272078948,
              30.53351415559392
            ],
            [
              114.3656276401855,
              30.533444987598916
            ],
            [
              114.36559154775341,
              30.533374391993778
            ],
            [
              114.36552442785182,
              30.533292216522877
            ],
            [
              114.365481512808,
              30.5332436024933
            ],
            [
              114.36543860054942,
              30.53319148626791
            ],
            [
              114.36537208615827,
              30.533105001898132
            ],
            [
              114.36534998356976,
              30.533073339329526
            ]
          ]
        ]
      }
    },
    {
      "type": "Feature",
      "properties": {
        "osm_id": "122625899",
        "code": 5153,
        "fclass": "footway",
        "name": null,
        "ref": null,
        "oneway": "B",
        "maxspeed": 0,
        "layer": 0,
        "bridge": "F",
        "tunnel": "F"
      },
      "geometry": {
        "type": "MultiLineString",
        "coordinates": [
          [
            [
              114.36588485127281,
              30.53315594047894
            ],
            [
              114.36581851590138,
              30.533233904424822
            ],
            [
              114.3656854097371,
              30.533442824642297
            ],
            [
              114.36565272078948,
              30.53351415559392
            ],
            [
              114.36561623571716,
              30.53357387498857
            ],
            [
              114.36555776399214,
              30.533719748811794
            ],
            [
              114.36554620276158,
              30.533786727784157
            ],
            [
              114.36554717075268,
              30.533832935414363
            ],
            [
              114.36555484560945,
              30.533880259766832
            ],
            [
              114.3655662012902,
              30.533959996751417
            ],
            [
              114.36556624168256,
              30.534042506065905
            ],
            [
              114.36556612320828,
              30.534067808589857
            ]
          ]
        ]
      }
    },
    {
      "type": "Feature",
      "properties": {
        "osm_id": "122625900",
        "code": 5153,
        "fclass": "footway",
        "name": null,
        "ref": null,
        "oneway": "B",
        "maxspeed": 0,
        "layer": 0,
        "bridge": "F",
        "tunnel": "F"
      },
      "geometry": {
        "type": "MultiLineString",
        "coordinates": [
          [
            [
              114.36575657994838,
              30.533463591780517
            ],
            [
              114.3656854097371,
              30.533442824642297
            ]
          ]
        ]
      }
    },
    {
      "type": "Feature",
      "properties": {
        "osm_id": "122625902",
        "code": 5153,
        "fclass": "footway",
        "name": null,
        "ref": null,
        "oneway": "B",
        "maxspeed": 0,
        "layer": 1,
        "bridge": "T",
        "tunnel": "F"
      },
      "geometry": {
        "type": "MultiLineString",
        "coordinates": [
          [
            [
              114.36606082073423,
              30.53379417885964
            ],
            [
              114.36603984080664,
              30.533728929560393
            ],
            [
              114.36599739172487,
              30.533722742749923
            ],
            [
              114.36598590094694,
              30.53368961537984
            ],
            [
              114.36593574667003,
              30.533678009533627
            ],
            [
              114.36590088205168,
              30.533567522820395
            ],
            [
              114.36585853505242,
              30.533560430447597
            ],
            [
              114.36585215048342,
              30.533527612721862
            ],
            [
              114.36581050260146,
              30.533523620278032
            ],
            [
              114.36579642097595,
              30.533473483017485
            ],
            [
              114.36575657994838,
              30.533463591780517
            ]
          ]
        ]
      }
    },
    {
      "type": "Feature",
      "properties": {
        "osm_id": "307265572",
        "code": 5153,
        "fclass": "footway",
        "name": null,
        "ref": null,
        "oneway": "B",
        "maxspeed": 0,
        "layer": 0,
        "bridge": "F",
        "tunnel": "F"
      },
      "geometry": {
        "type": "MultiLineString",
        "coordinates": [
          [
            [
              114.36561623571716,
              30.53357387498857
            ],
            [
              114.36531479153949,
              30.533577203712927
            ]
          ]
        ]
      }
    },
    {
      "type": "Feature",
      "properties": {
        "osm_id": "1268358749",
        "code": 5153,
        "fclass": "footway",
        "name": null,
        "ref": null,
        "oneway": "B",
        "maxspeed": 0,
        "layer": 0,
        "bridge": "F",
        "tunnel": "F"
      },
      "geometry": {
        "type": "MultiLineString",
        "coordinates": [
          [
            [
              114.36606082073423,
              30.53379417885964
            ],
            [
              114.36600350637174,
              30.53385266993659
            ],
            [
              114.36600525994793,
              30.53392028110405
            ]
          ]
        ]
      }
    },
    {
      "type": "Feature",
      "properties": {
        "osm_id": "358205751",
        "code": 5141,
        "fclass": "service",
        "name": null,
        "ref": null,
        "oneway": "B",
        "maxspeed": 0,
        "layer": 0,
        "bridge": "F",
        "tunnel": "F"
      },
      "geometry": {
        "type": "MultiLineString",
        "coordinates": [
          [
            [
              114.36701182116599,
              30.534496011621847
            ],
            [
              114.36697767003591,
              30.534496674473647
            ],
            [
              114.36667843372389,
              30.534502000998096
            ],
            [
              114.36643927817762,
              30.534399729168552
            ],
            [
              114.36601502616294,
              30.53439575337978
            ]
          ]
        ]
      }
    },
    {
      "type": "Feature",
      "properties": {
        "osm_id": "1037167300",
        "code": 5153,
        "fclass": "footway",
        "name": null,
        "ref": null,
        "oneway": "B",
        "maxspeed": 0,
        "layer": -1,
        "bridge": "F",
        "tunnel": "T"
      },
      "geometry": {
        "type": "MultiLineString",
        "coordinates": [
          [
            [
              114.36616981445201,
              30.534272242879172
            ],
            [
              114.36642505221617,
              30.53427249216146
            ],
            [
              114.36682120594185,
              30.534272765470842
            ]
          ]
        ]
      }
    },
    {
      "type": "Feature",
      "properties": {
        "osm_id": "1391147712",
        "code": 5153,
        "fclass": "footway",
        "name": null,
        "ref": null,
        "oneway": "B",
        "maxspeed": 0,
        "layer": 0,
        "bridge": "F",
        "tunnel": "F"
      },
      "geometry": {
        "type": "MultiLineString",
        "coordinates": [
          [
            [
              114.36601321380819,
              30.53427313634587
            ],
            [
              114.36616981445201,
              30.534272242879172
            ]
          ]
        ]
      }
    },
    {
      "type": "Feature",
      "properties": {
        "osm_id": "1391147713",
        "code": 5153,
        "fclass": "footway",
        "name": null,
        "ref": null,
        "oneway": "B",
        "maxspeed": 0,
        "layer": -1,
        "bridge": "F",
        "tunnel": "T"
      },
      "geometry": {
        "type": "MultiLineString",
        "coordinates": [
          [
            [
              114.3664249555646,
              30.53413057645888
            ],
            [
              114.36642505221617,
              30.53427249216146
            ]
          ]
        ]
      }
    },
    {
      "type": "Feature",
      "properties": {
        "osm_id": "1391147714",
        "code": 5153,
        "fclass": "footway",
        "name": null,
        "ref": null,
        "oneway": "B",
        "maxspeed": 0,
        "layer": 0,
        "bridge": "F",
        "tunnel": "F"
      },
      "geometry": {
        "type": "MultiLineString",
        "coordinates": [
          [
            [
              114.36642490072151,
              30.53406826949738
            ],
            [
              114.3664249555646,
              30.53413057645888
            ]
          ]
        ]
      }
    },
    {
      "type": "Feature",
      "properties": {
        "osm_id": "1472842321",
        "code": 5153,
        "fclass": "footway",
        "name": null,
        "ref": null,
        "oneway": "B",
        "maxspeed": 0,
        "layer": 0,
        "bridge": "F",
        "tunnel": "F"
      },
      "geometry": {
        "type": "MultiLineString",
        "coordinates": [
          [
            [
              114.36683460007158,
              30.53333067648574
            ],
            [
              114.36697961283355,
              30.533329746760003
            ],
            [
              114.36701085928004,
              30.533329580807884
            ]
          ]
        ]
      }
    },
    {
      "type": "Feature",
      "properties": {
        "osm_id": "1472842322",
        "code": 5153,
        "fclass": "footway",
        "name": null,
        "ref": null,
        "oneway": "B",
        "maxspeed": 0,
        "layer": 0,
        "bridge": "F",
        "tunnel": "F"
      },
      "geometry": {
        "type": "MultiLineString",
        "coordinates": [
          [
            [
              114.36668497663545,
              30.53404576045771
            ],
            [
              114.36668294239902,
              30.533671715777903
            ]
          ]
        ]
      }
    },
    {
      "type": "Feature",
      "properties": {
        "osm_id": "402823350",
        "code": 5141,
        "fclass": "service",
        "name": null,
        "ref": null,
        "oneway": "F",
        "maxspeed": 0,
        "layer": 0,
        "bridge": "F",
        "tunnel": "F"
      },
      "geometry": {
        "type": "MultiLineString",
        "coordinates": [
          [
            [
              114.3638736266011,
              30.53317586425359
            ],
            [
              114.36192228058124,
              30.53314268818737
            ],
            [
              114.36172837070204,
              30.53263445885093
            ],
            [
              114.36169522028047,
              30.532547544949452
            ]
          ]
        ]
      }
    },
    {
      "type": "Feature",
      "properties": {
        "osm_id": "851860895",
        "code": 5153,
        "fclass": "footway",
        "name": null,
        "ref": null,
        "oneway": "B",
        "maxspeed": 0,
        "layer": 0,
        "bridge": "F",
        "tunnel": "F"
      },
      "geometry": {
        "type": "MultiLineString",
        "coordinates": [
          [
            [
              114.36382964317177,
              30.532068146600285
            ],
            [
              114.3638381355223,
              30.53208958435599
            ],
            [
              114.36386071524946,
              30.53214648437508
            ],
            [
              114.36376812744055,
              30.532173404453353
            ],
            [
              114.3634491398986,
              30.532265833016126
            ],
            [
              114.36208957029424,
              30.532659907298196
            ],
            [
              114.3619021697969,
              30.532713116123542
            ],
            [
              114.36187111332694,
              30.532634521220363
            ],
            [
              114.36186422312491,
              30.532616877823852
            ]
          ]
        ]
      }
    },
    {
      "type": "Feature",
      "properties": {
        "osm_id": "1480419198",
        "code": 5155,
        "fclass": "steps",
        "name": null,
        "ref": null,
        "oneway": "B",
        "maxspeed": 0,
        "layer": 0,
        "bridge": "F",
        "tunnel": "F"
      },
      "geometry": {
        "type": "MultiLineString",
        "coordinates": [
          [
            [
              114.36301204020928,
              30.53230688602791
            ],
            [
              114.36320329234769,
              30.5322492989269
            ]
          ]
        ]
      }
    },
    {
      "type": "Feature",
      "properties": {
        "osm_id": "1480419220",
        "code": 5124,
        "fclass": "pedestrian",
        "name": null,
        "ref": null,
        "oneway": "B",
        "maxspeed": 0,
        "layer": 0,
        "bridge": "F",
        "tunnel": "F"
      },
      "geometry": {
        "type": "MultiLineString",
        "coordinates": [
          [
            [
              114.36185681159995,
              30.532777353452037
            ],
            [
              114.36180069124397,
              30.532635198235727
            ],
            [
              114.36186422312491,
              30.532616877823852
            ],
            [
              114.36300434868953,
              30.532287545839065
            ],
            [
              114.36301204020928,
              30.53230688602791
            ],
            [
              114.36301983151948,
              30.532326626696694
            ],
            [
              114.36321188320099,
              30.532271042214955
            ],
            [
              114.36374394680352,
              30.532116895768695
            ],
            [
              114.3638381355223,
              30.53208958435599
            ],
            [
              114.36387356940311,
              30.53207932835761
            ],
            [
              114.36387540173158,
              30.532334468289317
            ],
            [
              114.36378763492507,
              30.53233460635028
            ],
            [
              114.363768420541,
              30.532334626132613
            ],
            [
              114.36374970661106,
              30.53233464766673
            ],
            [
              114.36372712804084,
              30.532277445316303
            ],
            [
              114.36371264170086,
              30.532240879394863
            ],
            [
              114.36346702121944,
              30.53231201896689
            ],
            [
              114.36259714952,
              30.53256370330518
            ],
            [
              114.36226003488626,
              30.532661077465786
            ],
            [
              114.36210814656278,
              30.53270481991868
            ],
            [
              114.36185681159995,
              30.532777353452037
            ]
          ]
        ]
      }
    },
    {
      "type": "Feature",
      "properties": {
        "osm_id": "1480419224",
        "code": 5153,
        "fclass": "footway",
        "name": null,
        "ref": null,
        "oneway": "B",
        "maxspeed": 0,
        "layer": 0,
        "bridge": "F",
        "tunnel": "F"
      },
      "geometry": {
        "type": "MultiLineString",
        "coordinates": [
          [
            [
              114.36301204020928,
              30.53230688602791
            ],
            [
              114.36187111332694,
              30.532634521220363
            ]
          ]
        ]
      }
    },
    {
      "type": "Feature",
      "properties": {
        "osm_id": "1480419225",
        "code": 5153,
        "fclass": "footway",
        "name": null,
        "ref": null,
        "oneway": "B",
        "maxspeed": 0,
        "layer": 0,
        "bridge": "F",
        "tunnel": "F"
      },
      "geometry": {
        "type": "MultiLineString",
        "coordinates": [
          [
            [
              114.36375109692986,
              30.53279471069318
            ],
            [
              114.36376931042801,
              30.532794787047127
            ],
            [
              114.36376858490837,
              30.532388133560328
            ],
            [
              114.363768420541,
              30.532334626132613
            ],
            [
              114.36376826658984,
              30.532265316722455
            ],
            [
              114.36376812744055,
              30.532173404453353
            ]
          ]
        ]
      }
    },
    {
      "type": "Feature",
      "properties": {
        "osm_id": "1480419226",
        "code": 5153,
        "fclass": "footway",
        "name": null,
        "ref": null,
        "oneway": "B",
        "maxspeed": 0,
        "layer": 0,
        "bridge": "F",
        "tunnel": "F"
      },
      "geometry": {
        "type": "MultiLineString",
        "coordinates": [
          [
            [
              114.3634491398986,
              30.532265833016126
            ],
            [
              114.36346702121944,
              30.53231201896689
            ]
          ]
        ]
      }
    },
    {
      "type": "Feature",
      "properties": {
        "osm_id": "1480419228",
        "code": 5153,
        "fclass": "footway",
        "name": null,
        "ref": null,
        "oneway": "B",
        "maxspeed": 0,
        "layer": -1,
        "bridge": "F",
        "tunnel": "T"
      },
      "geometry": {
        "type": "MultiLineString",
        "coordinates": [
          [
            [
              114.36353814593711,
              30.53249715782963
            ],
            [
              114.36354144476476,
              30.532797109473858
            ]
          ]
        ]
      }
    },
    {
      "type": "Feature",
      "properties": {
        "osm_id": "1480419229",
        "code": 5153,
        "fclass": "footway",
        "name": null,
        "ref": null,
        "oneway": "B",
        "maxspeed": 0,
        "layer": -1,
        "bridge": "F",
        "tunnel": "T"
      },
      "geometry": {
        "type": "MultiLineString",
        "coordinates": [
          [
            [
              114.36372712804084,
              30.532277445316303
            ],
            [
              114.3634815058484,
              30.53234978839922
            ]
          ]
        ]
      }
    },
    {
      "type": "Feature",
      "properties": {
        "osm_id": "1480419230",
        "code": 5153,
        "fclass": "footway",
        "name": null,
        "ref": null,
        "oneway": "B",
        "maxspeed": 0,
        "layer": -1,
        "bridge": "F",
        "tunnel": "T"
      },
      "geometry": {
        "type": "MultiLineString",
        "coordinates": [
          [
            [
              114.36346702121944,
              30.53231201896689
            ],
            [
              114.3634815058484,
              30.53234978839922
            ],
            [
              114.36353814593711,
              30.53249715782963
            ]
          ]
        ]
      }
    },
    {
      "type": "Feature",
      "properties": {
        "osm_id": "1480419231",
        "code": 5153,
        "fclass": "footway",
        "name": null,
        "ref": null,
        "oneway": "B",
        "maxspeed": 0,
        "layer": 0,
        "bridge": "F",
        "tunnel": "F"
      },
      "geometry": {
        "type": "MultiLineString",
        "coordinates": [
          [
            [
              114.36376858490837,
              30.532388133560328
            ],
            [
              114.36374987097741,
              30.532388155098047
            ]
          ]
        ]
      }
    },
    {
      "type": "Feature",
      "properties": {
        "osm_id": "1480419232",
        "code": 5153,
        "fclass": "footway",
        "name": null,
        "ref": null,
        "oneway": "B",
        "maxspeed": 0,
        "layer": -1,
        "bridge": "F",
        "tunnel": "T"
      },
      "geometry": {
        "type": "MultiLineString",
        "coordinates": [
          [
            [
              114.36356502559912,
              30.532849119320453
            ],
            [
              114.36360045034597,
              30.53284937381857
            ],
            [
              114.36360078679162,
              30.532796468809753
            ]
          ]
        ]
      }
    },
    {
      "type": "Feature",
      "properties": {
        "osm_id": "1480419233",
        "code": 5153,
        "fclass": "footway",
        "name": null,
        "ref": null,
        "oneway": "B",
        "maxspeed": 0,
        "layer": 0,
        "bridge": "F",
        "tunnel": "F"
      },
      "geometry": {
        "type": "MultiLineString",
        "coordinates": [
          [
            [
              114.36214150393432,
              30.53278552130209
            ],
            [
              114.36212792143982,
              30.53275243940771
            ],
            [
              114.36210814656278,
              30.53270481991868
            ],
            [
              114.36208957029424,
              30.532659907298196
            ]
          ]
        ]
      }
    },
    {
      "type": "Feature",
      "properties": {
        "osm_id": "1480419235",
        "code": 5153,
        "fclass": "footway",
        "name": null,
        "ref": null,
        "oneway": "B",
        "maxspeed": 0,
        "layer": 0,
        "bridge": "F",
        "tunnel": "F"
      },
      "geometry": {
        "type": "MultiLineString",
        "coordinates": [
          [
            [
              114.36212792143982,
              30.53275243940771
            ],
            [
              114.36227910962322,
              30.53270959034579
            ]
          ]
        ]
      }
    },
    {
      "type": "Feature",
      "properties": {
        "osm_id": "1480437147",
        "code": 5153,
        "fclass": "footway",
        "name": null,
        "ref": null,
        "oneway": "B",
        "maxspeed": 0,
        "layer": -1,
        "bridge": "F",
        "tunnel": "T"
      },
      "geometry": {
        "type": "MultiLineString",
        "coordinates": [
          [
            [
              114.36227910962322,
              30.53270959034579
            ],
            [
              114.36237806936472,
              30.5326826358394
            ],
            [
              114.36260112948797,
              30.532743346708216
            ],
            [
              114.36353814593711,
              30.53249715782963
            ]
          ]
        ]
      }
    },
    {
      "type": "Feature",
      "properties": {
        "osm_id": "1480437148",
        "code": 5153,
        "fclass": "footway",
        "name": null,
        "ref": null,
        "oneway": "B",
        "maxspeed": 0,
        "layer": -1,
        "bridge": "F",
        "tunnel": "T"
      },
      "geometry": {
        "type": "MultiLineString",
        "coordinates": [
          [
            [
              114.36354144476476,
              30.532797109473858
            ],
            [
              114.36260258632693,
              30.53280756233646
            ]
          ]
        ]
      }
    },
    {
      "type": "Feature",
      "properties": {
        "osm_id": "1480437149",
        "code": 5153,
        "fclass": "footway",
        "name": null,
        "ref": null,
        "oneway": "B",
        "maxspeed": 0,
        "layer": -1,
        "bridge": "F",
        "tunnel": "T"
      },
      "geometry": {
        "type": "MultiLineString",
        "coordinates": [
          [
            [
              114.36260258632693,
              30.53280756233646
            ],
            [
              114.36260112948797,
              30.532743346708216
            ]
          ]
        ]
      }
    },
    {
      "type": "Feature",
      "properties": {
        "osm_id": "1480437150",
        "code": 5153,
        "fclass": "footway",
        "name": null,
        "ref": null,
        "oneway": "B",
        "maxspeed": 0,
        "layer": -1,
        "bridge": "F",
        "tunnel": "T"
      },
      "geometry": {
        "type": "MultiLineString",
        "coordinates": [
          [
            [
              114.36354144476476,
              30.532797109473858
            ],
            [
              114.36360078679162,
              30.532796468809753
            ],
            [
              114.36375109692986,
              30.53279471069318
            ]
          ]
        ]
      }
    },
    {
      "type": "Feature",
      "properties": {
        "osm_id": "1480437156",
        "code": 5152,
        "fclass": "cycleway",
        "name": null,
        "ref": null,
        "oneway": "B",
        "maxspeed": 0,
        "layer": 0,
        "bridge": "F",
        "tunnel": "F"
      },
      "geometry": {
        "type": "MultiLineString",
        "coordinates": [
          [
            [
              114.36180397555998,
              30.533096574916684
            ],
            [
              114.3617962864782,
              30.53307752615556
            ],
            [
              114.36176972030552,
              30.53301735792424
            ],
            [
              114.36174974568628,
              30.532972230993977
            ]
          ]
        ]
      }
    },
    {
      "type": "Feature",
      "properties": {
        "osm_id": "1480944410",
        "code": 5124,
        "fclass": "pedestrian",
        "name": null,
        "ref": null,
        "oneway": "B",
        "maxspeed": 0,
        "layer": -2,
        "bridge": "F",
        "tunnel": "T"
      },
      "geometry": {
        "type": "MultiLineString",
        "coordinates": [
          [
            [
              114.36162560885238,
              30.532830950706096
            ],
            [
              114.36251850470651,
              30.532575285530555
            ],
            [
              114.36260258632693,
              30.53280756233646
            ]
          ]
        ]
      }
    },
    {
      "type": "Feature",
      "properties": {
        "osm_id": "1268358750",
        "code": 5153,
        "fclass": "footway",
        "name": null,
        "ref": null,
        "oneway": "B",
        "maxspeed": 0,
        "layer": 0,
        "bridge": "F",
        "tunnel": "F"
      },
      "geometry": {
        "type": "MultiLineString",
        "coordinates": [
          [
            [
              114.3660563934563,
              30.533963389039116
            ],
            [
              114.36605339940317,
              30.53394988156254
            ],
            [
              114.36604569837965,
              30.533937764817118
            ],
            [
              114.36603409048543,
              30.533928340455542
            ],
            [
              114.36601977683412,
              30.533922210850726
            ],
            [
              114.36600525994793,
              30.53392028110405
            ],
            [
              114.3659882369459,
              30.53392254647102
            ],
            [
              114.36597411482107,
              30.533928718008916
            ],
            [
              114.36596289390383,
              30.53393829578012
            ],
            [
              114.36595547594,
              30.533950381661565
            ],
            [
              114.36595276282303,
              30.533963877497982
            ],
            [
              114.36595515532998,
              30.533978384118512
            ],
            [
              114.3659629556513,
              30.53399140183801
            ],
            [
              114.36597516358074,
              30.53400152830899
            ],
            [
              114.3659905783772,
              30.534007760798268
            ],
            [
              114.36600759857087,
              30.53400939582169
            ],
            [
              114.36602312019693,
              30.53400652703356
            ],
            [
              114.36603694255088,
              30.533999754164
            ],
            [
              114.36604776360466,
              30.53398957473201
            ],
            [
              114.3660544811415,
              30.533977086755797
            ],
            [
              114.3660563934563,
              30.533963389039116
            ]
          ]
        ]
      }
    },
    {
      "type": "Feature",
      "properties": {
        "osm_id": "1268358751",
        "code": 5153,
        "fclass": "footway",
        "name": null,
        "ref": null,
        "oneway": "B",
        "maxspeed": 0,
        "layer": 0,
        "bridge": "F",
        "tunnel": "F"
      },
      "geometry": {
        "type": "MultiLineString",
        "coordinates": [
          [
            [
              114.3660083575952,
              30.53406730380059
            ],
            [
              114.3660084736128,
              30.534045401607397
            ],
            [
              114.36600759857087,
              30.53400939582169
            ]
          ]
        ]
      }
    },
    {
      "type": "Feature",
      "properties": {
        "osm_id": "1442936164",
        "code": 5155,
        "fclass": "steps",
        "name": null,
        "ref": null,
        "oneway": "B",
        "maxspeed": 0,
        "layer": 0,
        "bridge": "F",
        "tunnel": "F"
      },
      "geometry": {
        "type": "MultiLineString",
        "coordinates": [
          [
            [
              114.36591471423945,
              30.53311830003418
            ],
            [
              114.36588485127281,
              30.53315594047894
            ]
          ]
        ]
      }
    },
    {
      "type": "Feature",
      "properties": {
        "osm_id": "1442936170",
        "code": 5153,
        "fclass": "footway",
        "name": null,
        "ref": null,
        "oneway": "B",
        "maxspeed": 0,
        "layer": 0,
        "bridge": "F",
        "tunnel": "F"
      },
      "geometry": {
        "type": "MultiLineString",
        "coordinates": [
          [
            [
              114.3655662012902,
              30.533959996751417
            ],
            [
              114.36595276282303,
              30.533963877497982
            ]
          ]
        ]
      }
    },
    {
      "type": "Feature",
      "properties": {
        "osm_id": "307265580",
        "code": 5153,
        "fclass": "footway",
        "name": null,
        "ref": null,
        "oneway": "B",
        "maxspeed": 0,
        "layer": 1,
        "bridge": "F",
        "tunnel": "F"
      },
      "geometry": {
        "type": "MultiLineString",
        "coordinates": [
          [
            [
              114.36523170349504,
              30.534808311800436
            ],
            [
              114.36504880929876,
              30.534808786761435
            ]
          ]
        ]
      }
    },
    {
      "type": "Feature",
      "properties": {
        "osm_id": "122625787",
        "code": 5155,
        "fclass": "steps",
        "name": null,
        "ref": null,
        "oneway": "B",
        "maxspeed": 0,
        "layer": -1,
        "bridge": "F",
        "tunnel": "T"
      },
      "geometry": {
        "type": "MultiLineString",
        "coordinates": [
          [
            [
              114.36588410383845,
              30.532640977050924
            ],
            [
              114.36576786244783,
              30.53264101965017
            ]
          ]
        ]
      }
    },
    {
      "type": "Feature",
      "properties": {
        "osm_id": "539830418",
        "code": 5141,
        "fclass": "service",
        "name": null,
        "ref": null,
        "oneway": "B",
        "maxspeed": 0,
        "layer": 0,
        "bridge": "F",
        "tunnel": "F"
      },
      "geometry": {
        "type": "MultiLineString",
        "coordinates": [
          [
            [
              114.36493124024457,
              30.53307283665289
            ],
            [
              114.36492526140451,
              30.532594760291595
            ]
          ]
        ]
      }
    },
    {
      "type": "Feature",
      "properties": {
        "osm_id": "539831834",
        "code": 5153,
        "fclass": "footway",
        "name": null,
        "ref": null,
        "oneway": "B",
        "maxspeed": 0,
        "layer": 0,
        "bridge": "F",
        "tunnel": "F"
      },
      "geometry": {
        "type": "MultiLineString",
        "coordinates": [
          [
            [
              114.36544698817298,
              30.53264114176436
            ],
            [
              114.36544649040849,
              30.532784057897643
            ]
          ]
        ]
      }
    },
    {
      "type": "Feature",
      "properties": {
        "osm_id": "673284746",
        "code": 5141,
        "fclass": "service",
        "name": null,
        "ref": null,
        "oneway": "B",
        "maxspeed": 0,
        "layer": 0,
        "bridge": "F",
        "tunnel": "F"
      },
      "geometry": {
        "type": "MultiLineString",
        "coordinates": [
          [
            [
              114.36576786244783,
              30.53264101965017
            ],
            [
              114.36552697925158,
              30.532641144939078
            ],
            [
              114.36544698817298,
              30.53264114176436
            ],
            [
              114.3650426501809,
              30.53264112080126
            ]
          ]
        ]
      }
    },
    {
      "type": "Feature",
      "properties": {
        "osm_id": "1392378066",
        "code": 5153,
        "fclass": "footway",
        "name": null,
        "ref": null,
        "oneway": "B",
        "maxspeed": 0,
        "layer": 0,
        "bridge": "F",
        "tunnel": "F"
      },
      "geometry": {
        "type": "MultiLineString",
        "coordinates": [
          [
            [
              114.36552697925158,
              30.532641144939078
            ],
            [
              114.36552533991305,
              30.532548629477972
            ]
          ]
        ]
      }
    },
    {
      "type": "Feature",
      "properties": {
        "osm_id": "1441621537",
        "code": 5153,
        "fclass": "footway",
        "name": null,
        "ref": null,
        "oneway": "B",
        "maxspeed": 0,
        "layer": 0,
        "bridge": "F",
        "tunnel": "F"
      },
      "geometry": {
        "type": "MultiLineString",
        "coordinates": [
          [
            [
              114.36479112763911,
              30.532595238765097
            ],
            [
              114.36478967657476,
              30.53252062488691
            ]
          ]
        ]
      }
    },
    {
      "type": "Feature",
      "properties": {
        "osm_id": "1441621540",
        "code": 5141,
        "fclass": "service",
        "name": null,
        "ref": null,
        "oneway": "B",
        "maxspeed": 0,
        "layer": 0,
        "bridge": "F",
        "tunnel": "F"
      },
      "geometry": {
        "type": "MultiLineString",
        "coordinates": [
          [
            [
              114.36502095933326,
              30.53259445049739
            ],
            [
              114.36492526140451,
              30.532594760291595
            ],
            [
              114.36479112763911,
              30.532595238765097
            ],
            [
              114.3646204635066,
              30.532595677512102
            ],
            [
              114.36420599258523,
              30.532596798490864
            ]
          ]
        ]
      }
    },
    {
      "type": "Feature",
      "properties": {
        "osm_id": "1480419195",
        "code": 5141,
        "fclass": "service",
        "name": null,
        "ref": null,
        "oneway": "B",
        "maxspeed": 0,
        "layer": 0,
        "bridge": "F",
        "tunnel": "F"
      },
      "geometry": {
        "type": "MultiLineString",
        "coordinates": [
          [
            [
              114.3650426501809,
              30.53264112080126
            ],
            [
              114.36502095933326,
              30.53259445049739
            ]
          ]
        ]
      }
    },
    {
      "type": "Feature",
      "properties": {
        "osm_id": "358205760",
        "code": 5141,
        "fclass": "service",
        "name": null,
        "ref": null,
        "oneway": "B",
        "maxspeed": 0,
        "layer": 0,
        "bridge": "F",
        "tunnel": "F"
      },
      "geometry": {
        "type": "MultiLineString",
        "coordinates": [
          [
            [
              114.3676506042196,
              30.532081822039462
            ],
            [
              114.36765158801518,
              30.532260144748683
            ],
            [
              114.36765383731984,
              30.5326394922291
            ]
          ]
        ]
      }
    },
    {
      "type": "Feature",
      "properties": {
        "osm_id": "673284745",
        "code": 5122,
        "fclass": "residential",
        "name": "求是二路",
        "ref": null,
        "oneway": "F",
        "maxspeed": 0,
        "layer": 0,
        "bridge": "F",
        "tunnel": "F"
      },
      "geometry": {
        "type": "MultiLineString",
        "coordinates": [
          [
            [
              114.36701252256836,
              30.53159937004005
            ],
            [
              114.36703206206933,
              30.53158308873888
            ],
            [
              114.36707294221559,
              30.531553327229595
            ],
            [
              114.36714177171937,
              30.53151298967501
            ],
            [
              114.3675033434534,
              30.531341148119747
            ],
            [
              114.36755523837014,
              30.53132257570676
            ],
            [
              114.36762255885203,
              30.53130410838636
            ]
          ]
        ]
      }
    },
    {
      "type": "Feature",
      "properties": {
        "osm_id": "1383028682",
        "code": 5153,
        "fclass": "footway",
        "name": null,
        "ref": null,
        "oneway": "B",
        "maxspeed": 0,
        "layer": 0,
        "bridge": "F",
        "tunnel": "F"
      },
      "geometry": {
        "type": "MultiLineString",
        "coordinates": [
          [
            [
              114.3676507044721,
              30.531304421824203
            ],
            [
              114.3676502401223,
              30.53140523491385
            ],
            [
              114.36764806567135,
              30.531828188736213
            ]
          ]
        ]
      }
    },
    {
      "type": "Feature",
      "properties": {
        "osm_id": "1397459380",
        "code": 5154,
        "fclass": "path",
        "name": null,
        "ref": null,
        "oneway": "B",
        "maxspeed": 0,
        "layer": 0,
        "bridge": "F",
        "tunnel": "F"
      },
      "geometry": {
        "type": "MultiLineString",
        "coordinates": [
          [
            [
              114.36817786762505,
              30.531506858972588
            ],
            [
              114.36812172796228,
              30.53157236838374
            ],
            [
              114.36808694162617,
              30.53161307269908
            ],
            [
              114.36785724297664,
              30.531467718368418
            ]
          ]
        ]
      }
    },
    {
      "type": "Feature",
      "properties": {
        "osm_id": "1397459382",
        "code": 5154,
        "fclass": "path",
        "name": null,
        "ref": null,
        "oneway": "B",
        "maxspeed": 0,
        "layer": 0,
        "bridge": "F",
        "tunnel": "F"
      },
      "geometry": {
        "type": "MultiLineString",
        "coordinates": [
          [
            [
              114.36714177171937,
              30.53151298967501
            ],
            [
              114.36718399314061,
              30.531580037720023
            ],
            [
              114.36721591421035,
              30.531623371923104
            ],
            [
              114.36747871492635,
              30.531482151510936
            ]
          ]
        ]
      }
    },
    {
      "type": "Feature",
      "properties": {
        "osm_id": "1397459426",
        "code": 5153,
        "fclass": "footway",
        "name": null,
        "ref": null,
        "oneway": "B",
        "maxspeed": 0,
        "layer": 0,
        "bridge": "F",
        "tunnel": "F"
      },
      "geometry": {
        "type": "MultiLineString",
        "coordinates": [
          [
            [
              114.3680537966265,
              30.53143694778464
            ],
            [
              114.36811103200905,
              30.531379343010713
            ],
            [
              114.36811015850564,
              30.531334937146664
            ]
          ]
        ]
      }
    },
    {
      "type": "Feature",
      "properties": {
        "osm_id": "1398876978",
        "code": 5122,
        "fclass": "residential",
        "name": "求是一路",
        "ref": null,
        "oneway": "F",
        "maxspeed": 0,
        "layer": 0,
        "bridge": "F",
        "tunnel": "F"
      },
      "geometry": {
        "type": "MultiLineString",
        "coordinates": [
          [
            [
              114.36768255634107,
              30.53130473610966
            ],
            [
              114.36775987491856,
              30.53131866848119
            ],
            [
              114.36783008137579,
              30.5313350934051
            ],
            [
              114.3680537966265,
              30.53143694778464
            ],
            [
              114.36817786762505,
              30.531506858972588
            ],
            [
              114.36826027736412,
              30.531562159378595
            ]
          ]
        ]
      }
    },
    {
      "type": "Feature",
      "properties": {
        "osm_id": "1441621553",
        "code": 5153,
        "fclass": "footway",
        "name": null,
        "ref": null,
        "oneway": "B",
        "maxspeed": 0,
        "layer": 0,
        "bridge": "F",
        "tunnel": "F"
      },
      "geometry": {
        "type": "MultiLineString",
        "coordinates": [
          [
            [
              114.3676497037153,
              30.53192760215502
            ],
            [
              114.3676506042196,
              30.532081822039462
            ]
          ]
        ]
      }
    },
    {
      "type": "Feature",
      "properties": {
        "osm_id": "1480400145",
        "code": 5153,
        "fclass": "footway",
        "name": null,
        "ref": null,
        "oneway": "B",
        "maxspeed": 0,
        "layer": 0,
        "bridge": "F",
        "tunnel": "F"
      },
      "geometry": {
        "type": "MultiLineString",
        "coordinates": [
          [
            [
              114.36764806567135,
              30.531828188736213
            ],
            [
              114.36758245998557,
              30.53182695603202
            ],
            [
              114.36758249463593,
              30.53192756886743
            ],
            [
              114.3676497037153,
              30.53192760215502
            ],
            [
              114.36772292378188,
              30.53192753347511
            ],
            [
              114.36772278902812,
              30.531826820602333
            ],
            [
              114.36764806567135,
              30.531828188736213
            ]
          ]
        ]
      }
    },
    {
      "type": "Feature",
      "properties": {
        "osm_id": "103949719",
        "code": 5141,
        "fclass": "service",
        "name": null,
        "ref": null,
        "oneway": "B",
        "maxspeed": 0,
        "layer": 0,
        "bridge": "F",
        "tunnel": "F"
      },
      "geometry": {
        "type": "MultiLineString",
        "coordinates": [
          [
            [
              114.361888807637,
              30.53323180003183
            ],
            [
              114.36199664180224,
              30.53323403731894
            ],
            [
              114.36262709407136,
              30.533247245014756
            ]
          ]
        ]
      }
    },
    {
      "type": "Feature",
      "properties": {
        "osm_id": "103949735",
        "code": 5141,
        "fclass": "service",
        "name": null,
        "ref": null,
        "oneway": "B",
        "maxspeed": 0,
        "layer": 0,
        "bridge": "F",
        "tunnel": "F"
      },
      "geometry": {
        "type": "MultiLineString",
        "coordinates": [
          [
            [
              114.36186934231401,
              30.533878960118198
            ],
            [
              114.36187222846391,
              30.533760263615846
            ],
            [
              114.36187898375198,
              30.53354537879235
            ],
            [
              114.361888807637,
              30.53323180003183
            ],
            [
              114.36189212509709,
              30.533208316965187
            ]
          ]
        ]
      }
    },
    {
      "type": "Feature",
      "properties": {
        "osm_id": "1441555682",
        "code": 5141,
        "fclass": "service",
        "name": null,
        "ref": null,
        "oneway": "B",
        "maxspeed": 0,
        "layer": 0,
        "bridge": "F",
        "tunnel": "F"
      },
      "geometry": {
        "type": "MultiLineString",
        "coordinates": [
          [
            [
              114.36186934231401,
              30.533878960118198
            ],
            [
              114.36235181222125,
              30.533890535509624
            ],
            [
              114.36260862419012,
              30.533896623682338
            ]
          ]
        ]
      }
    },
    {
      "type": "Feature",
      "properties": {
        "osm_id": "1444077817",
        "code": 5124,
        "fclass": "pedestrian",
        "name": null,
        "ref": null,
        "oneway": "B",
        "maxspeed": 0,
        "layer": 0,
        "bridge": "F",
        "tunnel": "F"
      },
      "geometry": {
        "type": "MultiLineString",
        "coordinates": [
          [
            [
              114.36240011940244,
              30.53363017106954
            ],
            [
              114.36240445869566,
              30.533436272034624
            ],
            [
              114.36252000870881,
              30.533438898621238
            ],
            [
              114.36251740514506,
              30.533583501662694
            ],
            [
              114.36251667359464,
              30.533627402869506
            ],
            [
              114.36251533835285,
              30.533676001366594
            ],
            [
              114.36245081004134,
              30.53367465274501
            ],
            [
              114.36245184135497,
              30.53363135329507
            ],
            [
              114.36240011940244,
              30.53363017106954
            ]
          ]
        ]
      }
    },
    {
      "type": "Feature",
      "properties": {
        "osm_id": "1444077818",
        "code": 5124,
        "fclass": "pedestrian",
        "name": null,
        "ref": null,
        "oneway": "B",
        "maxspeed": 0,
        "layer": 0,
        "bridge": "F",
        "tunnel": "F"
      },
      "geometry": {
        "type": "MultiLineString",
        "coordinates": [
          [
            [
              114.36251667359464,
              30.533627402869506
            ],
            [
              114.36251740514506,
              30.533583501662694
            ],
            [
              114.36252000870881,
              30.533438898621238
            ],
            [
              114.36257343301685,
              30.533439884047073
            ],
            [
              114.36257092918166,
              30.53358488779009
            ],
            [
              114.3625701979059,
              30.533628388986376
            ],
            [
              114.36251667359464,
              30.533627402869506
            ]
          ]
        ]
      }
    },
    {
      "type": "Feature",
      "properties": {
        "osm_id": "1444077819",
        "code": 5153,
        "fclass": "footway",
        "name": null,
        "ref": null,
        "oneway": "B",
        "maxspeed": 0,
        "layer": 0,
        "bridge": "F",
        "tunnel": "F"
      },
      "geometry": {
        "type": "MultiLineString",
        "coordinates": [
          [
            [
              114.36240125509127,
              30.53358067149771
            ],
            [
              114.36251740514506,
              30.533583501662694
            ]
          ]
        ]
      }
    },
    {
      "type": "Feature",
      "properties": {
        "osm_id": "1444077820",
        "code": 5155,
        "fclass": "steps",
        "name": null,
        "ref": null,
        "oneway": "B",
        "maxspeed": 0,
        "layer": 0,
        "bridge": "F",
        "tunnel": "F"
      },
      "geometry": {
        "type": "MultiLineString",
        "coordinates": [
          [
            [
              114.36251740514506,
              30.533583501662694
            ],
            [
              114.36257092918166,
              30.53358488779009
            ]
          ]
        ]
      }
    },
    {
      "type": "Feature",
      "properties": {
        "osm_id": "1444077822",
        "code": 5141,
        "fclass": "service",
        "name": null,
        "ref": null,
        "oneway": "B",
        "maxspeed": 0,
        "layer": 0,
        "bridge": "F",
        "tunnel": "F"
      },
      "geometry": {
        "type": "MultiLineString",
        "coordinates": [
          [
            [
              114.36199368807856,
              30.533309329040968
            ],
            [
              114.36199664180224,
              30.53323403731894
            ]
          ]
        ]
      }
    },
    {
      "type": "Feature",
      "properties": {
        "osm_id": "1444077823",
        "code": 5153,
        "fclass": "footway",
        "name": null,
        "ref": null,
        "oneway": "B",
        "maxspeed": 0,
        "layer": -1,
        "bridge": "F",
        "tunnel": "T"
      },
      "geometry": {
        "type": "MultiLineString",
        "coordinates": [
          [
            [
              114.36235385760948,
              30.533828639677896
            ],
            [
              114.36235590015137,
              30.53377054423833
            ],
            [
              114.36236233919304,
              30.533579457493193
            ],
            [
              114.36240125509127,
              30.53358067149771
            ]
          ]
        ]
      }
    },
    {
      "type": "Feature",
      "properties": {
        "osm_id": "1444077824",
        "code": 5153,
        "fclass": "footway",
        "name": null,
        "ref": null,
        "oneway": "B",
        "maxspeed": 0,
        "layer": 0,
        "bridge": "F",
        "tunnel": "F"
      },
      "geometry": {
        "type": "MultiLineString",
        "coordinates": [
          [
            [
              114.36235181222125,
              30.533890535509624
            ],
            [
              114.36235283885239,
              30.533854136991778
            ]
          ]
        ]
      }
    },
    {
      "type": "Feature",
      "properties": {
        "osm_id": "1444077825",
        "code": 5155,
        "fclass": "steps",
        "name": null,
        "ref": null,
        "oneway": "B",
        "maxspeed": 0,
        "layer": 0,
        "bridge": "F",
        "tunnel": "F"
      },
      "geometry": {
        "type": "MultiLineString",
        "coordinates": [
          [
            [
              114.36235283885239,
              30.533854136991778
            ],
            [
              114.36235385760948,
              30.533828639677896
            ]
          ]
        ]
      }
    },
    {
      "type": "Feature",
      "properties": {
        "osm_id": "1444077826",
        "code": 5153,
        "fclass": "footway",
        "name": null,
        "ref": null,
        "oneway": "B",
        "maxspeed": 0,
        "layer": -1,
        "bridge": "F",
        "tunnel": "T"
      },
      "geometry": {
        "type": "MultiLineString",
        "coordinates": [
          [
            [
              114.3619865645334,
              30.533762340666556
            ],
            [
              114.36235590015137,
              30.53377054423833
            ]
          ]
        ]
      }
    },
    {
      "type": "Feature",
      "properties": {
        "osm_id": "1444077827",
        "code": 5141,
        "fclass": "service",
        "name": null,
        "ref": null,
        "oneway": "B",
        "maxspeed": 0,
        "layer": 0,
        "bridge": "F",
        "tunnel": "F"
      },
      "geometry": {
        "type": "MultiLineString",
        "coordinates": [
          [
            [
              114.36196475723432,
              30.533762212507344
            ],
            [
              114.36187222846391,
              30.533760263615846
            ]
          ]
        ]
      }
    },
    {
      "type": "Feature",
      "properties": {
        "osm_id": "1444077828",
        "code": 5155,
        "fclass": "steps",
        "name": null,
        "ref": null,
        "oneway": "B",
        "maxspeed": 0,
        "layer": 0,
        "bridge": "F",
        "tunnel": "F"
      },
      "geometry": {
        "type": "MultiLineString",
        "coordinates": [
          [
            [
              114.3619865645334,
              30.533762340666556
            ],
            [
              114.36196475723432,
              30.533762212507344
            ]
          ]
        ]
      }
    },
    {
      "type": "Feature",
      "properties": {
        "osm_id": "1483109333",
        "code": 5141,
        "fclass": "service",
        "name": null,
        "ref": null,
        "oneway": "B",
        "maxspeed": 0,
        "layer": 0,
        "bridge": "F",
        "tunnel": "F"
      },
      "geometry": {
        "type": "MultiLineString",
        "coordinates": [
          [
            [
              114.36135199167627,
              30.53678295120764
            ],
            [
              114.36143072615829,
              30.536760454386553
            ],
            [
              114.36161051014315,
              30.5367089817501
            ]
          ]
        ]
      }
    },
    {
      "type": "Feature",
      "properties": {
        "osm_id": "127030844",
        "code": 5113,
        "fclass": "primary",
        "name": "珞狮路",
        "ref": null,
        "oneway": "F",
        "maxspeed": 0,
        "layer": 0,
        "bridge": "F",
        "tunnel": "F"
      },
      "geometry": {
        "type": "MultiLineString",
        "coordinates": [
          [
            [
              114.36099837754182,
              30.535845317173134
            ],
            [
              114.36135199167627,
              30.53678295120764
            ],
            [
              114.36158074792904,
              30.537393261434012
            ],
            [
              114.36160170542605,
              30.537451597473677
            ]
          ]
        ]
      }
    },
    {
      "type": "Feature",
      "properties": {
        "osm_id": "402823347",
        "code": 5113,
        "fclass": "primary",
        "name": "珞狮路",
        "ref": null,
        "oneway": "F",
        "maxspeed": 0,
        "layer": 0,
        "bridge": "F",
        "tunnel": "F"
      },
      "geometry": {
        "type": "MultiLineString",
        "coordinates": [
          [
            [
              114.36038539928452,
              30.53492774137008
            ],
            [
              114.3603245805393,
              30.53475432170484
            ]
          ]
        ]
      }
    },
    {
      "type": "Feature",
      "properties": {
        "osm_id": "1382939849",
        "code": 5155,
        "fclass": "steps",
        "name": null,
        "ref": null,
        "oneway": "B",
        "maxspeed": 0,
        "layer": 0,
        "bridge": "F",
        "tunnel": "F"
      },
      "geometry": {
        "type": "MultiLineString",
        "coordinates": [
          [
            [
              114.36452803613132,
              30.53619245725657
            ],
            [
              114.36455124164539,
              30.536212639172575
            ]
          ]
        ]
      }
    },
    {
      "type": "Feature",
      "properties": {
        "osm_id": "1481617626",
        "code": 5141,
        "fclass": "service",
        "name": null,
        "ref": null,
        "oneway": "B",
        "maxspeed": 0,
        "layer": 0,
        "bridge": "F",
        "tunnel": "F"
      },
      "geometry": {
        "type": "MultiLineString",
        "coordinates": [
          [
            [
              114.36991573047595,
              30.53228985651792
            ],
            [
              114.36988095400542,
              30.532303902503838
            ]
          ]
        ]
      }
    },
    {
      "type": "Feature",
      "properties": {
        "osm_id": "103949717",
        "code": 5122,
        "fclass": "residential",
        "name": "求是一路",
        "ref": null,
        "oneway": "F",
        "maxspeed": 0,
        "layer": 0,
        "bridge": "F",
        "tunnel": "F"
      },
      "geometry": {
        "type": "MultiLineString",
        "coordinates": [
          [
            [
              114.36826027736412,
              30.531562159378595
            ],
            [
              114.36826056229661,
              30.531896602221302
            ],
            [
              114.36826058568893,
              30.532014017038975
            ],
            [
              114.36826069461956,
              30.53215283439353
            ],
            [
              114.36826082422363,
              30.532259547616185
            ]
          ]
        ]
      }
    },
    {
      "type": "Feature",
      "properties": {
        "osm_id": "122744427",
        "code": 5122,
        "fclass": "residential",
        "name": null,
        "ref": null,
        "oneway": "F",
        "maxspeed": 0,
        "layer": 0,
        "bridge": "F",
        "tunnel": "F"
      },
      "geometry": {
        "type": "MultiLineString",
        "coordinates": [
          [
            [
              114.36768477896068,
              30.530789567649773
            ],
            [
              114.36768442349681,
              30.530879379774273
            ],
            [
              114.36768349596983,
              30.531083707029378
            ],
            [
              114.36768255634107,
              30.53130473610966
            ]
          ]
        ]
      }
    },
    {
      "type": "Feature",
      "properties": {
        "osm_id": "149570569",
        "code": 5112,
        "fclass": "trunk",
        "name": "珞喻路",
        "ref": "G316",
        "oneway": "F",
        "maxspeed": 40,
        "layer": 0,
        "bridge": "F",
        "tunnel": "F"
      },
      "geometry": {
        "type": "MultiLineString",
        "coordinates": [
          [
            [
              114.36689397361492,
              30.53092084536958
            ],
            [
              114.36643523727258,
              30.53106801871122
            ],
            [
              114.3661024419059,
              30.531159835432224
            ],
            [
              114.36513062425755,
              30.53145002593094
            ]
          ]
        ]
      }
    },
    {
      "type": "Feature",
      "properties": {
        "osm_id": "149570571",
        "code": 5112,
        "fclass": "trunk",
        "name": "珞喻路",
        "ref": "G316",
        "oneway": "F",
        "maxspeed": 40,
        "layer": 0,
        "bridge": "F",
        "tunnel": "F"
      },
      "geometry": {
        "type": "MultiLineString",
        "coordinates": [
          [
            [
              114.36513062425755,
              30.53145002593094
            ],
            [
              114.36446165378095,
              30.53162960689574
            ]
          ]
        ]
      }
    },
    {
      "type": "Feature",
      "properties": {
        "osm_id": "911456999",
        "code": 5122,
        "fclass": "residential",
        "name": null,
        "ref": null,
        "oneway": "F",
        "maxspeed": 0,
        "layer": 0,
        "bridge": "F",
        "tunnel": "F"
      },
      "geometry": {
        "type": "MultiLineString",
        "coordinates": [
          [
            [
              114.36762255885203,
              30.53130410838636
            ],
            [
              114.36762339761808,
              30.53108417944834
            ],
            [
              114.3676241125267,
              30.530899854860348
            ],
            [
              114.3676244641446,
              30.530816443644426
            ]
          ]
        ]
      }
    },
    {
      "type": "Feature",
      "properties": {
        "osm_id": "1270181380",
        "code": 5122,
        "fclass": "residential",
        "name": "桂元路",
        "ref": null,
        "oneway": "B",
        "maxspeed": 0,
        "layer": 0,
        "bridge": "F",
        "tunnel": "F"
      },
      "geometry": {
        "type": "MultiLineString",
        "coordinates": [
          [
            [
              114.36461766029407,
              30.531374110983833
            ],
            [
              114.36460037638135,
              30.53132294566002
            ],
            [
              114.36457873986336,
              30.531178875332
            ]
          ]
        ]
      }
    },
    {
      "type": "Feature",
      "properties": {
        "osm_id": "1279001417",
        "code": 5132,
        "fclass": "trunk_link",
        "name": null,
        "ref": null,
        "oneway": "F",
        "maxspeed": 0,
        "layer": 0,
        "bridge": "F",
        "tunnel": "F"
      },
      "geometry": {
        "type": "MultiLineString",
        "coordinates": [
          [
            [
              114.36542426358633,
              30.531261305861836
            ],
            [
              114.36566535763588,
              30.5310747798947
            ]
          ]
        ]
      }
    },
    {
      "type": "Feature",
      "properties": {
        "osm_id": "1279001418",
        "code": 5132,
        "fclass": "trunk_link",
        "name": null,
        "ref": null,
        "oneway": "F",
        "maxspeed": 0,
        "layer": 0,
        "bridge": "F",
        "tunnel": "F"
      },
      "geometry": {
        "type": "MultiLineString",
        "coordinates": [
          [
            [
              114.36575366349318,
              30.53139262812535
            ],
            [
              114.36513062425755,
              30.53145002593094
            ]
          ]
        ]
      }
    },
    {
      "type": "Feature",
      "properties": {
        "osm_id": "1383028683",
        "code": 5122,
        "fclass": "residential",
        "name": null,
        "ref": null,
        "oneway": "F",
        "maxspeed": 0,
        "layer": 0,
        "bridge": "F",
        "tunnel": "F"
      },
      "geometry": {
        "type": "MultiLineString",
        "coordinates": [
          [
            [
              114.36762255885203,
              30.53130410838636
            ],
            [
              114.3676507044721,
              30.531304421824203
            ],
            [
              114.36768255634107,
              30.53130473610966
            ]
          ]
        ]
      }
    },
    {
      "type": "Feature",
      "properties": {
        "osm_id": "1397459419",
        "code": 5141,
        "fclass": "service",
        "name": null,
        "ref": null,
        "oneway": "B",
        "maxspeed": 0,
        "layer": 0,
        "bridge": "F",
        "tunnel": "F"
      },
      "geometry": {
        "type": "MultiLineString",
        "coordinates": [
          [
            [
              114.36691116583218,
              30.531453837096006
            ],
            [
              114.36730465015155,
              30.531309905059587
            ],
            [
              114.36737989353975,
              30.5312686566519
            ],
            [
              114.36740183819475,
              30.531252470119917
            ],
            [
              114.3674163711882,
              30.531236378068247
            ],
            [
              114.36742719736006,
              30.53122188352197
            ],
            [
              114.36743552309602,
              30.531201786443887
            ],
            [
              114.36743814073235,
              30.5311801853059
            ],
            [
              114.36743425229703,
              30.53115177890535
            ],
            [
              114.3674217582635,
              30.531110464913684
            ],
            [
              114.36737316151122,
              30.530981713246593
            ],
            [
              114.36734315409359,
              30.530917482211354
            ]
          ]
        ]
      }
    },
    {
      "type": "Feature",
      "properties": {
        "osm_id": "1397459420",
        "code": 5155,
        "fclass": "steps",
        "name": null,
        "ref": null,
        "oneway": "B",
        "maxspeed": 0,
        "layer": 0,
        "bridge": "F",
        "tunnel": "F"
      },
      "geometry": {
        "type": "MultiLineString",
        "coordinates": [
          [
            [
              114.36695347012598,
              30.531544697751986
            ],
            [
              114.36693596842314,
              30.531506972858413
            ],
            [
              114.36691116583218,
              30.531453837096006
            ]
          ]
        ]
      }
    },
    {
      "type": "Feature",
      "properties": {
        "osm_id": "1397459425",
        "code": 5153,
        "fclass": "footway",
        "name": null,
        "ref": null,
        "oneway": "B",
        "maxspeed": 0,
        "layer": 0,
        "bridge": "F",
        "tunnel": "F"
      },
      "geometry": {
        "type": "MultiLineString",
        "coordinates": [
          [
            [
              114.36811103200905,
              30.531379343010713
            ],
            [
              114.36830894208657,
              30.53143893627768
            ]
          ]
        ]
      }
    },
    {
      "type": "Feature",
      "properties": {
        "osm_id": "1397459427",
        "code": 5153,
        "fclass": "footway",
        "name": null,
        "ref": null,
        "oneway": "B",
        "maxspeed": 0,
        "layer": 0,
        "bridge": "F",
        "tunnel": "F"
      },
      "geometry": {
        "type": "MultiLineString",
        "coordinates": [
          [
            [
              114.36783008137579,
              30.5313350934051
            ],
            [
              114.36811015850564,
              30.531334937146664
            ],
            [
              114.36838724855585,
              30.5313338063838
            ]
          ]
        ]
      }
    },
    {
      "type": "Feature",
      "properties": {
        "osm_id": "1480419189",
        "code": 5153,
        "fclass": "footway",
        "name": null,
        "ref": null,
        "oneway": "B",
        "maxspeed": 0,
        "layer": 0,
        "bridge": "F",
        "tunnel": "F"
      },
      "geometry": {
        "type": "MultiLineString",
        "coordinates": [
          [
            [
              114.36703206206933,
              30.53158308873888
            ],
            [
              114.36695347012598,
              30.531544697751986
            ]
          ]
        ]
      }
    },
    {
      "type": "Feature",
      "properties": {
        "osm_id": "1480419218",
        "code": 5141,
        "fclass": "service",
        "name": null,
        "ref": null,
        "oneway": "B",
        "maxspeed": 0,
        "layer": 0,
        "bridge": "F",
        "tunnel": "F"
      },
      "geometry": {
        "type": "MultiLineString",
        "coordinates": [
          [
            [
              114.36575366349318,
              30.53139262812535
            ],
            [
              114.36578025111197,
              30.531462597811196
            ],
            [
              114.36579714324208,
              30.53150704170724
            ],
            [
              114.36582682928321,
              30.531585318163128
            ],
            [
              114.36584711976067,
              30.53163876989433
            ],
            [
              114.36587490665713,
              30.531712040062175
            ]
          ]
        ]
      }
    },
    {
      "type": "Feature",
      "properties": {
        "osm_id": "1484820214",
        "code": 5153,
        "fclass": "footway",
        "name": null,
        "ref": null,
        "oneway": "B",
        "maxspeed": 0,
        "layer": 0,
        "bridge": "F",
        "tunnel": "F"
      },
      "geometry": {
        "type": "MultiLineString",
        "coordinates": [
          [
            [
              114.36776386757545,
              30.531020430065823
            ],
            [
              114.36776628120123,
              30.530842106710132
            ]
          ]
        ]
      }
    },
    {
      "type": "Feature",
      "properties": {
        "osm_id": "1484820215",
        "code": 5153,
        "fclass": "footway",
        "name": null,
        "ref": null,
        "oneway": "B",
        "maxspeed": 0,
        "layer": 0,
        "bridge": "F",
        "tunnel": "F"
      },
      "geometry": {
        "type": "MultiLineString",
        "coordinates": [
          [
            [
              114.36775987491856,
              30.53131866848119
            ],
            [
              114.36776240923948,
              30.53111064168362
            ]
          ]
        ]
      }
    },
    {
      "type": "Feature",
      "properties": {
        "osm_id": "1484820216",
        "code": 5153,
        "fclass": "footway",
        "name": null,
        "ref": null,
        "oneway": "F",
        "maxspeed": 0,
        "layer": -1,
        "bridge": "F",
        "tunnel": "T"
      },
      "geometry": {
        "type": "MultiLineString",
        "coordinates": [
          [
            [
              114.36776386757545,
              30.531020430065823
            ],
            [
              114.36776302678531,
              30.53108403833203
            ],
            [
              114.36776240923948,
              30.53111064168362
            ]
          ]
        ]
      }
    },
    {
      "type": "Feature",
      "properties": {
        "osm_id": "1484820217",
        "code": 5153,
        "fclass": "footway",
        "name": null,
        "ref": null,
        "oneway": "B",
        "maxspeed": 0,
        "layer": 0,
        "bridge": "F",
        "tunnel": "F"
      },
      "geometry": {
        "type": "MultiLineString",
        "coordinates": [
          [
            [
              114.36755792092838,
              30.53103703903604
            ],
            [
              114.3675593949,
              30.530920924119997
            ]
          ]
        ]
      }
    },
    {
      "type": "Feature",
      "properties": {
        "osm_id": "1484820218",
        "code": 5153,
        "fclass": "footway",
        "name": null,
        "ref": null,
        "oneway": "B",
        "maxspeed": 0,
        "layer": 0,
        "bridge": "F",
        "tunnel": "F"
      },
      "geometry": {
        "type": "MultiLineString",
        "coordinates": [
          [
            [
              114.36755523837014,
              30.53132257570676
            ],
            [
              114.36755636131774,
              30.53112905055018
            ]
          ]
        ]
      }
    },
    {
      "type": "Feature",
      "properties": {
        "osm_id": "1484820219",
        "code": 5153,
        "fclass": "footway",
        "name": null,
        "ref": null,
        "oneway": "F",
        "maxspeed": 0,
        "layer": -1,
        "bridge": "F",
        "tunnel": "T"
      },
      "geometry": {
        "type": "MultiLineString",
        "coordinates": [
          [
            [
              114.36755636131774,
              30.53112905055018
            ],
            [
              114.36755709114476,
              30.53108294476199
            ],
            [
              114.36755792092838,
              30.53103703903604
            ]
          ]
        ]
      }
    },
    {
      "type": "Feature",
      "properties": {
        "osm_id": "1441621547",
        "code": 5153,
        "fclass": "footway",
        "name": null,
        "ref": null,
        "oneway": "B",
        "maxspeed": 0,
        "layer": 0,
        "bridge": "F",
        "tunnel": "F"
      },
      "geometry": {
        "type": "MultiLineString",
        "coordinates": [
          [
            [
              114.36651871236673,
              30.535561075812083
            ],
            [
              114.36651882790233,
              30.535670786921095
            ]
          ]
        ]
      }
    },
    {
      "type": "Feature",
      "properties": {
        "osm_id": "1471868945",
        "code": 5153,
        "fclass": "footway",
        "name": null,
        "ref": null,
        "oneway": "B",
        "maxspeed": 0,
        "layer": 0,
        "bridge": "F",
        "tunnel": "F"
      },
      "geometry": {
        "type": "MultiLineString",
        "coordinates": [
          [
            [
              114.36612845360881,
              30.53574181713665
            ],
            [
              114.3660766874308,
              30.535741716377352
            ],
            [
              114.3660395403199,
              30.53574164248588
            ]
          ]
        ]
      }
    },
    {
      "type": "Feature",
      "properties": {
        "osm_id": "1471868946",
        "code": 5153,
        "fclass": "footway",
        "name": null,
        "ref": null,
        "oneway": "B",
        "maxspeed": 0,
        "layer": 0,
        "bridge": "F",
        "tunnel": "F"
      },
      "geometry": {
        "type": "MultiLineString",
        "coordinates": [
          [
            [
              114.36651757274306,
              30.535868604491387
            ],
            [
              114.3665182401607,
              30.53591160973257
            ]
          ]
        ]
      }
    },
    {
      "type": "Feature",
      "properties": {
        "osm_id": "1443127372",
        "code": 5155,
        "fclass": "steps",
        "name": null,
        "ref": null,
        "oneway": "B",
        "maxspeed": 0,
        "layer": 0,
        "bridge": "F",
        "tunnel": "F"
      },
      "geometry": {
        "type": "MultiLineString",
        "coordinates": [
          [
            [
              114.36610682171664,
              30.536004001126358
            ],
            [
              114.36623198434901,
              30.536003336591705
            ]
          ]
        ]
      }
    },
    {
      "type": "Feature",
      "properties": {
        "osm_id": "1443127373",
        "code": 5153,
        "fclass": "footway",
        "name": null,
        "ref": null,
        "oneway": "B",
        "maxspeed": 0,
        "layer": 0,
        "bridge": "F",
        "tunnel": "F"
      },
      "geometry": {
        "type": "MultiLineString",
        "coordinates": [
          [
            [
              114.36623198434901,
              30.536003336591705
            ],
            [
              114.36638348514732,
              30.53600360156852
            ],
            [
              114.36638185472596,
              30.535911689868442
            ]
          ]
        ]
      }
    },
    {
      "type": "Feature",
      "properties": {
        "osm_id": "1441621546",
        "code": 5153,
        "fclass": "footway",
        "name": null,
        "ref": null,
        "oneway": "B",
        "maxspeed": 0,
        "layer": 0,
        "bridge": "F",
        "tunnel": "F"
      },
      "geometry": {
        "type": "MultiLineString",
        "coordinates": [
          [
            [
              114.36556307775328,
              30.534936894980067
            ],
            [
              114.36556319832286,
              30.53504250632405
            ]
          ]
        ]
      }
    },
    {
      "type": "Feature",
      "properties": {
        "osm_id": "1036561025",
        "code": 5153,
        "fclass": "footway",
        "name": null,
        "ref": null,
        "oneway": "B",
        "maxspeed": 0,
        "layer": 0,
        "bridge": "F",
        "tunnel": "F"
      },
      "geometry": {
        "type": "MultiLineString",
        "coordinates": [
          [
            [
              114.3655751125425,
              30.53569600230263
            ],
            [
              114.36559630444302,
              30.535738258284717
            ],
            [
              114.3656034005259,
              30.535753977087143
            ],
            [
              114.36560779245339,
              30.535770989423266
            ],
            [
              114.3656058771048,
              30.535787886461705
            ],
            [
              114.36559855499178,
              30.535805370426534
            ],
            [
              114.36558282592631,
              30.535819233454344
            ],
            [
              114.36556009169884,
              30.53582937861528
            ],
            [
              114.3655316533705,
              30.535836508767346
            ],
            [
              114.365503817781,
              30.535841239425253
            ],
            [
              114.36547488275477,
              30.535843866329085
            ],
            [
              114.36543934132933,
              30.535845375273784
            ],
            [
              114.36540831021897,
              30.535840494168127
            ],
            [
              114.36535986761928,
              30.535825765000613
            ],
            [
              114.36533394845581,
              30.5358134945278
            ],
            [
              114.36531473820108,
              30.535799441386242
            ],
            [
              114.36529642768959,
              30.535787090506364
            ],
            [
              114.36528082206118,
              30.535772346467454
            ],
            [
              114.36526831970045,
              30.53575781074445
            ],
            [
              114.36525951766217,
              30.535748085554175
            ],
            [
              114.3652489191187,
              30.5357313546213
            ],
            [
              114.36523843186284,
              30.535700222446142
            ],
            [
              114.36523315122595,
              30.535667804523428
            ],
            [
              114.36523517094929,
              30.5356451078596
            ],
            [
              114.36524589659696,
              30.53562693578714
            ],
            [
              114.36526212746412,
              30.535609778877685
            ],
            [
              114.36529367023442,
              30.53559896416318
            ],
            [
              114.3653268099754,
              30.535594653448566
            ],
            [
              114.36537406347273,
              30.535593179407545
            ],
            [
              114.36540980202987,
              30.535594973542
            ],
            [
              114.3654417322677,
              30.535602357190086
            ],
            [
              114.36547355961223,
              30.535613639988256
            ],
            [
              114.3655028837112,
              30.53562571558103
            ],
            [
              114.365524198896,
              30.535637670327763
            ],
            [
              114.36553870650698,
              30.535649407700305
            ],
            [
              114.36555211057187,
              30.535664142438883
            ],
            [
              114.36556661385386,
              30.535681579979443
            ],
            [
              114.3655751125425,
              30.53569600230263
            ]
          ]
        ]
      }
    },
    {
      "type": "Feature",
      "properties": {
        "osm_id": "1036561026",
        "code": 5153,
        "fclass": "footway",
        "name": null,
        "ref": null,
        "oneway": "B",
        "maxspeed": 0,
        "layer": 0,
        "bridge": "F",
        "tunnel": "F"
      },
      "geometry": {
        "type": "MultiLineString",
        "coordinates": [
          [
            [
              114.36567318391889,
              30.535880756582443
            ],
            [
              114.36565645891663,
              30.53588751766635
            ],
            [
              114.36562751967426,
              30.535894249205544
            ],
            [
              114.36559717992944,
              30.535899776417263
            ],
            [
              114.36554992290337,
              30.535902660717888
            ],
            [
              114.3654991647346,
              30.53590253374042
            ],
            [
              114.36543279502291,
              30.535895363285974
            ],
            [
              114.36537974275568,
              30.535886123646
            ],
            [
              114.36534101034313,
              30.53587251931229
            ],
            [
              114.36530318556834,
              30.53585081519789
            ],
            [
              114.36526806677163,
              30.535825616797823
            ],
            [
              114.36522424732638,
              30.53578949188596
            ],
            [
              114.36520203937594,
              30.535768927647464
            ],
            [
              114.36518453391018,
              30.5357517765815
            ],
            [
              114.365170234011,
              30.53573193406374
            ],
            [
              114.36515203488909,
              30.535705779574208
            ],
            [
              114.36514304029676,
              30.535686451882604
            ],
            [
              114.36513994769876,
              30.535672641623783
            ],
            [
              114.36514066128673,
              30.535656042004632
            ],
            [
              114.36514277712334,
              30.5356384463055
            ],
            [
              114.36514769599842,
              30.535620758620357
            ],
            [
              114.36515662104955,
              30.53560058210317
            ],
            [
              114.3651716526838,
              30.535580322861176
            ],
            [
              114.3651877772841,
              30.5355707675699
            ],
            [
              114.36520379921258,
              30.535564612084002
            ],
            [
              114.36523103350953,
              30.5355581875927
            ],
            [
              114.3652581652463,
              30.535555162450667
            ],
            [
              114.3653600813134,
              30.535549837944224
            ],
            [
              114.3654329622295,
              30.535550629303792
            ],
            [
              114.36550403799167,
              30.535557011578902
            ],
            [
              114.36554397427882,
              30.535569412755944
            ],
            [
              114.36557519852198,
              30.535584791365252
            ],
            [
              114.36560041483199,
              30.5356016546107
            ],
            [
              114.36562372921108,
              30.53561831264743
            ],
            [
              114.3656361319911,
              30.53563354394671
            ],
            [
              114.36564683040373,
              30.535651871344356
            ],
            [
              114.36578599824516,
              30.535649293583262
            ],
            [
              114.36586199170462,
              30.53564796169851
            ],
            [
              114.36593328003396,
              30.53564741443165
            ]
          ]
        ]
      }
    },
    {
      "type": "Feature",
      "properties": {
        "osm_id": "1036561027",
        "code": 5153,
        "fclass": "footway",
        "name": null,
        "ref": null,
        "oneway": "B",
        "maxspeed": 0,
        "layer": 0,
        "bridge": "F",
        "tunnel": "F"
      },
      "geometry": {
        "type": "MultiLineString",
        "coordinates": [
          [
            [
              114.36570778093119,
              30.53606505567441
            ],
            [
              114.36578471154473,
              30.536016026935165
            ],
            [
              114.36575750464061,
              30.53598296209148
            ],
            [
              114.36567318391889,
              30.535880756582443
            ],
            [
              114.36568901220534,
              30.535868492585756
            ],
            [
              114.36569923342421,
              30.535856815335894
            ],
            [
              114.36570735208728,
              30.535845233106272
            ],
            [
              114.36581438131698,
              30.535844476465886
            ],
            [
              114.36583010063704,
              30.535844211266006
            ],
            [
              114.36593763451394,
              30.53584214293766
            ],
            [
              114.36594274591386,
              30.53583565304246
            ],
            [
              114.36594735622927,
              30.53582976213127
            ],
            [
              114.36594740451882,
              30.53576765608891
            ],
            [
              114.3659474575829,
              30.535699249404697
            ],
            [
              114.36591361518776,
              30.53569977799626
            ],
            [
              114.36587919949847,
              30.535665200747957
            ],
            [
              114.36586199170462,
              30.53564796169851
            ]
          ]
        ]
      }
    },
    {
      "type": "Feature",
      "properties": {
        "osm_id": "1036845865",
        "code": 5153,
        "fclass": "footway",
        "name": null,
        "ref": null,
        "oneway": "B",
        "maxspeed": 0,
        "layer": 0,
        "bridge": "F",
        "tunnel": "F"
      },
      "geometry": {
        "type": "MultiLineString",
        "coordinates": [
          [
            [
              114.36564941333951,
              30.535677880100792
            ],
            [
              114.36565150225591,
              30.535695386822375
            ],
            [
              114.36566059809097,
              30.535714610345067
            ],
            [
              114.36568318489856,
              30.5357660687714
            ],
            [
              114.36568528272412,
              30.53577207429388
            ],
            [
              114.36569477253208,
              30.535799699265084
            ],
            [
              114.36570735208728,
              30.535845233106272
            ]
          ]
        ]
      }
    },
    {
      "type": "Feature",
      "properties": {
        "osm_id": "1442929829",
        "code": 5153,
        "fclass": "footway",
        "name": null,
        "ref": null,
        "oneway": "B",
        "maxspeed": 0,
        "layer": 0,
        "bridge": "F",
        "tunnel": "F"
      },
      "geometry": {
        "type": "MultiLineString",
        "coordinates": [
          [
            [
              114.36532037211988,
              30.536020378412257
            ],
            [
              114.36535386794054,
              30.53594516083047
            ],
            [
              114.36535868185895,
              30.535934172566748
            ],
            [
              114.36536389692644,
              30.535922285256795
            ],
            [
              114.36537974275568,
              30.535886123646
            ]
          ]
        ]
      }
    },
    {
      "type": "Feature",
      "properties": {
        "osm_id": "1442929830",
        "code": 5153,
        "fclass": "footway",
        "name": null,
        "ref": null,
        "oneway": "B",
        "maxspeed": 0,
        "layer": 0,
        "bridge": "F",
        "tunnel": "F"
      },
      "geometry": {
        "type": "MultiLineString",
        "coordinates": [
          [
            [
              114.36543279502291,
              30.535895363285974
            ],
            [
              114.36543934132933,
              30.535845375273784
            ]
          ]
        ]
      }
    },
    {
      "type": "Feature",
      "properties": {
        "osm_id": "1443127388",
        "code": 5153,
        "fclass": "footway",
        "name": null,
        "ref": null,
        "oneway": "B",
        "maxspeed": 0,
        "layer": 0,
        "bridge": "F",
        "tunnel": "F"
      },
      "geometry": {
        "type": "MultiLineString",
        "coordinates": [
          [
            [
              114.3649824699082,
              30.53581929235022
            ],
            [
              114.36502980616247,
              30.535835335897435
            ],
            [
              114.36511557314915,
              30.53586439050515
            ],
            [
              114.36535386794054,
              30.53594516083047
            ],
            [
              114.36570778093119,
              30.53606505567441
            ]
          ]
        ]
      }
    },
    {
      "type": "Feature",
      "properties": {
        "osm_id": "1443127389",
        "code": 5153,
        "fclass": "footway",
        "name": null,
        "ref": null,
        "oneway": "B",
        "maxspeed": 0,
        "layer": 0,
        "bridge": "F",
        "tunnel": "F"
      },
      "geometry": {
        "type": "MultiLineString",
        "coordinates": [
          [
            [
              114.3649824699082,
              30.53581929235022
            ],
            [
              114.36498259489973,
              30.535787289537716
            ],
            [
              114.36498260857665,
              30.535769687821656
            ],
            [
              114.36498273771377,
              30.53573228447086
            ],
            [
              114.36498326605775,
              30.53556686941493
            ],
            [
              114.36498413808629,
              30.535474362659006
            ],
            [
              114.36493238573298,
              30.535473905029246
            ],
            [
              114.36487192423391,
              30.535474817769575
            ]
          ]
        ]
      }
    },
    {
      "type": "Feature",
      "properties": {
        "osm_id": "1443127404",
        "code": 5155,
        "fclass": "steps",
        "name": null,
        "ref": null,
        "oneway": "B",
        "maxspeed": 0,
        "layer": 0,
        "bridge": "F",
        "tunnel": "F"
      },
      "geometry": {
        "type": "MultiLineString",
        "coordinates": [
          [
            [
              114.36507226817378,
              30.535812359117784
            ],
            [
              114.36510832167197,
              30.53579216231436
            ]
          ]
        ]
      }
    },
    {
      "type": "Feature",
      "properties": {
        "osm_id": "1443127405",
        "code": 5153,
        "fclass": "footway",
        "name": null,
        "ref": null,
        "oneway": "B",
        "maxspeed": 0,
        "layer": 0,
        "bridge": "F",
        "tunnel": "F"
      },
      "geometry": {
        "type": "MultiLineString",
        "coordinates": [
          [
            [
              114.36502980616247,
              30.535835335897435
            ],
            [
              114.36507226817378,
              30.535812359117784
            ]
          ]
        ]
      }
    },
    {
      "type": "Feature",
      "properties": {
        "osm_id": "1443127407",
        "code": 5153,
        "fclass": "footway",
        "name": null,
        "ref": null,
        "oneway": "B",
        "maxspeed": 0,
        "layer": 0,
        "bridge": "F",
        "tunnel": "F"
      },
      "geometry": {
        "type": "MultiLineString",
        "coordinates": [
          [
            [
              114.36502737067543,
              30.53574902003916
            ],
            [
              114.36507226817378,
              30.535812359117784
            ]
          ]
        ]
      }
    },
    {
      "type": "Feature",
      "properties": {
        "osm_id": "1443128318",
        "code": 5153,
        "fclass": "footway",
        "name": null,
        "ref": null,
        "oneway": "B",
        "maxspeed": 0,
        "layer": 0,
        "bridge": "F",
        "tunnel": "F"
      },
      "geometry": {
        "type": "MultiLineString",
        "coordinates": [
          [
            [
              114.36560241988676,
              30.53623922224271
            ],
            [
              114.3656444510483,
              30.53613511330394
            ]
          ]
        ]
      }
    },
    {
      "type": "Feature",
      "properties": {
        "osm_id": "1471868955",
        "code": 5124,
        "fclass": "pedestrian",
        "name": null,
        "ref": null,
        "oneway": "B",
        "maxspeed": 0,
        "layer": 0,
        "bridge": "F",
        "tunnel": "F"
      },
      "geometry": {
        "type": "MultiLineString",
        "coordinates": [
          [
            [
              114.36496093800936,
              30.535832028338135
            ],
            [
              114.36496157292882,
              30.53578792587425
            ],
            [
              114.36496231720766,
              30.53573182252869
            ],
            [
              114.36498273771377,
              30.53573228447086
            ],
            [
              114.36502948596035,
              30.535732124647055
            ],
            [
              114.36505191909659,
              30.535719389902383
            ],
            [
              114.3650604194795,
              30.53573031608011
            ],
            [
              114.36507612009203,
              30.53575066426375
            ],
            [
              114.36505508905148,
              30.53576240356703
            ],
            [
              114.36507338930794,
              30.535786659847638
            ],
            [
              114.36509482101964,
              30.535774721324596
            ],
            [
              114.36510832167197,
              30.53579216231436
            ],
            [
              114.3651275226159,
              30.535817020311203
            ],
            [
              114.36511960898811,
              30.53582379814503
            ],
            [
              114.3651165015176,
              30.535829189695914
            ],
            [
              114.36511459484483,
              30.5358351847741
            ],
            [
              114.36511459001657,
              30.535841385376177
            ],
            [
              114.36511698865007,
              30.535846392814264
            ],
            [
              114.36512189030998,
              30.535850907428923
            ],
            [
              114.36511557314915,
              30.53586439050515
            ],
            [
              114.36510745238373,
              30.535880068527852
            ],
            [
              114.36496093800936,
              30.535832028338135
            ]
          ]
        ]
      }
    },
    {
      "type": "Feature",
      "properties": {
        "osm_id": "1481020753",
        "code": 5122,
        "fclass": "residential",
        "name": "求是大道",
        "ref": null,
        "oneway": "B",
        "maxspeed": 0,
        "layer": 0,
        "bridge": "F",
        "tunnel": "F"
      },
      "geometry": {
        "type": "MultiLineString",
        "coordinates": [
          [
            [
              114.3656444510483,
              30.53613511330394
            ],
            [
              114.36532037211988,
              30.536020378412257
            ],
            [
              114.36493256893073,
              30.53588374679088
            ]
          ]
        ]
      }
    },
    {
      "type": "Feature",
      "properties": {
        "osm_id": "1443127362",
        "code": 5153,
        "fclass": "footway",
        "name": null,
        "ref": null,
        "oneway": "B",
        "maxspeed": 0,
        "layer": -1,
        "bridge": "F",
        "tunnel": "T"
      },
      "geometry": {
        "type": "MultiLineString",
        "coordinates": [
          [
            [
              114.36587480998948,
              30.535902414755615
            ],
            [
              114.36583055532193,
              30.53590311807449
            ],
            [
              114.36583037380261,
              30.535879115311207
            ]
          ]
        ]
      }
    },
    {
      "type": "Feature",
      "properties": {
        "osm_id": "1443127393",
        "code": 5153,
        "fclass": "footway",
        "name": null,
        "ref": null,
        "oneway": "B",
        "maxspeed": 0,
        "layer": 0,
        "bridge": "F",
        "tunnel": "F"
      },
      "geometry": {
        "type": "MultiLineString",
        "coordinates": [
          [
            [
              114.36581438131698,
              30.535844476465886
            ],
            [
              114.36581418644785,
              30.53583757535111
            ],
            [
              114.36581232902645,
              30.535779865508527
            ]
          ]
        ]
      }
    },
    {
      "type": "Feature",
      "properties": {
        "osm_id": "1443127394",
        "code": 5153,
        "fclass": "footway",
        "name": null,
        "ref": null,
        "oneway": "B",
        "maxspeed": 0,
        "layer": 0,
        "bridge": "F",
        "tunnel": "F"
      },
      "geometry": {
        "type": "MultiLineString",
        "coordinates": [
          [
            [
              114.36568528272412,
              30.53577207429388
            ],
            [
              114.36569930181167,
              30.535768906789517
            ],
            [
              114.36576669420677,
              30.535753660365415
            ],
            [
              114.36578291605323,
              30.53575069675105
            ]
          ]
        ]
      }
    },
    {
      "type": "Feature",
      "properties": {
        "osm_id": "1443127395",
        "code": 5153,
        "fclass": "footway",
        "name": null,
        "ref": null,
        "oneway": "B",
        "maxspeed": 0,
        "layer": 0,
        "bridge": "F",
        "tunnel": "F"
      },
      "geometry": {
        "type": "MultiLineString",
        "coordinates": [
          [
            [
              114.36580525535798,
              30.53573484527438
            ],
            [
              114.365786679823,
              30.53567419760564
            ],
            [
              114.36578628514528,
              30.53566669596838
            ],
            [
              114.36578599824516,
              30.535649293583262
            ]
          ]
        ]
      }
    },
    {
      "type": "Feature",
      "properties": {
        "osm_id": "1443127396",
        "code": 5153,
        "fclass": "footway",
        "name": null,
        "ref": null,
        "oneway": "B",
        "maxspeed": 0,
        "layer": 0,
        "bridge": "F",
        "tunnel": "F"
      },
      "geometry": {
        "type": "MultiLineString",
        "coordinates": [
          [
            [
              114.36583447190115,
              30.53575931250395
            ],
            [
              114.36585899475567,
              30.53576846716757
            ],
            [
              114.36594740451882,
              30.53576765608891
            ]
          ]
        ]
      }
    },
    {
      "type": "Feature",
      "properties": {
        "osm_id": "1443127409",
        "code": 5153,
        "fclass": "footway",
        "name": null,
        "ref": null,
        "oneway": "B",
        "maxspeed": 0,
        "layer": 0,
        "bridge": "F",
        "tunnel": "F"
      },
      "geometry": {
        "type": "MultiLineString",
        "coordinates": [
          [
            [
              114.36583236367349,
              30.53576660857973
            ],
            [
              114.36582755293578,
              30.53577289858084
            ],
            [
              114.36582064097061,
              30.535777483733963
            ],
            [
              114.36581232902645,
              30.535779865508527
            ],
            [
              114.3658035184351,
              30.53577974585506
            ],
            [
              114.36579511028793,
              30.535777126781348
            ],
            [
              114.36578820567756,
              30.535772310803107
            ],
            [
              114.36578360517294,
              30.53576579980361
            ],
            [
              114.36578180882553,
              30.53575829501029
            ],
            [
              114.36578291605323,
              30.53575069675105
            ],
            [
              114.36578622461597,
              30.535744803615536
            ],
            [
              114.36579133457941,
              30.53573991461538
            ],
            [
              114.36579784507819,
              30.535736528876303
            ],
            [
              114.36580525535798,
              30.53573484527438
            ],
            [
              114.36581296454031,
              30.535735062473684
            ],
            [
              114.36582027169838,
              30.535737278923268
            ],
            [
              114.36582657641023,
              30.535741093263965
            ],
            [
              114.36583127801791,
              30.53574640417836
            ],
            [
              114.36583397649397,
              30.535752610746645
            ],
            [
              114.36583447190115,
              30.53575931250395
            ],
            [
              114.36583236367349,
              30.53576660857973
            ]
          ]
        ]
      }
    },
    {
      "type": "Feature",
      "properties": {
        "osm_id": "1471868953",
        "code": 5153,
        "fclass": "footway",
        "name": null,
        "ref": null,
        "oneway": "B",
        "maxspeed": 0,
        "layer": 1,
        "bridge": "F",
        "tunnel": "F"
      },
      "geometry": {
        "type": "MultiLineString",
        "coordinates": [
          [
            [
              114.36583037380261,
              30.535879115311207
            ],
            [
              114.36583019585132,
              30.535850512098172
            ],
            [
              114.36583010063704,
              30.535844211266006
            ]
          ]
        ]
      }
    },
    {
      "type": "Feature",
      "properties": {
        "osm_id": "1443127402",
        "code": 5153,
        "fclass": "footway",
        "name": null,
        "ref": null,
        "oneway": "B",
        "maxspeed": 0,
        "layer": 0,
        "bridge": "F",
        "tunnel": "F"
      },
      "geometry": {
        "type": "MultiLineString",
        "coordinates": [
          [
            [
              114.36599618046615,
              30.53600518050136
            ],
            [
              114.36579843484161,
              30.53600745690436
            ],
            [
              114.36578471154473,
              30.536016026935165
            ]
          ]
        ]
      }
    },
    {
      "type": "Feature",
      "properties": {
        "osm_id": "1036845890",
        "code": 5122,
        "fclass": "residential",
        "name": null,
        "ref": null,
        "oneway": "F",
        "maxspeed": 0,
        "layer": 0,
        "bridge": "F",
        "tunnel": "F"
      },
      "geometry": {
        "type": "MultiLineString",
        "coordinates": [
          [
            [
              114.36422281889016,
              30.533729396700764
            ],
            [
              114.36420116827597,
              30.533634404353073
            ],
            [
              114.36416153281715,
              30.533496438141427
            ],
            [
              114.36412607691716,
              30.533392090295397
            ],
            [
              114.36407851912624,
              30.533276192811616
            ],
            [
              114.36396737266641,
              30.533070930312384
            ]
          ]
        ]
      }
    },
    {
      "type": "Feature",
      "properties": {
        "osm_id": "1445907162",
        "code": 5153,
        "fclass": "footway",
        "name": null,
        "ref": null,
        "oneway": "B",
        "maxspeed": 0,
        "layer": -1,
        "bridge": "F",
        "tunnel": "T"
      },
      "geometry": {
        "type": "MultiLineString",
        "coordinates": [
          [
            [
              114.36533343356575,
              30.53424172876371
            ],
            [
              114.36571937679805,
              30.534241493943256
            ],
            [
              114.36571895626007,
              30.534131780879832
            ]
          ]
        ]
      }
    },
    {
      "type": "Feature",
      "properties": {
        "osm_id": "1445907163",
        "code": 5153,
        "fclass": "footway",
        "name": null,
        "ref": null,
        "oneway": "B",
        "maxspeed": 0,
        "layer": 0,
        "bridge": "F",
        "tunnel": "F"
      },
      "geometry": {
        "type": "MultiLineString",
        "coordinates": [
          [
            [
              114.36571895626007,
              30.534131780879832
            ],
            [
              114.36571780143366,
              30.534067671098903
            ]
          ]
        ]
      }
    },
    {
      "type": "Feature",
      "properties": {
        "osm_id": "1036561030",
        "code": 5153,
        "fclass": "footway",
        "name": null,
        "ref": null,
        "oneway": "B",
        "maxspeed": 0,
        "layer": 0,
        "bridge": "F",
        "tunnel": "F"
      },
      "geometry": {
        "type": "MultiLineString",
        "coordinates": [
          [
            [
              114.3655751125425,
              30.53569600230263
            ],
            [
              114.36564941333951,
              30.535677880100792
            ],
            [
              114.36564683040373,
              30.535651871344356
            ]
          ]
        ]
      }
    },
    {
      "type": "Feature",
      "properties": {
        "osm_id": "1036561031",
        "code": 5153,
        "fclass": "footway",
        "name": null,
        "ref": null,
        "oneway": "B",
        "maxspeed": 0,
        "layer": 0,
        "bridge": "F",
        "tunnel": "F"
      },
      "geometry": {
        "type": "MultiLineString",
        "coordinates": [
          [
            [
              114.3651716526838,
              30.535580322861176
            ],
            [
              114.36512861723332,
              30.535566998394174
            ],
            [
              114.36502190555719,
              30.53556718545776
            ],
            [
              114.36498326605775,
              30.53556686941493
            ],
            [
              114.36493331561209,
              30.535566317267712
            ]
          ]
        ]
      }
    },
    {
      "type": "Feature",
      "properties": {
        "osm_id": "1036845862",
        "code": 5155,
        "fclass": "steps",
        "name": null,
        "ref": null,
        "oneway": "B",
        "maxspeed": 0,
        "layer": 0,
        "bridge": "F",
        "tunnel": "F"
      },
      "geometry": {
        "type": "MultiLineString",
        "coordinates": [
          [
            [
              114.3659331930532,
              30.535630412548695
            ],
            [
              114.36593314380177,
              30.535564505838988
            ]
          ]
        ]
      }
    },
    {
      "type": "Feature",
      "properties": {
        "osm_id": "1036845864",
        "code": 5153,
        "fclass": "footway",
        "name": null,
        "ref": null,
        "oneway": "B",
        "maxspeed": 0,
        "layer": 0,
        "bridge": "F",
        "tunnel": "F"
      },
      "geometry": {
        "type": "MultiLineString",
        "coordinates": [
          [
            [
              114.36593314380177,
              30.535564505838988
            ],
            [
              114.36599211822755,
              30.535563428448178
            ],
            [
              114.36603987926134,
              30.535562325272174
            ]
          ]
        ]
      }
    },
    {
      "type": "Feature",
      "properties": {
        "osm_id": "1442929826",
        "code": 5155,
        "fclass": "steps",
        "name": null,
        "ref": null,
        "oneway": "B",
        "maxspeed": 0,
        "layer": 0,
        "bridge": "F",
        "tunnel": "F"
      },
      "geometry": {
        "type": "MultiLineString",
        "coordinates": [
          [
            [
              114.36525806960793,
              30.535549361600648
            ],
            [
              114.36525712616321,
              30.53547445140734
            ]
          ]
        ]
      }
    },
    {
      "type": "Feature",
      "properties": {
        "osm_id": "1442929827",
        "code": 5153,
        "fclass": "footway",
        "name": null,
        "ref": null,
        "oneway": "B",
        "maxspeed": 0,
        "layer": 0,
        "bridge": "F",
        "tunnel": "F"
      },
      "geometry": {
        "type": "MultiLineString",
        "coordinates": [
          [
            [
              114.3652581652463,
              30.535555162450667
            ],
            [
              114.36525806960793,
              30.535549361600648
            ]
          ]
        ]
      }
    },
    {
      "type": "Feature",
      "properties": {
        "osm_id": "1442929828",
        "code": 5153,
        "fclass": "footway",
        "name": null,
        "ref": null,
        "oneway": "B",
        "maxspeed": 0,
        "layer": 0,
        "bridge": "F",
        "tunnel": "F"
      },
      "geometry": {
        "type": "MultiLineString",
        "coordinates": [
          [
            [
              114.36593328003396,
              30.53564741443165
            ],
            [
              114.3659331930532,
              30.535630412548695
            ]
          ]
        ]
      }
    },
    {
      "type": "Feature",
      "properties": {
        "osm_id": "1443127361",
        "code": 5153,
        "fclass": "footway",
        "name": null,
        "ref": null,
        "oneway": "B",
        "maxspeed": 0,
        "layer": 1,
        "bridge": "F",
        "tunnel": "F"
      },
      "geometry": {
        "type": "MultiLineString",
        "coordinates": [
          [
            [
              114.36509033560041,
              30.53562059279066
            ],
            [
              114.36511996670647,
              30.535620678848584
            ],
            [
              114.36512947673256,
              30.535620706290167
            ],
            [
              114.36514769599842,
              30.535620758620357
            ]
          ]
        ]
      }
    },
    {
      "type": "Feature",
      "properties": {
        "osm_id": "1443127371",
        "code": 5153,
        "fclass": "footway",
        "name": null,
        "ref": null,
        "oneway": "B",
        "maxspeed": 0,
        "layer": 0,
        "bridge": "F",
        "tunnel": "F"
      },
      "geometry": {
        "type": "MultiLineString",
        "coordinates": [
          [
            [
              114.36599618046615,
              30.53600518050136
            ],
            [
              114.36603923522044,
              30.536004567738136
            ],
            [
              114.36610682171664,
              30.536004001126358
            ]
          ]
        ]
      }
    },
    {
      "type": "Feature",
      "properties": {
        "osm_id": "1443127385",
        "code": 5153,
        "fclass": "footway",
        "name": null,
        "ref": null,
        "oneway": "B",
        "maxspeed": 0,
        "layer": 0,
        "bridge": "F",
        "tunnel": "F"
      },
      "geometry": {
        "type": "MultiLineString",
        "coordinates": [
          [
            [
              114.36599748016569,
              30.536135195795943
            ],
            [
              114.36599618046615,
              30.53600518050136
            ],
            [
              114.36599211822755,
              30.535563428448178
            ],
            [
              114.36598999359981,
              30.535331200590747
            ]
          ]
        ]
      }
    },
    {
      "type": "Feature",
      "properties": {
        "osm_id": "1443127399",
        "code": 5153,
        "fclass": "footway",
        "name": null,
        "ref": null,
        "oneway": "B",
        "maxspeed": 0,
        "layer": 0,
        "bridge": "F",
        "tunnel": "F"
      },
      "geometry": {
        "type": "MultiLineString",
        "coordinates": [
          [
            [
              114.36522424732638,
              30.53578949188596
            ],
            [
              114.36526831970045,
              30.53575781074445
            ]
          ]
        ]
      }
    },
    {
      "type": "Feature",
      "properties": {
        "osm_id": "1443127400",
        "code": 5155,
        "fclass": "steps",
        "name": null,
        "ref": null,
        "oneway": "B",
        "maxspeed": 0,
        "layer": 0,
        "bridge": "F",
        "tunnel": "F"
      },
      "geometry": {
        "type": "MultiLineString",
        "coordinates": [
          [
            [
              114.36502737067543,
              30.53574902003916
            ],
            [
              114.3650604194795,
              30.53573031608011
            ]
          ]
        ]
      }
    },
    {
      "type": "Feature",
      "properties": {
        "osm_id": "1443127401",
        "code": 5153,
        "fclass": "footway",
        "name": null,
        "ref": null,
        "oneway": "B",
        "maxspeed": 0,
        "layer": 0,
        "bridge": "F",
        "tunnel": "F"
      },
      "geometry": {
        "type": "MultiLineString",
        "coordinates": [
          [
            [
              114.3650604194795,
              30.53573031608011
            ],
            [
              114.36514304029676,
              30.535686451882604
            ]
          ]
        ]
      }
    },
    {
      "type": "Feature",
      "properties": {
        "osm_id": "1443127403",
        "code": 5153,
        "fclass": "footway",
        "name": null,
        "ref": null,
        "oneway": "B",
        "maxspeed": 0,
        "layer": 0,
        "bridge": "F",
        "tunnel": "F"
      },
      "geometry": {
        "type": "MultiLineString",
        "coordinates": [
          [
            [
              114.36510832167197,
              30.53579216231436
            ],
            [
              114.36518453391018,
              30.5357517765815
            ]
          ]
        ]
      }
    },
    {
      "type": "Feature",
      "properties": {
        "osm_id": "1443127406",
        "code": 5153,
        "fclass": "footway",
        "name": null,
        "ref": null,
        "oneway": "B",
        "maxspeed": 0,
        "layer": 0,
        "bridge": "F",
        "tunnel": "F"
      },
      "geometry": {
        "type": "MultiLineString",
        "coordinates": [
          [
            [
              114.36498260857665,
              30.535769687821656
            ],
            [
              114.36502737067543,
              30.53574902003916
            ]
          ]
        ]
      }
    },
    {
      "type": "Feature",
      "properties": {
        "osm_id": "1471868944",
        "code": 5153,
        "fclass": "footway",
        "name": null,
        "ref": null,
        "oneway": "B",
        "maxspeed": 0,
        "layer": 0,
        "bridge": "F",
        "tunnel": "F"
      },
      "geometry": {
        "type": "MultiLineString",
        "coordinates": [
          [
            [
              114.36509766026325,
              30.535337985402954
            ],
            [
              114.36506702719758,
              30.535339295901586
            ],
            [
              114.36506725097917,
              30.535439206780666
            ],
            [
              114.36525655323629,
              30.535438346154763
            ],
            [
              114.36558893018913,
              30.53543420973666
            ],
            [
              114.36588158144144,
              30.535432582493293
            ],
            [
              114.36593180749978,
              30.53547949445691
            ],
            [
              114.36593314380177,
              30.535564505838988
            ]
          ]
        ]
      }
    },
    {
      "type": "Feature",
      "properties": {
        "osm_id": "1471868949",
        "code": 5124,
        "fclass": "pedestrian",
        "name": null,
        "ref": null,
        "oneway": "B",
        "maxspeed": 0,
        "layer": 0,
        "bridge": "F",
        "tunnel": "F"
      },
      "geometry": {
        "type": "MultiLineString",
        "coordinates": [
          [
            [
              114.36520781507156,
              30.535549621843362
            ],
            [
              114.36520717188462,
              30.535474812454545
            ],
            [
              114.36525712616321,
              30.53547445140734
            ],
            [
              114.36530237578327,
              30.53547417521241
            ],
            [
              114.3653031189428,
              30.535549184828582
            ],
            [
              114.36525806960793,
              30.535549361600648
            ],
            [
              114.36520781507156,
              30.535549621843362
            ]
          ]
        ]
      }
    },
    {
      "type": "Feature",
      "properties": {
        "osm_id": "1471868951",
        "code": 5153,
        "fclass": "footway",
        "name": null,
        "ref": null,
        "oneway": "B",
        "maxspeed": 0,
        "layer": 0,
        "bridge": "F",
        "tunnel": "F"
      },
      "geometry": {
        "type": "MultiLineString",
        "coordinates": [
          [
            [
              114.36578599824516,
              30.535649293583262
            ],
            [
              114.36578571195486,
              30.535631091117345
            ]
          ]
        ]
      }
    },
    {
      "type": "Feature",
      "properties": {
        "osm_id": "1471868952",
        "code": 5153,
        "fclass": "footway",
        "name": null,
        "ref": null,
        "oneway": "B",
        "maxspeed": 0,
        "layer": -1,
        "bridge": "F",
        "tunnel": "T"
      },
      "geometry": {
        "type": "MultiLineString",
        "coordinates": [
          [
            [
              114.36578571195486,
              30.535631091117345
            ],
            [
              114.36578542943973,
              30.53560798816635
            ],
            [
              114.36575919765829,
              30.5356082288105
            ]
          ]
        ]
      }
    },
    {
      "type": "Feature",
      "properties": {
        "osm_id": "1471868954",
        "code": 5153,
        "fclass": "footway",
        "name": null,
        "ref": null,
        "oneway": "B",
        "maxspeed": 0,
        "layer": -1,
        "bridge": "F",
        "tunnel": "T"
      },
      "geometry": {
        "type": "MultiLineString",
        "coordinates": [
          [
            [
              114.36506378813363,
              30.535646117551867
            ],
            [
              114.36506430844386,
              30.535620516505155
            ],
            [
              114.36509033560041,
              30.53562059279066
            ]
          ]
        ]
      }
    },
    {
      "type": "Feature",
      "properties": {
        "osm_id": "98965440",
        "code": 5122,
        "fclass": "residential",
        "name": "求是二路",
        "ref": null,
        "oneway": "F",
        "maxspeed": 0,
        "layer": 0,
        "bridge": "F",
        "tunnel": "F"
      },
      "geometry": {
        "type": "MultiLineString",
        "coordinates": [
          [
            [
              114.36701028826224,
              30.53226035181295
            ],
            [
              114.36701010693986,
              30.53208032906583
            ],
            [
              114.36700986066619,
              30.531689678900868
            ],
            [
              114.36701252256836,
              30.53159937004005
            ]
          ]
        ]
      }
    },
    {
      "type": "Feature",
      "properties": {
        "osm_id": "102688932",
        "code": 5122,
        "fclass": "residential",
        "name": "群光东路",
        "ref": null,
        "oneway": "F",
        "maxspeed": 0,
        "layer": 0,
        "bridge": "F",
        "tunnel": "F"
      },
      "geometry": {
        "type": "MultiLineString",
        "coordinates": [
          [
            [
              114.3626151353998,
              30.5318008216983
            ],
            [
              114.36261776022037,
              30.53180751524025
            ],
            [
              114.36267089625741,
              30.531945712260132
            ]
          ]
        ]
      }
    },
    {
      "type": "Feature",
      "properties": {
        "osm_id": "103949739",
        "code": 5122,
        "fclass": "residential",
        "name": "星湖南路",
        "ref": null,
        "oneway": "B",
        "maxspeed": 0,
        "layer": 0,
        "bridge": "F",
        "tunnel": "F"
      },
      "geometry": {
        "type": "MultiLineString",
        "coordinates": [
          [
            [
              114.3642289888176,
              30.533069042367107
            ],
            [
              114.36396737266641,
              30.533070930312384
            ]
          ]
        ]
      }
    },
    {
      "type": "Feature",
      "properties": {
        "osm_id": "104108007",
        "code": 5122,
        "fclass": "residential",
        "name": "北京路",
        "ref": null,
        "oneway": "F",
        "maxspeed": 0,
        "layer": 0,
        "bridge": "F",
        "tunnel": "F"
      },
      "geometry": {
        "type": "MultiLineString",
        "coordinates": [
          [
            [
              114.36826082422363,
              30.532259547616185
            ],
            [
              114.36777779567656,
              30.532260195290657
            ],
            [
              114.36765158801518,
              30.532260144748683
            ],
            [
              114.36751937428058,
              30.53226017542543
            ],
            [
              114.36701028826224,
              30.53226035181295
            ]
          ]
        ]
      }
    },
    {
      "type": "Feature",
      "properties": {
        "osm_id": "104372380",
        "code": 5122,
        "fclass": "residential",
        "name": "星湖一路",
        "ref": null,
        "oneway": "B",
        "maxspeed": 0,
        "layer": 0,
        "bridge": "F",
        "tunnel": "F"
      },
      "geometry": {
        "type": "MultiLineString",
        "coordinates": [
          [
            [
              114.3660083575952,
              30.53406730380059
            ],
            [
              114.36601321380819,
              30.53427313634587
            ],
            [
              114.36601502616294,
              30.53439575337978
            ],
            [
              114.36602132858684,
              30.53480771022381
            ],
            [
              114.36602239706825,
              30.534851617012162
            ],
            [
              114.36602664019792,
              30.534934534289253
            ],
            [
              114.36603907986179,
              30.535167683541292
            ]
          ]
        ]
      }
    },
    {
      "type": "Feature",
      "properties": {
        "osm_id": "104372381",
        "code": 5141,
        "fclass": "service",
        "name": "陕西路",
        "ref": null,
        "oneway": "B",
        "maxspeed": 0,
        "layer": 0,
        "bridge": "F",
        "tunnel": "F"
      },
      "geometry": {
        "type": "MultiLineString",
        "coordinates": [
          [
            [
              114.36701063430043,
              30.532639798821776
            ],
            [
              114.3675199207824,
              30.532639522229708
            ],
            [
              114.36765383731984,
              30.5326394922291
            ]
          ]
        ]
      }
    },
    {
      "type": "Feature",
      "properties": {
        "osm_id": "104372392",
        "code": 5122,
        "fclass": "residential",
        "name": "回归路",
        "ref": null,
        "oneway": "B",
        "maxspeed": 0,
        "layer": 0,
        "bridge": "F",
        "tunnel": "F"
      },
      "geometry": {
        "type": "MultiLineString",
        "coordinates": [
          [
            [
              114.36948780434437,
              30.535803063643076
            ],
            [
              114.36949052932628,
              30.53499288019986
            ],
            [
              114.36949057709622,
              30.534929473694856
            ],
            [
              114.36948504784476,
              30.534685855832205
            ],
            [
              114.36947966992076,
              30.534641358149045
            ],
            [
              114.36947418661453,
              30.534603761277847
            ],
            [
              114.3694409313096,
              30.534451587422748
            ],
            [
              114.36939721892954,
              30.534211015584464
            ],
            [
              114.36939354062241,
              30.53417101573047
            ],
            [
              114.36938697276389,
              30.534108516891905
            ]
          ]
        ]
      }
    },
    {
      "type": "Feature",
      "properties": {
        "osm_id": "104372400",
        "code": 5122,
        "fclass": "residential",
        "name": "星湖二路",
        "ref": null,
        "oneway": "B",
        "maxspeed": 0,
        "layer": 0,
        "bridge": "F",
        "tunnel": "F"
      },
      "geometry": {
        "type": "MultiLineString",
        "coordinates": [
          [
            [
              114.36494845273197,
              30.534067004173348
            ],
            [
              114.36494857338812,
              30.534176316704794
            ],
            [
              114.36494859605799,
              30.534282228474783
            ],
            [
              114.3649488400329,
              30.534494752453284
            ],
            [
              114.36494896123726,
              30.53460136435629
            ],
            [
              114.36494910752377,
              30.534807886915075
            ],
            [
              114.36494914505633,
              30.5348912958756
            ],
            [
              114.36495881398206,
              30.535341472279054
            ]
          ]
        ]
      }
    },
    {
      "type": "Feature",
      "properties": {
        "osm_id": "104372410",
        "code": 5122,
        "fclass": "residential",
        "name": "星湖南路",
        "ref": null,
        "oneway": "B",
        "maxspeed": 0,
        "layer": 0,
        "bridge": "F",
        "tunnel": "F"
      },
      "geometry": {
        "type": "MultiLineString",
        "coordinates": [
          [
            [
              114.36701063707065,
              30.533073850711286
            ],
            [
              114.36697999165564,
              30.533073817291932
            ],
            [
              114.36601306773146,
              30.5330738995085
            ],
            [
              114.36595399377569,
              30.533073877652612
            ],
            [
              114.36534998356976,
              30.533073339329526
            ],
            [
              114.36526729286493,
              30.53307321515582
            ],
            [
              114.36493124024457,
              30.53307283665289
            ]
          ]
        ]
      }
    },
    {
      "type": "Feature",
      "properties": {
        "osm_id": "104474720",
        "code": 5122,
        "fclass": "residential",
        "name": "求是一路",
        "ref": null,
        "oneway": "F",
        "maxspeed": 0,
        "layer": 0,
        "bridge": "F",
        "tunnel": "F"
      },
      "geometry": {
        "type": "MultiLineString",
        "coordinates": [
          [
            [
              114.36826126653183,
              30.532938129498
            ],
            [
              114.36826137394921,
              30.533072645275183
            ]
          ]
        ]
      }
    },
    {
      "type": "Feature",
      "properties": {
        "osm_id": "104474722",
        "code": 5122,
        "fclass": "residential",
        "name": "求是二路",
        "ref": null,
        "oneway": "F",
        "maxspeed": 0,
        "layer": 0,
        "bridge": "F",
        "tunnel": "F"
      },
      "geometry": {
        "type": "MultiLineString",
        "coordinates": [
          [
            [
              114.36701063707065,
              30.533073850711286
            ],
            [
              114.36701053288476,
              30.53293473413643
            ]
          ]
        ]
      }
    },
    {
      "type": "Feature",
      "properties": {
        "osm_id": "127030843",
        "code": 5132,
        "fclass": "trunk_link",
        "name": null,
        "ref": null,
        "oneway": "F",
        "maxspeed": 40,
        "layer": 1,
        "bridge": "T",
        "tunnel": "F"
      },
      "geometry": {
        "type": "MultiLineString",
        "coordinates": [
          [
            [
              114.36164180429024,
              30.538069754428033
            ],
            [
              114.36166153858808,
              30.538035021419297
            ]
          ]
        ]
      }
    },
    {
      "type": "Feature",
      "properties": {
        "osm_id": "127030846",
        "code": 5132,
        "fclass": "trunk_link",
        "name": null,
        "ref": null,
        "oneway": "F",
        "maxspeed": 40,
        "layer": 1,
        "bridge": "T",
        "tunnel": "F"
      },
      "geometry": {
        "type": "MultiLineString",
        "coordinates": [
          [
            [
              114.36200187880588,
              30.53835099405168
            ],
            [
              114.36222476113484,
              30.53894202540836
            ],
            [
              114.36219750141271,
              30.539116386165496
            ]
          ]
        ]
      }
    },
    {
      "type": "Feature",
      "properties": {
        "osm_id": "307265578",
        "code": 5141,
        "fclass": "service",
        "name": null,
        "ref": null,
        "oneway": "B",
        "maxspeed": 0,
        "layer": 0,
        "bridge": "F",
        "tunnel": "F"
      },
      "geometry": {
        "type": "MultiLineString",
        "coordinates": [
          [
            [
              114.36602664019792,
              30.534934534289253
            ],
            [
              114.36593783009855,
              30.53493305096045
            ],
            [
              114.36581127327878,
              30.534934977040862
            ],
            [
              114.36556307775328,
              30.534936894980067
            ],
            [
              114.36523180707022,
              30.53493702568999
            ],
            [
              114.36523170349504,
              30.534808311800436
            ],
            [
              114.36523189147776,
              30.534420570647214
            ],
            [
              114.36523130851204,
              30.534396566409047
            ],
            [
              114.36572256645633,
              30.534397218332305
            ],
            [
              114.36593842906697,
              30.5343974951468
            ],
            [
              114.3659387211777,
              30.5346790260176
            ],
            [
              114.36593882394298,
              30.53480954006911
            ],
            [
              114.3659381589759,
              30.53489514767973
            ],
            [
              114.36593783009855,
              30.53493305096045
            ]
          ]
        ]
      }
    },
    {
      "type": "Feature",
      "properties": {
        "osm_id": "358205752",
        "code": 5141,
        "fclass": "service",
        "name": null,
        "ref": null,
        "oneway": "B",
        "maxspeed": 0,
        "layer": 0,
        "bridge": "F",
        "tunnel": "F"
      },
      "geometry": {
        "type": "MultiLineString",
        "coordinates": [
          [
            [
              114.3670120593801,
              30.53484854912698
            ],
            [
              114.3669770074315,
              30.53484851092489
            ],
            [
              114.36648450671366,
              30.534848449379556
            ],
            [
              114.36602239706825,
              30.534851617012162
            ]
          ]
        ]
      }
    },
    {
      "type": "Feature",
      "properties": {
        "osm_id": "358205755",
        "code": 5153,
        "fclass": "footway",
        "name": null,
        "ref": null,
        "oneway": "B",
        "maxspeed": 0,
        "layer": 0,
        "bridge": "F",
        "tunnel": "F"
      },
      "geometry": {
        "type": "MultiLineString",
        "coordinates": [
          [
            [
              114.3642138770794,
              30.534600060236674
            ],
            [
              114.36458340521948,
              30.534601183729503
            ],
            [
              114.36482623847405,
              30.53460108224724
            ]
          ]
        ]
      }
    },
    {
      "type": "Feature",
      "properties": {
        "osm_id": "358205756",
        "code": 5153,
        "fclass": "footway",
        "name": null,
        "ref": null,
        "oneway": "B",
        "maxspeed": 0,
        "layer": 0,
        "bridge": "F",
        "tunnel": "F"
      },
      "geometry": {
        "type": "MultiLineString",
        "coordinates": [
          [
            [
              114.36421075698384,
              30.534891379783186
            ],
            [
              114.36460030442706,
              30.534891372192657
            ],
            [
              114.36483533084724,
              30.53489134206896
            ]
          ]
        ]
      }
    },
    {
      "type": "Feature",
      "properties": {
        "osm_id": "358205757",
        "code": 5155,
        "fclass": "steps",
        "name": null,
        "ref": null,
        "oneway": "B",
        "maxspeed": 0,
        "layer": 0,
        "bridge": "F",
        "tunnel": "F"
      },
      "geometry": {
        "type": "MultiLineString",
        "coordinates": [
          [
            [
              114.36484038763994,
              30.534281992245937
            ],
            [
              114.36494859605799,
              30.534282228474783
            ]
          ]
        ]
      }
    },
    {
      "type": "Feature",
      "properties": {
        "osm_id": "358205758",
        "code": 5155,
        "fclass": "steps",
        "name": null,
        "ref": null,
        "oneway": "B",
        "maxspeed": 0,
        "layer": 0,
        "bridge": "F",
        "tunnel": "F"
      },
      "geometry": {
        "type": "MultiLineString",
        "coordinates": [
          [
            [
              114.36482623847405,
              30.53460108224724
            ],
            [
              114.36494896123726,
              30.53460136435629
            ]
          ]
        ]
      }
    },
    {
      "type": "Feature",
      "properties": {
        "osm_id": "358205759",
        "code": 5155,
        "fclass": "steps",
        "name": null,
        "ref": null,
        "oneway": "B",
        "maxspeed": 0,
        "layer": 0,
        "bridge": "F",
        "tunnel": "F"
      },
      "geometry": {
        "type": "MultiLineString",
        "coordinates": [
          [
            [
              114.36483533084724,
              30.53489134206896
            ],
            [
              114.36494914505633,
              30.5348912958756
            ]
          ]
        ]
      }
    },
    {
      "type": "Feature",
      "properties": {
        "osm_id": "358205762",
        "code": 5155,
        "fclass": "steps",
        "name": null,
        "ref": null,
        "oneway": "B",
        "maxspeed": 0,
        "layer": 0,
        "bridge": "F",
        "tunnel": "F"
      },
      "geometry": {
        "type": "MultiLineString",
        "coordinates": [
          [
            [
              114.36555447497099,
              30.536352215674107
            ],
            [
              114.36560241988676,
              30.53623922224271
            ]
          ]
        ]
      }
    },
    {
      "type": "Feature",
      "properties": {
        "osm_id": "403774547",
        "code": 5155,
        "fclass": "steps",
        "name": null,
        "ref": null,
        "oneway": "B",
        "maxspeed": 0,
        "layer": 0,
        "bridge": "F",
        "tunnel": "F"
      },
      "geometry": {
        "type": "MultiLineString",
        "coordinates": [
          [
            [
              114.36593882394298,
              30.53480954006911
            ],
            [
              114.36602132858684,
              30.53480771022381
            ]
          ]
        ]
      }
    },
    {
      "type": "Feature",
      "properties": {
        "osm_id": "403774548",
        "code": 5155,
        "fclass": "steps",
        "name": null,
        "ref": null,
        "oneway": "B",
        "maxspeed": 0,
        "layer": 0,
        "bridge": "F",
        "tunnel": "F"
      },
      "geometry": {
        "type": "MultiLineString",
        "coordinates": [
          [
            [
              114.36523130851204,
              30.534396566409047
            ],
            [
              114.36523126662802,
              30.534317357632723
            ]
          ]
        ]
      }
    },
    {
      "type": "Feature",
      "properties": {
        "osm_id": "403774549",
        "code": 5153,
        "fclass": "footway",
        "name": null,
        "ref": null,
        "oneway": "B",
        "maxspeed": 0,
        "layer": 0,
        "bridge": "F",
        "tunnel": "F"
      },
      "geometry": {
        "type": "MultiLineString",
        "coordinates": [
          [
            [
              114.36523126662802,
              30.534317357632723
            ],
            [
              114.36514377307014,
              30.53431721035445
            ],
            [
              114.3650945211448,
              30.53431716793132
            ],
            [
              114.36505357846414,
              30.534317047756502
            ],
            [
              114.36505374779368,
              30.534494867659113
            ]
          ]
        ]
      }
    },
    {
      "type": "Feature",
      "properties": {
        "osm_id": "403774550",
        "code": 5155,
        "fclass": "steps",
        "name": null,
        "ref": null,
        "oneway": "B",
        "maxspeed": 0,
        "layer": 1,
        "bridge": "F",
        "tunnel": "F"
      },
      "geometry": {
        "type": "MultiLineString",
        "coordinates": [
          [
            [
              114.36505374779368,
              30.534494867659113
            ],
            [
              114.3649488400329,
              30.534494752453284
            ]
          ]
        ]
      }
    },
    {
      "type": "Feature",
      "properties": {
        "osm_id": "403774551",
        "code": 5153,
        "fclass": "footway",
        "name": null,
        "ref": null,
        "oneway": "B",
        "maxspeed": 0,
        "layer": 0,
        "bridge": "F",
        "tunnel": "F"
      },
      "geometry": {
        "type": "MultiLineString",
        "coordinates": [
          [
            [
              114.36514377307014,
              30.53431721035445
            ],
            [
              114.36510068081672,
              30.53424447787547
            ],
            [
              114.36506028820486,
              30.53417645205645
            ]
          ]
        ]
      }
    },
    {
      "type": "Feature",
      "properties": {
        "osm_id": "403774552",
        "code": 5155,
        "fclass": "steps",
        "name": null,
        "ref": null,
        "oneway": "B",
        "maxspeed": 0,
        "layer": 1,
        "bridge": "F",
        "tunnel": "F"
      },
      "geometry": {
        "type": "MultiLineString",
        "coordinates": [
          [
            [
              114.36506028820486,
              30.53417645205645
            ],
            [
              114.36494857338812,
              30.534176316704794
            ]
          ]
        ]
      }
    },
    {
      "type": "Feature",
      "properties": {
        "osm_id": "403774553",
        "code": 5153,
        "fclass": "footway",
        "name": null,
        "ref": null,
        "oneway": "B",
        "maxspeed": 0,
        "layer": 0,
        "bridge": "F",
        "tunnel": "F"
      },
      "geometry": {
        "type": "MultiLineString",
        "coordinates": [
          [
            [
              114.36506028820486,
              30.53417645205645
            ],
            [
              114.36512068415249,
              30.534131623394448
            ]
          ]
        ]
      }
    },
    {
      "type": "Feature",
      "properties": {
        "osm_id": "403774554",
        "code": 5155,
        "fclass": "steps",
        "name": null,
        "ref": null,
        "oneway": "B",
        "maxspeed": 0,
        "layer": 0,
        "bridge": "F",
        "tunnel": "F"
      },
      "geometry": {
        "type": "MultiLineString",
        "coordinates": [
          [
            [
              114.36512068415249,
              30.534131623394448
            ],
            [
              114.36512063079768,
              30.53406731608298
            ]
          ]
        ]
      }
    },
    {
      "type": "Feature",
      "properties": {
        "osm_id": "489515246",
        "code": 5141,
        "fclass": "service",
        "name": "陕西路",
        "ref": null,
        "oneway": "B",
        "maxspeed": 0,
        "layer": 0,
        "bridge": "F",
        "tunnel": "F"
      },
      "geometry": {
        "type": "MultiLineString",
        "coordinates": [
          [
            [
              114.36765383731984,
              30.5326394922291
            ],
            [
              114.36777603853793,
              30.53263934107937
            ],
            [
              114.36826117058179,
              30.532638793839695
            ]
          ]
        ]
      }
    },
    {
      "type": "Feature",
      "properties": {
        "osm_id": "492930477",
        "code": 5113,
        "fclass": "primary",
        "name": "珞狮路",
        "ref": null,
        "oneway": "F",
        "maxspeed": 0,
        "layer": 0,
        "bridge": "F",
        "tunnel": "F"
      },
      "geometry": {
        "type": "MultiLineString",
        "coordinates": [
          [
            [
              114.36160170542605,
              30.537451597473677
            ],
            [
              114.36164102564689,
              30.537561151562716
            ]
          ]
        ]
      }
    },
    {
      "type": "Feature",
      "properties": {
        "osm_id": "664651418",
        "code": 5155,
        "fclass": "steps",
        "name": null,
        "ref": null,
        "oneway": "B",
        "maxspeed": 0,
        "layer": 0,
        "bridge": "F",
        "tunnel": "T"
      },
      "geometry": {
        "type": "MultiLineString",
        "coordinates": [
          [
            [
              114.36320329234769,
              30.5322492989269
            ],
            [
              114.36346611272809,
              30.532173297264293
            ],
            [
              114.36373555479726,
              30.532095357665334
            ]
          ]
        ]
      }
    },
    {
      "type": "Feature",
      "properties": {
        "osm_id": "664651419",
        "code": 5155,
        "fclass": "steps",
        "name": null,
        "ref": null,
        "oneway": "B",
        "maxspeed": 0,
        "layer": 0,
        "bridge": "F",
        "tunnel": "T"
      },
      "geometry": {
        "type": "MultiLineString",
        "coordinates": [
          [
            [
              114.36305017144798,
              30.531682391357847
            ],
            [
              114.36325513368949,
              30.531622961028706
            ],
            [
              114.36362324871256,
              30.53151630249985
            ]
          ]
        ]
      }
    },
    {
      "type": "Feature",
      "properties": {
        "osm_id": "664651420",
        "code": 5153,
        "fclass": "footway",
        "name": null,
        "ref": null,
        "oneway": "B",
        "maxspeed": 0,
        "layer": -1,
        "bridge": "F",
        "tunnel": "T"
      },
      "geometry": {
        "type": "MultiLineString",
        "coordinates": [
          [
            [
              114.36346611272809,
              30.532173297264293
            ],
            [
              114.36325513368949,
              30.531622961028706
            ]
          ]
        ]
      }
    },
    {
      "type": "Feature",
      "properties": {
        "osm_id": "664756698",
        "code": 5155,
        "fclass": "steps",
        "name": null,
        "ref": null,
        "oneway": "B",
        "maxspeed": 0,
        "layer": 0,
        "bridge": "F",
        "tunnel": "F"
      },
      "geometry": {
        "type": "MultiLineString",
        "coordinates": [
          [
            [
              114.36701143358276,
              30.534068164791883
            ],
            [
              114.36710337056343,
              30.534069059583622
            ],
            [
              114.36716957088044,
              30.534069022736645
            ]
          ]
        ]
      }
    },
    {
      "type": "Feature",
      "properties": {
        "osm_id": "664756699",
        "code": 5155,
        "fclass": "steps",
        "name": null,
        "ref": null,
        "oneway": "B",
        "maxspeed": 0,
        "layer": 0,
        "bridge": "F",
        "tunnel": "F"
      },
      "geometry": {
        "type": "MultiLineString",
        "coordinates": [
          [
            [
              114.36812430521634,
              30.533822638743196
            ],
            [
              114.36820735128973,
              30.533821335855908
            ],
            [
              114.36826194755716,
              30.53382133045608
            ]
          ]
        ]
      }
    },
    {
      "type": "Feature",
      "properties": {
        "osm_id": "664756700",
        "code": 5155,
        "fclass": "steps",
        "name": null,
        "ref": null,
        "oneway": "B",
        "maxspeed": 0,
        "layer": 0,
        "bridge": "F",
        "tunnel": "F"
      },
      "geometry": {
        "type": "MultiLineString",
        "coordinates": [
          [
            [
              114.36812621141847,
              30.53423338372778
            ],
            [
              114.36820835596569,
              30.534232080733293
            ],
            [
              114.36826225100823,
              30.534232075351674
            ]
          ]
        ]
      }
    },
    {
      "type": "Feature",
      "properties": {
        "osm_id": "673284744",
        "code": 5141,
        "fclass": "service",
        "name": null,
        "ref": null,
        "oneway": "B",
        "maxspeed": 0,
        "layer": 0,
        "bridge": "F",
        "tunnel": "F"
      },
      "geometry": {
        "type": "MultiLineString",
        "coordinates": [
          [
            [
              114.36601122769288,
              30.531631716222712
            ],
            [
              114.36601121554781,
              30.531650618666
            ],
            [
              114.36601183735863,
              30.53207987514076
            ],
            [
              114.36601246354364,
              30.53264094620588
            ],
            [
              114.36601306773146,
              30.5330738995085
            ]
          ]
        ]
      }
    },
    {
      "type": "Feature",
      "properties": {
        "osm_id": "851860892",
        "code": 5153,
        "fclass": "footway",
        "name": null,
        "ref": null,
        "oneway": "B",
        "maxspeed": 0,
        "layer": 0,
        "bridge": "F",
        "tunnel": "F"
      },
      "geometry": {
        "type": "MultiLineString",
        "coordinates": [
          [
            [
              114.36362324871256,
              30.53151630249985
            ],
            [
              114.36372203847517,
              30.531487621085144
            ]
          ]
        ]
      }
    },
    {
      "type": "Feature",
      "properties": {
        "osm_id": "851860893",
        "code": 5153,
        "fclass": "footway",
        "name": null,
        "ref": null,
        "oneway": "B",
        "maxspeed": 0,
        "layer": 0,
        "bridge": "F",
        "tunnel": "F"
      },
      "geometry": {
        "type": "MultiLineString",
        "coordinates": [
          [
            [
              114.36305017144798,
              30.531682391357847
            ],
            [
              114.36272923642697,
              30.53177529314412
            ]
          ]
        ]
      }
    },
    {
      "type": "Feature",
      "properties": {
        "osm_id": "851860898",
        "code": 5141,
        "fclass": "service",
        "name": null,
        "ref": null,
        "oneway": "F",
        "maxspeed": 0,
        "layer": 0,
        "bridge": "F",
        "tunnel": "F"
      },
      "geometry": {
        "type": "MultiLineString",
        "coordinates": [
          [
            [
              114.36259014370155,
              30.53196598993697
            ],
            [
              114.36253690668514,
              30.5318308887578
            ],
            [
              114.3625349211308,
              30.53182615671358
            ]
          ]
        ]
      }
    },
    {
      "type": "Feature",
      "properties": {
        "osm_id": "916497792",
        "code": 5153,
        "fclass": "footway",
        "name": null,
        "ref": null,
        "oneway": "B",
        "maxspeed": 0,
        "layer": 0,
        "bridge": "F",
        "tunnel": "F"
      },
      "geometry": {
        "type": "MultiLineString",
        "coordinates": [
          [
            [
              114.36244544784317,
              30.5318573989232
            ],
            [
              114.36253690668514,
              30.5318308887578
            ],
            [
              114.36261776022037,
              30.53180751524025
            ],
            [
              114.36272923642697,
              30.53177529314412
            ]
          ]
        ]
      }
    },
    {
      "type": "Feature",
      "properties": {
        "osm_id": "1036845861",
        "code": 5141,
        "fclass": "service",
        "name": null,
        "ref": null,
        "oneway": "B",
        "maxspeed": 0,
        "layer": 0,
        "bridge": "F",
        "tunnel": "F"
      },
      "geometry": {
        "type": "MultiLineString",
        "coordinates": [
          [
            [
              114.36523180707022,
              30.53493702568999
            ],
            [
              114.36509255795472,
              30.534938128963844
            ],
            [
              114.36509766026325,
              30.535337985402954
            ],
            [
              114.36525492906532,
              30.535336931311907
            ],
            [
              114.365559673442,
              30.535333327657384
            ],
            [
              114.36558710533627,
              30.535333194987377
            ],
            [
              114.36598999359981,
              30.535331200590747
            ],
            [
              114.36603915583693,
              30.53533080040512
            ]
          ]
        ]
      }
    },
    {
      "type": "Feature",
      "properties": {
        "osm_id": "1036845869",
        "code": 5153,
        "fclass": "footway",
        "name": null,
        "ref": null,
        "oneway": "B",
        "maxspeed": 0,
        "layer": 0,
        "bridge": "F",
        "tunnel": "F"
      },
      "geometry": {
        "type": "MultiLineString",
        "coordinates": [
          [
            [
              114.36525712616321,
              30.53547445140734
            ],
            [
              114.36525655323629,
              30.535438346154763
            ],
            [
              114.36525492906532,
              30.535336931311907
            ]
          ]
        ]
      }
    },
    {
      "type": "Feature",
      "properties": {
        "osm_id": "1037167301",
        "code": 5155,
        "fclass": "steps",
        "name": null,
        "ref": null,
        "oneway": "B",
        "maxspeed": 0,
        "layer": 0,
        "bridge": "F",
        "tunnel": "F"
      },
      "geometry": {
        "type": "MultiLineString",
        "coordinates": [
          [
            [
              114.36682120594185,
              30.534272765470842
            ],
            [
              114.36695380000877,
              30.534271823560033
            ]
          ]
        ]
      }
    },
    {
      "type": "Feature",
      "properties": {
        "osm_id": "1037696276",
        "code": 5155,
        "fclass": "steps",
        "name": null,
        "ref": null,
        "oneway": "B",
        "maxspeed": 0,
        "layer": 0,
        "bridge": "F",
        "tunnel": "F"
      },
      "geometry": {
        "type": "MultiLineString",
        "coordinates": [
          [
            [
              114.36526952016607,
              30.533887715671394
            ],
            [
              114.36526895806358,
              30.533973023719025
            ]
          ]
        ]
      }
    },
    {
      "type": "Feature",
      "properties": {
        "osm_id": "1270190496",
        "code": 5141,
        "fclass": "service",
        "name": null,
        "ref": null,
        "oneway": "B",
        "maxspeed": 0,
        "layer": 0,
        "bridge": "F",
        "tunnel": "F"
      },
      "geometry": {
        "type": "MultiLineString",
        "coordinates": [
          [
            [
              114.36375874774454,
              30.531671800112914
            ],
            [
              114.36375126766146,
              30.53163216348349
            ],
            [
              114.36372203847517,
              30.531487621085144
            ],
            [
              114.36371526890525,
              30.531452786178782
            ]
          ]
        ]
      }
    },
    {
      "type": "Feature",
      "properties": {
        "osm_id": "1279001414",
        "code": 5132,
        "fclass": "trunk_link",
        "name": "珞喻路",
        "ref": null,
        "oneway": "F",
        "maxspeed": 40,
        "layer": 0,
        "bridge": "F",
        "tunnel": "F"
      },
      "geometry": {
        "type": "MultiLineString",
        "coordinates": [
          [
            [
              114.36348272832065,
              30.531707411000287
            ],
            [
              114.36375874774454,
              30.531671800112914
            ],
            [
              114.36424257431395,
              30.531609209406653
            ]
          ]
        ]
      }
    },
    {
      "type": "Feature",
      "properties": {
        "osm_id": "1382802123",
        "code": 5141,
        "fclass": "service",
        "name": null,
        "ref": null,
        "oneway": "B",
        "maxspeed": 0,
        "layer": 0,
        "bridge": "F",
        "tunnel": "F"
      },
      "geometry": {
        "type": "MultiLineString",
        "coordinates": [
          [
            [
              114.36260821163071,
              30.534731414712287
            ],
            [
              114.36340796127267,
              30.53474313778372
            ],
            [
              114.36356753846813,
              30.534785552356798
            ]
          ]
        ]
      }
    },
    {
      "type": "Feature",
      "properties": {
        "osm_id": "1382895771",
        "code": 5141,
        "fclass": "service",
        "name": null,
        "ref": null,
        "oneway": "B",
        "maxspeed": 0,
        "layer": 0,
        "bridge": "F",
        "tunnel": "F"
      },
      "geometry": {
        "type": "MultiLineString",
        "coordinates": [
          [
            [
              114.36425719429282,
              30.535810348244702
            ],
            [
              114.3639178165052,
              30.53580993229746
            ],
            [
              114.3637375797639,
              30.535809588771183
            ],
            [
              114.36370005237065,
              30.535809330051144
            ]
          ]
        ]
      }
    },
    {
      "type": "Feature",
      "properties": {
        "osm_id": "1382928323",
        "code": 5153,
        "fclass": "footway",
        "name": null,
        "ref": null,
        "oneway": "B",
        "maxspeed": 0,
        "layer": 0,
        "bridge": "F",
        "tunnel": "F"
      },
      "geometry": {
        "type": "MultiLineString",
        "coordinates": [
          [
            [
              114.36408317234479,
              30.53363135243448
            ],
            [
              114.36377883963677,
              30.533623425563025
            ]
          ]
        ]
      }
    },
    {
      "type": "Feature",
      "properties": {
        "osm_id": "1382928325",
        "code": 5155,
        "fclass": "steps",
        "name": null,
        "ref": null,
        "oneway": "B",
        "maxspeed": 0,
        "layer": 0,
        "bridge": "F",
        "tunnel": "F"
      },
      "geometry": {
        "type": "MultiLineString",
        "coordinates": [
          [
            [
              114.36420116827597,
              30.533634404353073
            ],
            [
              114.36408317234479,
              30.53363135243448
            ]
          ]
        ]
      }
    },
    {
      "type": "Feature",
      "properties": {
        "osm_id": "1382928326",
        "code": 5141,
        "fclass": "service",
        "name": null,
        "ref": null,
        "oneway": "B",
        "maxspeed": 0,
        "layer": 0,
        "bridge": "F",
        "tunnel": "F"
      },
      "geometry": {
        "type": "MultiLineString",
        "coordinates": [
          [
            [
              114.36261106830645,
              30.534657221713186
            ],
            [
              114.36260182860366,
              30.534162017946983
            ],
            [
              114.36260862419012,
              30.533896623682338
            ]
          ]
        ]
      }
    },
    {
      "type": "Feature",
      "properties": {
        "osm_id": "1382928327",
        "code": 5141,
        "fclass": "service",
        "name": null,
        "ref": null,
        "oneway": "B",
        "maxspeed": 0,
        "layer": 0,
        "bridge": "F",
        "tunnel": "F"
      },
      "geometry": {
        "type": "MultiLineString",
        "coordinates": [
          [
            [
              114.36262709407136,
              30.533247245014756
            ],
            [
              114.36315007196663,
              30.53325787058665
            ],
            [
              114.3637863942419,
              30.53327051568949
            ],
            [
              114.36407851912624,
              30.533276192811616
            ]
          ]
        ]
      }
    },
    {
      "type": "Feature",
      "properties": {
        "osm_id": "1382928329",
        "code": 5122,
        "fclass": "residential",
        "name": null,
        "ref": null,
        "oneway": "B",
        "maxspeed": 0,
        "layer": 0,
        "bridge": "F",
        "tunnel": "F"
      },
      "geometry": {
        "type": "MultiLineString",
        "coordinates": [
          [
            [
              114.36396737266641,
              30.533070930312384
            ],
            [
              114.36397007641457,
              30.532333350365814
            ],
            [
              114.3639718801559,
              30.53202761863289
            ],
            [
              114.3639717080125,
              30.531984912444702
            ],
            [
              114.36397155350674,
              30.531915102801978
            ],
            [
              114.36397166845963,
              30.53189230030341
            ]
          ]
        ]
      }
    },
    {
      "type": "Feature",
      "properties": {
        "osm_id": "1382939840",
        "code": 5122,
        "fclass": "residential",
        "name": null,
        "ref": null,
        "oneway": "B",
        "maxspeed": 0,
        "layer": 0,
        "bridge": "F",
        "tunnel": "F"
      },
      "geometry": {
        "type": "MultiLineString",
        "coordinates": [
          [
            [
              114.36467972410333,
              30.535878739632818
            ],
            [
              114.36426444344384,
              30.53588368248634
            ]
          ]
        ]
      }
    },
    {
      "type": "Feature",
      "properties": {
        "osm_id": "1382968016",
        "code": 5141,
        "fclass": "service",
        "name": null,
        "ref": null,
        "oneway": "B",
        "maxspeed": 0,
        "layer": 0,
        "bridge": "F",
        "tunnel": "F"
      },
      "geometry": {
        "type": "MultiLineString",
        "coordinates": [
          [
            [
              114.36949052932628,
              30.53499288019986
            ],
            [
              114.36956267797008,
              30.534992084064182
            ],
            [
              114.36961919518066,
              30.534991505312615
            ],
            [
              114.37043777259163,
              30.534982025821567
            ]
          ]
        ]
      }
    },
    {
      "type": "Feature",
      "properties": {
        "osm_id": "1382968020",
        "code": 5141,
        "fclass": "service",
        "name": null,
        "ref": null,
        "oneway": "B",
        "maxspeed": 0,
        "layer": 0,
        "bridge": "F",
        "tunnel": "F"
      },
      "geometry": {
        "type": "MultiLineString",
        "coordinates": [
          [
            [
              114.36939721892954,
              30.534211015584464
            ],
            [
              114.36944211045257,
              30.53421036033316
            ],
            [
              114.36996771508124,
              30.534202871297598
            ]
          ]
        ]
      }
    },
    {
      "type": "Feature",
      "properties": {
        "osm_id": "1383196444",
        "code": 5153,
        "fclass": "footway",
        "name": null,
        "ref": null,
        "oneway": "B",
        "maxspeed": 0,
        "layer": 0,
        "bridge": "F",
        "tunnel": "F"
      },
      "geometry": {
        "type": "MultiLineString",
        "coordinates": [
          [
            [
              114.36420817183499,
              30.535133895648293
            ],
            [
              114.36482424190491,
              30.53512733172516
            ]
          ]
        ]
      }
    },
    {
      "type": "Feature",
      "properties": {
        "osm_id": "1383475010",
        "code": 5122,
        "fclass": "residential",
        "name": "星湖南路",
        "ref": null,
        "oneway": "B",
        "maxspeed": 0,
        "layer": 0,
        "bridge": "F",
        "tunnel": "F"
      },
      "geometry": {
        "type": "MultiLineString",
        "coordinates": [
          [
            [
              114.36493124024457,
              30.53307283665289
            ],
            [
              114.36491212098507,
              30.533072777723056
            ],
            [
              114.3642289888176,
              30.533069042367107
            ]
          ]
        ]
      }
    },
    {
      "type": "Feature",
      "properties": {
        "osm_id": "1383475027",
        "code": 5122,
        "fclass": "residential",
        "name": "星湖南路",
        "ref": null,
        "oneway": "B",
        "maxspeed": 0,
        "layer": 0,
        "bridge": "F",
        "tunnel": "F"
      },
      "geometry": {
        "type": "MultiLineString",
        "coordinates": [
          [
            [
              114.36925724744391,
              30.533071848222264
            ],
            [
              114.36918249905158,
              30.53307202586497
            ],
            [
              114.36877801810913,
              30.533072353654415
            ],
            [
              114.36826137394921,
              30.533072645275183
            ]
          ]
        ]
      }
    },
    {
      "type": "Feature",
      "properties": {
        "osm_id": "1383475501",
        "code": 5122,
        "fclass": "residential",
        "name": "星湖南路",
        "ref": null,
        "oneway": "B",
        "maxspeed": 0,
        "layer": 0,
        "bridge": "F",
        "tunnel": "F"
      },
      "geometry": {
        "type": "MultiLineString",
        "coordinates": [
          [
            [
              114.36826137394921,
              30.533072645275183
            ],
            [
              114.36796055092168,
              30.533074139405848
            ],
            [
              114.36765414000895,
              30.53307444415253
            ],
            [
              114.36727163217613,
              30.533074598828
            ],
            [
              114.36701063707065,
              30.533073850711286
            ]
          ]
        ]
      }
    },
    {
      "type": "Feature",
      "properties": {
        "osm_id": "1383484209",
        "code": 5141,
        "fclass": "service",
        "name": null,
        "ref": null,
        "oneway": "B",
        "maxspeed": 0,
        "layer": 0,
        "bridge": "F",
        "tunnel": "F"
      },
      "geometry": {
        "type": "MultiLineString",
        "coordinates": [
          [
            [
              114.36370005237065,
              30.535809330051144
            ],
            [
              114.36335601733087,
              30.535805512423195
            ]
          ]
        ]
      }
    },
    {
      "type": "Feature",
      "properties": {
        "osm_id": "1385234054",
        "code": 5154,
        "fclass": "path",
        "name": null,
        "ref": null,
        "oneway": "B",
        "maxspeed": 0,
        "layer": 0,
        "bridge": "F",
        "tunnel": "F"
      },
      "geometry": {
        "type": "MultiLineString",
        "coordinates": [
          [
            [
              114.36373210198296,
              30.536032187941583
            ],
            [
              114.36349233058027,
              30.536033349856844
            ]
          ]
        ]
      }
    },
    {
      "type": "Feature",
      "properties": {
        "osm_id": "1387514498",
        "code": 5141,
        "fclass": "service",
        "name": null,
        "ref": null,
        "oneway": "B",
        "maxspeed": 0,
        "layer": 0,
        "bridge": "F",
        "tunnel": "F"
      },
      "geometry": {
        "type": "MultiLineString",
        "coordinates": [
          [
            [
              114.36487187366419,
              30.536182788142998
            ],
            [
              114.36493256893073,
              30.53588374679088
            ]
          ]
        ]
      }
    },
    {
      "type": "Feature",
      "properties": {
        "osm_id": "1389536015",
        "code": 5141,
        "fclass": "service",
        "name": null,
        "ref": null,
        "oneway": "B",
        "maxspeed": 0,
        "layer": 0,
        "bridge": "F",
        "tunnel": "F"
      },
      "geometry": {
        "type": "MultiLineString",
        "coordinates": [
          [
            [
              114.36838110069488,
              30.532013695306517
            ],
            [
              114.3683792747775,
              30.53189518078873
            ],
            [
              114.36826056229661,
              30.531896602221302
            ]
          ]
        ]
      }
    },
    {
      "type": "Feature",
      "properties": {
        "osm_id": "1390672143",
        "code": 5153,
        "fclass": "footway",
        "name": null,
        "ref": null,
        "oneway": "B",
        "maxspeed": 0,
        "layer": 0,
        "bridge": "F",
        "tunnel": "F"
      },
      "geometry": {
        "type": "MultiLineString",
        "coordinates": [
          [
            [
              114.36765383731984,
              30.5326394922291
            ],
            [
              114.36765380913738,
              30.532680997224805
            ]
          ]
        ]
      }
    },
    {
      "type": "Feature",
      "properties": {
        "osm_id": "1391147720",
        "code": 5153,
        "fclass": "footway",
        "name": null,
        "ref": null,
        "oneway": "B",
        "maxspeed": 0,
        "layer": 0,
        "bridge": "F",
        "tunnel": "F"
      },
      "geometry": {
        "type": "MultiLineString",
        "coordinates": [
          [
            [
              114.36636280180032,
              30.53516718307689
            ],
            [
              114.36636287228887,
              30.535206187198664
            ],
            [
              114.36636285128219,
              30.535233789989103
            ]
          ]
        ]
      }
    },
    {
      "type": "Feature",
      "properties": {
        "osm_id": "1391147721",
        "code": 5155,
        "fclass": "steps",
        "name": null,
        "ref": null,
        "oneway": "B",
        "maxspeed": 0,
        "layer": 0,
        "bridge": "F",
        "tunnel": "F"
      },
      "geometry": {
        "type": "MultiLineString",
        "coordinates": [
          [
            [
              114.36636285128219,
              30.535233789989103
            ],
            [
              114.3663629364087,
              30.535253492147554
            ]
          ]
        ]
      }
    },
    {
      "type": "Feature",
      "properties": {
        "osm_id": "1397459392",
        "code": 5153,
        "fclass": "footway",
        "name": null,
        "ref": null,
        "oneway": "B",
        "maxspeed": 0,
        "layer": 0,
        "bridge": "F",
        "tunnel": "F"
      },
      "geometry": {
        "type": "MultiLineString",
        "coordinates": [
          [
            [
              114.36665862495165,
              30.532640260588934
            ],
            [
              114.36680661791638,
              30.53251824447952
            ],
            [
              114.36693137684932,
              30.532402681508504
            ]
          ]
        ]
      }
    },
    {
      "type": "Feature",
      "properties": {
        "osm_id": "1397459393",
        "code": 5153,
        "fclass": "footway",
        "name": null,
        "ref": null,
        "oneway": "B",
        "maxspeed": 0,
        "layer": 0,
        "bridge": "F",
        "tunnel": "F"
      },
      "geometry": {
        "type": "MultiLineString",
        "coordinates": [
          [
            [
              114.36665808423717,
              30.532402530686692
            ],
            [
              114.36680661791638,
              30.53251824447952
            ],
            [
              114.36695945851555,
              30.532639842504196
            ]
          ]
        ]
      }
    },
    {
      "type": "Feature",
      "properties": {
        "osm_id": "1397459394",
        "code": 5153,
        "fclass": "footway",
        "name": null,
        "ref": null,
        "oneway": "B",
        "maxspeed": 0,
        "layer": 0,
        "bridge": "F",
        "tunnel": "F"
      },
      "geometry": {
        "type": "MultiLineString",
        "coordinates": [
          [
            [
              114.3665258443835,
              30.532485945458344
            ],
            [
              114.36652610073305,
              30.53240243555636
            ]
          ]
        ]
      }
    },
    {
      "type": "Feature",
      "properties": {
        "osm_id": "1397459395",
        "code": 5153,
        "fclass": "footway",
        "name": null,
        "ref": null,
        "oneway": "B",
        "maxspeed": 0,
        "layer": 0,
        "bridge": "F",
        "tunnel": "F"
      },
      "geometry": {
        "type": "MultiLineString",
        "coordinates": [
          [
            [
              114.36652513915763,
              30.53264046327029
            ],
            [
              114.36652499777348,
              30.532553452433994
            ]
          ]
        ]
      }
    },
    {
      "type": "Feature",
      "properties": {
        "osm_id": "1397459407",
        "code": 5141,
        "fclass": "service",
        "name": null,
        "ref": null,
        "oneway": "B",
        "maxspeed": 0,
        "layer": 0,
        "bridge": "F",
        "tunnel": "F"
      },
      "geometry": {
        "type": "MultiLineString",
        "coordinates": [
          [
            [
              114.36927982898493,
              30.534009829112744
            ],
            [
              114.36928199216946,
              30.533788902535413
            ],
            [
              114.36928285660244,
              30.53370109186168
            ]
          ]
        ]
      }
    },
    {
      "type": "Feature",
      "properties": {
        "osm_id": "1441555684",
        "code": 5141,
        "fclass": "service",
        "name": null,
        "ref": null,
        "oneway": "B",
        "maxspeed": 0,
        "layer": 0,
        "bridge": "F",
        "tunnel": "F"
      },
      "geometry": {
        "type": "MultiLineString",
        "coordinates": [
          [
            [
              114.36260862419012,
              30.533896623682338
            ],
            [
              114.36261645016215,
              30.533586029007257
            ],
            [
              114.36262709407136,
              30.533247245014756
            ]
          ]
        ]
      }
    },
    {
      "type": "Feature",
      "properties": {
        "osm_id": "1441555687",
        "code": 5141,
        "fclass": "service",
        "name": null,
        "ref": null,
        "oneway": "B",
        "maxspeed": 0,
        "layer": 0,
        "bridge": "F",
        "tunnel": "F"
      },
      "geometry": {
        "type": "MultiLineString",
        "coordinates": [
          [
            [
              114.36134375525921,
              30.53353275020224
            ],
            [
              114.36165152128228,
              30.53353999679734
            ],
            [
              114.3618388731599,
              30.533542638387846
            ],
            [
              114.36187898375198,
              30.53354537879235
            ]
          ]
        ]
      }
    },
    {
      "type": "Feature",
      "properties": {
        "osm_id": "1441621539",
        "code": 5153,
        "fclass": "footway",
        "name": null,
        "ref": null,
        "oneway": "B",
        "maxspeed": 0,
        "layer": 0,
        "bridge": "F",
        "tunnel": "F"
      },
      "geometry": {
        "type": "MultiLineString",
        "coordinates": [
          [
            [
              114.36461976264214,
              30.532743293279346
            ],
            [
              114.3646204635066,
              30.532595677512102
            ]
          ]
        ]
      }
    },
    {
      "type": "Feature",
      "properties": {
        "osm_id": "1441621541",
        "code": 5153,
        "fclass": "footway",
        "name": null,
        "ref": null,
        "oneway": "B",
        "maxspeed": 0,
        "layer": 0,
        "bridge": "F",
        "tunnel": "F"
      },
      "geometry": {
        "type": "MultiLineString",
        "coordinates": [
          [
            [
              114.36572256645633,
              30.534397218332305
            ],
            [
              114.36572270303031,
              30.534483527998965
            ]
          ]
        ]
      }
    },
    {
      "type": "Feature",
      "properties": {
        "osm_id": "1441621542",
        "code": 5141,
        "fclass": "service",
        "name": null,
        "ref": null,
        "oneway": "B",
        "maxspeed": 0,
        "layer": 0,
        "bridge": "F",
        "tunnel": "F"
      },
      "geometry": {
        "type": "MultiLineString",
        "coordinates": [
          [
            [
              114.36593842906697,
              30.5343974951468
            ],
            [
              114.36601502616294,
              30.53439575337978
            ]
          ]
        ]
      }
    },
    {
      "type": "Feature",
      "properties": {
        "osm_id": "1441621548",
        "code": 5152,
        "fclass": "cycleway",
        "name": null,
        "ref": null,
        "oneway": "B",
        "maxspeed": 0,
        "layer": 0,
        "bridge": "F",
        "tunnel": "F"
      },
      "geometry": {
        "type": "MultiLineString",
        "coordinates": [
          [
            [
              114.36526729286493,
              30.53307321515582
            ],
            [
              114.365267270729,
              30.533105118889992
            ],
            [
              114.36526705636804,
              30.53341155434156
            ],
            [
              114.36526996447975,
              30.53382670999901
            ]
          ]
        ]
      }
    },
    {
      "type": "Feature",
      "properties": {
        "osm_id": "1441621558",
        "code": 5153,
        "fclass": "footway",
        "name": null,
        "ref": null,
        "oneway": "B",
        "maxspeed": 0,
        "layer": 0,
        "bridge": "F",
        "tunnel": "F"
      },
      "geometry": {
        "type": "MultiLineString",
        "coordinates": [
          [
            [
              114.3665258443835,
              30.532485945458344
            ],
            [
              114.36654546568735,
              30.532494476577238
            ],
            [
              114.36655697067299,
              30.532510696028563
            ],
            [
              114.36655655737677,
              30.53252959772182
            ],
            [
              114.36654463019765,
              30.53254548156057
            ],
            [
              114.36652499777348,
              30.532553452433994
            ],
            [
              114.36650296903322,
              30.53255121794285
            ],
            [
              114.36648595371905,
              30.532539389744567
            ],
            [
              114.3664786556827,
              30.5325216760141
            ],
            [
              114.36648167002609,
              30.53250647892888
            ],
            [
              114.36649209273648,
              30.532493893844265
            ],
            [
              114.36650791937497,
              30.532486517734558
            ],
            [
              114.3665258443835,
              30.532485945458344
            ]
          ]
        ]
      }
    },
    {
      "type": "Feature",
      "properties": {
        "osm_id": "1442929833",
        "code": 5155,
        "fclass": "steps",
        "name": null,
        "ref": null,
        "oneway": "B",
        "maxspeed": 0,
        "layer": 1,
        "bridge": "F",
        "tunnel": "F"
      },
      "geometry": {
        "type": "MultiLineString",
        "coordinates": [
          [
            [
              114.36504880929876,
              30.534808786761435
            ],
            [
              114.36494910752377,
              30.534807886915075
            ]
          ]
        ]
      }
    },
    {
      "type": "Feature",
      "properties": {
        "osm_id": "1442936165",
        "code": 5153,
        "fclass": "footway",
        "name": null,
        "ref": null,
        "oneway": "B",
        "maxspeed": 0,
        "layer": 0,
        "bridge": "F",
        "tunnel": "F"
      },
      "geometry": {
        "type": "MultiLineString",
        "coordinates": [
          [
            [
              114.36595399377569,
              30.533073877652612
            ],
            [
              114.36592804036088,
              30.53310442667665
            ],
            [
              114.36591471423945,
              30.53311830003418
            ]
          ]
        ]
      }
    },
    {
      "type": "Feature",
      "properties": {
        "osm_id": "1442936166",
        "code": 5153,
        "fclass": "footway",
        "name": null,
        "ref": null,
        "oneway": "B",
        "maxspeed": 0,
        "layer": 0,
        "bridge": "F",
        "tunnel": "F"
      },
      "geometry": {
        "type": "MultiLineString",
        "coordinates": [
          [
            [
              114.365267270729,
              30.533105118889992
            ],
            [
              114.36537208615827,
              30.533105001898132
            ],
            [
              114.36592804036088,
              30.53310442667665
            ],
            [
              114.36697997174338,
              30.533102520647876
            ],
            [
              114.36701061722782,
              30.533102454055474
            ],
            [
              114.36826135438548,
              30.53310084856972
            ],
            [
              114.36877930169557,
              30.53309955602574
            ]
          ]
        ]
      }
    },
    {
      "type": "Feature",
      "properties": {
        "osm_id": "1442936168",
        "code": 5153,
        "fclass": "footway",
        "name": null,
        "ref": null,
        "oneway": "B",
        "maxspeed": 0,
        "layer": 0,
        "bridge": "F",
        "tunnel": "F"
      },
      "geometry": {
        "type": "MultiLineString",
        "coordinates": [
          [
            [
              114.36526810751768,
              30.53404162905597
            ],
            [
              114.36556624168256,
              30.534042506065905
            ],
            [
              114.3660084736128,
              30.534045401607397
            ],
            [
              114.36668497663545,
              30.53404576045771
            ],
            [
              114.36697840078565,
              30.534045826324807
            ],
            [
              114.36701144976452,
              30.534045862352748
            ]
          ]
        ]
      }
    },
    {
      "type": "Feature",
      "properties": {
        "osm_id": "1442936169",
        "code": 5153,
        "fclass": "footway",
        "name": null,
        "ref": null,
        "oneway": "B",
        "maxspeed": 0,
        "layer": 0,
        "bridge": "F",
        "tunnel": "F"
      },
      "geometry": {
        "type": "MultiLineString",
        "coordinates": [
          [
            [
              114.36526810751768,
              30.53404162905597
            ],
            [
              114.36526808879631,
              30.53406743188196
            ]
          ]
        ]
      }
    },
    {
      "type": "Feature",
      "properties": {
        "osm_id": "1442936171",
        "code": 5153,
        "fclass": "footway",
        "name": null,
        "ref": null,
        "oneway": "B",
        "maxspeed": 0,
        "layer": 0,
        "bridge": "F",
        "tunnel": "F"
      },
      "geometry": {
        "type": "MultiLineString",
        "coordinates": [
          [
            [
              114.36877351310862,
              30.533211372538254
            ],
            [
              114.36877574703514,
              30.53316866623293
            ],
            [
              114.36877930169557,
              30.53309955602574
            ],
            [
              114.36877801810913,
              30.533072353654415
            ]
          ]
        ]
      }
    },
    {
      "type": "Feature",
      "properties": {
        "osm_id": "1443127359",
        "code": 5122,
        "fclass": "residential",
        "name": "星湖二路",
        "ref": null,
        "oneway": "B",
        "maxspeed": 0,
        "layer": 0,
        "bridge": "F",
        "tunnel": "F"
      },
      "geometry": {
        "type": "MultiLineString",
        "coordinates": [
          [
            [
              114.36495881398206,
              30.535341472279054
            ],
            [
              114.36493281984757,
              30.53543000188383
            ],
            [
              114.36493238573298,
              30.535473905029246
            ],
            [
              114.36493331561209,
              30.535566317267712
            ],
            [
              114.36493134260395,
              30.535787433441104
            ],
            [
              114.36493256893073,
              30.53588374679088
            ]
          ]
        ]
      }
    },
    {
      "type": "Feature",
      "properties": {
        "osm_id": "1443127360",
        "code": 5141,
        "fclass": "service",
        "name": null,
        "ref": null,
        "oneway": "B",
        "maxspeed": 0,
        "layer": 0,
        "bridge": "F",
        "tunnel": "F"
      },
      "geometry": {
        "type": "MultiLineString",
        "coordinates": [
          [
            [
              114.36495881398206,
              30.535341472279054
            ],
            [
              114.36502117718848,
              30.535342460383085
            ]
          ]
        ]
      }
    },
    {
      "type": "Feature",
      "properties": {
        "osm_id": "1443127370",
        "code": 5141,
        "fclass": "service",
        "name": null,
        "ref": null,
        "oneway": "B",
        "maxspeed": 0,
        "layer": 0,
        "bridge": "F",
        "tunnel": "F"
      },
      "geometry": {
        "type": "MultiLineString",
        "coordinates": [
          [
            [
              114.36603930911801,
              30.535910058639786
            ],
            [
              114.36619010239353,
              30.535910250358537
            ]
          ]
        ]
      }
    },
    {
      "type": "Feature",
      "properties": {
        "osm_id": "1443127386",
        "code": 5122,
        "fclass": "residential",
        "name": "星湖一路",
        "ref": null,
        "oneway": "B",
        "maxspeed": 0,
        "layer": 0,
        "bridge": "F",
        "tunnel": "F"
      },
      "geometry": {
        "type": "MultiLineString",
        "coordinates": [
          [
            [
              114.36603907986179,
              30.535167683541292
            ],
            [
              114.36603905051957,
              30.53520628745355
            ],
            [
              114.36603915583693,
              30.53533080040512
            ],
            [
              114.36603987926134,
              30.535562325272174
            ],
            [
              114.3660395403199,
              30.53574164248588
            ],
            [
              114.36603930911801,
              30.535910058639786
            ],
            [
              114.36603923522044,
              30.536004567738136
            ],
            [
              114.36603933294526,
              30.536135180621308
            ]
          ]
        ]
      }
    },
    {
      "type": "Feature",
      "properties": {
        "osm_id": "1443162574",
        "code": 5153,
        "fclass": "footway",
        "name": null,
        "ref": null,
        "oneway": "B",
        "maxspeed": 0,
        "layer": 0,
        "bridge": "F",
        "tunnel": "F"
      },
      "geometry": {
        "type": "MultiLineString",
        "coordinates": [
          [
            [
              114.3683792747775,
              30.53189518078873
            ],
            [
              114.36839190228334,
              30.53188777679702
            ]
          ]
        ]
      }
    },
    {
      "type": "Feature",
      "properties": {
        "osm_id": "1443528363",
        "code": 5141,
        "fclass": "service",
        "name": null,
        "ref": null,
        "oneway": "B",
        "maxspeed": 0,
        "layer": 0,
        "bridge": "F",
        "tunnel": "F"
      },
      "geometry": {
        "type": "MultiLineString",
        "coordinates": [
          [
            [
              114.368961024644,
              30.533701896314756
            ],
            [
              114.36896066051516,
              30.533790706459566
            ],
            [
              114.3689620053778,
              30.534010029474867
            ]
          ]
        ]
      }
    },
    {
      "type": "Feature",
      "properties": {
        "osm_id": "1445907161",
        "code": 5153,
        "fclass": "footway",
        "name": null,
        "ref": null,
        "oneway": "B",
        "maxspeed": 0,
        "layer": 0,
        "bridge": "F",
        "tunnel": "F"
      },
      "geometry": {
        "type": "MultiLineString",
        "coordinates": [
          [
            [
              114.36510068081672,
              30.53424447787547
            ],
            [
              114.36533343356575,
              30.53424172876371
            ]
          ]
        ]
      }
    },
    {
      "type": "Feature",
      "properties": {
        "osm_id": "1471868919",
        "code": 5141,
        "fclass": "service",
        "name": null,
        "ref": null,
        "oneway": "B",
        "maxspeed": 0,
        "layer": 0,
        "bridge": "F",
        "tunnel": "F"
      },
      "geometry": {
        "type": "MultiLineString",
        "coordinates": [
          [
            [
              114.36896066051516,
              30.533790706459566
            ],
            [
              114.36917447825876,
              30.53378951516469
            ],
            [
              114.36928199216946,
              30.533788902535413
            ]
          ]
        ]
      }
    },
    {
      "type": "Feature",
      "properties": {
        "osm_id": "1471868924",
        "code": 5141,
        "fclass": "service",
        "name": null,
        "ref": null,
        "oneway": "B",
        "maxspeed": 0,
        "layer": 0,
        "bridge": "F",
        "tunnel": "F"
      },
      "geometry": {
        "type": "MultiLineString",
        "coordinates": [
          [
            [
              114.36917534288823,
              30.53370140453885
            ],
            [
              114.36917447825876,
              30.53378951516469
            ],
            [
              114.36917231548072,
              30.534009941483625
            ]
          ]
        ]
      }
    },
    {
      "type": "Feature",
      "properties": {
        "osm_id": "1471868925",
        "code": 5141,
        "fclass": "service",
        "name": null,
        "ref": null,
        "oneway": "B",
        "maxspeed": 0,
        "layer": 0,
        "bridge": "F",
        "tunnel": "F"
      },
      "geometry": {
        "type": "MultiLineString",
        "coordinates": [
          [
            [
              114.3689620053778,
              30.534010029474867
            ],
            [
              114.36917231548072,
              30.534009941483625
            ],
            [
              114.36927982898493,
              30.534009829112744
            ],
            [
              114.36938674385641,
              30.534009706468893
            ]
          ]
        ]
      }
    },
    {
      "type": "Feature",
      "properties": {
        "osm_id": "1471868927",
        "code": 5153,
        "fclass": "footway",
        "name": null,
        "ref": null,
        "oneway": "B",
        "maxspeed": 0,
        "layer": 0,
        "bridge": "F",
        "tunnel": "F"
      },
      "geometry": {
        "type": "MultiLineString",
        "coordinates": [
          [
            [
              114.36826163548433,
              30.533415084783886
            ],
            [
              114.36837443635544,
              30.533415264685722
            ]
          ]
        ]
      }
    },
    {
      "type": "Feature",
      "properties": {
        "osm_id": "1471868934",
        "code": 5153,
        "fclass": "footway",
        "name": null,
        "ref": null,
        "oneway": "B",
        "maxspeed": 0,
        "layer": 0,
        "bridge": "F",
        "tunnel": "F"
      },
      "geometry": {
        "type": "MultiLineString",
        "coordinates": [
          [
            [
              114.36695380000877,
              30.534271823560033
            ],
            [
              114.36697803547398,
              30.534272250694602
            ],
            [
              114.36701158482903,
              30.534272787319974
            ]
          ]
        ]
      }
    },
    {
      "type": "Feature",
      "properties": {
        "osm_id": "1471868935",
        "code": 5153,
        "fclass": "footway",
        "name": null,
        "ref": null,
        "oneway": "B",
        "maxspeed": 0,
        "layer": 0,
        "bridge": "F",
        "tunnel": "F"
      },
      "geometry": {
        "type": "MultiLineString",
        "coordinates": [
          [
            [
              114.36697643707743,
              30.53520584717252
            ],
            [
              114.36697646748124,
              30.535165843121117
            ],
            [
              114.3669770074315,
              30.53484851092489
            ],
            [
              114.36697767003591,
              30.534496674473647
            ],
            [
              114.36697803547398,
              30.534272250694602
            ],
            [
              114.36697838453134,
              30.53406822877495
            ],
            [
              114.36697840078565,
              30.534045826324807
            ],
            [
              114.36697961283355,
              30.533329746760003
            ],
            [
              114.36697997174338,
              30.533102520647876
            ],
            [
              114.36697999165564,
              30.533073817291932
            ]
          ]
        ]
      }
    },
    {
      "type": "Feature",
      "properties": {
        "osm_id": "1471868939",
        "code": 5153,
        "fclass": "footway",
        "name": null,
        "ref": null,
        "oneway": "B",
        "maxspeed": 0,
        "layer": 0,
        "bridge": "F",
        "tunnel": "F"
      },
      "geometry": {
        "type": "MultiLineString",
        "coordinates": [
          [
            [
              114.36458267312318,
              30.534643485802587
            ],
            [
              114.36458340521948,
              30.534601183729503
            ]
          ]
        ]
      }
    },
    {
      "type": "Feature",
      "properties": {
        "osm_id": "1471868940",
        "code": 5153,
        "fclass": "footway",
        "name": null,
        "ref": null,
        "oneway": "B",
        "maxspeed": 0,
        "layer": 0,
        "bridge": "F",
        "tunnel": "F"
      },
      "geometry": {
        "type": "MultiLineString",
        "coordinates": [
          [
            [
              114.36460006572399,
              30.53494257680457
            ],
            [
              114.36460030442706,
              30.534891372192657
            ]
          ]
        ]
      }
    },
    {
      "type": "Feature",
      "properties": {
        "osm_id": "1471868941",
        "code": 5153,
        "fclass": "footway",
        "name": null,
        "ref": null,
        "oneway": "B",
        "maxspeed": 0,
        "layer": 0,
        "bridge": "F",
        "tunnel": "F"
      },
      "geometry": {
        "type": "MultiLineString",
        "coordinates": [
          [
            [
              114.36459318016654,
              30.534102962227163
            ],
            [
              114.36459260598393,
              30.534066656217906
            ]
          ]
        ]
      }
    },
    {
      "type": "Feature",
      "properties": {
        "osm_id": "1471868942",
        "code": 5153,
        "fclass": "footway",
        "name": null,
        "ref": null,
        "oneway": "B",
        "maxspeed": 0,
        "layer": 0,
        "bridge": "F",
        "tunnel": "F"
      },
      "geometry": {
        "type": "MultiLineString",
        "coordinates": [
          [
            [
              114.36458818922593,
              30.534357973509394
            ],
            [
              114.36458534216507,
              30.534282155477726
            ]
          ]
        ]
      }
    },
    {
      "type": "Feature",
      "properties": {
        "osm_id": "1472522857",
        "code": 5153,
        "fclass": "footway",
        "name": null,
        "ref": null,
        "oneway": "B",
        "maxspeed": 0,
        "layer": 0,
        "bridge": "F",
        "tunnel": "F"
      },
      "geometry": {
        "type": "MultiLineString",
        "coordinates": [
          [
            [
              114.36413702719663,
              30.535507164163803
            ],
            [
              114.3642040814481,
              30.535509719125454
            ]
          ]
        ]
      }
    },
    {
      "type": "Feature",
      "properties": {
        "osm_id": "1472522859",
        "code": 5153,
        "fclass": "footway",
        "name": null,
        "ref": null,
        "oneway": "B",
        "maxspeed": 0,
        "layer": 0,
        "bridge": "F",
        "tunnel": "F"
      },
      "geometry": {
        "type": "MultiLineString",
        "coordinates": [
          [
            [
              114.365559673442,
              30.535333327657384
            ],
            [
              114.36555821973516,
              30.535270417621085
            ]
          ]
        ]
      }
    },
    {
      "type": "Feature",
      "properties": {
        "osm_id": "1472842310",
        "code": 5153,
        "fclass": "footway",
        "name": null,
        "ref": null,
        "oneway": "B",
        "maxspeed": 0,
        "layer": 0,
        "bridge": "F",
        "tunnel": "F"
      },
      "geometry": {
        "type": "MultiLineString",
        "coordinates": [
          [
            [
              114.36526895806358,
              30.533973023719025
            ],
            [
              114.3652685342576,
              30.534005326172217
            ],
            [
              114.36526810751768,
              30.53404162905597
            ]
          ]
        ]
      }
    },
    {
      "type": "Feature",
      "properties": {
        "osm_id": "1472842311",
        "code": 5153,
        "fclass": "footway",
        "name": null,
        "ref": null,
        "oneway": "B",
        "maxspeed": 0,
        "layer": 0,
        "bridge": "F",
        "tunnel": "F"
      },
      "geometry": {
        "type": "MultiLineString",
        "coordinates": [
          [
            [
              114.36526996447975,
              30.53382670999901
            ],
            [
              114.36526952016607,
              30.533887715671394
            ]
          ]
        ]
      }
    },
    {
      "type": "Feature",
      "properties": {
        "osm_id": "1472842314",
        "code": 5153,
        "fclass": "footway",
        "name": null,
        "ref": null,
        "oneway": "B",
        "maxspeed": 0,
        "layer": 0,
        "bridge": "F",
        "tunnel": "F"
      },
      "geometry": {
        "type": "MultiLineString",
        "coordinates": [
          [
            [
              114.36509450991214,
              30.534332469576647
            ],
            [
              114.3650945211448,
              30.53431716793132
            ]
          ]
        ]
      }
    },
    {
      "type": "Feature",
      "properties": {
        "osm_id": "1473497636",
        "code": 5153,
        "fclass": "footway",
        "name": null,
        "ref": null,
        "oneway": "B",
        "maxspeed": 0,
        "layer": 0,
        "bridge": "F",
        "tunnel": "F"
      },
      "geometry": {
        "type": "MultiLineString",
        "coordinates": [
          [
            [
              114.36558893018913,
              30.53543420973666
            ],
            [
              114.36558710533627,
              30.535333194987377
            ]
          ]
        ]
      }
    },
    {
      "type": "Feature",
      "properties": {
        "osm_id": "1473497652",
        "code": 5122,
        "fclass": "residential",
        "name": "星湖三路",
        "ref": null,
        "oneway": "B",
        "maxspeed": 0,
        "layer": 0,
        "bridge": "F",
        "tunnel": "F"
      },
      "geometry": {
        "type": "MultiLineString",
        "coordinates": [
          [
            [
              114.3642040814481,
              30.535509719125454
            ],
            [
              114.3642544036419,
              30.535795236357018
            ],
            [
              114.36425719429282,
              30.535810348244702
            ],
            [
              114.36426444344384,
              30.53588368248634
            ]
          ]
        ]
      }
    },
    {
      "type": "Feature",
      "properties": {
        "osm_id": "1473497661",
        "code": 5153,
        "fclass": "footway",
        "name": null,
        "ref": null,
        "oneway": "B",
        "maxspeed": 0,
        "layer": 0,
        "bridge": "F",
        "tunnel": "F"
      },
      "geometry": {
        "type": "MultiLineString",
        "coordinates": [
          [
            [
              114.36420752879398,
              30.535189899081136
            ],
            [
              114.36427408622711,
              30.53518914736869
            ]
          ]
        ]
      }
    },
    {
      "type": "Feature",
      "properties": {
        "osm_id": "1473497668",
        "code": 5153,
        "fclass": "footway",
        "name": null,
        "ref": null,
        "oneway": "B",
        "maxspeed": 0,
        "layer": 0,
        "bridge": "F",
        "tunnel": "F"
      },
      "geometry": {
        "type": "MultiLineString",
        "coordinates": [
          [
            [
              114.36601246354364,
              30.53264094620588
            ],
            [
              114.36588410383845,
              30.532640977050924
            ]
          ]
        ]
      }
    },
    {
      "type": "Feature",
      "properties": {
        "osm_id": "1473497670",
        "code": 5153,
        "fclass": "footway",
        "name": null,
        "ref": null,
        "oneway": "B",
        "maxspeed": 0,
        "layer": 0,
        "bridge": "F",
        "tunnel": "F"
      },
      "geometry": {
        "type": "MultiLineString",
        "coordinates": [
          [
            [
              114.36601121554781,
              30.531650618666
            ],
            [
              114.36593411881141,
              30.53165125883648
            ]
          ]
        ]
      }
    },
    {
      "type": "Feature",
      "properties": {
        "osm_id": "1473497671",
        "code": 5153,
        "fclass": "footway",
        "name": null,
        "ref": null,
        "oneway": "B",
        "maxspeed": 0,
        "layer": 0,
        "bridge": "F",
        "tunnel": "F"
      },
      "geometry": {
        "type": "MultiLineString",
        "coordinates": [
          [
            [
              114.36593411881141,
              30.53165125883648
            ],
            [
              114.36584711976067,
              30.53163876989433
            ]
          ]
        ]
      }
    },
    {
      "type": "Feature",
      "properties": {
        "osm_id": "1474085630",
        "code": 5153,
        "fclass": "footway",
        "name": null,
        "ref": null,
        "oneway": "B",
        "maxspeed": 0,
        "layer": 0,
        "bridge": "F",
        "tunnel": "F"
      },
      "geometry": {
        "type": "MultiLineString",
        "coordinates": [
          [
            [
              114.36694609558562,
              30.536235114657153
            ],
            [
              114.36694537345683,
              30.53613480424118
            ]
          ]
        ]
      }
    },
    {
      "type": "Feature",
      "properties": {
        "osm_id": "1480400136",
        "code": 5153,
        "fclass": "footway",
        "name": null,
        "ref": null,
        "oneway": "B",
        "maxspeed": 0,
        "layer": 0,
        "bridge": "F",
        "tunnel": "F"
      },
      "geometry": {
        "type": "MultiLineString",
        "coordinates": [
          [
            [
              114.36945059536433,
              30.534929724822533
            ],
            [
              114.36949057709622,
              30.534929473694856
            ]
          ]
        ]
      }
    },
    {
      "type": "Feature",
      "properties": {
        "osm_id": "1480400142",
        "code": 5122,
        "fclass": "residential",
        "name": "回归路",
        "ref": null,
        "oneway": "B",
        "maxspeed": 0,
        "layer": 0,
        "bridge": "F",
        "tunnel": "F"
      },
      "geometry": {
        "type": "MultiLineString",
        "coordinates": [
          [
            [
              114.36938302909903,
              30.53317371738938
            ],
            [
              114.3693298743354,
              30.53309837078932
            ],
            [
              114.36930684495671,
              30.533074094046363
            ],
            [
              114.36925724744391,
              30.533071848222264
            ]
          ]
        ]
      }
    },
    {
      "type": "Feature",
      "properties": {
        "osm_id": "1480419199",
        "code": 5155,
        "fclass": "steps",
        "name": null,
        "ref": null,
        "oneway": "B",
        "maxspeed": 0,
        "layer": 0,
        "bridge": "F",
        "tunnel": "F"
      },
      "geometry": {
        "type": "MultiLineString",
        "coordinates": [
          [
            [
              114.36373555479726,
              30.532095357665334
            ],
            [
              114.36382964317177,
              30.532068146600285
            ]
          ]
        ]
      }
    },
    {
      "type": "Feature",
      "properties": {
        "osm_id": "1480419200",
        "code": 5141,
        "fclass": "service",
        "name": null,
        "ref": null,
        "oneway": "F",
        "maxspeed": 0,
        "layer": 0,
        "bridge": "F",
        "tunnel": "F"
      },
      "geometry": {
        "type": "MultiLineString",
        "coordinates": [
          [
            [
              114.36388208098872,
              30.531919042419112
            ],
            [
              114.36388142207589,
              30.532008351275426
            ],
            [
              114.36388119413391,
              30.53205065578987
            ],
            [
              114.3638736266011,
              30.53317586425359
            ]
          ]
        ]
      }
    },
    {
      "type": "Feature",
      "properties": {
        "osm_id": "1480419219",
        "code": 5153,
        "fclass": "footway",
        "name": null,
        "ref": null,
        "oneway": "B",
        "maxspeed": 0,
        "layer": 0,
        "bridge": "F",
        "tunnel": "F"
      },
      "geometry": {
        "type": "MultiLineString",
        "coordinates": [
          [
            [
              114.36587596586132,
              30.531777250819445
            ],
            [
              114.3658274072479,
              30.53177614431658
            ]
          ]
        ]
      }
    },
    {
      "type": "Feature",
      "properties": {
        "osm_id": "1480419221",
        "code": 5153,
        "fclass": "footway",
        "name": null,
        "ref": null,
        "oneway": "B",
        "maxspeed": 0,
        "layer": 0,
        "bridge": "F",
        "tunnel": "F"
      },
      "geometry": {
        "type": "MultiLineString",
        "coordinates": [
          [
            [
              114.36382964317177,
              30.532068146600285
            ],
            [
              114.36385556787015,
              30.532060652284358
            ]
          ]
        ]
      }
    },
    {
      "type": "Feature",
      "properties": {
        "osm_id": "1480419227",
        "code": 5153,
        "fclass": "footway",
        "name": null,
        "ref": null,
        "oneway": "B",
        "maxspeed": 0,
        "layer": 0,
        "bridge": "F",
        "tunnel": "F"
      },
      "geometry": {
        "type": "MultiLineString",
        "coordinates": [
          [
            [
              114.36372712804084,
              30.532277445316303
            ],
            [
              114.36376826658984,
              30.532265316722455
            ]
          ]
        ]
      }
    },
    {
      "type": "Feature",
      "properties": {
        "osm_id": "1480437154",
        "code": 5152,
        "fclass": "cycleway",
        "name": null,
        "ref": null,
        "oneway": "B",
        "maxspeed": 0,
        "layer": 0,
        "bridge": "F",
        "tunnel": "F"
      },
      "geometry": {
        "type": "MultiLineString",
        "coordinates": [
          [
            [
              114.36180159848686,
              30.533206273831645
            ],
            [
              114.36180221722518,
              30.53317967435959
            ],
            [
              114.36180325102364,
              30.533131574785816
            ],
            [
              114.36180397555998,
              30.533096574916684
            ]
          ]
        ]
      }
    },
    {
      "type": "Feature",
      "properties": {
        "osm_id": "1480437155",
        "code": 5152,
        "fclass": "cycleway",
        "name": null,
        "ref": null,
        "oneway": "B",
        "maxspeed": 0,
        "layer": 0,
        "bridge": "F",
        "tunnel": "F"
      },
      "geometry": {
        "type": "MultiLineString",
        "coordinates": [
          [
            [
              114.36159730688027,
              30.53296869171196
            ],
            [
              114.36159617565058,
              30.533013490145258
            ],
            [
              114.3615947338755,
              30.533073288452727
            ],
            [
              114.3615934964121,
              30.53312678723993
            ]
          ]
        ]
      }
    },
    {
      "type": "Feature",
      "properties": {
        "osm_id": "1480437157",
        "code": 5141,
        "fclass": "service",
        "name": null,
        "ref": null,
        "oneway": "B",
        "maxspeed": 0,
        "layer": 0,
        "bridge": "F",
        "tunnel": "F"
      },
      "geometry": {
        "type": "MultiLineString",
        "coordinates": [
          [
            [
              114.361366296495,
              30.533196155439892
            ],
            [
              114.36180159848686,
              30.533206273831645
            ],
            [
              114.36189212509709,
              30.533208316965187
            ]
          ]
        ]
      }
    },
    {
      "type": "Feature",
      "properties": {
        "osm_id": "1480437176",
        "code": 5153,
        "fclass": "footway",
        "name": null,
        "ref": null,
        "oneway": "B",
        "maxspeed": 0,
        "layer": 0,
        "bridge": "F",
        "tunnel": "F"
      },
      "geometry": {
        "type": "MultiLineString",
        "coordinates": [
          [
            [
              114.36244544784317,
              30.5318573989232
            ],
            [
              114.3624444297103,
              30.53185473096146
            ]
          ]
        ]
      }
    },
    {
      "type": "Feature",
      "properties": {
        "osm_id": "1481020752",
        "code": 5122,
        "fclass": "residential",
        "name": "求是大道",
        "ref": null,
        "oneway": "B",
        "maxspeed": 0,
        "layer": 0,
        "bridge": "F",
        "tunnel": "F"
      },
      "geometry": {
        "type": "MultiLineString",
        "coordinates": [
          [
            [
              114.36493256893073,
              30.53588374679088
            ],
            [
              114.36467972410333,
              30.535878739632818
            ]
          ]
        ]
      }
    },
    {
      "type": "Feature",
      "properties": {
        "osm_id": "1485103559",
        "code": 5153,
        "fclass": "footway",
        "name": null,
        "ref": null,
        "oneway": "B",
        "maxspeed": 0,
        "layer": 0,
        "bridge": "F",
        "tunnel": "F"
      },
      "geometry": {
        "type": "MultiLineString",
        "coordinates": [
          [
            [
              114.36840404672728,
              30.53138460884231
            ],
            [
              114.36836920273132,
              30.5313551134168
            ]
          ]
        ]
      }
    },
    {
      "type": "Feature",
      "properties": {
        "osm_id": "1491524639",
        "code": 5153,
        "fclass": "footway",
        "name": null,
        "ref": null,
        "oneway": "B",
        "maxspeed": 0,
        "layer": 0,
        "bridge": "F",
        "tunnel": "F"
      },
      "geometry": {
        "type": "MultiLineString",
        "coordinates": [
          [
            [
              114.36826146525283,
              30.533229363476234
            ],
            [
              114.36845581307571,
              30.533229721335804
            ],
            [
              114.36845605585026,
              30.5331689142267
            ],
            [
              114.36877574703514,
              30.53316866623293
            ]
          ]
        ]
      }
    },
    {
      "type": "Feature",
      "properties": {
        "osm_id": "103943356",
        "code": 5132,
        "fclass": "trunk_link",
        "name": null,
        "ref": null,
        "oneway": "F",
        "maxspeed": 40,
        "layer": 1,
        "bridge": "T",
        "tunnel": "F"
      },
      "geometry": {
        "type": "MultiLineString",
        "coordinates": [
          [
            [
              114.36079827113063,
              30.53582843965302
            ],
            [
              114.36073404164607,
              30.5357998005276
            ]
          ]
        ]
      }
    },
    {
      "type": "Feature",
      "properties": {
        "osm_id": "103943357",
        "code": 5113,
        "fclass": "primary",
        "name": null,
        "ref": null,
        "oneway": "F",
        "maxspeed": 0,
        "layer": 0,
        "bridge": "F",
        "tunnel": "F"
      },
      "geometry": {
        "type": "MultiLineString",
        "coordinates": [
          [
            [
              114.3603245805393,
              30.53475432170484
            ],
            [
              114.36015110789809,
              30.53432427576166
            ],
            [
              114.35979168888291,
              30.533433295460622
            ]
          ]
        ]
      }
    },
    {
      "type": "Feature",
      "properties": {
        "osm_id": "104474718",
        "code": 5122,
        "fclass": "residential",
        "name": null,
        "ref": null,
        "oneway": "F",
        "maxspeed": 0,
        "layer": 0,
        "bridge": "F",
        "tunnel": "F"
      },
      "geometry": {
        "type": "MultiLineString",
        "coordinates": [
          [
            [
              114.37000436401598,
              30.532534817762755
            ],
            [
              114.37003979994373,
              30.53253301031615
            ]
          ]
        ]
      }
    },
    {
      "type": "Feature",
      "properties": {
        "osm_id": "233473949",
        "code": 5133,
        "fclass": "primary_link",
        "name": null,
        "ref": null,
        "oneway": "F",
        "maxspeed": 0,
        "layer": 0,
        "bridge": "F",
        "tunnel": "F"
      },
      "geometry": {
        "type": "MultiLineString",
        "coordinates": [
          [
            [
              114.35979168888291,
              30.533433295460622
            ],
            [
              114.35978668270225,
              30.533429875188506
            ]
          ]
        ]
      }
    },
    {
      "type": "Feature",
      "properties": {
        "osm_id": "792964167",
        "code": 5153,
        "fclass": "footway",
        "name": null,
        "ref": null,
        "oneway": "B",
        "maxspeed": 0,
        "layer": 0,
        "bridge": "F",
        "tunnel": "F"
      },
      "geometry": {
        "type": "MultiLineString",
        "coordinates": [
          [
            [
              114.37145354120658,
              30.53631914317355
            ],
            [
              114.37156494430631,
              30.536285784233257
            ],
            [
              114.37166050631984,
              30.53625726716919
            ]
          ]
        ]
      }
    },
    {
      "type": "Feature",
      "properties": {
        "osm_id": "1474580189",
        "code": 5141,
        "fclass": "service",
        "name": null,
        "ref": null,
        "oneway": "B",
        "maxspeed": 0,
        "layer": 0,
        "bridge": "F",
        "tunnel": "F"
      },
      "geometry": {
        "type": "MultiLineString",
        "coordinates": [
          [
            [
              114.36014487762071,
              30.534326049599617
            ],
            [
              114.36015110789809,
              30.53432427576166
            ]
          ]
        ]
      }
    },
    {
      "type": "Feature",
      "properties": {
        "osm_id": "1479975470",
        "code": 5141,
        "fclass": "service",
        "name": null,
        "ref": null,
        "oneway": "B",
        "maxspeed": 0,
        "layer": 0,
        "bridge": "F",
        "tunnel": "F"
      },
      "geometry": {
        "type": "MultiLineString",
        "coordinates": [
          [
            [
              114.3719661401557,
              30.53631470991966
            ],
            [
              114.37196035222264,
              30.536294676150824
            ]
          ]
        ]
      }
    },
    {
      "type": "Feature",
      "properties": {
        "osm_id": "1479980406",
        "code": 5141,
        "fclass": "service",
        "name": null,
        "ref": null,
        "oneway": "B",
        "maxspeed": 0,
        "layer": 0,
        "bridge": "F",
        "tunnel": "F"
      },
      "geometry": {
        "type": "MultiLineString",
        "coordinates": [
          [
            [
              114.37158874563463,
              30.53597757832158
            ],
            [
              114.37145628216862,
              30.536021107150308
            ]
          ]
        ]
      }
    },
    {
      "type": "Feature",
      "properties": {
        "osm_id": "1480167616",
        "code": 5153,
        "fclass": "footway",
        "name": null,
        "ref": null,
        "oneway": "B",
        "maxspeed": 0,
        "layer": 0,
        "bridge": "F",
        "tunnel": "F"
      },
      "geometry": {
        "type": "MultiLineString",
        "coordinates": [
          [
            [
              114.37145354120658,
              30.53631914317355
            ],
            [
              114.37143027823967,
              30.53632611667296
            ]
          ]
        ]
      }
    },
    {
      "type": "Feature",
      "properties": {
        "osm_id": "1481608799",
        "code": 5122,
        "fclass": "residential",
        "name": null,
        "ref": null,
        "oneway": "F",
        "maxspeed": 0,
        "layer": 0,
        "bridge": "F",
        "tunnel": "F"
      },
      "geometry": {
        "type": "MultiLineString",
        "coordinates": [
          [
            [
              114.37007702318589,
              30.532605957711244
            ],
            [
              114.37004419625383,
              30.53261465559044
            ]
          ]
        ]
      }
    }
  ]
}