{
  "type": "FeatureCollection",
  "name": "WHUInfo_Points",
  "crs": {
    "type": "name",
    "properties": {
      "name": "urn:ogc:def:crs:OGC:1.3:CRS84"
    }
  },
  "features": [
    {
      "type": "Feature",
      "properties": {
        "LAYER": "Unknown Point Feature",
        "GM_TYPE": "Unknown Point Feature",
        "barrier": "gate",
        "name": "武汉大学珞南二门（明贤门）",
        "id": 1197820000.0,
        "visible": "true",
        "version": 4,
        "changeset": 109615286,
        "timestamp": "2021-08-13T08:54:25Z",
        "user": "EarlOMeath",
        "uid": 11187534,
        "highway": null,
        "amenity": null,
        "place": null,
        "bicycle": null,
        "foot": null,
        "motor_vehi": null,
        "tourism": null,
        "addr_city": null,
        "addr_house": null,
        "addr_postc": 0,
        "addr_stree": null,
        "atm": null,
        "brand": null,
        "brand_en": null,
        "brand_wiki": null,
        "brand_wik1": null,
        "name_en": null,
        "bus": null,
        "public_tra": null,
        "shop": null,
        "level": 0,
        "cuisine": null,
        "brand_zh": null,
        "name_zh": null,
        "takeaway": null,
        "opening_ho": null,
        "office": null,
        "railway": null,
        "leisure": null,
        "addr_distr": null,
        "addr_provi": null,
        "subway": null,
        "building": null,
        "horse": null,
        "locked": null,
        "access": null,
        "natural": null,
        "capacity": 0,
        "phone": null,
        "traffic_ca": null,
        "diet_veget": null,
        "artwork_ty": null,
        "delivery": null,
        "drive_thro": null,
        "outdoor_se": null,
        "sport": null,
        "crossing": null,
        "bench": null,
        "bin": null,
        "telecom": null,
        "historic": null,
        "man_made": null,
        "parking": null,
        "healthcare": null,
        "note": null,
        "operator": null,
        "waste": null,
        "parcel_pic": null,
        "diet_meat": null,
        "shelter_ty": null
      },
      "geometry": {
        "type": "Point",
        "coordinates": [
          114.36953665539183,
          30.5374929525686
        ]
      }
    },
    {
      "type": "Feature",
      "properties": {
        "LAYER": "highway - traffic_signals",
        "GM_TYPE": "Unknown Point Feature",
        "barrier": null,
        "name": null,
        "id": 1197840000.0,
        "visible": "true",
        "version": 3,
        "changeset": 120670726,
        "timestamp": "2022-05-07T14:32:38Z",
        "user": "636663",
        "uid": 15396410,
        "highway": "traffic_signals",
        "amenity": null,
        "place": null,
        "bicycle": null,
        "foot": null,
        "motor_vehi": null,
        "tourism": null,
        "addr_city": null,
        "addr_house": null,
        "addr_postc": 0,
        "addr_stree": null,
        "atm": null,
        "brand": null,
        "brand_en": null,
        "brand_wiki": null,
        "brand_wik1": null,
        "name_en": null,
        "bus": null,
        "public_tra": null,
        "shop": null,
        "level": 0,
        "cuisine": null,
        "brand_zh": null,
        "name_zh": null,
        "takeaway": null,
        "opening_ho": null,
        "office": null,
        "railway": null,
        "leisure": null,
        "addr_distr": null,
        "addr_provi": null,
        "subway": null,
        "building": null,
        "horse": null,
        "locked": null,
        "access": null,
        "natural": null,
        "capacity": 0,
        "phone": null,
        "traffic_ca": null,
        "diet_veget": null,
        "artwork_ty": null,
        "delivery": null,
        "drive_thro": null,
        "outdoor_se": null,
        "sport": null,
        "crossing": null,
        "bench": null,
        "bin": null,
        "telecom": null,
        "historic": null,
        "man_made": null,
        "parking": null,
        "healthcare": null,
        "note": null,
        "operator": null,
        "waste": null,
        "parcel_pic": null,
        "diet_meat": null,
        "shelter_ty": null
      },
      "geometry": {
        "type": "Point",
        "coordinates": [
          114.37163391426348,
          30.536541681228904
        ]
      }
    },
    {
      "type": "Feature",
      "properties": {
        "LAYER": "amenity - bicycle_rental",
        "GM_TYPE": "Unknown Point Feature",
        "barrier": null,
        "name": "广八路站",
        "id": 1197860000.0,
        "visible": "true",
        "version": 2,
        "changeset": 14857026,
        "timestamp": "2013-01-31T09:36:01Z",
        "user": "kun3721",
        "uid": 1195808,
        "highway": null,
        "amenity": "bicycle_rental",
        "place": null,
        "bicycle": null,
        "foot": null,
        "motor_vehi": null,
        "tourism": null,
        "addr_city": null,
        "addr_house": null,
        "addr_postc": 0,
        "addr_stree": null,
        "atm": null,
        "brand": null,
        "brand_en": null,
        "brand_wiki": null,
        "brand_wik1": null,
        "name_en": null,
        "bus": null,
        "public_tra": null,
        "shop": null,
        "level": 0,
        "cuisine": null,
        "brand_zh": null,
        "name_zh": null,
        "takeaway": null,
        "opening_ho": null,
        "office": null,
        "railway": null,
        "leisure": null,
        "addr_distr": null,
        "addr_provi": null,
        "subway": null,
        "building": null,
        "horse": null,
        "locked": null,
        "access": null,
        "natural": null,
        "capacity": 0,
        "phone": null,
        "traffic_ca": null,
        "diet_veget": null,
        "artwork_ty": null,
        "delivery": null,
        "drive_thro": null,
        "outdoor_se": null,
        "sport": null,
        "crossing": null,
        "bench": null,
        "bin": null,
        "telecom": null,
        "historic": null,
        "man_made": null,
        "parking": null,
        "healthcare": null,
        "note": null,
        "operator": null,
        "waste": null,
        "parcel_pic": null,
        "diet_meat": null,
        "shelter_ty": null
      },
      "geometry": {
        "type": "Point",
        "coordinates": [
          114.37175893747501,
          30.536152524841004
        ]
      }
    },
    {
      "type": "Feature",
      "properties": {
        "LAYER": "Unknown Point Feature",
        "GM_TYPE": "Unknown Point Feature",
        "barrier": "gate",
        "name": null,
        "id": 1199840000.0,
        "visible": "true",
        "version": 1,
        "changeset": 7540883,
        "timestamp": "2011-03-13T08:53:30Z",
        "user": "GeoSUN",
        "uid": 414582,
        "highway": null,
        "amenity": null,
        "place": null,
        "bicycle": null,
        "foot": null,
        "motor_vehi": null,
        "tourism": null,
        "addr_city": null,
        "addr_house": null,
        "addr_postc": 0,
        "addr_stree": null,
        "atm": null,
        "brand": null,
        "brand_en": null,
        "brand_wiki": null,
        "brand_wik1": null,
        "name_en": null,
        "bus": null,
        "public_tra": null,
        "shop": null,
        "level": 0,
        "cuisine": null,
        "brand_zh": null,
        "name_zh": null,
        "takeaway": null,
        "opening_ho": null,
        "office": null,
        "railway": null,
        "leisure": null,
        "addr_distr": null,
        "addr_provi": null,
        "subway": null,
        "building": null,
        "horse": null,
        "locked": null,
        "access": null,
        "natural": null,
        "capacity": 0,
        "phone": null,
        "traffic_ca": null,
        "diet_veget": null,
        "artwork_ty": null,
        "delivery": null,
        "drive_thro": null,
        "outdoor_se": null,
        "sport": null,
        "crossing": null,
        "bench": null,
        "bin": null,
        "telecom": null,
        "historic": null,
        "man_made": null,
        "parking": null,
        "healthcare": null,
        "note": null,
        "operator": null,
        "waste": null,
        "parcel_pic": null,
        "diet_meat": null,
        "shelter_ty": null
      },
      "geometry": {
        "type": "Point",
        "coordinates": [
          114.36982876029916,
          30.536882966575902
        ]
      }
    },
    {
      "type": "Feature",
      "properties": {
        "LAYER": "amenity - bicycle_rental",
        "GM_TYPE": "Unknown Point Feature",
        "barrier": null,
        "name": null,
        "id": 1199840000.0,
        "visible": "true",
        "version": 2,
        "changeset": 33503783,
        "timestamp": "2015-08-22T12:12:48Z",
        "user": "SimpleLuke",
        "uid": 2092629,
        "highway": null,
        "amenity": "bicycle_rental",
        "place": null,
        "bicycle": null,
        "foot": null,
        "motor_vehi": null,
        "tourism": null,
        "addr_city": null,
        "addr_house": null,
        "addr_postc": 0,
        "addr_stree": null,
        "atm": null,
        "brand": null,
        "brand_en": null,
        "brand_wiki": null,
        "brand_wik1": null,
        "name_en": null,
        "bus": null,
        "public_tra": null,
        "shop": null,
        "level": 0,
        "cuisine": null,
        "brand_zh": null,
        "name_zh": null,
        "takeaway": null,
        "opening_ho": null,
        "office": null,
        "railway": null,
        "leisure": null,
        "addr_distr": null,
        "addr_provi": null,
        "subway": null,
        "building": null,
        "horse": null,
        "locked": null,
        "access": null,
        "natural": null,
        "capacity": 0,
        "phone": null,
        "traffic_ca": null,
        "diet_veget": null,
        "artwork_ty": null,
        "delivery": null,
        "drive_thro": null,
        "outdoor_se": null,
        "sport": null,
        "crossing": null,
        "bench": null,
        "bin": null,
        "telecom": null,
        "historic": null,
        "man_made": null,
        "parking": null,
        "healthcare": null,
        "note": null,
        "operator": null,
        "waste": null,
        "parcel_pic": null,
        "diet_meat": null,
        "shelter_ty": null
      },
      "geometry": {
        "type": "Point",
        "coordinates": [
          114.36393752276177,
          30.53853016378992
        ]
      }
    },
    {
      "type": "Feature",
      "properties": {
        "LAYER": "Unknown Point Feature",
        "GM_TYPE": "Unknown Point Feature",
        "barrier": "lift_gate",
        "name": null,
        "id": 1199840000.0,
        "visible": "true",
        "version": 2,
        "changeset": 32356045,
        "timestamp": "2015-07-02T14:57:29Z",
        "user": "SimpleLuke",
        "uid": 2092629,
        "highway": null,
        "amenity": null,
        "place": null,
        "bicycle": null,
        "foot": null,
        "motor_vehi": null,
        "tourism": null,
        "addr_city": null,
        "addr_house": null,
        "addr_postc": 0,
        "addr_stree": null,
        "atm": null,
        "brand": null,
        "brand_en": null,
        "brand_wiki": null,
        "brand_wik1": null,
        "name_en": null,
        "bus": null,
        "public_tra": null,
        "shop": null,
        "level": 0,
        "cuisine": null,
        "brand_zh": null,
        "name_zh": null,
        "takeaway": null,
        "opening_ho": null,
        "office": null,
        "railway": null,
        "leisure": null,
        "addr_distr": null,
        "addr_provi": null,
        "subway": null,
        "building": null,
        "horse": null,
        "locked": null,
        "access": null,
        "natural": null,
        "capacity": 0,
        "phone": null,
        "traffic_ca": null,
        "diet_veget": null,
        "artwork_ty": null,
        "delivery": null,
        "drive_thro": null,
        "outdoor_se": null,
        "sport": null,
        "crossing": null,
        "bench": null,
        "bin": null,
        "telecom": null,
        "historic": null,
        "man_made": null,
        "parking": null,
        "healthcare": null,
        "note": null,
        "operator": null,
        "waste": null,
        "parcel_pic": null,
        "diet_meat": null,
        "shelter_ty": null
      },
      "geometry": {
        "type": "Point",
        "coordinates": [
          114.36825904340242,
          30.531611865963377
        ]
      }
    },
    {
      "type": "Feature",
      "properties": {
        "LAYER": "Unknown Point Feature",
        "GM_TYPE": "Unknown Point Feature",
        "barrier": "gate",
        "name": null,
        "id": 1199840000.0,
        "visible": "true",
        "version": 1,
        "changeset": 7540883,
        "timestamp": "2011-03-13T08:53:32Z",
        "user": "GeoSUN",
        "uid": 414582,
        "highway": null,
        "amenity": null,
        "place": null,
        "bicycle": null,
        "foot": null,
        "motor_vehi": null,
        "tourism": null,
        "addr_city": null,
        "addr_house": null,
        "addr_postc": 0,
        "addr_stree": null,
        "atm": null,
        "brand": null,
        "brand_en": null,
        "brand_wiki": null,
        "brand_wik1": null,
        "name_en": null,
        "bus": null,
        "public_tra": null,
        "shop": null,
        "level": 0,
        "cuisine": null,
        "brand_zh": null,
        "name_zh": null,
        "takeaway": null,
        "opening_ho": null,
        "office": null,
        "railway": null,
        "leisure": null,
        "addr_distr": null,
        "addr_provi": null,
        "subway": null,
        "building": null,
        "horse": null,
        "locked": null,
        "access": null,
        "natural": null,
        "capacity": 0,
        "phone": null,
        "traffic_ca": null,
        "diet_veget": null,
        "artwork_ty": null,
        "delivery": null,
        "drive_thro": null,
        "outdoor_se": null,
        "sport": null,
        "crossing": null,
        "bench": null,
        "bin": null,
        "telecom": null,
        "historic": null,
        "man_made": null,
        "parking": null,
        "healthcare": null,
        "note": null,
        "operator": null,
        "waste": null,
        "parcel_pic": null,
        "diet_meat": null,
        "shelter_ty": null
      },
      "geometry": {
        "type": "Point",
        "coordinates": [
          114.36942576979426,
          30.535813643178944
        ]
      }
    },
    {
      "type": "Feature",
      "properties": {
        "LAYER": "place - locality",
        "GM_TYPE": "Unknown Point Feature",
        "barrier": null,
        "name": "武汉大学(信息学部)",
        "id": 1201320000.0,
        "visible": "true",
        "version": 3,
        "changeset": 17113576,
        "timestamp": "2013-07-27T13:00:32Z",
        "user": "GeoSUN",
        "uid": 414582,
        "highway": null,
        "amenity": null,
        "place": "locality",
        "bicycle": null,
        "foot": null,
        "motor_vehi": null,
        "tourism": null,
        "addr_city": null,
        "addr_house": null,
        "addr_postc": 0,
        "addr_stree": null,
        "atm": null,
        "brand": null,
        "brand_en": null,
        "brand_wiki": null,
        "brand_wik1": null,
        "name_en": null,
        "bus": null,
        "public_tra": null,
        "shop": null,
        "level": 0,
        "cuisine": null,
        "brand_zh": null,
        "name_zh": null,
        "takeaway": null,
        "opening_ho": null,
        "office": null,
        "railway": null,
        "leisure": null,
        "addr_distr": null,
        "addr_provi": null,
        "subway": null,
        "building": null,
        "horse": null,
        "locked": null,
        "access": null,
        "natural": null,
        "capacity": 0,
        "phone": null,
        "traffic_ca": null,
        "diet_veget": null,
        "artwork_ty": null,
        "delivery": null,
        "drive_thro": null,
        "outdoor_se": null,
        "sport": null,
        "crossing": null,
        "bench": null,
        "bin": null,
        "telecom": null,
        "historic": null,
        "man_made": null,
        "parking": null,
        "healthcare": null,
        "note": null,
        "operator": null,
        "waste": null,
        "parcel_pic": null,
        "diet_meat": null,
        "shelter_ty": null
      },
      "geometry": {
        "type": "Point",
        "coordinates": [
          114.36604352546381,
          30.53458093083613
        ]
      }
    },
    {
      "type": "Feature",
      "properties": {
        "LAYER": "Unknown Point Feature",
        "GM_TYPE": "Unknown Point Feature",
        "barrier": "gate",
        "name": "武汉大学珞珈门",
        "id": 1202520000.0,
        "visible": "true",
        "version": 6,
        "changeset": 120670726,
        "timestamp": "2022-05-07T14:32:38Z",
        "user": "636663",
        "uid": 15396410,
        "highway": null,
        "amenity": null,
        "place": null,
        "bicycle": "yes",
        "foot": "yes",
        "motor_vehi": "private",
        "tourism": null,
        "addr_city": null,
        "addr_house": null,
        "addr_postc": 0,
        "addr_stree": null,
        "atm": null,
        "brand": null,
        "brand_en": null,
        "brand_wiki": null,
        "brand_wik1": null,
        "name_en": null,
        "bus": null,
        "public_tra": null,
        "shop": null,
        "level": 0,
        "cuisine": null,
        "brand_zh": null,
        "name_zh": null,
        "takeaway": null,
        "opening_ho": null,
        "office": null,
        "railway": null,
        "leisure": null,
        "addr_distr": null,
        "addr_provi": null,
        "subway": null,
        "building": null,
        "horse": null,
        "locked": null,
        "access": null,
        "natural": null,
        "capacity": 0,
        "phone": null,
        "traffic_ca": null,
        "diet_veget": null,
        "artwork_ty": null,
        "delivery": null,
        "drive_thro": null,
        "outdoor_se": null,
        "sport": null,
        "crossing": null,
        "bench": null,
        "bin": null,
        "telecom": null,
        "historic": null,
        "man_made": null,
        "parking": null,
        "healthcare": null,
        "note": null,
        "operator": null,
        "waste": null,
        "parcel_pic": null,
        "diet_meat": null,
        "shelter_ty": null
      },
      "geometry": {
        "type": "Point",
        "coordinates": [
          114.36377760057819,
          30.539000748886014
        ]
      }
    },
    {
      "type": "Feature",
      "properties": {
        "LAYER": "Unknown Point Feature",
        "GM_TYPE": "Unknown Point Feature",
        "barrier": "gate",
        "name": null,
        "id": 1202520000.0,
        "visible": "true",
        "version": 1,
        "changeset": 7562962,
        "timestamp": "2011-03-15T02:43:05Z",
        "user": "GeoSUN",
        "uid": 414582,
        "highway": null,
        "amenity": null,
        "place": null,
        "bicycle": null,
        "foot": null,
        "motor_vehi": null,
        "tourism": null,
        "addr_city": null,
        "addr_house": null,
        "addr_postc": 0,
        "addr_stree": null,
        "atm": null,
        "brand": null,
        "brand_en": null,
        "brand_wiki": null,
        "brand_wik1": null,
        "name_en": null,
        "bus": null,
        "public_tra": null,
        "shop": null,
        "level": 0,
        "cuisine": null,
        "brand_zh": null,
        "name_zh": null,
        "takeaway": null,
        "opening_ho": null,
        "office": null,
        "railway": null,
        "leisure": null,
        "addr_distr": null,
        "addr_provi": null,
        "subway": null,
        "building": null,
        "horse": null,
        "locked": null,
        "access": null,
        "natural": null,
        "capacity": 0,
        "phone": null,
        "traffic_ca": null,
        "diet_veget": null,
        "artwork_ty": null,
        "delivery": null,
        "drive_thro": null,
        "outdoor_se": null,
        "sport": null,
        "crossing": null,
        "bench": null,
        "bin": null,
        "telecom": null,
        "historic": null,
        "man_made": null,
        "parking": null,
        "healthcare": null,
        "note": null,
        "operator": null,
        "waste": null,
        "parcel_pic": null,
        "diet_meat": null,
        "shelter_ty": null
      },
      "geometry": {
        "type": "Point",
        "coordinates": [
          114.36257703776674,
          30.53467634361008
        ]
      }
    },
    {
      "type": "Feature",
      "properties": {
        "LAYER": "Unknown Point Feature",
        "GM_TYPE": "Unknown Point Feature",
        "barrier": "gate",
        "name": null,
        "id": 1204190000.0,
        "visible": "true",
        "version": 4,
        "changeset": 80390056,
        "timestamp": "2020-01-31T19:05:46Z",
        "user": "VLD080",
        "uid": 9123345,
        "highway": null,
        "amenity": null,
        "place": null,
        "bicycle": "yes",
        "foot": "yes",
        "motor_vehi": null,
        "tourism": null,
        "addr_city": null,
        "addr_house": null,
        "addr_postc": 0,
        "addr_stree": null,
        "atm": null,
        "brand": null,
        "brand_en": null,
        "brand_wiki": null,
        "brand_wik1": null,
        "name_en": null,
        "bus": null,
        "public_tra": null,
        "shop": null,
        "level": 0,
        "cuisine": null,
        "brand_zh": null,
        "name_zh": null,
        "takeaway": null,
        "opening_ho": null,
        "office": null,
        "railway": null,
        "leisure": null,
        "addr_distr": null,
        "addr_provi": null,
        "subway": null,
        "building": null,
        "horse": null,
        "locked": null,
        "access": null,
        "natural": null,
        "capacity": 0,
        "phone": null,
        "traffic_ca": null,
        "diet_veget": null,
        "artwork_ty": null,
        "delivery": null,
        "drive_thro": null,
        "outdoor_se": null,
        "sport": null,
        "crossing": null,
        "bench": null,
        "bin": null,
        "telecom": null,
        "historic": null,
        "man_made": null,
        "parking": null,
        "healthcare": null,
        "note": null,
        "operator": null,
        "waste": null,
        "parcel_pic": null,
        "diet_meat": null,
        "shelter_ty": null
      },
      "geometry": {
        "type": "Point",
        "coordinates": [
          114.36655102409823,
          30.537972248732373
        ]
      }
    },
    {
      "type": "Feature",
      "properties": {
        "LAYER": "tourism - hotel",
        "GM_TYPE": "Lodging",
        "barrier": null,
        "name": "武汉大学星湖园招待所",
        "id": 1204190000.0,
        "visible": "true",
        "version": 3,
        "changeset": 21663081,
        "timestamp": "2014-04-13T11:23:21Z",
        "user": "大头雨",
        "uid": 2029988,
        "highway": null,
        "amenity": null,
        "place": null,
        "bicycle": null,
        "foot": null,
        "motor_vehi": null,
        "tourism": "hotel",
        "addr_city": null,
        "addr_house": null,
        "addr_postc": 0,
        "addr_stree": null,
        "atm": null,
        "brand": null,
        "brand_en": null,
        "brand_wiki": null,
        "brand_wik1": null,
        "name_en": null,
        "bus": null,
        "public_tra": null,
        "shop": null,
        "level": 0,
        "cuisine": null,
        "brand_zh": null,
        "name_zh": null,
        "takeaway": null,
        "opening_ho": null,
        "office": null,
        "railway": null,
        "leisure": null,
        "addr_distr": null,
        "addr_provi": null,
        "subway": null,
        "building": null,
        "horse": null,
        "locked": null,
        "access": null,
        "natural": null,
        "capacity": 0,
        "phone": null,
        "traffic_ca": null,
        "diet_veget": null,
        "artwork_ty": null,
        "delivery": null,
        "drive_thro": null,
        "outdoor_se": null,
        "sport": null,
        "crossing": null,
        "bench": null,
        "bin": null,
        "telecom": null,
        "historic": null,
        "man_made": null,
        "parking": null,
        "healthcare": null,
        "note": null,
        "operator": null,
        "waste": null,
        "parcel_pic": null,
        "diet_meat": null,
        "shelter_ty": null
      },
      "geometry": {
        "type": "Point",
        "coordinates": [
          114.36698456547725,
          30.536345168068717
        ]
      }
    },
    {
      "type": "Feature",
      "properties": {
        "LAYER": "Unknown Point Feature",
        "GM_TYPE": "Unknown Point Feature",
        "barrier": "gate",
        "name": null,
        "id": 1204210000.0,
        "visible": "true",
        "version": 4,
        "changeset": 120670726,
        "timestamp": "2022-05-07T14:32:38Z",
        "user": "636663",
        "uid": 15396410,
        "highway": null,
        "amenity": null,
        "place": null,
        "bicycle": null,
        "foot": null,
        "motor_vehi": null,
        "tourism": null,
        "addr_city": null,
        "addr_house": null,
        "addr_postc": 0,
        "addr_stree": null,
        "atm": null,
        "brand": null,
        "brand_en": null,
        "brand_wiki": null,
        "brand_wik1": null,
        "name_en": null,
        "bus": null,
        "public_tra": null,
        "shop": null,
        "level": 0,
        "cuisine": null,
        "brand_zh": null,
        "name_zh": null,
        "takeaway": null,
        "opening_ho": null,
        "office": null,
        "railway": null,
        "leisure": null,
        "addr_distr": null,
        "addr_provi": null,
        "subway": null,
        "building": null,
        "horse": null,
        "locked": null,
        "access": null,
        "natural": null,
        "capacity": 0,
        "phone": null,
        "traffic_ca": null,
        "diet_veget": null,
        "artwork_ty": null,
        "delivery": null,
        "drive_thro": null,
        "outdoor_se": null,
        "sport": null,
        "crossing": null,
        "bench": null,
        "bin": null,
        "telecom": null,
        "historic": null,
        "man_made": null,
        "parking": null,
        "healthcare": null,
        "note": null,
        "operator": null,
        "waste": null,
        "parcel_pic": null,
        "diet_meat": null,
        "shelter_ty": null
      },
      "geometry": {
        "type": "Point",
        "coordinates": [
          114.36940425411701,
          30.537039882543247
        ]
      }
    },
    {
      "type": "Feature",
      "properties": {
        "LAYER": "Unknown Point Feature",
        "GM_TYPE": "Unknown Point Feature",
        "barrier": "gate",
        "name": null,
        "id": 1204210000.0,
        "visible": "true",
        "version": 1,
        "changeset": 7575306,
        "timestamp": "2011-03-16T13:24:40Z",
        "user": "GeoSUN",
        "uid": 414582,
        "highway": null,
        "amenity": null,
        "place": null,
        "bicycle": null,
        "foot": null,
        "motor_vehi": null,
        "tourism": null,
        "addr_city": null,
        "addr_house": null,
        "addr_postc": 0,
        "addr_stree": null,
        "atm": null,
        "brand": null,
        "brand_en": null,
        "brand_wiki": null,
        "brand_wik1": null,
        "name_en": null,
        "bus": null,
        "public_tra": null,
        "shop": null,
        "level": 0,
        "cuisine": null,
        "brand_zh": null,
        "name_zh": null,
        "takeaway": null,
        "opening_ho": null,
        "office": null,
        "railway": null,
        "leisure": null,
        "addr_distr": null,
        "addr_provi": null,
        "subway": null,
        "building": null,
        "horse": null,
        "locked": null,
        "access": null,
        "natural": null,
        "capacity": 0,
        "phone": null,
        "traffic_ca": null,
        "diet_veget": null,
        "artwork_ty": null,
        "delivery": null,
        "drive_thro": null,
        "outdoor_se": null,
        "sport": null,
        "crossing": null,
        "bench": null,
        "bin": null,
        "telecom": null,
        "historic": null,
        "man_made": null,
        "parking": null,
        "healthcare": null,
        "note": null,
        "operator": null,
        "waste": null,
        "parcel_pic": null,
        "diet_meat": null,
        "shelter_ty": null
      },
      "geometry": {
        "type": "Point",
        "coordinates": [
          114.36230844811271,
          30.536829303370613
        ]
      }
    },
    {
      "type": "Feature",
      "properties": {
        "LAYER": "amenity - restaurant",
        "GM_TYPE": "Restaurant",
        "barrier": null,
        "name": "星湖园食堂",
        "id": 1204240000.0,
        "visible": "true",
        "version": 3,
        "changeset": 118123123,
        "timestamp": "2022-03-05T11:41:00Z",
        "user": "红心柚柚子",
        "uid": 15194206,
        "highway": null,
        "amenity": "restaurant",
        "place": null,
        "bicycle": null,
        "foot": null,
        "motor_vehi": null,
        "tourism": null,
        "addr_city": "武汉",
        "addr_house": "299",
        "addr_postc": 430079,
        "addr_stree": "八一路",
        "atm": null,
        "brand": null,
        "brand_en": null,
        "brand_wiki": null,
        "brand_wik1": null,
        "name_en": null,
        "bus": null,
        "public_tra": null,
        "shop": null,
        "level": 0,
        "cuisine": null,
        "brand_zh": null,
        "name_zh": null,
        "takeaway": null,
        "opening_ho": null,
        "office": null,
        "railway": null,
        "leisure": null,
        "addr_distr": null,
        "addr_provi": null,
        "subway": null,
        "building": null,
        "horse": null,
        "locked": null,
        "access": null,
        "natural": null,
        "capacity": 0,
        "phone": null,
        "traffic_ca": null,
        "diet_veget": null,
        "artwork_ty": null,
        "delivery": null,
        "drive_thro": null,
        "outdoor_se": null,
        "sport": null,
        "crossing": null,
        "bench": null,
        "bin": null,
        "telecom": null,
        "historic": null,
        "man_made": null,
        "parking": null,
        "healthcare": null,
        "note": null,
        "operator": null,
        "waste": null,
        "parcel_pic": null,
        "diet_meat": null,
        "shelter_ty": null
      },
      "geometry": {
        "type": "Point",
        "coordinates": [
          114.36691188060168,
          30.53681902992551
        ]
      }
    },
    {
      "type": "Feature",
      "properties": {
        "LAYER": "Unknown Point Feature",
        "GM_TYPE": "Unknown Point Feature",
        "barrier": "gate",
        "name": null,
        "id": 1205110000.0,
        "visible": "true",
        "version": 1,
        "changeset": 7581442,
        "timestamp": "2011-03-17T02:14:45Z",
        "user": "GeoSUN",
        "uid": 414582,
        "highway": null,
        "amenity": null,
        "place": null,
        "bicycle": null,
        "foot": null,
        "motor_vehi": null,
        "tourism": null,
        "addr_city": null,
        "addr_house": null,
        "addr_postc": 0,
        "addr_stree": null,
        "atm": null,
        "brand": null,
        "brand_en": null,
        "brand_wiki": null,
        "brand_wik1": null,
        "name_en": null,
        "bus": null,
        "public_tra": null,
        "shop": null,
        "level": 0,
        "cuisine": null,
        "brand_zh": null,
        "name_zh": null,
        "takeaway": null,
        "opening_ho": null,
        "office": null,
        "railway": null,
        "leisure": null,
        "addr_distr": null,
        "addr_provi": null,
        "subway": null,
        "building": null,
        "horse": null,
        "locked": null,
        "access": null,
        "natural": null,
        "capacity": 0,
        "phone": null,
        "traffic_ca": null,
        "diet_veget": null,
        "artwork_ty": null,
        "delivery": null,
        "drive_thro": null,
        "outdoor_se": null,
        "sport": null,
        "crossing": null,
        "bench": null,
        "bin": null,
        "telecom": null,
        "historic": null,
        "man_made": null,
        "parking": null,
        "healthcare": null,
        "note": null,
        "operator": null,
        "waste": null,
        "parcel_pic": null,
        "diet_meat": null,
        "shelter_ty": null
      },
      "geometry": {
        "type": "Point",
        "coordinates": [
          114.36274977061201,
          30.538267998010898
        ]
      }
    },
    {
      "type": "Feature",
      "properties": {
        "LAYER": "amenity - bank",
        "GM_TYPE": "Bank",
        "barrier": null,
        "name": "中国农业银行",
        "id": 1210070000.0,
        "visible": "true",
        "version": 3,
        "changeset": 91557565,
        "timestamp": "2020-09-26T16:28:49Z",
        "user": "samsung galaxy s6",
        "uid": 3691120,
        "highway": null,
        "amenity": "bank",
        "place": null,
        "bicycle": null,
        "foot": null,
        "motor_vehi": null,
        "tourism": null,
        "addr_city": null,
        "addr_house": null,
        "addr_postc": 0,
        "addr_stree": null,
        "atm": "yes",
        "brand": "中国农业银行",
        "brand_en": "Agricultural Bank of China",
        "brand_wiki": "Q26298",
        "brand_wik1": "en:Agricultural Bank of China",
        "name_en": "Agricultural Bank of China",
        "bus": null,
        "public_tra": null,
        "shop": null,
        "level": 0,
        "cuisine": null,
        "brand_zh": null,
        "name_zh": null,
        "takeaway": null,
        "opening_ho": null,
        "office": null,
        "railway": null,
        "leisure": null,
        "addr_distr": null,
        "addr_provi": null,
        "subway": null,
        "building": null,
        "horse": null,
        "locked": null,
        "access": null,
        "natural": null,
        "capacity": 0,
        "phone": null,
        "traffic_ca": null,
        "diet_veget": null,
        "artwork_ty": null,
        "delivery": null,
        "drive_thro": null,
        "outdoor_se": null,
        "sport": null,
        "crossing": null,
        "bench": null,
        "bin": null,
        "telecom": null,
        "historic": null,
        "man_made": null,
        "parking": null,
        "healthcare": null,
        "note": null,
        "operator": null,
        "waste": null,
        "parcel_pic": null,
        "diet_meat": null,
        "shelter_ty": null
      },
      "geometry": {
        "type": "Point",
        "coordinates": [
          114.36891564045843,
          30.530333508693758
        ]
      }
    },
    {
      "type": "Feature",
      "properties": {
        "LAYER": "amenity - cafe",
        "GM_TYPE": "Restaurant",
        "barrier": null,
        "name": "秀玉红茶坊",
        "id": 1214590000.0,
        "visible": "true",
        "version": 2,
        "changeset": 9080911,
        "timestamp": "2011-08-21T06:45:07Z",
        "user": "GeoSUN",
        "uid": 414582,
        "highway": null,
        "amenity": "cafe",
        "place": null,
        "bicycle": null,
        "foot": null,
        "motor_vehi": null,
        "tourism": null,
        "addr_city": null,
        "addr_house": null,
        "addr_postc": 0,
        "addr_stree": null,
        "atm": null,
        "brand": null,
        "brand_en": null,
        "brand_wiki": null,
        "brand_wik1": null,
        "name_en": null,
        "bus": null,
        "public_tra": null,
        "shop": null,
        "level": 0,
        "cuisine": null,
        "brand_zh": null,
        "name_zh": null,
        "takeaway": null,
        "opening_ho": null,
        "office": null,
        "railway": null,
        "leisure": null,
        "addr_distr": null,
        "addr_provi": null,
        "subway": null,
        "building": null,
        "horse": null,
        "locked": null,
        "access": null,
        "natural": null,
        "capacity": 0,
        "phone": null,
        "traffic_ca": null,
        "diet_veget": null,
        "artwork_ty": null,
        "delivery": null,
        "drive_thro": null,
        "outdoor_se": null,
        "sport": null,
        "crossing": null,
        "bench": null,
        "bin": null,
        "telecom": null,
        "historic": null,
        "man_made": null,
        "parking": null,
        "healthcare": null,
        "note": null,
        "operator": null,
        "waste": null,
        "parcel_pic": null,
        "diet_meat": null,
        "shelter_ty": null
      },
      "geometry": {
        "type": "Point",
        "coordinates": [
          114.36719863648983,
          30.5304118925779
        ]
      }
    },
    {
      "type": "Feature",
      "properties": {
        "LAYER": "amenity - bank",
        "GM_TYPE": "Bank",
        "barrier": null,
        "name": "中国工商银行",
        "id": 1224850000.0,
        "visible": "true",
        "version": 3,
        "changeset": 77773178,
        "timestamp": "2019-12-01T05:43:20Z",
        "user": "samsung galaxy s6",
        "uid": 3691120,
        "highway": null,
        "amenity": "bank",
        "place": null,
        "bicycle": null,
        "foot": null,
        "motor_vehi": null,
        "tourism": null,
        "addr_city": null,
        "addr_house": null,
        "addr_postc": 0,
        "addr_stree": null,
        "atm": "yes",
        "brand": "中国工商银行",
        "brand_en": "Industrial and Commercial Bank of China",
        "brand_wiki": "Q26463",
        "brand_wik1": "en:Industrial and Commercial Bank of China",
        "name_en": "Industrial and Commercial Bank of China",
        "bus": null,
        "public_tra": null,
        "shop": null,
        "level": 0,
        "cuisine": null,
        "brand_zh": null,
        "name_zh": null,
        "takeaway": null,
        "opening_ho": null,
        "office": null,
        "railway": null,
        "leisure": null,
        "addr_distr": null,
        "addr_provi": null,
        "subway": null,
        "building": null,
        "horse": null,
        "locked": null,
        "access": null,
        "natural": null,
        "capacity": 0,
        "phone": null,
        "traffic_ca": null,
        "diet_veget": null,
        "artwork_ty": null,
        "delivery": null,
        "drive_thro": null,
        "outdoor_se": null,
        "sport": null,
        "crossing": null,
        "bench": null,
        "bin": null,
        "telecom": null,
        "historic": null,
        "man_made": null,
        "parking": null,
        "healthcare": null,
        "note": null,
        "operator": null,
        "waste": null,
        "parcel_pic": null,
        "diet_meat": null,
        "shelter_ty": null
      },
      "geometry": {
        "type": "Point",
        "coordinates": [
          114.36230143819867,
          30.5384157095356
        ]
      }
    },
    {
      "type": "Feature",
      "properties": {
        "LAYER": "tourism - hotel",
        "GM_TYPE": "Lodging",
        "barrier": null,
        "name": "君宜王朝大饭店",
        "id": 1272830000.0,
        "visible": "true",
        "version": 1,
        "changeset": 8054714,
        "timestamp": "2011-05-05T06:34:16Z",
        "user": "GeoSUN",
        "uid": 414582,
        "highway": null,
        "amenity": null,
        "place": null,
        "bicycle": null,
        "foot": null,
        "motor_vehi": null,
        "tourism": "hotel",
        "addr_city": null,
        "addr_house": null,
        "addr_postc": 0,
        "addr_stree": null,
        "atm": null,
        "brand": null,
        "brand_en": null,
        "brand_wiki": null,
        "brand_wik1": null,
        "name_en": null,
        "bus": null,
        "public_tra": null,
        "shop": null,
        "level": 0,
        "cuisine": null,
        "brand_zh": null,
        "name_zh": null,
        "takeaway": null,
        "opening_ho": null,
        "office": null,
        "railway": null,
        "leisure": null,
        "addr_distr": null,
        "addr_provi": null,
        "subway": null,
        "building": null,
        "horse": null,
        "locked": null,
        "access": null,
        "natural": null,
        "capacity": 0,
        "phone": null,
        "traffic_ca": null,
        "diet_veget": null,
        "artwork_ty": null,
        "delivery": null,
        "drive_thro": null,
        "outdoor_se": null,
        "sport": null,
        "crossing": null,
        "bench": null,
        "bin": null,
        "telecom": null,
        "historic": null,
        "man_made": null,
        "parking": null,
        "healthcare": null,
        "note": null,
        "operator": null,
        "waste": null,
        "parcel_pic": null,
        "diet_meat": null,
        "shelter_ty": null
      },
      "geometry": {
        "type": "Point",
        "coordinates": [
          114.36566993524269,
          30.531904500384012
        ]
      }
    },
    {
      "type": "Feature",
      "properties": {
        "LAYER": "highway - bus_stop",
        "GM_TYPE": "Unknown Point Feature",
        "barrier": null,
        "name": "珞珈山站",
        "id": 1272840000.0,
        "visible": "true",
        "version": 4,
        "changeset": 83715165,
        "timestamp": "2020-04-17T15:36:15Z",
        "user": "Maps Man",
        "uid": 10216874,
        "highway": "bus_stop",
        "amenity": null,
        "place": null,
        "bicycle": null,
        "foot": null,
        "motor_vehi": null,
        "tourism": null,
        "addr_city": null,
        "addr_house": null,
        "addr_postc": 0,
        "addr_stree": null,
        "atm": null,
        "brand": null,
        "brand_en": null,
        "brand_wiki": null,
        "brand_wik1": null,
        "name_en": null,
        "bus": "yes",
        "public_tra": "platform",
        "shop": null,
        "level": 0,
        "cuisine": null,
        "brand_zh": null,
        "name_zh": null,
        "takeaway": null,
        "opening_ho": null,
        "office": null,
        "railway": null,
        "leisure": null,
        "addr_distr": null,
        "addr_provi": null,
        "subway": null,
        "building": null,
        "horse": null,
        "locked": null,
        "access": null,
        "natural": null,
        "capacity": 0,
        "phone": null,
        "traffic_ca": null,
        "diet_veget": null,
        "artwork_ty": null,
        "delivery": null,
        "drive_thro": null,
        "outdoor_se": null,
        "sport": null,
        "crossing": null,
        "bench": null,
        "bin": null,
        "telecom": null,
        "historic": null,
        "man_made": null,
        "parking": null,
        "healthcare": null,
        "note": null,
        "operator": null,
        "waste": null,
        "parcel_pic": null,
        "diet_meat": null,
        "shelter_ty": null
      },
      "geometry": {
        "type": "Point",
        "coordinates": [
          114.36347066714137,
          30.538900015649492
        ]
      }
    },
    {
      "type": "Feature",
      "properties": {
        "LAYER": "highway - bus_stop",
        "GM_TYPE": "Unknown Point Feature",
        "barrier": null,
        "name": "珞喻路广埠屯站",
        "id": 1282460000.0,
        "visible": "true",
        "version": 4,
        "changeset": 83714870,
        "timestamp": "2020-04-17T15:28:59Z",
        "user": "Maps Man",
        "uid": 10216874,
        "highway": "bus_stop",
        "amenity": null,
        "place": null,
        "bicycle": null,
        "foot": null,
        "motor_vehi": null,
        "tourism": null,
        "addr_city": null,
        "addr_house": null,
        "addr_postc": 0,
        "addr_stree": null,
        "atm": null,
        "brand": null,
        "brand_en": null,
        "brand_wiki": null,
        "brand_wik1": null,
        "name_en": null,
        "bus": "yes",
        "public_tra": "platform",
        "shop": null,
        "level": 0,
        "cuisine": null,
        "brand_zh": null,
        "name_zh": null,
        "takeaway": null,
        "opening_ho": null,
        "office": null,
        "railway": null,
        "leisure": null,
        "addr_distr": null,
        "addr_provi": null,
        "subway": null,
        "building": null,
        "horse": null,
        "locked": null,
        "access": null,
        "natural": null,
        "capacity": 0,
        "phone": null,
        "traffic_ca": null,
        "diet_veget": null,
        "artwork_ty": null,
        "delivery": null,
        "drive_thro": null,
        "outdoor_se": null,
        "sport": null,
        "crossing": null,
        "bench": null,
        "bin": null,
        "telecom": null,
        "historic": null,
        "man_made": null,
        "parking": null,
        "healthcare": null,
        "note": null,
        "operator": null,
        "waste": null,
        "parcel_pic": null,
        "diet_meat": null,
        "shelter_ty": null
      },
      "geometry": {
        "type": "Point",
        "coordinates": [
          114.36462619485323,
          30.531801396144136
        ]
      }
    },
    {
      "type": "Feature",
      "properties": {
        "LAYER": "shop - books",
        "GM_TYPE": "Shopping",
        "barrier": null,
        "name": "千里马考研书店",
        "id": 1369720000.0,
        "visible": "true",
        "version": 2,
        "changeset": 8877866,
        "timestamp": "2011-07-31T06:41:55Z",
        "user": "GeoSUN",
        "uid": 414582,
        "highway": null,
        "amenity": null,
        "place": null,
        "bicycle": null,
        "foot": null,
        "motor_vehi": null,
        "tourism": null,
        "addr_city": null,
        "addr_house": null,
        "addr_postc": 0,
        "addr_stree": null,
        "atm": null,
        "brand": null,
        "brand_en": null,
        "brand_wiki": null,
        "brand_wik1": null,
        "name_en": null,
        "bus": null,
        "public_tra": null,
        "shop": "books",
        "level": 0,
        "cuisine": null,
        "brand_zh": null,
        "name_zh": null,
        "takeaway": null,
        "opening_ho": null,
        "office": null,
        "railway": null,
        "leisure": null,
        "addr_distr": null,
        "addr_provi": null,
        "subway": null,
        "building": null,
        "horse": null,
        "locked": null,
        "access": null,
        "natural": null,
        "capacity": 0,
        "phone": null,
        "traffic_ca": null,
        "diet_veget": null,
        "artwork_ty": null,
        "delivery": null,
        "drive_thro": null,
        "outdoor_se": null,
        "sport": null,
        "crossing": null,
        "bench": null,
        "bin": null,
        "telecom": null,
        "historic": null,
        "man_made": null,
        "parking": null,
        "healthcare": null,
        "note": null,
        "operator": null,
        "waste": null,
        "parcel_pic": null,
        "diet_meat": null,
        "shelter_ty": null
      },
      "geometry": {
        "type": "Point",
        "coordinates": [
          114.36573017335948,
          30.5383226128273
        ]
      }
    },
    {
      "type": "Feature",
      "properties": {
        "LAYER": "shop - convenience",
        "GM_TYPE": "Shopping",
        "barrier": null,
        "name": "自强超市",
        "id": 1369720000.0,
        "visible": "true",
        "version": 5,
        "changeset": 133814989,
        "timestamp": "2023-03-18T09:11:13Z",
        "user": "WHU-RS-lgl",
        "uid": 18757500,
        "highway": null,
        "amenity": null,
        "place": null,
        "bicycle": null,
        "foot": null,
        "motor_vehi": null,
        "tourism": null,
        "addr_city": null,
        "addr_house": null,
        "addr_postc": 0,
        "addr_stree": null,
        "atm": null,
        "brand": null,
        "brand_en": null,
        "brand_wiki": null,
        "brand_wik1": null,
        "name_en": null,
        "bus": null,
        "public_tra": null,
        "shop": "convenience",
        "level": 0,
        "cuisine": null,
        "brand_zh": null,
        "name_zh": null,
        "takeaway": null,
        "opening_ho": null,
        "office": null,
        "railway": null,
        "leisure": null,
        "addr_distr": null,
        "addr_provi": null,
        "subway": null,
        "building": null,
        "horse": null,
        "locked": null,
        "access": null,
        "natural": null,
        "capacity": 0,
        "phone": null,
        "traffic_ca": null,
        "diet_veget": null,
        "artwork_ty": null,
        "delivery": null,
        "drive_thro": null,
        "outdoor_se": null,
        "sport": null,
        "crossing": null,
        "bench": null,
        "bin": null,
        "telecom": null,
        "historic": null,
        "man_made": null,
        "parking": null,
        "healthcare": null,
        "note": null,
        "operator": null,
        "waste": null,
        "parcel_pic": null,
        "diet_meat": null,
        "shelter_ty": null
      },
      "geometry": {
        "type": "Point",
        "coordinates": [
          114.36579581500969,
          30.53261317932863
        ]
      }
    },
    {
      "type": "Feature",
      "properties": {
        "LAYER": "tourism - hotel",
        "GM_TYPE": "Lodging",
        "barrier": null,
        "name": "如家快捷酒店 (广埠屯店)",
        "id": 1369720000.0,
        "visible": "true",
        "version": 2,
        "changeset": 9080911,
        "timestamp": "2011-08-21T06:17:52Z",
        "user": "GeoSUN",
        "uid": 414582,
        "highway": null,
        "amenity": null,
        "place": null,
        "bicycle": null,
        "foot": null,
        "motor_vehi": null,
        "tourism": "hotel",
        "addr_city": null,
        "addr_house": null,
        "addr_postc": 0,
        "addr_stree": null,
        "atm": null,
        "brand": null,
        "brand_en": null,
        "brand_wiki": null,
        "brand_wik1": null,
        "name_en": null,
        "bus": null,
        "public_tra": null,
        "shop": null,
        "level": 0,
        "cuisine": null,
        "brand_zh": null,
        "name_zh": null,
        "takeaway": null,
        "opening_ho": null,
        "office": null,
        "railway": null,
        "leisure": null,
        "addr_distr": null,
        "addr_provi": null,
        "subway": null,
        "building": null,
        "horse": null,
        "locked": null,
        "access": null,
        "natural": null,
        "capacity": 0,
        "phone": null,
        "traffic_ca": null,
        "diet_veget": null,
        "artwork_ty": null,
        "delivery": null,
        "drive_thro": null,
        "outdoor_se": null,
        "sport": null,
        "crossing": null,
        "bench": null,
        "bin": null,
        "telecom": null,
        "historic": null,
        "man_made": null,
        "parking": null,
        "healthcare": null,
        "note": null,
        "operator": null,
        "waste": null,
        "parcel_pic": null,
        "diet_meat": null,
        "shelter_ty": null
      },
      "geometry": {
        "type": "Point",
        "coordinates": [
          114.36732807035993,
          30.531176205595806
        ]
      }
    },
    {
      "type": "Feature",
      "properties": {
        "LAYER": "shop - books",
        "GM_TYPE": "Shopping",
        "barrier": null,
        "name": "武汉大学出版社读者服务部",
        "id": 1369720000.0,
        "visible": "true",
        "version": 1,
        "changeset": 8795344,
        "timestamp": "2011-07-22T08:06:20Z",
        "user": "GeoSUN",
        "uid": 414582,
        "highway": null,
        "amenity": null,
        "place": null,
        "bicycle": null,
        "foot": null,
        "motor_vehi": null,
        "tourism": null,
        "addr_city": null,
        "addr_house": null,
        "addr_postc": 0,
        "addr_stree": null,
        "atm": null,
        "brand": null,
        "brand_en": null,
        "brand_wiki": null,
        "brand_wik1": null,
        "name_en": null,
        "bus": null,
        "public_tra": null,
        "shop": "books",
        "level": 0,
        "cuisine": null,
        "brand_zh": null,
        "name_zh": null,
        "takeaway": null,
        "opening_ho": null,
        "office": null,
        "railway": null,
        "leisure": null,
        "addr_distr": null,
        "addr_provi": null,
        "subway": null,
        "building": null,
        "horse": null,
        "locked": null,
        "access": null,
        "natural": null,
        "capacity": 0,
        "phone": null,
        "traffic_ca": null,
        "diet_veget": null,
        "artwork_ty": null,
        "delivery": null,
        "drive_thro": null,
        "outdoor_se": null,
        "sport": null,
        "crossing": null,
        "bench": null,
        "bin": null,
        "telecom": null,
        "historic": null,
        "man_made": null,
        "parking": null,
        "healthcare": null,
        "note": null,
        "operator": null,
        "waste": null,
        "parcel_pic": null,
        "diet_meat": null,
        "shelter_ty": null
      },
      "geometry": {
        "type": "Point",
        "coordinates": [
          114.36666286346778,
          30.53374269569794
        ]
      }
    },
    {
      "type": "Feature",
      "properties": {
        "LAYER": "shop - books",
        "GM_TYPE": "Shopping",
        "barrier": null,
        "name": "三联学府书店",
        "id": 1369720000.0,
        "visible": "true",
        "version": 3,
        "changeset": 120670726,
        "timestamp": "2022-05-07T14:32:38Z",
        "user": "636663",
        "uid": 15396410,
        "highway": null,
        "amenity": null,
        "place": null,
        "bicycle": null,
        "foot": null,
        "motor_vehi": null,
        "tourism": null,
        "addr_city": null,
        "addr_house": null,
        "addr_postc": 0,
        "addr_stree": null,
        "atm": null,
        "brand": null,
        "brand_en": null,
        "brand_wiki": null,
        "brand_wik1": null,
        "name_en": null,
        "bus": null,
        "public_tra": null,
        "shop": "books",
        "level": 0,
        "cuisine": null,
        "brand_zh": null,
        "name_zh": null,
        "takeaway": null,
        "opening_ho": null,
        "office": null,
        "railway": null,
        "leisure": null,
        "addr_distr": null,
        "addr_provi": null,
        "subway": null,
        "building": null,
        "horse": null,
        "locked": null,
        "access": null,
        "natural": null,
        "capacity": 0,
        "phone": null,
        "traffic_ca": null,
        "diet_veget": null,
        "artwork_ty": null,
        "delivery": null,
        "drive_thro": null,
        "outdoor_se": null,
        "sport": null,
        "crossing": null,
        "bench": null,
        "bin": null,
        "telecom": null,
        "historic": null,
        "man_made": null,
        "parking": null,
        "healthcare": null,
        "note": null,
        "operator": null,
        "waste": null,
        "parcel_pic": null,
        "diet_meat": null,
        "shelter_ty": null
      },
      "geometry": {
        "type": "Point",
        "coordinates": [
          114.36927373928934,
          30.537104639004497
        ]
      }
    },
    {
      "type": "Feature",
      "properties": {
        "LAYER": "amenity - restaurant",
        "GM_TYPE": "Restaurant",
        "barrier": null,
        "name": "金三角酒店",
        "id": 1369730000.0,
        "visible": "true",
        "version": 1,
        "changeset": 8795344,
        "timestamp": "2011-07-22T08:18:11Z",
        "user": "GeoSUN",
        "uid": 414582,
        "highway": null,
        "amenity": "restaurant",
        "place": null,
        "bicycle": null,
        "foot": null,
        "motor_vehi": null,
        "tourism": null,
        "addr_city": null,
        "addr_house": null,
        "addr_postc": 0,
        "addr_stree": null,
        "atm": null,
        "brand": null,
        "brand_en": null,
        "brand_wiki": null,
        "brand_wik1": null,
        "name_en": null,
        "bus": null,
        "public_tra": null,
        "shop": null,
        "level": 0,
        "cuisine": null,
        "brand_zh": null,
        "name_zh": null,
        "takeaway": null,
        "opening_ho": null,
        "office": null,
        "railway": null,
        "leisure": null,
        "addr_distr": null,
        "addr_provi": null,
        "subway": null,
        "building": null,
        "horse": null,
        "locked": null,
        "access": null,
        "natural": null,
        "capacity": 0,
        "phone": null,
        "traffic_ca": null,
        "diet_veget": null,
        "artwork_ty": null,
        "delivery": null,
        "drive_thro": null,
        "outdoor_se": null,
        "sport": null,
        "crossing": null,
        "bench": null,
        "bin": null,
        "telecom": null,
        "historic": null,
        "man_made": null,
        "parking": null,
        "healthcare": null,
        "note": null,
        "operator": null,
        "waste": null,
        "parcel_pic": null,
        "diet_meat": null,
        "shelter_ty": null
      },
      "geometry": {
        "type": "Point",
        "coordinates": [
          114.3713880666647,
          30.536335748481477
        ]
      }
    },
    {
      "type": "Feature",
      "properties": {
        "LAYER": "highway - bus_stop",
        "GM_TYPE": "Unknown Point Feature",
        "barrier": null,
        "name": "八一路珞珈山站",
        "id": 1369730000.0,
        "visible": "true",
        "version": 7,
        "changeset": 120670726,
        "timestamp": "2022-05-07T14:32:38Z",
        "user": "636663",
        "uid": 15396410,
        "highway": "bus_stop",
        "amenity": null,
        "place": null,
        "bicycle": null,
        "foot": null,
        "motor_vehi": null,
        "tourism": null,
        "addr_city": null,
        "addr_house": null,
        "addr_postc": 0,
        "addr_stree": null,
        "atm": null,
        "brand": null,
        "brand_en": null,
        "brand_wiki": null,
        "brand_wik1": null,
        "name_en": null,
        "bus": "yes",
        "public_tra": "platform",
        "shop": null,
        "level": -1,
        "cuisine": null,
        "brand_zh": null,
        "name_zh": null,
        "takeaway": null,
        "opening_ho": null,
        "office": null,
        "railway": null,
        "leisure": null,
        "addr_distr": null,
        "addr_provi": null,
        "subway": null,
        "building": null,
        "horse": null,
        "locked": null,
        "access": null,
        "natural": null,
        "capacity": 0,
        "phone": null,
        "traffic_ca": null,
        "diet_veget": null,
        "artwork_ty": null,
        "delivery": null,
        "drive_thro": null,
        "outdoor_se": null,
        "sport": null,
        "crossing": null,
        "bench": null,
        "bin": null,
        "telecom": null,
        "historic": null,
        "man_made": null,
        "parking": null,
        "healthcare": null,
        "note": null,
        "operator": null,
        "waste": null,
        "parcel_pic": null,
        "diet_meat": null,
        "shelter_ty": null
      },
      "geometry": {
        "type": "Point",
        "coordinates": [
          114.3662943918776,
          30.538194047722
        ]
      }
    },
    {
      "type": "Feature",
      "properties": {
        "LAYER": "highway - bus_stop",
        "GM_TYPE": "Unknown Point Feature",
        "barrier": null,
        "name": "八一路珞珈山站",
        "id": 1369730000.0,
        "visible": "true",
        "version": 7,
        "changeset": 120670726,
        "timestamp": "2022-05-07T14:32:38Z",
        "user": "636663",
        "uid": 15396410,
        "highway": "bus_stop",
        "amenity": null,
        "place": null,
        "bicycle": null,
        "foot": null,
        "motor_vehi": null,
        "tourism": null,
        "addr_city": null,
        "addr_house": null,
        "addr_postc": 0,
        "addr_stree": null,
        "atm": null,
        "brand": null,
        "brand_en": null,
        "brand_wiki": null,
        "brand_wik1": null,
        "name_en": null,
        "bus": "yes",
        "public_tra": "platform",
        "shop": null,
        "level": -1,
        "cuisine": null,
        "brand_zh": null,
        "name_zh": null,
        "takeaway": null,
        "opening_ho": null,
        "office": null,
        "railway": null,
        "leisure": null,
        "addr_distr": null,
        "addr_provi": null,
        "subway": null,
        "building": null,
        "horse": null,
        "locked": null,
        "access": null,
        "natural": null,
        "capacity": 0,
        "phone": null,
        "traffic_ca": null,
        "diet_veget": null,
        "artwork_ty": null,
        "delivery": null,
        "drive_thro": null,
        "outdoor_se": null,
        "sport": null,
        "crossing": null,
        "bench": null,
        "bin": null,
        "telecom": null,
        "historic": null,
        "man_made": null,
        "parking": null,
        "healthcare": null,
        "note": null,
        "operator": null,
        "waste": null,
        "parcel_pic": null,
        "diet_meat": null,
        "shelter_ty": null
      },
      "geometry": {
        "type": "Point",
        "coordinates": [
          114.3675270637217,
          30.538114180158328
        ]
      }
    },
    {
      "type": "Feature",
      "properties": {
        "LAYER": "amenity - fast_food",
        "GM_TYPE": "Restaurant",
        "barrier": null,
        "name": "华莱士",
        "id": 1369730000.0,
        "visible": "true",
        "version": 2,
        "changeset": 45458199,
        "timestamp": "2017-01-25T02:44:13Z",
        "user": "gryffindor",
        "uid": 5161539,
        "highway": null,
        "amenity": "fast_food",
        "place": null,
        "bicycle": null,
        "foot": null,
        "motor_vehi": null,
        "tourism": null,
        "addr_city": null,
        "addr_house": null,
        "addr_postc": 0,
        "addr_stree": null,
        "atm": null,
        "brand": null,
        "brand_en": null,
        "brand_wiki": null,
        "brand_wik1": null,
        "name_en": null,
        "bus": null,
        "public_tra": null,
        "shop": null,
        "level": 0,
        "cuisine": null,
        "brand_zh": null,
        "name_zh": null,
        "takeaway": null,
        "opening_ho": null,
        "office": null,
        "railway": null,
        "leisure": null,
        "addr_distr": null,
        "addr_provi": null,
        "subway": null,
        "building": null,
        "horse": null,
        "locked": null,
        "access": null,
        "natural": null,
        "capacity": 0,
        "phone": null,
        "traffic_ca": null,
        "diet_veget": null,
        "artwork_ty": null,
        "delivery": null,
        "drive_thro": null,
        "outdoor_se": null,
        "sport": null,
        "crossing": null,
        "bench": null,
        "bin": null,
        "telecom": null,
        "historic": null,
        "man_made": null,
        "parking": null,
        "healthcare": null,
        "note": null,
        "operator": null,
        "waste": null,
        "parcel_pic": null,
        "diet_meat": null,
        "shelter_ty": null
      },
      "geometry": {
        "type": "Point",
        "coordinates": [
          114.37088680222666,
          30.536536494640615
        ]
      }
    },
    {
      "type": "Feature",
      "properties": {
        "LAYER": "highway - bus_stop",
        "GM_TYPE": "Unknown Point Feature",
        "barrier": null,
        "name": "八一路广八路站",
        "id": 1370770000.0,
        "visible": "true",
        "version": 3,
        "changeset": 83714870,
        "timestamp": "2020-04-17T15:28:59Z",
        "user": "Maps Man",
        "uid": 10216874,
        "highway": "bus_stop",
        "amenity": null,
        "place": null,
        "bicycle": null,
        "foot": null,
        "motor_vehi": null,
        "tourism": null,
        "addr_city": null,
        "addr_house": null,
        "addr_postc": 0,
        "addr_stree": null,
        "atm": null,
        "brand": null,
        "brand_en": null,
        "brand_wiki": null,
        "brand_wik1": null,
        "name_en": null,
        "bus": "yes",
        "public_tra": "platform",
        "shop": null,
        "level": 0,
        "cuisine": null,
        "brand_zh": null,
        "name_zh": null,
        "takeaway": null,
        "opening_ho": null,
        "office": null,
        "railway": null,
        "leisure": null,
        "addr_distr": null,
        "addr_provi": null,
        "subway": null,
        "building": null,
        "horse": null,
        "locked": null,
        "access": null,
        "natural": null,
        "capacity": 0,
        "phone": null,
        "traffic_ca": null,
        "diet_veget": null,
        "artwork_ty": null,
        "delivery": null,
        "drive_thro": null,
        "outdoor_se": null,
        "sport": null,
        "crossing": null,
        "bench": null,
        "bin": null,
        "telecom": null,
        "historic": null,
        "man_made": null,
        "parking": null,
        "healthcare": null,
        "note": null,
        "operator": null,
        "waste": null,
        "parcel_pic": null,
        "diet_meat": null,
        "shelter_ty": null
      },
      "geometry": {
        "type": "Point",
        "coordinates": [
          114.37054926170455,
          30.53686105291506
        ]
      }
    },
    {
      "type": "Feature",
      "properties": {
        "LAYER": "highway - bus_stop",
        "GM_TYPE": "Unknown Point Feature",
        "barrier": null,
        "name": "八一路广八路站",
        "id": 1370770000.0,
        "visible": "true",
        "version": 3,
        "changeset": 83715165,
        "timestamp": "2020-04-17T15:36:15Z",
        "user": "Maps Man",
        "uid": 10216874,
        "highway": "bus_stop",
        "amenity": null,
        "place": null,
        "bicycle": null,
        "foot": null,
        "motor_vehi": null,
        "tourism": null,
        "addr_city": null,
        "addr_house": null,
        "addr_postc": 0,
        "addr_stree": null,
        "atm": null,
        "brand": null,
        "brand_en": null,
        "brand_wiki": null,
        "brand_wik1": null,
        "name_en": null,
        "bus": "yes",
        "public_tra": "platform",
        "shop": null,
        "level": 0,
        "cuisine": null,
        "brand_zh": null,
        "name_zh": null,
        "takeaway": null,
        "opening_ho": null,
        "office": null,
        "railway": null,
        "leisure": null,
        "addr_distr": null,
        "addr_provi": null,
        "subway": null,
        "building": null,
        "horse": null,
        "locked": null,
        "access": null,
        "natural": null,
        "capacity": 0,
        "phone": null,
        "traffic_ca": null,
        "diet_veget": null,
        "artwork_ty": null,
        "delivery": null,
        "drive_thro": null,
        "outdoor_se": null,
        "sport": null,
        "crossing": null,
        "bench": null,
        "bin": null,
        "telecom": null,
        "historic": null,
        "man_made": null,
        "parking": null,
        "healthcare": null,
        "note": null,
        "operator": null,
        "waste": null,
        "parcel_pic": null,
        "diet_meat": null,
        "shelter_ty": null
      },
      "geometry": {
        "type": "Point",
        "coordinates": [
          114.37017370612381,
          30.536880751588317
        ]
      }
    },
    {
      "type": "Feature",
      "properties": {
        "LAYER": "highway - bus_stop",
        "GM_TYPE": "Unknown Point Feature",
        "barrier": null,
        "name": "广八路邱家村站",
        "id": 1370770000.0,
        "visible": "true",
        "version": 4,
        "changeset": 100938183,
        "timestamp": "2021-03-13T00:24:44Z",
        "user": "Maps Man",
        "uid": 10216874,
        "highway": "bus_stop",
        "amenity": null,
        "place": null,
        "bicycle": null,
        "foot": null,
        "motor_vehi": null,
        "tourism": null,
        "addr_city": null,
        "addr_house": null,
        "addr_postc": 0,
        "addr_stree": null,
        "atm": null,
        "brand": null,
        "brand_en": null,
        "brand_wiki": null,
        "brand_wik1": null,
        "name_en": null,
        "bus": "yes",
        "public_tra": "platform",
        "shop": null,
        "level": 0,
        "cuisine": null,
        "brand_zh": null,
        "name_zh": null,
        "takeaway": null,
        "opening_ho": null,
        "office": null,
        "railway": null,
        "leisure": null,
        "addr_distr": null,
        "addr_provi": null,
        "subway": null,
        "building": null,
        "horse": null,
        "locked": null,
        "access": null,
        "natural": null,
        "capacity": 0,
        "phone": null,
        "traffic_ca": null,
        "diet_veget": null,
        "artwork_ty": null,
        "delivery": null,
        "drive_thro": null,
        "outdoor_se": null,
        "sport": null,
        "crossing": null,
        "bench": null,
        "bin": null,
        "telecom": null,
        "historic": null,
        "man_made": null,
        "parking": null,
        "healthcare": null,
        "note": null,
        "operator": null,
        "waste": null,
        "parcel_pic": null,
        "diet_meat": null,
        "shelter_ty": null
      },
      "geometry": {
        "type": "Point",
        "coordinates": [
          114.37075261646326,
          30.53413840174801
        ]
      }
    },
    {
      "type": "Feature",
      "properties": {
        "LAYER": "amenity - restaurant",
        "GM_TYPE": "Restaurant",
        "barrier": null,
        "name": "金马门国际美食百汇",
        "id": 1406770000.0,
        "visible": "true",
        "version": 2,
        "changeset": 45458199,
        "timestamp": "2017-01-25T02:44:14Z",
        "user": "gryffindor",
        "uid": 5161539,
        "highway": null,
        "amenity": "restaurant",
        "place": null,
        "bicycle": null,
        "foot": null,
        "motor_vehi": null,
        "tourism": null,
        "addr_city": "武汉",
        "addr_house": "87",
        "addr_postc": 430079,
        "addr_stree": "珞喻路",
        "atm": null,
        "brand": null,
        "brand_en": null,
        "brand_wiki": null,
        "brand_wik1": null,
        "name_en": null,
        "bus": null,
        "public_tra": null,
        "shop": null,
        "level": 0,
        "cuisine": null,
        "brand_zh": null,
        "name_zh": null,
        "takeaway": null,
        "opening_ho": null,
        "office": null,
        "railway": null,
        "leisure": null,
        "addr_distr": null,
        "addr_provi": null,
        "subway": null,
        "building": null,
        "horse": null,
        "locked": null,
        "access": null,
        "natural": null,
        "capacity": 0,
        "phone": null,
        "traffic_ca": null,
        "diet_veget": null,
        "artwork_ty": null,
        "delivery": null,
        "drive_thro": null,
        "outdoor_se": null,
        "sport": null,
        "crossing": null,
        "bench": null,
        "bin": null,
        "telecom": null,
        "historic": null,
        "man_made": null,
        "parking": null,
        "healthcare": null,
        "note": null,
        "operator": null,
        "waste": null,
        "parcel_pic": null,
        "diet_meat": null,
        "shelter_ty": null
      },
      "geometry": {
        "type": "Point",
        "coordinates": [
          114.3653140396876,
          30.531889095965298
        ]
      }
    },
    {
      "type": "Feature",
      "properties": {
        "LAYER": "amenity - restaurant",
        "GM_TYPE": "Restaurant",
        "barrier": null,
        "name": "傣妹火锅",
        "id": 1406770000.0,
        "visible": "true",
        "version": 2,
        "changeset": 88208185,
        "timestamp": "2020-07-19T21:41:57Z",
        "user": "Metrohsrtheedit",
        "uid": 7030314,
        "highway": null,
        "amenity": "restaurant",
        "place": null,
        "bicycle": null,
        "foot": null,
        "motor_vehi": null,
        "tourism": null,
        "addr_city": null,
        "addr_house": null,
        "addr_postc": 0,
        "addr_stree": null,
        "atm": null,
        "brand": null,
        "brand_en": null,
        "brand_wiki": null,
        "brand_wik1": null,
        "name_en": null,
        "bus": null,
        "public_tra": null,
        "shop": null,
        "level": 0,
        "cuisine": "hotpot",
        "brand_zh": null,
        "name_zh": null,
        "takeaway": null,
        "opening_ho": null,
        "office": null,
        "railway": null,
        "leisure": null,
        "addr_distr": null,
        "addr_provi": null,
        "subway": null,
        "building": null,
        "horse": null,
        "locked": null,
        "access": null,
        "natural": null,
        "capacity": 0,
        "phone": null,
        "traffic_ca": null,
        "diet_veget": null,
        "artwork_ty": null,
        "delivery": null,
        "drive_thro": null,
        "outdoor_se": null,
        "sport": null,
        "crossing": null,
        "bench": null,
        "bin": null,
        "telecom": null,
        "historic": null,
        "man_made": null,
        "parking": null,
        "healthcare": null,
        "note": null,
        "operator": null,
        "waste": null,
        "parcel_pic": null,
        "diet_meat": null,
        "shelter_ty": null
      },
      "geometry": {
        "type": "Point",
        "coordinates": [
          114.36667635926837,
          30.530595618899277
        ]
      }
    },
    {
      "type": "Feature",
      "properties": {
        "LAYER": "amenity - restaurant",
        "GM_TYPE": "Restaurant",
        "barrier": null,
        "name": "红鼎豆捞 (街道口店)",
        "id": 1406770000.0,
        "visible": "true",
        "version": 2,
        "changeset": 14717694,
        "timestamp": "2013-01-20T10:01:33Z",
        "user": "kun3721",
        "uid": 1195808,
        "highway": null,
        "amenity": "restaurant",
        "place": null,
        "bicycle": null,
        "foot": null,
        "motor_vehi": null,
        "tourism": null,
        "addr_city": null,
        "addr_house": null,
        "addr_postc": 0,
        "addr_stree": null,
        "atm": null,
        "brand": null,
        "brand_en": null,
        "brand_wiki": null,
        "brand_wik1": null,
        "name_en": null,
        "bus": null,
        "public_tra": null,
        "shop": null,
        "level": 0,
        "cuisine": null,
        "brand_zh": null,
        "name_zh": null,
        "takeaway": null,
        "opening_ho": null,
        "office": null,
        "railway": null,
        "leisure": null,
        "addr_distr": null,
        "addr_provi": null,
        "subway": null,
        "building": null,
        "horse": null,
        "locked": null,
        "access": null,
        "natural": null,
        "capacity": 0,
        "phone": null,
        "traffic_ca": null,
        "diet_veget": null,
        "artwork_ty": null,
        "delivery": null,
        "drive_thro": null,
        "outdoor_se": null,
        "sport": null,
        "crossing": null,
        "bench": null,
        "bin": null,
        "telecom": null,
        "historic": null,
        "man_made": null,
        "parking": null,
        "healthcare": null,
        "note": null,
        "operator": null,
        "waste": null,
        "parcel_pic": null,
        "diet_meat": null,
        "shelter_ty": null
      },
      "geometry": {
        "type": "Point",
        "coordinates": [
          114.36075150237325,
          30.534465766564725
        ]
      }
    },
    {
      "type": "Feature",
      "properties": {
        "LAYER": "amenity - bus_station",
        "GM_TYPE": "Building",
        "barrier": null,
        "name": "珞珈山路劝业场站",
        "id": 1406780000.0,
        "visible": "true",
        "version": 3,
        "changeset": 77773178,
        "timestamp": "2019-12-01T05:43:20Z",
        "user": "samsung galaxy s6",
        "uid": 3691120,
        "highway": null,
        "amenity": "bus_station",
        "place": null,
        "bicycle": null,
        "foot": null,
        "motor_vehi": null,
        "tourism": null,
        "addr_city": null,
        "addr_house": null,
        "addr_postc": 0,
        "addr_stree": null,
        "atm": null,
        "brand": null,
        "brand_en": null,
        "brand_wiki": null,
        "brand_wik1": null,
        "name_en": null,
        "bus": "yes",
        "public_tra": "station",
        "shop": null,
        "level": 0,
        "cuisine": null,
        "brand_zh": null,
        "name_zh": null,
        "takeaway": null,
        "opening_ho": null,
        "office": null,
        "railway": null,
        "leisure": null,
        "addr_distr": null,
        "addr_provi": null,
        "subway": null,
        "building": null,
        "horse": null,
        "locked": null,
        "access": null,
        "natural": null,
        "capacity": 0,
        "phone": null,
        "traffic_ca": null,
        "diet_veget": null,
        "artwork_ty": null,
        "delivery": null,
        "drive_thro": null,
        "outdoor_se": null,
        "sport": null,
        "crossing": null,
        "bench": null,
        "bin": null,
        "telecom": null,
        "historic": null,
        "man_made": null,
        "parking": null,
        "healthcare": null,
        "note": null,
        "operator": null,
        "waste": null,
        "parcel_pic": null,
        "diet_meat": null,
        "shelter_ty": null
      },
      "geometry": {
        "type": "Point",
        "coordinates": [
          114.36207949574404,
          30.537884903577314
        ]
      }
    },
    {
      "type": "Feature",
      "properties": {
        "LAYER": "amenity - fast_food",
        "GM_TYPE": "Restaurant",
        "barrier": null,
        "name": "肯德基",
        "id": 1408410000.0,
        "visible": "true",
        "version": 5,
        "changeset": 131560219,
        "timestamp": "2023-01-22T05:01:48Z",
        "user": "Wood32",
        "uid": 11693767,
        "highway": null,
        "amenity": "fast_food",
        "place": null,
        "bicycle": null,
        "foot": null,
        "motor_vehi": null,
        "tourism": null,
        "addr_city": null,
        "addr_house": null,
        "addr_postc": 0,
        "addr_stree": null,
        "atm": null,
        "brand": "肯德基",
        "brand_en": "KFC",
        "brand_wiki": "Q524757",
        "brand_wik1": "en:KFC",
        "name_en": "KFC",
        "bus": null,
        "public_tra": null,
        "shop": null,
        "level": 0,
        "cuisine": "chicken",
        "brand_zh": "肯德基",
        "name_zh": "肯德基",
        "takeaway": "yes",
        "opening_ho": null,
        "office": null,
        "railway": null,
        "leisure": null,
        "addr_distr": null,
        "addr_provi": null,
        "subway": null,
        "building": null,
        "horse": null,
        "locked": null,
        "access": null,
        "natural": null,
        "capacity": 0,
        "phone": null,
        "traffic_ca": null,
        "diet_veget": null,
        "artwork_ty": null,
        "delivery": null,
        "drive_thro": null,
        "outdoor_se": null,
        "sport": null,
        "crossing": null,
        "bench": null,
        "bin": null,
        "telecom": null,
        "historic": null,
        "man_made": null,
        "parking": null,
        "healthcare": null,
        "note": null,
        "operator": null,
        "waste": null,
        "parcel_pic": null,
        "diet_meat": null,
        "shelter_ty": null
      },
      "geometry": {
        "type": "Point",
        "coordinates": [
          114.36349511129528,
          30.539218851127657
        ]
      }
    },
    {
      "type": "Feature",
      "properties": {
        "LAYER": "shop - supermarket",
        "GM_TYPE": "Shopping",
        "barrier": null,
        "name": "優品匯",
        "id": 1417700000.0,
        "visible": "true",
        "version": 3,
        "changeset": 91484430,
        "timestamp": "2020-09-25T06:07:41Z",
        "user": "samsung galaxy s6",
        "uid": 3691120,
        "highway": null,
        "amenity": null,
        "place": null,
        "bicycle": null,
        "foot": null,
        "motor_vehi": null,
        "tourism": null,
        "addr_city": null,
        "addr_house": null,
        "addr_postc": 0,
        "addr_stree": null,
        "atm": null,
        "brand": null,
        "brand_en": null,
        "brand_wiki": null,
        "brand_wik1": null,
        "name_en": null,
        "bus": null,
        "public_tra": null,
        "shop": "supermarket",
        "level": 0,
        "cuisine": null,
        "brand_zh": null,
        "name_zh": "優品匯",
        "takeaway": null,
        "opening_ho": null,
        "office": null,
        "railway": null,
        "leisure": null,
        "addr_distr": null,
        "addr_provi": null,
        "subway": null,
        "building": null,
        "horse": null,
        "locked": null,
        "access": null,
        "natural": null,
        "capacity": 0,
        "phone": null,
        "traffic_ca": null,
        "diet_veget": null,
        "artwork_ty": null,
        "delivery": null,
        "drive_thro": null,
        "outdoor_se": null,
        "sport": null,
        "crossing": null,
        "bench": null,
        "bin": null,
        "telecom": null,
        "historic": null,
        "man_made": null,
        "parking": null,
        "healthcare": null,
        "note": null,
        "operator": null,
        "waste": null,
        "parcel_pic": null,
        "diet_meat": null,
        "shelter_ty": null
      },
      "geometry": {
        "type": "Point",
        "coordinates": [
          114.36311967977441,
          30.5394401362128
        ]
      }
    },
    {
      "type": "Feature",
      "properties": {
        "LAYER": "amenity - restaurant",
        "GM_TYPE": "Restaurant",
        "barrier": null,
        "name": "永和大王",
        "id": 2120390000.0,
        "visible": "true",
        "version": 3,
        "changeset": 45458199,
        "timestamp": "2017-01-25T02:44:13Z",
        "user": "gryffindor",
        "uid": 5161539,
        "highway": null,
        "amenity": "restaurant",
        "place": null,
        "bicycle": null,
        "foot": null,
        "motor_vehi": null,
        "tourism": null,
        "addr_city": "武汉",
        "addr_house": "129",
        "addr_postc": 430079,
        "addr_stree": "珞狮路",
        "atm": null,
        "brand": null,
        "brand_en": null,
        "brand_wiki": null,
        "brand_wik1": null,
        "name_en": null,
        "bus": null,
        "public_tra": null,
        "shop": null,
        "level": 0,
        "cuisine": null,
        "brand_zh": null,
        "name_zh": null,
        "takeaway": null,
        "opening_ho": "8:00-16:00",
        "office": null,
        "railway": null,
        "leisure": null,
        "addr_distr": null,
        "addr_provi": null,
        "subway": null,
        "building": null,
        "horse": null,
        "locked": null,
        "access": null,
        "natural": null,
        "capacity": 0,
        "phone": null,
        "traffic_ca": null,
        "diet_veget": null,
        "artwork_ty": null,
        "delivery": null,
        "drive_thro": null,
        "outdoor_se": null,
        "sport": null,
        "crossing": null,
        "bench": null,
        "bin": null,
        "telecom": null,
        "historic": null,
        "man_made": null,
        "parking": null,
        "healthcare": null,
        "note": null,
        "operator": null,
        "waste": null,
        "parcel_pic": null,
        "diet_meat": null,
        "shelter_ty": null
      },
      "geometry": {
        "type": "Point",
        "coordinates": [
          114.36052491003328,
          30.534033405115906
        ]
      }
    },
    {
      "type": "Feature",
      "properties": {
        "LAYER": "amenity - atm",
        "GM_TYPE": "Bank",
        "barrier": null,
        "name": null,
        "id": 2122110000.0,
        "visible": "true",
        "version": 4,
        "changeset": 71503092,
        "timestamp": "2019-06-22T07:03:24Z",
        "user": "Mateusz Konieczny - bot account",
        "uid": 3199858,
        "highway": null,
        "amenity": "atm",
        "place": null,
        "bicycle": null,
        "foot": null,
        "motor_vehi": null,
        "tourism": null,
        "addr_city": null,
        "addr_house": null,
        "addr_postc": 0,
        "addr_stree": null,
        "atm": null,
        "brand": null,
        "brand_en": null,
        "brand_wiki": null,
        "brand_wik1": null,
        "name_en": null,
        "bus": null,
        "public_tra": null,
        "shop": null,
        "level": 0,
        "cuisine": null,
        "brand_zh": null,
        "name_zh": null,
        "takeaway": null,
        "opening_ho": null,
        "office": null,
        "railway": null,
        "leisure": null,
        "addr_distr": null,
        "addr_provi": null,
        "subway": null,
        "building": null,
        "horse": null,
        "locked": null,
        "access": null,
        "natural": null,
        "capacity": 0,
        "phone": null,
        "traffic_ca": null,
        "diet_veget": null,
        "artwork_ty": null,
        "delivery": null,
        "drive_thro": null,
        "outdoor_se": null,
        "sport": null,
        "crossing": null,
        "bench": null,
        "bin": null,
        "telecom": null,
        "historic": null,
        "man_made": null,
        "parking": null,
        "healthcare": null,
        "note": null,
        "operator": null,
        "waste": null,
        "parcel_pic": null,
        "diet_meat": null,
        "shelter_ty": null
      },
      "geometry": {
        "type": "Point",
        "coordinates": [
          114.36813982555405,
          30.532832824987672
        ]
      }
    },
    {
      "type": "Feature",
      "properties": {
        "LAYER": "Unknown Point Feature",
        "GM_TYPE": "Unknown Point Feature",
        "barrier": null,
        "name": "信息学部英语自主学习中心",
        "id": 2122530000.0,
        "visible": "true",
        "version": 4,
        "changeset": 53718157,
        "timestamp": "2017-11-12T16:58:11Z",
        "user": "Supaplex",
        "uid": 274857,
        "highway": null,
        "amenity": null,
        "place": null,
        "bicycle": null,
        "foot": null,
        "motor_vehi": null,
        "tourism": null,
        "addr_city": null,
        "addr_house": null,
        "addr_postc": 0,
        "addr_stree": null,
        "atm": null,
        "brand": null,
        "brand_en": null,
        "brand_wiki": null,
        "brand_wik1": null,
        "name_en": null,
        "bus": null,
        "public_tra": null,
        "shop": null,
        "level": 0,
        "cuisine": null,
        "brand_zh": null,
        "name_zh": null,
        "takeaway": null,
        "opening_ho": null,
        "office": "educational_institution",
        "railway": null,
        "leisure": null,
        "addr_distr": null,
        "addr_provi": null,
        "subway": null,
        "building": null,
        "horse": null,
        "locked": null,
        "access": null,
        "natural": null,
        "capacity": 0,
        "phone": null,
        "traffic_ca": null,
        "diet_veget": null,
        "artwork_ty": null,
        "delivery": null,
        "drive_thro": null,
        "outdoor_se": null,
        "sport": null,
        "crossing": null,
        "bench": null,
        "bin": null,
        "telecom": null,
        "historic": null,
        "man_made": null,
        "parking": null,
        "healthcare": null,
        "note": null,
        "operator": null,
        "waste": null,
        "parcel_pic": null,
        "diet_meat": null,
        "shelter_ty": null
      },
      "geometry": {
        "type": "Point",
        "coordinates": [
          114.36856934502636,
          30.531856813843714
        ]
      }
    },
    {
      "type": "Feature",
      "properties": {
        "LAYER": "amenity - restaurant",
        "GM_TYPE": "Restaurant",
        "barrier": null,
        "name": "豪客来牛排",
        "id": 2127230000.0,
        "visible": "true",
        "version": 1,
        "changeset": 14778496,
        "timestamp": "2013-01-25T09:42:39Z",
        "user": "kun3721",
        "uid": 1195808,
        "highway": null,
        "amenity": "restaurant",
        "place": null,
        "bicycle": null,
        "foot": null,
        "motor_vehi": null,
        "tourism": null,
        "addr_city": null,
        "addr_house": null,
        "addr_postc": 0,
        "addr_stree": null,
        "atm": null,
        "brand": null,
        "brand_en": null,
        "brand_wiki": null,
        "brand_wik1": null,
        "name_en": null,
        "bus": null,
        "public_tra": null,
        "shop": null,
        "level": 0,
        "cuisine": null,
        "brand_zh": null,
        "name_zh": null,
        "takeaway": null,
        "opening_ho": null,
        "office": null,
        "railway": null,
        "leisure": null,
        "addr_distr": null,
        "addr_provi": null,
        "subway": null,
        "building": null,
        "horse": null,
        "locked": null,
        "access": null,
        "natural": null,
        "capacity": 0,
        "phone": null,
        "traffic_ca": null,
        "diet_veget": null,
        "artwork_ty": null,
        "delivery": null,
        "drive_thro": null,
        "outdoor_se": null,
        "sport": null,
        "crossing": null,
        "bench": null,
        "bin": null,
        "telecom": null,
        "historic": null,
        "man_made": null,
        "parking": null,
        "healthcare": null,
        "note": null,
        "operator": null,
        "waste": null,
        "parcel_pic": null,
        "diet_meat": null,
        "shelter_ty": null
      },
      "geometry": {
        "type": "Point",
        "coordinates": [
          114.36309034078971,
          30.538409107846277
        ]
      }
    },
    {
      "type": "Feature",
      "properties": {
        "LAYER": "railway - subway_entrance",
        "GM_TYPE": "Unknown Point Feature",
        "barrier": null,
        "name": "街道口站C出口",
        "id": 2134360000.0,
        "visible": "true",
        "version": 5,
        "changeset": 63717356,
        "timestamp": "2018-10-21T01:24:18Z",
        "user": "bolo_2020",
        "uid": 542604,
        "highway": null,
        "amenity": null,
        "place": null,
        "bicycle": null,
        "foot": null,
        "motor_vehi": null,
        "tourism": null,
        "addr_city": null,
        "addr_house": null,
        "addr_postc": 0,
        "addr_stree": null,
        "atm": null,
        "brand": null,
        "brand_en": null,
        "brand_wiki": null,
        "brand_wik1": null,
        "name_en": null,
        "bus": null,
        "public_tra": null,
        "shop": null,
        "level": 0,
        "cuisine": null,
        "brand_zh": null,
        "name_zh": null,
        "takeaway": null,
        "opening_ho": null,
        "office": null,
        "railway": "subway_entrance",
        "leisure": null,
        "addr_distr": null,
        "addr_provi": null,
        "subway": null,
        "building": null,
        "horse": null,
        "locked": null,
        "access": null,
        "natural": null,
        "capacity": 0,
        "phone": null,
        "traffic_ca": null,
        "diet_veget": null,
        "artwork_ty": null,
        "delivery": null,
        "drive_thro": null,
        "outdoor_se": null,
        "sport": null,
        "crossing": null,
        "bench": null,
        "bin": null,
        "telecom": null,
        "historic": null,
        "man_made": null,
        "parking": null,
        "healthcare": null,
        "note": null,
        "operator": null,
        "waste": null,
        "parcel_pic": null,
        "diet_meat": null,
        "shelter_ty": null
      },
      "geometry": {
        "type": "Point",
        "coordinates": [
          114.36148489314272,
          30.532803765181885
        ]
      }
    },
    {
      "type": "Feature",
      "properties": {
        "LAYER": "leisure - pitch",
        "GM_TYPE": "Stadium",
        "barrier": null,
        "name": "乒乓球馆",
        "id": 2177870000.0,
        "visible": "true",
        "version": 2,
        "changeset": 21663316,
        "timestamp": "2014-04-13T11:36:06Z",
        "user": "大头雨",
        "uid": 2029988,
        "highway": null,
        "amenity": null,
        "place": null,
        "bicycle": null,
        "foot": null,
        "motor_vehi": null,
        "tourism": null,
        "addr_city": null,
        "addr_house": null,
        "addr_postc": 0,
        "addr_stree": null,
        "atm": null,
        "brand": null,
        "brand_en": null,
        "brand_wiki": null,
        "brand_wik1": null,
        "name_en": null,
        "bus": null,
        "public_tra": null,
        "shop": null,
        "level": 0,
        "cuisine": null,
        "brand_zh": null,
        "name_zh": null,
        "takeaway": null,
        "opening_ho": null,
        "office": null,
        "railway": null,
        "leisure": "pitch",
        "addr_distr": null,
        "addr_provi": null,
        "subway": null,
        "building": null,
        "horse": null,
        "locked": null,
        "access": null,
        "natural": null,
        "capacity": 0,
        "phone": null,
        "traffic_ca": null,
        "diet_veget": null,
        "artwork_ty": null,
        "delivery": null,
        "drive_thro": null,
        "outdoor_se": null,
        "sport": null,
        "crossing": null,
        "bench": null,
        "bin": null,
        "telecom": null,
        "historic": null,
        "man_made": null,
        "parking": null,
        "healthcare": null,
        "note": null,
        "operator": null,
        "waste": null,
        "parcel_pic": null,
        "diet_meat": null,
        "shelter_ty": null
      },
      "geometry": {
        "type": "Point",
        "coordinates": [
          114.36870961918594,
          30.53415781547398
        ]
      }
    },
    {
      "type": "Feature",
      "properties": {
        "LAYER": "amenity - college",
        "GM_TYPE": "School",
        "barrier": null,
        "name": "武汉大学先进技术研究院",
        "id": 2334950000.0,
        "visible": "true",
        "version": 4,
        "changeset": 118046092,
        "timestamp": "2022-03-03T08:17:27Z",
        "user": "FengDad",
        "uid": 15218687,
        "highway": null,
        "amenity": "college",
        "place": null,
        "bicycle": null,
        "foot": null,
        "motor_vehi": null,
        "tourism": null,
        "addr_city": "武汉市",
        "addr_house": "129号",
        "addr_postc": 430079,
        "addr_stree": "珞喻路",
        "atm": null,
        "brand": null,
        "brand_en": null,
        "brand_wiki": null,
        "brand_wik1": null,
        "name_en": null,
        "bus": null,
        "public_tra": null,
        "shop": null,
        "level": 0,
        "cuisine": null,
        "brand_zh": null,
        "name_zh": null,
        "takeaway": null,
        "opening_ho": null,
        "office": null,
        "railway": null,
        "leisure": null,
        "addr_distr": "洪山区",
        "addr_provi": "湖北省",
        "subway": null,
        "building": null,
        "horse": null,
        "locked": null,
        "access": null,
        "natural": null,
        "capacity": 0,
        "phone": null,
        "traffic_ca": null,
        "diet_veget": null,
        "artwork_ty": null,
        "delivery": null,
        "drive_thro": null,
        "outdoor_se": null,
        "sport": null,
        "crossing": null,
        "bench": null,
        "bin": null,
        "telecom": null,
        "historic": null,
        "man_made": null,
        "parking": null,
        "healthcare": null,
        "note": null,
        "operator": null,
        "waste": null,
        "parcel_pic": null,
        "diet_meat": null,
        "shelter_ty": null
      },
      "geometry": {
        "type": "Point",
        "coordinates": [
          114.36847492097279,
          30.531469799214612
        ]
      }
    },
    {
      "type": "Feature",
      "properties": {
        "LAYER": "railway - subway_entrance",
        "GM_TYPE": "Unknown Point Feature",
        "barrier": null,
        "name": "广埠屯站K出口",
        "id": 2398960000.0,
        "visible": "true",
        "version": 1,
        "changeset": 17121084,
        "timestamp": "2013-07-28T05:52:04Z",
        "user": "GeoSUN",
        "uid": 414582,
        "highway": null,
        "amenity": null,
        "place": null,
        "bicycle": null,
        "foot": null,
        "motor_vehi": null,
        "tourism": null,
        "addr_city": null,
        "addr_house": null,
        "addr_postc": 0,
        "addr_stree": null,
        "atm": null,
        "brand": null,
        "brand_en": null,
        "brand_wiki": null,
        "brand_wik1": null,
        "name_en": null,
        "bus": null,
        "public_tra": null,
        "shop": null,
        "level": 0,
        "cuisine": null,
        "brand_zh": null,
        "name_zh": null,
        "takeaway": null,
        "opening_ho": null,
        "office": null,
        "railway": "subway_entrance",
        "leisure": null,
        "addr_distr": null,
        "addr_provi": null,
        "subway": null,
        "building": null,
        "horse": null,
        "locked": null,
        "access": null,
        "natural": null,
        "capacity": 0,
        "phone": null,
        "traffic_ca": null,
        "diet_veget": null,
        "artwork_ty": null,
        "delivery": null,
        "drive_thro": null,
        "outdoor_se": null,
        "sport": null,
        "crossing": null,
        "bench": null,
        "bin": null,
        "telecom": null,
        "historic": null,
        "man_made": null,
        "parking": null,
        "healthcare": null,
        "note": null,
        "operator": null,
        "waste": null,
        "parcel_pic": null,
        "diet_meat": null,
        "shelter_ty": null
      },
      "geometry": {
        "type": "Point",
        "coordinates": [
          114.36891160836772,
          30.53054234084957
        ]
      }
    },
    {
      "type": "Feature",
      "properties": {
        "LAYER": "public_transport - stop_position",
        "GM_TYPE": "Unknown Point Feature",
        "barrier": null,
        "name": "街道口",
        "id": 2398960000.0,
        "visible": "true",
        "version": 7,
        "changeset": 130737949,
        "timestamp": "2023-01-01T05:19:27Z",
        "user": "samsung galaxy s6",
        "uid": 3691120,
        "highway": null,
        "amenity": null,
        "place": null,
        "bicycle": null,
        "foot": null,
        "motor_vehi": null,
        "tourism": null,
        "addr_city": null,
        "addr_house": null,
        "addr_postc": 0,
        "addr_stree": null,
        "atm": null,
        "brand": null,
        "brand_en": null,
        "brand_wiki": null,
        "brand_wik1": null,
        "name_en": "Jiedaokou",
        "bus": null,
        "public_tra": "stop_position",
        "shop": null,
        "level": 0,
        "cuisine": null,
        "brand_zh": null,
        "name_zh": "街道口",
        "takeaway": null,
        "opening_ho": null,
        "office": null,
        "railway": "stop",
        "leisure": null,
        "addr_distr": null,
        "addr_provi": null,
        "subway": "yes",
        "building": null,
        "horse": null,
        "locked": null,
        "access": null,
        "natural": null,
        "capacity": 0,
        "phone": null,
        "traffic_ca": null,
        "diet_veget": null,
        "artwork_ty": null,
        "delivery": null,
        "drive_thro": null,
        "outdoor_se": null,
        "sport": null,
        "crossing": null,
        "bench": null,
        "bin": null,
        "telecom": null,
        "historic": null,
        "man_made": null,
        "parking": null,
        "healthcare": null,
        "note": null,
        "operator": null,
        "waste": null,
        "parcel_pic": null,
        "diet_meat": null,
        "shelter_ty": null
      },
      "geometry": {
        "type": "Point",
        "coordinates": [
          114.35961549236777,
          30.53289692605458
        ]
      }
    },
    {
      "type": "Feature",
      "properties": {
        "LAYER": "highway - bus_stop",
        "GM_TYPE": "Unknown Point Feature",
        "barrier": null,
        "name": "珞狮路北段站",
        "id": 2418540000.0,
        "visible": "true",
        "version": 3,
        "changeset": 120670726,
        "timestamp": "2022-05-07T14:32:38Z",
        "user": "636663",
        "uid": 15396410,
        "highway": "bus_stop",
        "amenity": null,
        "place": null,
        "bicycle": null,
        "foot": null,
        "motor_vehi": null,
        "tourism": null,
        "addr_city": null,
        "addr_house": null,
        "addr_postc": 0,
        "addr_stree": null,
        "atm": null,
        "brand": null,
        "brand_en": null,
        "brand_wiki": null,
        "brand_wik1": null,
        "name_en": null,
        "bus": "yes",
        "public_tra": "platform",
        "shop": null,
        "level": 0,
        "cuisine": null,
        "brand_zh": null,
        "name_zh": null,
        "takeaway": null,
        "opening_ho": null,
        "office": null,
        "railway": null,
        "leisure": null,
        "addr_distr": null,
        "addr_provi": null,
        "subway": null,
        "building": null,
        "horse": null,
        "locked": null,
        "access": null,
        "natural": null,
        "capacity": 0,
        "phone": null,
        "traffic_ca": null,
        "diet_veget": null,
        "artwork_ty": null,
        "delivery": null,
        "drive_thro": null,
        "outdoor_se": null,
        "sport": null,
        "crossing": null,
        "bench": null,
        "bin": null,
        "telecom": null,
        "historic": null,
        "man_made": null,
        "parking": null,
        "healthcare": null,
        "note": null,
        "operator": null,
        "waste": null,
        "parcel_pic": null,
        "diet_meat": null,
        "shelter_ty": null
      },
      "geometry": {
        "type": "Point",
        "coordinates": [
          114.36114036928389,
          30.536135900510143
        ]
      }
    },
    {
      "type": "Feature",
      "properties": {
        "LAYER": "tourism - artwork",
        "GM_TYPE": "Landmark",
        "barrier": null,
        "name": "3s雕像（空中之舞）",
        "id": 2481290000.0,
        "visible": "true",
        "version": 3,
        "changeset": 25748054,
        "timestamp": "2014-09-29T14:42:32Z",
        "user": "大头雨",
        "uid": 2029988,
        "highway": null,
        "amenity": null,
        "place": null,
        "bicycle": null,
        "foot": null,
        "motor_vehi": null,
        "tourism": "artwork",
        "addr_city": null,
        "addr_house": null,
        "addr_postc": 0,
        "addr_stree": null,
        "atm": null,
        "brand": null,
        "brand_en": null,
        "brand_wiki": null,
        "brand_wik1": null,
        "name_en": null,
        "bus": null,
        "public_tra": null,
        "shop": null,
        "level": 0,
        "cuisine": null,
        "brand_zh": null,
        "name_zh": null,
        "takeaway": null,
        "opening_ho": null,
        "office": null,
        "railway": null,
        "leisure": null,
        "addr_distr": null,
        "addr_provi": null,
        "subway": null,
        "building": null,
        "horse": null,
        "locked": null,
        "access": null,
        "natural": null,
        "capacity": 0,
        "phone": null,
        "traffic_ca": null,
        "diet_veget": null,
        "artwork_ty": null,
        "delivery": null,
        "drive_thro": null,
        "outdoor_se": null,
        "sport": null,
        "crossing": null,
        "bench": null,
        "bin": null,
        "telecom": null,
        "historic": null,
        "man_made": null,
        "parking": null,
        "healthcare": null,
        "note": null,
        "operator": null,
        "waste": null,
        "parcel_pic": null,
        "diet_meat": null,
        "shelter_ty": null
      },
      "geometry": {
        "type": "Point",
        "coordinates": [
          114.36762539591902,
          30.531878784411084
        ]
      }
    },
    {
      "type": "Feature",
      "properties": {
        "LAYER": "building - university",
        "GM_TYPE": "Building",
        "barrier": null,
        "name": "徕卡厅",
        "id": 2787690000.0,
        "visible": "true",
        "version": 1,
        "changeset": 21663081,
        "timestamp": "2014-04-13T11:23:21Z",
        "user": "大头雨",
        "uid": 2029988,
        "highway": null,
        "amenity": null,
        "place": null,
        "bicycle": null,
        "foot": null,
        "motor_vehi": null,
        "tourism": null,
        "addr_city": null,
        "addr_house": null,
        "addr_postc": 0,
        "addr_stree": null,
        "atm": null,
        "brand": null,
        "brand_en": null,
        "brand_wiki": null,
        "brand_wik1": null,
        "name_en": null,
        "bus": null,
        "public_tra": null,
        "shop": null,
        "level": 0,
        "cuisine": null,
        "brand_zh": null,
        "name_zh": null,
        "takeaway": null,
        "opening_ho": null,
        "office": null,
        "railway": null,
        "leisure": null,
        "addr_distr": null,
        "addr_provi": null,
        "subway": null,
        "building": "university",
        "horse": null,
        "locked": null,
        "access": null,
        "natural": null,
        "capacity": 0,
        "phone": null,
        "traffic_ca": null,
        "diet_veget": null,
        "artwork_ty": null,
        "delivery": null,
        "drive_thro": null,
        "outdoor_se": null,
        "sport": null,
        "crossing": null,
        "bench": null,
        "bin": null,
        "telecom": null,
        "historic": null,
        "man_made": null,
        "parking": null,
        "healthcare": null,
        "note": null,
        "operator": null,
        "waste": null,
        "parcel_pic": null,
        "diet_meat": null,
        "shelter_ty": null
      },
      "geometry": {
        "type": "Point",
        "coordinates": [
          114.36843752265966,
          30.531674137229178
        ]
      }
    },
    {
      "type": "Feature",
      "properties": {
        "LAYER": "shop - laundry",
        "GM_TYPE": "Building",
        "barrier": null,
        "name": "干洗店",
        "id": 2787720000.0,
        "visible": "true",
        "version": 3,
        "changeset": 118059411,
        "timestamp": "2022-03-03T15:07:05Z",
        "user": "Wei Yuanbiao",
        "uid": 12389142,
        "highway": null,
        "amenity": null,
        "place": null,
        "bicycle": null,
        "foot": null,
        "motor_vehi": null,
        "tourism": null,
        "addr_city": null,
        "addr_house": null,
        "addr_postc": 0,
        "addr_stree": null,
        "atm": null,
        "brand": null,
        "brand_en": null,
        "brand_wiki": null,
        "brand_wik1": null,
        "name_en": null,
        "bus": null,
        "public_tra": null,
        "shop": "laundry",
        "level": 0,
        "cuisine": null,
        "brand_zh": null,
        "name_zh": null,
        "takeaway": null,
        "opening_ho": null,
        "office": null,
        "railway": null,
        "leisure": null,
        "addr_distr": null,
        "addr_provi": null,
        "subway": null,
        "building": null,
        "horse": null,
        "locked": null,
        "access": null,
        "natural": null,
        "capacity": 0,
        "phone": null,
        "traffic_ca": null,
        "diet_veget": null,
        "artwork_ty": null,
        "delivery": null,
        "drive_thro": null,
        "outdoor_se": null,
        "sport": null,
        "crossing": null,
        "bench": null,
        "bin": null,
        "telecom": null,
        "historic": null,
        "man_made": null,
        "parking": null,
        "healthcare": null,
        "note": null,
        "operator": null,
        "waste": null,
        "parcel_pic": null,
        "diet_meat": null,
        "shelter_ty": null
      },
      "geometry": {
        "type": "Point",
        "coordinates": [
          114.3642529264323,
          30.534170259018776
        ]
      }
    },
    {
      "type": "Feature",
      "properties": {
        "LAYER": "highway - bus_stop",
        "GM_TYPE": "Unknown Point Feature",
        "barrier": null,
        "name": "校车1号线-信息学部十六舍站",
        "id": 2787760000.0,
        "visible": "true",
        "version": 4,
        "changeset": 133826472,
        "timestamp": "2023-03-18T15:02:22Z",
        "user": "TileBZ",
        "uid": 18756215,
        "highway": "bus_stop",
        "amenity": null,
        "place": null,
        "bicycle": null,
        "foot": null,
        "motor_vehi": null,
        "tourism": null,
        "addr_city": null,
        "addr_house": null,
        "addr_postc": 0,
        "addr_stree": null,
        "atm": null,
        "brand": null,
        "brand_en": null,
        "brand_wiki": null,
        "brand_wik1": null,
        "name_en": null,
        "bus": "yes",
        "public_tra": "platform",
        "shop": null,
        "level": 0,
        "cuisine": null,
        "brand_zh": null,
        "name_zh": null,
        "takeaway": null,
        "opening_ho": null,
        "office": null,
        "railway": null,
        "leisure": null,
        "addr_distr": null,
        "addr_provi": null,
        "subway": null,
        "building": null,
        "horse": null,
        "locked": null,
        "access": null,
        "natural": null,
        "capacity": 0,
        "phone": null,
        "traffic_ca": null,
        "diet_veget": null,
        "artwork_ty": null,
        "delivery": null,
        "drive_thro": null,
        "outdoor_se": null,
        "sport": null,
        "crossing": null,
        "bench": null,
        "bin": null,
        "telecom": null,
        "historic": null,
        "man_made": null,
        "parking": null,
        "healthcare": null,
        "note": null,
        "operator": null,
        "waste": null,
        "parcel_pic": null,
        "diet_meat": null,
        "shelter_ty": null
      },
      "geometry": {
        "type": "Point",
        "coordinates": [
          114.36422790408692,
          30.534714225178973
        ]
      }
    },
    {
      "type": "Feature",
      "properties": {
        "LAYER": "highway - bus_stop",
        "GM_TYPE": "Unknown Point Feature",
        "barrier": null,
        "name": "校车1号线-珞喻二门站",
        "id": 2787760000.0,
        "visible": "true",
        "version": 5,
        "changeset": 133826053,
        "timestamp": "2023-03-18T14:52:12Z",
        "user": "TileBZ",
        "uid": 18756215,
        "highway": "bus_stop",
        "amenity": null,
        "place": null,
        "bicycle": null,
        "foot": null,
        "motor_vehi": null,
        "tourism": null,
        "addr_city": null,
        "addr_house": null,
        "addr_postc": 0,
        "addr_stree": null,
        "atm": null,
        "brand": null,
        "brand_en": null,
        "brand_wiki": null,
        "brand_wik1": null,
        "name_en": null,
        "bus": "yes",
        "public_tra": "platform",
        "shop": null,
        "level": 0,
        "cuisine": null,
        "brand_zh": null,
        "name_zh": null,
        "takeaway": null,
        "opening_ho": null,
        "office": null,
        "railway": null,
        "leisure": null,
        "addr_distr": null,
        "addr_provi": null,
        "subway": null,
        "building": null,
        "horse": null,
        "locked": null,
        "access": null,
        "natural": null,
        "capacity": 0,
        "phone": null,
        "traffic_ca": null,
        "diet_veget": null,
        "artwork_ty": null,
        "delivery": null,
        "drive_thro": null,
        "outdoor_se": null,
        "sport": null,
        "crossing": null,
        "bench": null,
        "bin": null,
        "telecom": null,
        "historic": null,
        "man_made": null,
        "parking": null,
        "healthcare": null,
        "note": null,
        "operator": null,
        "waste": null,
        "parcel_pic": null,
        "diet_meat": null,
        "shelter_ty": null
      },
      "geometry": {
        "type": "Point",
        "coordinates": [
          114.36482516690104,
          30.533025599682407
        ]
      }
    },
    {
      "type": "Feature",
      "properties": {
        "LAYER": "amenity - atm",
        "GM_TYPE": "Bank",
        "barrier": null,
        "name": "中国银行",
        "id": 2800930000.0,
        "visible": "true",
        "version": 1,
        "changeset": 21796453,
        "timestamp": "2014-04-19T12:34:38Z",
        "user": "大头雨",
        "uid": 2029988,
        "highway": null,
        "amenity": "atm",
        "place": null,
        "bicycle": null,
        "foot": null,
        "motor_vehi": null,
        "tourism": null,
        "addr_city": null,
        "addr_house": null,
        "addr_postc": 0,
        "addr_stree": null,
        "atm": null,
        "brand": null,
        "brand_en": null,
        "brand_wiki": null,
        "brand_wik1": null,
        "name_en": null,
        "bus": null,
        "public_tra": null,
        "shop": null,
        "level": 0,
        "cuisine": null,
        "brand_zh": null,
        "name_zh": null,
        "takeaway": null,
        "opening_ho": null,
        "office": null,
        "railway": null,
        "leisure": null,
        "addr_distr": null,
        "addr_provi": null,
        "subway": null,
        "building": null,
        "horse": null,
        "locked": null,
        "access": null,
        "natural": null,
        "capacity": 0,
        "phone": null,
        "traffic_ca": null,
        "diet_veget": null,
        "artwork_ty": null,
        "delivery": null,
        "drive_thro": null,
        "outdoor_se": null,
        "sport": null,
        "crossing": null,
        "bench": null,
        "bin": null,
        "telecom": null,
        "historic": null,
        "man_made": null,
        "parking": null,
        "healthcare": null,
        "note": null,
        "operator": null,
        "waste": null,
        "parcel_pic": null,
        "diet_meat": null,
        "shelter_ty": null
      },
      "geometry": {
        "type": "Point",
        "coordinates": [
          114.36474577999905,
          30.532893828801242
        ]
      }
    },
    {
      "type": "Feature",
      "properties": {
        "LAYER": "Unknown Point Feature",
        "GM_TYPE": "Unknown Point Feature",
        "barrier": "gate",
        "name": null,
        "id": 3148710000.0000005,
        "visible": "true",
        "version": 4,
        "changeset": 133844716,
        "timestamp": "2023-03-19T04:29:51Z",
        "user": "Lee2",
        "uid": 18761862,
        "highway": null,
        "amenity": null,
        "place": null,
        "bicycle": "permissive",
        "foot": "yes",
        "motor_vehi": "no",
        "tourism": null,
        "addr_city": null,
        "addr_house": null,
        "addr_postc": 0,
        "addr_stree": null,
        "atm": null,
        "brand": null,
        "brand_en": null,
        "brand_wiki": null,
        "brand_wik1": null,
        "name_en": null,
        "bus": null,
        "public_tra": null,
        "shop": null,
        "level": 0,
        "cuisine": null,
        "brand_zh": null,
        "name_zh": null,
        "takeaway": null,
        "opening_ho": null,
        "office": null,
        "railway": null,
        "leisure": null,
        "addr_distr": null,
        "addr_provi": null,
        "subway": null,
        "building": null,
        "horse": "no",
        "locked": "no",
        "access": null,
        "natural": null,
        "capacity": 0,
        "phone": null,
        "traffic_ca": null,
        "diet_veget": null,
        "artwork_ty": null,
        "delivery": null,
        "drive_thro": null,
        "outdoor_se": null,
        "sport": null,
        "crossing": null,
        "bench": null,
        "bin": null,
        "telecom": null,
        "historic": null,
        "man_made": null,
        "parking": null,
        "healthcare": null,
        "note": null,
        "operator": null,
        "waste": null,
        "parcel_pic": null,
        "diet_meat": null,
        "shelter_ty": null
      },
      "geometry": {
        "type": "Point",
        "coordinates": [
          114.3639253790833,
          30.532276563806068
        ]
      }
    },
    {
      "type": "Feature",
      "properties": {
        "LAYER": "Unknown Point Feature",
        "GM_TYPE": "Unknown Point Feature",
        "barrier": "gate",
        "name": "武汉大学科技门",
        "id": 3186609999.9999995,
        "visible": "true",
        "version": 3,
        "changeset": 120670726,
        "timestamp": "2022-05-07T14:32:38Z",
        "user": "636663",
        "uid": 15396410,
        "highway": null,
        "amenity": null,
        "place": null,
        "bicycle": "yes",
        "foot": "yes",
        "motor_vehi": null,
        "tourism": null,
        "addr_city": null,
        "addr_house": null,
        "addr_postc": 0,
        "addr_stree": null,
        "atm": null,
        "brand": null,
        "brand_en": null,
        "brand_wiki": null,
        "brand_wik1": null,
        "name_en": null,
        "bus": null,
        "public_tra": null,
        "shop": null,
        "level": 0,
        "cuisine": null,
        "brand_zh": null,
        "name_zh": null,
        "takeaway": null,
        "opening_ho": null,
        "office": null,
        "railway": null,
        "leisure": null,
        "addr_distr": null,
        "addr_provi": null,
        "subway": null,
        "building": null,
        "horse": null,
        "locked": null,
        "access": "no",
        "natural": null,
        "capacity": 0,
        "phone": null,
        "traffic_ca": null,
        "diet_veget": null,
        "artwork_ty": null,
        "delivery": null,
        "drive_thro": null,
        "outdoor_se": null,
        "sport": null,
        "crossing": null,
        "bench": null,
        "bin": null,
        "telecom": null,
        "historic": null,
        "man_made": null,
        "parking": null,
        "healthcare": null,
        "note": null,
        "operator": null,
        "waste": null,
        "parcel_pic": null,
        "diet_meat": null,
        "shelter_ty": null
      },
      "geometry": {
        "type": "Point",
        "coordinates": [
          114.36698722593744,
          30.538358850150168
        ]
      }
    },
    {
      "type": "Feature",
      "properties": {
        "LAYER": "shop - supermarket",
        "GM_TYPE": "Shopping",
        "barrier": null,
        "name": "自强超市",
        "id": 3401590000.0000005,
        "visible": "true",
        "version": 1,
        "changeset": 29515524,
        "timestamp": "2015-03-16T11:48:53Z",
        "user": "漱石枕流",
        "uid": 2761910,
        "highway": null,
        "amenity": null,
        "place": null,
        "bicycle": null,
        "foot": null,
        "motor_vehi": null,
        "tourism": null,
        "addr_city": null,
        "addr_house": null,
        "addr_postc": 0,
        "addr_stree": null,
        "atm": null,
        "brand": null,
        "brand_en": null,
        "brand_wiki": null,
        "brand_wik1": null,
        "name_en": null,
        "bus": null,
        "public_tra": null,
        "shop": "supermarket",
        "level": 0,
        "cuisine": null,
        "brand_zh": null,
        "name_zh": null,
        "takeaway": null,
        "opening_ho": null,
        "office": null,
        "railway": null,
        "leisure": null,
        "addr_distr": null,
        "addr_provi": null,
        "subway": null,
        "building": null,
        "horse": null,
        "locked": null,
        "access": null,
        "natural": null,
        "capacity": 0,
        "phone": null,
        "traffic_ca": null,
        "diet_veget": null,
        "artwork_ty": null,
        "delivery": null,
        "drive_thro": null,
        "outdoor_se": null,
        "sport": null,
        "crossing": null,
        "bench": null,
        "bin": null,
        "telecom": null,
        "historic": null,
        "man_made": null,
        "parking": null,
        "healthcare": null,
        "note": null,
        "operator": null,
        "waste": null,
        "parcel_pic": null,
        "diet_meat": null,
        "shelter_ty": null
      },
      "geometry": {
        "type": "Point",
        "coordinates": [
          114.36669418920711,
          30.53703977318533
        ]
      }
    },
    {
      "type": "Feature",
      "properties": {
        "LAYER": "amenity - bank",
        "GM_TYPE": "Bank",
        "barrier": null,
        "name": "工商银行",
        "id": 3403740000.0,
        "visible": "true",
        "version": 5,
        "changeset": 118123123,
        "timestamp": "2022-03-05T11:41:00Z",
        "user": "红心柚柚子",
        "uid": 15194206,
        "highway": null,
        "amenity": "bank",
        "place": null,
        "bicycle": null,
        "foot": null,
        "motor_vehi": null,
        "tourism": null,
        "addr_city": null,
        "addr_house": null,
        "addr_postc": 0,
        "addr_stree": null,
        "atm": "yes",
        "brand": "工商银行",
        "brand_en": "Industrial and Commercial Bank of China",
        "brand_wiki": "Q26463",
        "brand_wik1": "en:Industrial and Commercial Bank of China",
        "name_en": "Industrial and Commercial Bank of China",
        "bus": null,
        "public_tra": null,
        "shop": null,
        "level": 0,
        "cuisine": null,
        "brand_zh": null,
        "name_zh": null,
        "takeaway": null,
        "opening_ho": null,
        "office": null,
        "railway": null,
        "leisure": null,
        "addr_distr": null,
        "addr_provi": null,
        "subway": null,
        "building": null,
        "horse": null,
        "locked": null,
        "access": null,
        "natural": null,
        "capacity": 0,
        "phone": null,
        "traffic_ca": null,
        "diet_veget": null,
        "artwork_ty": null,
        "delivery": null,
        "drive_thro": null,
        "outdoor_se": null,
        "sport": null,
        "crossing": null,
        "bench": null,
        "bin": null,
        "telecom": null,
        "historic": null,
        "man_made": null,
        "parking": null,
        "healthcare": null,
        "note": null,
        "operator": null,
        "waste": null,
        "parcel_pic": null,
        "diet_meat": null,
        "shelter_ty": null
      },
      "geometry": {
        "type": "Point",
        "coordinates": [
          114.36489242922379,
          30.53415914175384
        ]
      }
    },
    {
      "type": "Feature",
      "properties": {
        "LAYER": "natural - stone",
        "GM_TYPE": "Rock",
        "barrier": null,
        "name": "经纬石",
        "id": 3403750000.0000005,
        "visible": "true",
        "version": 2,
        "changeset": 53718157,
        "timestamp": "2017-11-12T16:58:11Z",
        "user": "Supaplex",
        "uid": 274857,
        "highway": null,
        "amenity": null,
        "place": null,
        "bicycle": null,
        "foot": null,
        "motor_vehi": null,
        "tourism": null,
        "addr_city": null,
        "addr_house": null,
        "addr_postc": 0,
        "addr_stree": null,
        "atm": null,
        "brand": null,
        "brand_en": null,
        "brand_wiki": null,
        "brand_wik1": null,
        "name_en": null,
        "bus": null,
        "public_tra": null,
        "shop": null,
        "level": 0,
        "cuisine": null,
        "brand_zh": null,
        "name_zh": null,
        "takeaway": null,
        "opening_ho": null,
        "office": null,
        "railway": null,
        "leisure": null,
        "addr_distr": null,
        "addr_provi": null,
        "subway": null,
        "building": null,
        "horse": null,
        "locked": null,
        "access": null,
        "natural": "stone",
        "capacity": 0,
        "phone": null,
        "traffic_ca": null,
        "diet_veget": null,
        "artwork_ty": null,
        "delivery": null,
        "drive_thro": null,
        "outdoor_se": null,
        "sport": null,
        "crossing": null,
        "bench": null,
        "bin": null,
        "telecom": null,
        "historic": null,
        "man_made": null,
        "parking": null,
        "healthcare": null,
        "note": null,
        "operator": null,
        "waste": null,
        "parcel_pic": null,
        "diet_meat": null,
        "shelter_ty": null
      },
      "geometry": {
        "type": "Point",
        "coordinates": [
          114.36606908268719,
          30.534000618387985
        ]
      }
    },
    {
      "type": "Feature",
      "properties": {
        "LAYER": "shop - beverages",
        "GM_TYPE": "Shopping",
        "barrier": null,
        "name": "现酿酸奶",
        "id": 3403760000.0,
        "visible": "true",
        "version": 3,
        "changeset": 118059411,
        "timestamp": "2022-03-03T15:07:05Z",
        "user": "Wei Yuanbiao",
        "uid": 12389142,
        "highway": null,
        "amenity": null,
        "place": null,
        "bicycle": null,
        "foot": null,
        "motor_vehi": null,
        "tourism": null,
        "addr_city": null,
        "addr_house": null,
        "addr_postc": 0,
        "addr_stree": null,
        "atm": null,
        "brand": null,
        "brand_en": null,
        "brand_wiki": null,
        "brand_wik1": null,
        "name_en": null,
        "bus": null,
        "public_tra": null,
        "shop": "beverages",
        "level": 0,
        "cuisine": null,
        "brand_zh": null,
        "name_zh": null,
        "takeaway": null,
        "opening_ho": null,
        "office": null,
        "railway": null,
        "leisure": null,
        "addr_distr": null,
        "addr_provi": null,
        "subway": null,
        "building": null,
        "horse": null,
        "locked": null,
        "access": null,
        "natural": null,
        "capacity": 0,
        "phone": null,
        "traffic_ca": null,
        "diet_veget": null,
        "artwork_ty": null,
        "delivery": null,
        "drive_thro": null,
        "outdoor_se": null,
        "sport": null,
        "crossing": null,
        "bench": null,
        "bin": null,
        "telecom": null,
        "historic": null,
        "man_made": null,
        "parking": null,
        "healthcare": null,
        "note": null,
        "operator": null,
        "waste": null,
        "parcel_pic": null,
        "diet_meat": null,
        "shelter_ty": null
      },
      "geometry": {
        "type": "Point",
        "coordinates": [
          114.3642426498876,
          30.5345348608836
        ]
      }
    },
    {
      "type": "Feature",
      "properties": {
        "LAYER": "shop - hairdresser",
        "GM_TYPE": "Shopping",
        "barrier": null,
        "name": "理发店",
        "id": 3407310000.0000005,
        "visible": "true",
        "version": 2,
        "changeset": 29779268,
        "timestamp": "2015-03-27T14:42:37Z",
        "user": "SimpleLuke",
        "uid": 2092629,
        "highway": null,
        "amenity": null,
        "place": null,
        "bicycle": null,
        "foot": null,
        "motor_vehi": null,
        "tourism": null,
        "addr_city": null,
        "addr_house": null,
        "addr_postc": 0,
        "addr_stree": null,
        "atm": null,
        "brand": null,
        "brand_en": null,
        "brand_wiki": null,
        "brand_wik1": null,
        "name_en": null,
        "bus": null,
        "public_tra": null,
        "shop": "hairdresser",
        "level": 0,
        "cuisine": null,
        "brand_zh": null,
        "name_zh": null,
        "takeaway": null,
        "opening_ho": null,
        "office": null,
        "railway": null,
        "leisure": null,
        "addr_distr": null,
        "addr_provi": null,
        "subway": null,
        "building": null,
        "horse": null,
        "locked": null,
        "access": null,
        "natural": null,
        "capacity": 0,
        "phone": null,
        "traffic_ca": null,
        "diet_veget": null,
        "artwork_ty": null,
        "delivery": null,
        "drive_thro": null,
        "outdoor_se": null,
        "sport": null,
        "crossing": null,
        "bench": null,
        "bin": null,
        "telecom": null,
        "historic": null,
        "man_made": null,
        "parking": null,
        "healthcare": null,
        "note": null,
        "operator": null,
        "waste": null,
        "parcel_pic": null,
        "diet_meat": null,
        "shelter_ty": null
      },
      "geometry": {
        "type": "Point",
        "coordinates": [
          114.36517114765519,
          30.53466192588068
        ]
      }
    },
    {
      "type": "Feature",
      "properties": {
        "LAYER": "amenity - karaoke_box",
        "GM_TYPE": "Building",
        "barrier": null,
        "name": "天空乐坊",
        "id": 3407340000.0,
        "visible": "true",
        "version": 3,
        "changeset": 91484430,
        "timestamp": "2020-09-25T06:07:41Z",
        "user": "samsung galaxy s6",
        "uid": 3691120,
        "highway": null,
        "amenity": "karaoke_box",
        "place": null,
        "bicycle": null,
        "foot": null,
        "motor_vehi": null,
        "tourism": null,
        "addr_city": null,
        "addr_house": null,
        "addr_postc": 0,
        "addr_stree": null,
        "atm": null,
        "brand": null,
        "brand_en": null,
        "brand_wiki": null,
        "brand_wik1": null,
        "name_en": null,
        "bus": null,
        "public_tra": null,
        "shop": null,
        "level": 0,
        "cuisine": null,
        "brand_zh": null,
        "name_zh": "天空乐坊",
        "takeaway": null,
        "opening_ho": null,
        "office": null,
        "railway": null,
        "leisure": null,
        "addr_distr": null,
        "addr_provi": null,
        "subway": null,
        "building": null,
        "horse": null,
        "locked": null,
        "access": null,
        "natural": null,
        "capacity": 0,
        "phone": null,
        "traffic_ca": null,
        "diet_veget": null,
        "artwork_ty": null,
        "delivery": null,
        "drive_thro": null,
        "outdoor_se": null,
        "sport": null,
        "crossing": null,
        "bench": null,
        "bin": null,
        "telecom": null,
        "historic": null,
        "man_made": null,
        "parking": null,
        "healthcare": null,
        "note": null,
        "operator": null,
        "waste": null,
        "parcel_pic": null,
        "diet_meat": null,
        "shelter_ty": null
      },
      "geometry": {
        "type": "Point",
        "coordinates": [
          114.36331091570395,
          30.539420334136178
        ]
      }
    },
    {
      "type": "Feature",
      "properties": {
        "LAYER": "building - garage",
        "GM_TYPE": "Building",
        "barrier": null,
        "name": "途智号车库",
        "id": 3604460000.0,
        "visible": "true",
        "version": 2,
        "changeset": 32067161,
        "timestamp": "2015-06-19T06:28:20Z",
        "user": "Mangix",
        "uid": 2998401,
        "highway": null,
        "amenity": null,
        "place": null,
        "bicycle": null,
        "foot": null,
        "motor_vehi": null,
        "tourism": null,
        "addr_city": null,
        "addr_house": null,
        "addr_postc": 0,
        "addr_stree": null,
        "atm": null,
        "brand": null,
        "brand_en": null,
        "brand_wiki": null,
        "brand_wik1": null,
        "name_en": null,
        "bus": null,
        "public_tra": null,
        "shop": null,
        "level": 0,
        "cuisine": null,
        "brand_zh": null,
        "name_zh": null,
        "takeaway": null,
        "opening_ho": null,
        "office": null,
        "railway": null,
        "leisure": null,
        "addr_distr": null,
        "addr_provi": null,
        "subway": null,
        "building": "garage",
        "horse": null,
        "locked": null,
        "access": null,
        "natural": null,
        "capacity": 2,
        "phone": "68770649",
        "traffic_ca": null,
        "diet_veget": null,
        "artwork_ty": null,
        "delivery": null,
        "drive_thro": null,
        "outdoor_se": null,
        "sport": null,
        "crossing": null,
        "bench": null,
        "bin": null,
        "telecom": null,
        "historic": null,
        "man_made": null,
        "parking": null,
        "healthcare": null,
        "note": null,
        "operator": null,
        "waste": null,
        "parcel_pic": null,
        "diet_meat": null,
        "shelter_ty": null
      },
      "geometry": {
        "type": "Point",
        "coordinates": [
          114.3695495615797,
          30.534029400998655
        ]
      }
    },
    {
      "type": "Feature",
      "properties": {
        "LAYER": "Unknown Point Feature",
        "GM_TYPE": "Unknown Point Feature",
        "barrier": "lift_gate",
        "name": null,
        "id": 3631670000.0000005,
        "visible": "true",
        "version": 2,
        "changeset": 67608646,
        "timestamp": "2019-02-27T08:08:59Z",
        "user": "UGxhdHlwdXM",
        "uid": 9480982,
        "highway": null,
        "amenity": null,
        "place": null,
        "bicycle": null,
        "foot": null,
        "motor_vehi": null,
        "tourism": null,
        "addr_city": null,
        "addr_house": null,
        "addr_postc": 0,
        "addr_stree": null,
        "atm": null,
        "brand": null,
        "brand_en": null,
        "brand_wiki": null,
        "brand_wik1": null,
        "name_en": null,
        "bus": null,
        "public_tra": null,
        "shop": null,
        "level": 0,
        "cuisine": null,
        "brand_zh": null,
        "name_zh": null,
        "takeaway": null,
        "opening_ho": null,
        "office": null,
        "railway": null,
        "leisure": null,
        "addr_distr": null,
        "addr_provi": null,
        "subway": null,
        "building": null,
        "horse": null,
        "locked": null,
        "access": null,
        "natural": null,
        "capacity": 0,
        "phone": null,
        "traffic_ca": null,
        "diet_veget": null,
        "artwork_ty": null,
        "delivery": null,
        "drive_thro": null,
        "outdoor_se": null,
        "sport": null,
        "crossing": null,
        "bench": null,
        "bin": null,
        "telecom": null,
        "historic": null,
        "man_made": null,
        "parking": null,
        "healthcare": null,
        "note": null,
        "operator": null,
        "waste": null,
        "parcel_pic": null,
        "diet_meat": null,
        "shelter_ty": null
      },
      "geometry": {
        "type": "Point",
        "coordinates": [
          114.36795553452538,
          30.53142743444436
        ]
      }
    },
    {
      "type": "Feature",
      "properties": {
        "LAYER": "Unknown Point Feature",
        "GM_TYPE": "Unknown Point Feature",
        "barrier": "toll_booth",
        "name": null,
        "id": 3631670000.0000005,
        "visible": "true",
        "version": 3,
        "changeset": 100088650,
        "timestamp": "2021-02-27T09:29:10Z",
        "user": "冰镇葛格",
        "uid": 12354493,
        "highway": null,
        "amenity": null,
        "place": null,
        "bicycle": null,
        "foot": null,
        "motor_vehi": null,
        "tourism": null,
        "addr_city": null,
        "addr_house": null,
        "addr_postc": 0,
        "addr_stree": null,
        "atm": null,
        "brand": null,
        "brand_en": null,
        "brand_wiki": null,
        "brand_wik1": null,
        "name_en": null,
        "bus": null,
        "public_tra": null,
        "shop": null,
        "level": 0,
        "cuisine": null,
        "brand_zh": null,
        "name_zh": null,
        "takeaway": null,
        "opening_ho": null,
        "office": null,
        "railway": null,
        "leisure": null,
        "addr_distr": null,
        "addr_provi": null,
        "subway": null,
        "building": null,
        "horse": null,
        "locked": null,
        "access": null,
        "natural": null,
        "capacity": 0,
        "phone": null,
        "traffic_ca": null,
        "diet_veget": null,
        "artwork_ty": null,
        "delivery": null,
        "drive_thro": null,
        "outdoor_se": null,
        "sport": null,
        "crossing": null,
        "bench": null,
        "bin": null,
        "telecom": null,
        "historic": null,
        "man_made": null,
        "parking": null,
        "healthcare": null,
        "note": null,
        "operator": null,
        "waste": null,
        "parcel_pic": null,
        "diet_meat": null,
        "shelter_ty": null
      },
      "geometry": {
        "type": "Point",
        "coordinates": [
          114.36742045824793,
          30.531425905952755
        ]
      }
    },
    {
      "type": "Feature",
      "properties": {
        "LAYER": "amenity - shelter",
        "GM_TYPE": "Building",
        "barrier": null,
        "name": "星湖亭",
        "id": 4059150000.0000005,
        "visible": "true",
        "version": 2,
        "changeset": 118125933,
        "timestamp": "2022-03-05T13:13:33Z",
        "user": "zhangjiamin",
        "uid": 15213281,
        "highway": null,
        "amenity": "shelter",
        "place": null,
        "bicycle": null,
        "foot": null,
        "motor_vehi": null,
        "tourism": null,
        "addr_city": null,
        "addr_house": null,
        "addr_postc": 0,
        "addr_stree": null,
        "atm": null,
        "brand": null,
        "brand_en": null,
        "brand_wiki": null,
        "brand_wik1": null,
        "name_en": null,
        "bus": null,
        "public_tra": null,
        "shop": null,
        "level": 0,
        "cuisine": null,
        "brand_zh": null,
        "name_zh": null,
        "takeaway": null,
        "opening_ho": null,
        "office": null,
        "railway": null,
        "leisure": null,
        "addr_distr": null,
        "addr_provi": null,
        "subway": null,
        "building": null,
        "horse": null,
        "locked": null,
        "access": null,
        "natural": null,
        "capacity": 0,
        "phone": null,
        "traffic_ca": null,
        "diet_veget": null,
        "artwork_ty": null,
        "delivery": null,
        "drive_thro": null,
        "outdoor_se": null,
        "sport": null,
        "crossing": null,
        "bench": null,
        "bin": null,
        "telecom": null,
        "historic": null,
        "man_made": null,
        "parking": null,
        "healthcare": null,
        "note": null,
        "operator": null,
        "waste": null,
        "parcel_pic": null,
        "diet_meat": null,
        "shelter_ty": null
      },
      "geometry": {
        "type": "Point",
        "coordinates": [
          114.36602234527855,
          30.533691690052276
        ]
      }
    },
    {
      "type": "Feature",
      "properties": {
        "LAYER": "amenity - cafe",
        "GM_TYPE": "Restaurant",
        "barrier": null,
        "name": "漫咖啡",
        "id": 4191729999.9999995,
        "visible": "true",
        "version": 5,
        "changeset": 133822579,
        "timestamp": "2023-03-18T13:18:06Z",
        "user": "ranyan QIAN",
        "uid": 18759641,
        "highway": null,
        "amenity": "cafe",
        "place": null,
        "bicycle": null,
        "foot": null,
        "motor_vehi": null,
        "tourism": null,
        "addr_city": null,
        "addr_house": null,
        "addr_postc": 0,
        "addr_stree": null,
        "atm": null,
        "brand": null,
        "brand_en": null,
        "brand_wiki": null,
        "brand_wik1": null,
        "name_en": null,
        "bus": null,
        "public_tra": null,
        "shop": null,
        "level": 1,
        "cuisine": null,
        "brand_zh": null,
        "name_zh": null,
        "takeaway": null,
        "opening_ho": null,
        "office": null,
        "railway": null,
        "leisure": null,
        "addr_distr": null,
        "addr_provi": null,
        "subway": null,
        "building": null,
        "horse": null,
        "locked": null,
        "access": null,
        "natural": null,
        "capacity": 0,
        "phone": null,
        "traffic_ca": null,
        "diet_veget": null,
        "artwork_ty": null,
        "delivery": null,
        "drive_thro": null,
        "outdoor_se": null,
        "sport": null,
        "crossing": null,
        "bench": null,
        "bin": null,
        "telecom": null,
        "historic": null,
        "man_made": null,
        "parking": null,
        "healthcare": null,
        "note": null,
        "operator": null,
        "waste": null,
        "parcel_pic": null,
        "diet_meat": null,
        "shelter_ty": null
      },
      "geometry": {
        "type": "Point",
        "coordinates": [
          114.36369567116796,
          30.53247753717538
        ]
      }
    },
    {
      "type": "Feature",
      "properties": {
        "LAYER": "amenity - restaurant",
        "GM_TYPE": "Restaurant",
        "barrier": null,
        "name": "继光香香鸡",
        "id": 4191729999.9999995,
        "visible": "true",
        "version": 2,
        "changeset": 45458199,
        "timestamp": "2017-01-25T02:44:14Z",
        "user": "gryffindor",
        "uid": 5161539,
        "highway": null,
        "amenity": "restaurant",
        "place": null,
        "bicycle": null,
        "foot": null,
        "motor_vehi": null,
        "tourism": null,
        "addr_city": "武汉",
        "addr_house": "35",
        "addr_postc": 430079,
        "addr_stree": "珞喻路",
        "atm": null,
        "brand": null,
        "brand_en": null,
        "brand_wiki": null,
        "brand_wik1": null,
        "name_en": null,
        "bus": null,
        "public_tra": null,
        "shop": null,
        "level": -1,
        "cuisine": null,
        "brand_zh": null,
        "name_zh": null,
        "takeaway": null,
        "opening_ho": null,
        "office": null,
        "railway": null,
        "leisure": null,
        "addr_distr": null,
        "addr_provi": null,
        "subway": null,
        "building": null,
        "horse": null,
        "locked": null,
        "access": null,
        "natural": null,
        "capacity": 0,
        "phone": null,
        "traffic_ca": null,
        "diet_veget": null,
        "artwork_ty": null,
        "delivery": null,
        "drive_thro": null,
        "outdoor_se": null,
        "sport": null,
        "crossing": null,
        "bench": null,
        "bin": null,
        "telecom": null,
        "historic": null,
        "man_made": null,
        "parking": null,
        "healthcare": null,
        "note": null,
        "operator": null,
        "waste": null,
        "parcel_pic": null,
        "diet_meat": null,
        "shelter_ty": null
      },
      "geometry": {
        "type": "Point",
        "coordinates": [
          114.36163609062503,
          30.532861519454265
        ]
      }
    },
    {
      "type": "Feature",
      "properties": {
        "LAYER": "amenity - cinema",
        "GM_TYPE": "Amusement Center",
        "barrier": null,
        "name": "博纳国际影城",
        "id": 4191729999.9999995,
        "visible": "true",
        "version": 2,
        "changeset": 91484430,
        "timestamp": "2020-09-25T06:07:41Z",
        "user": "samsung galaxy s6",
        "uid": 3691120,
        "highway": null,
        "amenity": "cinema",
        "place": null,
        "bicycle": null,
        "foot": null,
        "motor_vehi": null,
        "tourism": null,
        "addr_city": null,
        "addr_house": null,
        "addr_postc": 0,
        "addr_stree": null,
        "atm": null,
        "brand": null,
        "brand_en": null,
        "brand_wiki": null,
        "brand_wik1": null,
        "name_en": null,
        "bus": null,
        "public_tra": null,
        "shop": null,
        "level": 10,
        "cuisine": null,
        "brand_zh": null,
        "name_zh": "博纳国际影城",
        "takeaway": null,
        "opening_ho": null,
        "office": null,
        "railway": null,
        "leisure": null,
        "addr_distr": null,
        "addr_provi": null,
        "subway": null,
        "building": null,
        "horse": null,
        "locked": null,
        "access": null,
        "natural": null,
        "capacity": 0,
        "phone": null,
        "traffic_ca": null,
        "diet_veget": null,
        "artwork_ty": null,
        "delivery": null,
        "drive_thro": null,
        "outdoor_se": null,
        "sport": null,
        "crossing": null,
        "bench": null,
        "bin": null,
        "telecom": null,
        "historic": null,
        "man_made": null,
        "parking": null,
        "healthcare": null,
        "note": null,
        "operator": null,
        "waste": null,
        "parcel_pic": null,
        "diet_meat": null,
        "shelter_ty": null
      },
      "geometry": {
        "type": "Point",
        "coordinates": [
          114.36328856870438,
          30.532808567933316
        ]
      }
    },
    {
      "type": "Feature",
      "properties": {
        "LAYER": "Unknown Point Feature",
        "GM_TYPE": "Unknown Point Feature",
        "barrier": "gate",
        "name": "武汉大学南门",
        "id": 4348140000.0,
        "visible": "true",
        "version": 3,
        "changeset": 66064269,
        "timestamp": "2019-01-06T08:17:05Z",
        "user": "Yienlilu",
        "uid": 9332744,
        "highway": null,
        "amenity": null,
        "place": null,
        "bicycle": "yes",
        "foot": "yes",
        "motor_vehi": "yes",
        "tourism": null,
        "addr_city": null,
        "addr_house": null,
        "addr_postc": 0,
        "addr_stree": null,
        "atm": null,
        "brand": null,
        "brand_en": null,
        "brand_wiki": null,
        "brand_wik1": null,
        "name_en": null,
        "bus": null,
        "public_tra": null,
        "shop": null,
        "level": 0,
        "cuisine": null,
        "brand_zh": null,
        "name_zh": null,
        "takeaway": null,
        "opening_ho": null,
        "office": null,
        "railway": null,
        "leisure": null,
        "addr_distr": null,
        "addr_provi": null,
        "subway": null,
        "building": null,
        "horse": null,
        "locked": null,
        "access": null,
        "natural": null,
        "capacity": 0,
        "phone": null,
        "traffic_ca": null,
        "diet_veget": null,
        "artwork_ty": null,
        "delivery": null,
        "drive_thro": null,
        "outdoor_se": null,
        "sport": null,
        "crossing": null,
        "bench": null,
        "bin": null,
        "telecom": null,
        "historic": null,
        "man_made": null,
        "parking": null,
        "healthcare": null,
        "note": null,
        "operator": null,
        "waste": null,
        "parcel_pic": null,
        "diet_meat": null,
        "shelter_ty": null
      },
      "geometry": {
        "type": "Point",
        "coordinates": [
          114.36772520277391,
          30.53102191585694
        ]
      }
    },
    {
      "type": "Feature",
      "properties": {
        "LAYER": "highway - crossing",
        "GM_TYPE": "Unknown Point Feature",
        "barrier": null,
        "name": "图书馆路",
        "id": 4348140000.0,
        "visible": "true",
        "version": 2,
        "changeset": 67608646,
        "timestamp": "2019-02-27T08:09:00Z",
        "user": "UGxhdHlwdXM",
        "uid": 9480982,
        "highway": "crossing",
        "amenity": null,
        "place": null,
        "bicycle": null,
        "foot": null,
        "motor_vehi": null,
        "tourism": null,
        "addr_city": null,
        "addr_house": null,
        "addr_postc": 0,
        "addr_stree": null,
        "atm": null,
        "brand": null,
        "brand_en": null,
        "brand_wiki": null,
        "brand_wik1": null,
        "name_en": null,
        "bus": null,
        "public_tra": null,
        "shop": null,
        "level": 0,
        "cuisine": null,
        "brand_zh": null,
        "name_zh": null,
        "takeaway": null,
        "opening_ho": null,
        "office": null,
        "railway": null,
        "leisure": null,
        "addr_distr": null,
        "addr_provi": null,
        "subway": null,
        "building": null,
        "horse": null,
        "locked": null,
        "access": null,
        "natural": null,
        "capacity": 0,
        "phone": null,
        "traffic_ca": "table",
        "diet_veget": null,
        "artwork_ty": null,
        "delivery": null,
        "drive_thro": null,
        "outdoor_se": null,
        "sport": null,
        "crossing": null,
        "bench": null,
        "bin": null,
        "telecom": null,
        "historic": null,
        "man_made": null,
        "parking": null,
        "healthcare": null,
        "note": null,
        "operator": null,
        "waste": null,
        "parcel_pic": null,
        "diet_meat": null,
        "shelter_ty": null
      },
      "geometry": {
        "type": "Point",
        "coordinates": [
          114.36824595010135,
          30.535267585112198
        ]
      }
    },
    {
      "type": "Feature",
      "properties": {
        "LAYER": "amenity - fast_food",
        "GM_TYPE": "Restaurant",
        "barrier": null,
        "name": "贵哥卤肉卷",
        "id": 4631070000.0,
        "visible": "true",
        "version": 1,
        "changeset": 45458199,
        "timestamp": "2017-01-25T02:44:09Z",
        "user": "gryffindor",
        "uid": 5161539,
        "highway": null,
        "amenity": "fast_food",
        "place": null,
        "bicycle": null,
        "foot": null,
        "motor_vehi": null,
        "tourism": null,
        "addr_city": "武汉",
        "addr_house": "A-99",
        "addr_postc": 430079,
        "addr_stree": "广八路",
        "atm": null,
        "brand": null,
        "brand_en": null,
        "brand_wiki": null,
        "brand_wik1": null,
        "name_en": null,
        "bus": null,
        "public_tra": null,
        "shop": null,
        "level": 0,
        "cuisine": null,
        "brand_zh": null,
        "name_zh": null,
        "takeaway": "yes",
        "opening_ho": "10:00-21:00",
        "office": null,
        "railway": null,
        "leisure": null,
        "addr_distr": null,
        "addr_provi": null,
        "subway": null,
        "building": null,
        "horse": null,
        "locked": null,
        "access": null,
        "natural": null,
        "capacity": 0,
        "phone": null,
        "traffic_ca": null,
        "diet_veget": null,
        "artwork_ty": null,
        "delivery": null,
        "drive_thro": null,
        "outdoor_se": null,
        "sport": null,
        "crossing": null,
        "bench": null,
        "bin": null,
        "telecom": null,
        "historic": null,
        "man_made": null,
        "parking": null,
        "healthcare": null,
        "note": null,
        "operator": null,
        "waste": null,
        "parcel_pic": null,
        "diet_meat": null,
        "shelter_ty": null
      },
      "geometry": {
        "type": "Point",
        "coordinates": [
          114.36910349359354,
          30.53084992286545
        ]
      }
    },
    {
      "type": "Feature",
      "properties": {
        "LAYER": "amenity - restaurant",
        "GM_TYPE": "Restaurant",
        "barrier": null,
        "name": "MrLai台北脆皮鸡排",
        "id": 4631070000.0,
        "visible": "true",
        "version": 2,
        "changeset": 88208185,
        "timestamp": "2020-07-19T19:02:20Z",
        "user": "Metrohsrtheedit",
        "uid": 7030314,
        "highway": null,
        "amenity": "restaurant",
        "place": null,
        "bicycle": null,
        "foot": null,
        "motor_vehi": null,
        "tourism": null,
        "addr_city": "武汉",
        "addr_house": null,
        "addr_postc": 430079,
        "addr_stree": "珞喻路",
        "atm": null,
        "brand": null,
        "brand_en": null,
        "brand_wiki": null,
        "brand_wik1": null,
        "name_en": null,
        "bus": null,
        "public_tra": null,
        "shop": null,
        "level": 0,
        "cuisine": null,
        "brand_zh": null,
        "name_zh": null,
        "takeaway": "yes",
        "opening_ho": null,
        "office": null,
        "railway": null,
        "leisure": null,
        "addr_distr": null,
        "addr_provi": null,
        "subway": null,
        "building": null,
        "horse": null,
        "locked": null,
        "access": null,
        "natural": null,
        "capacity": 0,
        "phone": null,
        "traffic_ca": null,
        "diet_veget": null,
        "artwork_ty": null,
        "delivery": null,
        "drive_thro": null,
        "outdoor_se": null,
        "sport": null,
        "crossing": null,
        "bench": null,
        "bin": null,
        "telecom": null,
        "historic": null,
        "man_made": null,
        "parking": null,
        "healthcare": null,
        "note": null,
        "operator": null,
        "waste": null,
        "parcel_pic": null,
        "diet_meat": null,
        "shelter_ty": null
      },
      "geometry": {
        "type": "Point",
        "coordinates": [
          114.3691213819412,
          30.530926116449812
        ]
      }
    },
    {
      "type": "Feature",
      "properties": {
        "LAYER": "amenity - restaurant",
        "GM_TYPE": "Restaurant",
        "barrier": null,
        "name": "永利妍农家菜",
        "id": 4631070000.0,
        "visible": "true",
        "version": 1,
        "changeset": 45458199,
        "timestamp": "2017-01-25T02:44:10Z",
        "user": "gryffindor",
        "uid": 5161539,
        "highway": null,
        "amenity": "restaurant",
        "place": null,
        "bicycle": null,
        "foot": null,
        "motor_vehi": null,
        "tourism": null,
        "addr_city": "武汉",
        "addr_house": null,
        "addr_postc": 430079,
        "addr_stree": "广八路",
        "atm": null,
        "brand": null,
        "brand_en": null,
        "brand_wiki": null,
        "brand_wik1": null,
        "name_en": null,
        "bus": null,
        "public_tra": null,
        "shop": null,
        "level": 0,
        "cuisine": null,
        "brand_zh": null,
        "name_zh": null,
        "takeaway": null,
        "opening_ho": null,
        "office": null,
        "railway": null,
        "leisure": null,
        "addr_distr": null,
        "addr_provi": null,
        "subway": null,
        "building": null,
        "horse": null,
        "locked": null,
        "access": null,
        "natural": null,
        "capacity": 0,
        "phone": null,
        "traffic_ca": null,
        "diet_veget": null,
        "artwork_ty": null,
        "delivery": null,
        "drive_thro": null,
        "outdoor_se": null,
        "sport": null,
        "crossing": null,
        "bench": null,
        "bin": null,
        "telecom": null,
        "historic": null,
        "man_made": null,
        "parking": null,
        "healthcare": null,
        "note": null,
        "operator": null,
        "waste": null,
        "parcel_pic": null,
        "diet_meat": null,
        "shelter_ty": null
      },
      "geometry": {
        "type": "Point",
        "coordinates": [
          114.3689095173669,
          30.5310138067073
        ]
      }
    },
    {
      "type": "Feature",
      "properties": {
        "LAYER": "amenity - restaurant",
        "GM_TYPE": "Restaurant",
        "barrier": null,
        "name": "凌枫轩自助盒饭连锁",
        "id": 4631070000.0,
        "visible": "true",
        "version": 1,
        "changeset": 45458199,
        "timestamp": "2017-01-25T02:44:10Z",
        "user": "gryffindor",
        "uid": 5161539,
        "highway": null,
        "amenity": "restaurant",
        "place": null,
        "bicycle": null,
        "foot": null,
        "motor_vehi": null,
        "tourism": null,
        "addr_city": null,
        "addr_house": null,
        "addr_postc": 0,
        "addr_stree": null,
        "atm": null,
        "brand": null,
        "brand_en": null,
        "brand_wiki": null,
        "brand_wik1": null,
        "name_en": null,
        "bus": null,
        "public_tra": null,
        "shop": null,
        "level": 0,
        "cuisine": null,
        "brand_zh": null,
        "name_zh": null,
        "takeaway": null,
        "opening_ho": null,
        "office": null,
        "railway": null,
        "leisure": null,
        "addr_distr": null,
        "addr_provi": null,
        "subway": null,
        "building": null,
        "horse": null,
        "locked": null,
        "access": null,
        "natural": null,
        "capacity": 0,
        "phone": null,
        "traffic_ca": null,
        "diet_veget": null,
        "artwork_ty": null,
        "delivery": null,
        "drive_thro": null,
        "outdoor_se": null,
        "sport": null,
        "crossing": null,
        "bench": null,
        "bin": null,
        "telecom": null,
        "historic": null,
        "man_made": null,
        "parking": null,
        "healthcare": null,
        "note": null,
        "operator": null,
        "waste": null,
        "parcel_pic": null,
        "diet_meat": null,
        "shelter_ty": null
      },
      "geometry": {
        "type": "Point",
        "coordinates": [
          114.36892259915159,
          30.531083706284083
        ]
      }
    },
    {
      "type": "Feature",
      "properties": {
        "LAYER": "amenity - restaurant",
        "GM_TYPE": "Restaurant",
        "barrier": null,
        "name": "强仔过桥米线",
        "id": 4631070000.0,
        "visible": "true",
        "version": 1,
        "changeset": 45458199,
        "timestamp": "2017-01-25T02:44:10Z",
        "user": "gryffindor",
        "uid": 5161539,
        "highway": null,
        "amenity": "restaurant",
        "place": null,
        "bicycle": null,
        "foot": null,
        "motor_vehi": null,
        "tourism": null,
        "addr_city": "武汉",
        "addr_house": "189-12",
        "addr_postc": 430079,
        "addr_stree": "广八路",
        "atm": null,
        "brand": null,
        "brand_en": null,
        "brand_wiki": null,
        "brand_wik1": null,
        "name_en": null,
        "bus": null,
        "public_tra": null,
        "shop": null,
        "level": 0,
        "cuisine": null,
        "brand_zh": null,
        "name_zh": null,
        "takeaway": null,
        "opening_ho": null,
        "office": null,
        "railway": null,
        "leisure": null,
        "addr_distr": null,
        "addr_provi": null,
        "subway": null,
        "building": null,
        "horse": null,
        "locked": null,
        "access": null,
        "natural": null,
        "capacity": 0,
        "phone": null,
        "traffic_ca": null,
        "diet_veget": null,
        "artwork_ty": null,
        "delivery": null,
        "drive_thro": null,
        "outdoor_se": null,
        "sport": null,
        "crossing": null,
        "bench": null,
        "bin": null,
        "telecom": null,
        "historic": null,
        "man_made": null,
        "parking": null,
        "healthcare": null,
        "note": null,
        "operator": null,
        "waste": null,
        "parcel_pic": null,
        "diet_meat": null,
        "shelter_ty": null
      },
      "geometry": {
        "type": "Point",
        "coordinates": [
          114.36939156965461,
          30.53148670095349
        ]
      }
    },
    {
      "type": "Feature",
      "properties": {
        "LAYER": "amenity - cafe",
        "GM_TYPE": "Restaurant",
        "barrier": null,
        "name": "鲜碧园",
        "id": 4631070000.0,
        "visible": "true",
        "version": 1,
        "changeset": 45458199,
        "timestamp": "2017-01-25T02:44:10Z",
        "user": "gryffindor",
        "uid": 5161539,
        "highway": null,
        "amenity": "cafe",
        "place": null,
        "bicycle": null,
        "foot": null,
        "motor_vehi": null,
        "tourism": null,
        "addr_city": null,
        "addr_house": null,
        "addr_postc": 0,
        "addr_stree": null,
        "atm": null,
        "brand": null,
        "brand_en": null,
        "brand_wiki": null,
        "brand_wik1": null,
        "name_en": null,
        "bus": null,
        "public_tra": null,
        "shop": null,
        "level": 0,
        "cuisine": null,
        "brand_zh": null,
        "name_zh": null,
        "takeaway": null,
        "opening_ho": null,
        "office": null,
        "railway": null,
        "leisure": null,
        "addr_distr": null,
        "addr_provi": null,
        "subway": null,
        "building": null,
        "horse": null,
        "locked": null,
        "access": null,
        "natural": null,
        "capacity": 0,
        "phone": null,
        "traffic_ca": null,
        "diet_veget": null,
        "artwork_ty": null,
        "delivery": null,
        "drive_thro": null,
        "outdoor_se": null,
        "sport": null,
        "crossing": null,
        "bench": null,
        "bin": null,
        "telecom": null,
        "historic": null,
        "man_made": null,
        "parking": null,
        "healthcare": null,
        "note": null,
        "operator": null,
        "waste": null,
        "parcel_pic": null,
        "diet_meat": null,
        "shelter_ty": null
      },
      "geometry": {
        "type": "Point",
        "coordinates": [
          114.36920165324563,
          30.531544019224413
        ]
      }
    },
    {
      "type": "Feature",
      "properties": {
        "LAYER": "amenity - fast_food",
        "GM_TYPE": "Restaurant",
        "barrier": null,
        "name": "小滋小味",
        "id": 4631070000.0,
        "visible": "true",
        "version": 1,
        "changeset": 45458199,
        "timestamp": "2017-01-25T02:44:10Z",
        "user": "gryffindor",
        "uid": 5161539,
        "highway": null,
        "amenity": "fast_food",
        "place": null,
        "bicycle": null,
        "foot": null,
        "motor_vehi": null,
        "tourism": null,
        "addr_city": null,
        "addr_house": null,
        "addr_postc": 0,
        "addr_stree": null,
        "atm": null,
        "brand": null,
        "brand_en": null,
        "brand_wiki": null,
        "brand_wik1": null,
        "name_en": null,
        "bus": null,
        "public_tra": null,
        "shop": null,
        "level": 0,
        "cuisine": null,
        "brand_zh": null,
        "name_zh": null,
        "takeaway": null,
        "opening_ho": null,
        "office": null,
        "railway": null,
        "leisure": null,
        "addr_distr": null,
        "addr_provi": null,
        "subway": null,
        "building": null,
        "horse": null,
        "locked": null,
        "access": null,
        "natural": null,
        "capacity": 0,
        "phone": null,
        "traffic_ca": null,
        "diet_veget": null,
        "artwork_ty": null,
        "delivery": null,
        "drive_thro": null,
        "outdoor_se": null,
        "sport": null,
        "crossing": null,
        "bench": null,
        "bin": null,
        "telecom": null,
        "historic": null,
        "man_made": null,
        "parking": null,
        "healthcare": null,
        "note": null,
        "operator": null,
        "waste": null,
        "parcel_pic": null,
        "diet_meat": null,
        "shelter_ty": null
      },
      "geometry": {
        "type": "Point",
        "coordinates": [
          114.36924348731493,
          30.5316205855841
        ]
      }
    },
    {
      "type": "Feature",
      "properties": {
        "LAYER": "amenity - restaurant",
        "GM_TYPE": "Restaurant",
        "barrier": null,
        "name": "麻麻鱼府",
        "id": 4631070000.0,
        "visible": "true",
        "version": 1,
        "changeset": 45458199,
        "timestamp": "2017-01-25T02:44:10Z",
        "user": "gryffindor",
        "uid": 5161539,
        "highway": null,
        "amenity": "restaurant",
        "place": null,
        "bicycle": null,
        "foot": null,
        "motor_vehi": null,
        "tourism": null,
        "addr_city": "武汉",
        "addr_house": "173",
        "addr_postc": 430079,
        "addr_stree": "广八路",
        "atm": null,
        "brand": null,
        "brand_en": null,
        "brand_wiki": null,
        "brand_wik1": null,
        "name_en": null,
        "bus": null,
        "public_tra": null,
        "shop": null,
        "level": 0,
        "cuisine": null,
        "brand_zh": null,
        "name_zh": null,
        "takeaway": null,
        "opening_ho": "11:00 - 22:30",
        "office": null,
        "railway": null,
        "leisure": null,
        "addr_distr": null,
        "addr_provi": null,
        "subway": null,
        "building": null,
        "horse": null,
        "locked": null,
        "access": null,
        "natural": null,
        "capacity": 0,
        "phone": "(027)59732564",
        "traffic_ca": null,
        "diet_veget": null,
        "artwork_ty": null,
        "delivery": null,
        "drive_thro": null,
        "outdoor_se": null,
        "sport": null,
        "crossing": null,
        "bench": null,
        "bin": null,
        "telecom": null,
        "historic": null,
        "man_made": null,
        "parking": null,
        "healthcare": null,
        "note": null,
        "operator": null,
        "waste": null,
        "parcel_pic": null,
        "diet_meat": null,
        "shelter_ty": null
      },
      "geometry": {
        "type": "Point",
        "coordinates": [
          114.36911278761359,
          30.53088941956494
        ]
      }
    },
    {
      "type": "Feature",
      "properties": {
        "LAYER": "amenity - restaurant",
        "GM_TYPE": "Restaurant",
        "barrier": null,
        "name": "正宗襄阳牛肉面",
        "id": 4631070000.0,
        "visible": "true",
        "version": 1,
        "changeset": 45458199,
        "timestamp": "2017-01-25T02:44:10Z",
        "user": "gryffindor",
        "uid": 5161539,
        "highway": null,
        "amenity": "restaurant",
        "place": null,
        "bicycle": null,
        "foot": null,
        "motor_vehi": null,
        "tourism": null,
        "addr_city": "武汉",
        "addr_house": "156-158",
        "addr_postc": 430079,
        "addr_stree": "广八路",
        "atm": null,
        "brand": null,
        "brand_en": null,
        "brand_wiki": null,
        "brand_wik1": null,
        "name_en": null,
        "bus": null,
        "public_tra": null,
        "shop": null,
        "level": 0,
        "cuisine": null,
        "brand_zh": null,
        "name_zh": null,
        "takeaway": null,
        "opening_ho": null,
        "office": null,
        "railway": null,
        "leisure": null,
        "addr_distr": null,
        "addr_provi": null,
        "subway": null,
        "building": null,
        "horse": null,
        "locked": null,
        "access": null,
        "natural": null,
        "capacity": 0,
        "phone": null,
        "traffic_ca": null,
        "diet_veget": null,
        "artwork_ty": null,
        "delivery": null,
        "drive_thro": null,
        "outdoor_se": null,
        "sport": null,
        "crossing": null,
        "bench": null,
        "bin": null,
        "telecom": null,
        "historic": null,
        "man_made": null,
        "parking": null,
        "healthcare": null,
        "note": null,
        "operator": null,
        "waste": null,
        "parcel_pic": null,
        "diet_meat": null,
        "shelter_ty": null
      },
      "geometry": {
        "type": "Point",
        "coordinates": [
          114.36943684065479,
          30.531361529349805
        ]
      }
    },
    {
      "type": "Feature",
      "properties": {
        "LAYER": "amenity - fast_food",
        "GM_TYPE": "Restaurant",
        "barrier": null,
        "name": "特尔香烤肉饭",
        "id": 4631070000.0,
        "visible": "true",
        "version": 1,
        "changeset": 45458199,
        "timestamp": "2017-01-25T02:44:10Z",
        "user": "gryffindor",
        "uid": 5161539,
        "highway": null,
        "amenity": "fast_food",
        "place": null,
        "bicycle": null,
        "foot": null,
        "motor_vehi": null,
        "tourism": null,
        "addr_city": "武汉",
        "addr_house": "94",
        "addr_postc": 430079,
        "addr_stree": "广八路",
        "atm": null,
        "brand": null,
        "brand_en": null,
        "brand_wiki": null,
        "brand_wik1": null,
        "name_en": null,
        "bus": null,
        "public_tra": null,
        "shop": null,
        "level": 0,
        "cuisine": null,
        "brand_zh": null,
        "name_zh": null,
        "takeaway": null,
        "opening_ho": null,
        "office": null,
        "railway": null,
        "leisure": null,
        "addr_distr": null,
        "addr_provi": null,
        "subway": null,
        "building": null,
        "horse": null,
        "locked": null,
        "access": null,
        "natural": null,
        "capacity": 0,
        "phone": "13628663977",
        "traffic_ca": null,
        "diet_veget": null,
        "artwork_ty": null,
        "delivery": null,
        "drive_thro": null,
        "outdoor_se": null,
        "sport": null,
        "crossing": null,
        "bench": null,
        "bin": null,
        "telecom": null,
        "historic": null,
        "man_made": null,
        "parking": null,
        "healthcare": null,
        "note": null,
        "operator": null,
        "waste": null,
        "parcel_pic": null,
        "diet_meat": null,
        "shelter_ty": null
      },
      "geometry": {
        "type": "Point",
        "coordinates": [
          114.36918313656345,
          30.531512733901938
        ]
      }
    },
    {
      "type": "Feature",
      "properties": {
        "LAYER": "amenity - restaurant",
        "GM_TYPE": "Restaurant",
        "barrier": null,
        "name": "味香居",
        "id": 4631070000.0,
        "visible": "true",
        "version": 1,
        "changeset": 45458199,
        "timestamp": "2017-01-25T02:44:10Z",
        "user": "gryffindor",
        "uid": 5161539,
        "highway": null,
        "amenity": "restaurant",
        "place": null,
        "bicycle": null,
        "foot": null,
        "motor_vehi": null,
        "tourism": null,
        "addr_city": "武汉",
        "addr_house": "158",
        "addr_postc": 430079,
        "addr_stree": "广八路",
        "atm": null,
        "brand": null,
        "brand_en": null,
        "brand_wiki": null,
        "brand_wik1": null,
        "name_en": null,
        "bus": null,
        "public_tra": null,
        "shop": null,
        "level": 0,
        "cuisine": null,
        "brand_zh": null,
        "name_zh": null,
        "takeaway": null,
        "opening_ho": "10:00 - 21:00",
        "office": null,
        "railway": null,
        "leisure": null,
        "addr_distr": null,
        "addr_provi": null,
        "subway": null,
        "building": null,
        "horse": null,
        "locked": null,
        "access": null,
        "natural": null,
        "capacity": 0,
        "phone": null,
        "traffic_ca": null,
        "diet_veget": null,
        "artwork_ty": null,
        "delivery": null,
        "drive_thro": null,
        "outdoor_se": null,
        "sport": null,
        "crossing": null,
        "bench": null,
        "bin": null,
        "telecom": null,
        "historic": null,
        "man_made": null,
        "parking": null,
        "healthcare": null,
        "note": null,
        "operator": null,
        "waste": null,
        "parcel_pic": null,
        "diet_meat": null,
        "shelter_ty": null
      },
      "geometry": {
        "type": "Point",
        "coordinates": [
          114.36969895307705,
          30.531873336452016
        ]
      }
    },
    {
      "type": "Feature",
      "properties": {
        "LAYER": "amenity - cafe",
        "GM_TYPE": "Restaurant",
        "barrier": null,
        "name": "布朗尼西饼",
        "id": 4631070000.0,
        "visible": "true",
        "version": 1,
        "changeset": 45458199,
        "timestamp": "2017-01-25T02:44:10Z",
        "user": "gryffindor",
        "uid": 5161539,
        "highway": null,
        "amenity": "cafe",
        "place": null,
        "bicycle": null,
        "foot": null,
        "motor_vehi": null,
        "tourism": null,
        "addr_city": "武汉",
        "addr_house": "49",
        "addr_postc": 430079,
        "addr_stree": "珞南街",
        "atm": null,
        "brand": null,
        "brand_en": null,
        "brand_wiki": null,
        "brand_wik1": null,
        "name_en": null,
        "bus": null,
        "public_tra": null,
        "shop": null,
        "level": 0,
        "cuisine": null,
        "brand_zh": null,
        "name_zh": null,
        "takeaway": null,
        "opening_ho": null,
        "office": null,
        "railway": null,
        "leisure": null,
        "addr_distr": null,
        "addr_provi": null,
        "subway": null,
        "building": null,
        "horse": null,
        "locked": null,
        "access": null,
        "natural": null,
        "capacity": 0,
        "phone": null,
        "traffic_ca": null,
        "diet_veget": null,
        "artwork_ty": null,
        "delivery": null,
        "drive_thro": null,
        "outdoor_se": null,
        "sport": null,
        "crossing": null,
        "bench": null,
        "bin": null,
        "telecom": null,
        "historic": null,
        "man_made": null,
        "parking": null,
        "healthcare": null,
        "note": null,
        "operator": null,
        "waste": null,
        "parcel_pic": null,
        "diet_meat": null,
        "shelter_ty": null
      },
      "geometry": {
        "type": "Point",
        "coordinates": [
          114.36946298539783,
          30.531997177750092
        ]
      }
    },
    {
      "type": "Feature",
      "properties": {
        "LAYER": "amenity - restaurant",
        "GM_TYPE": "Restaurant",
        "barrier": null,
        "name": "大鹏牛肉粉",
        "id": 4631070000.0,
        "visible": "true",
        "version": 2,
        "changeset": 88208185,
        "timestamp": "2020-07-19T19:02:20Z",
        "user": "Metrohsrtheedit",
        "uid": 7030314,
        "highway": null,
        "amenity": "restaurant",
        "place": null,
        "bicycle": null,
        "foot": null,
        "motor_vehi": null,
        "tourism": null,
        "addr_city": null,
        "addr_house": null,
        "addr_postc": 0,
        "addr_stree": null,
        "atm": null,
        "brand": null,
        "brand_en": null,
        "brand_wiki": null,
        "brand_wik1": null,
        "name_en": null,
        "bus": null,
        "public_tra": null,
        "shop": null,
        "level": 0,
        "cuisine": null,
        "brand_zh": null,
        "name_zh": null,
        "takeaway": null,
        "opening_ho": null,
        "office": null,
        "railway": null,
        "leisure": null,
        "addr_distr": null,
        "addr_provi": null,
        "subway": null,
        "building": null,
        "horse": null,
        "locked": null,
        "access": null,
        "natural": null,
        "capacity": 0,
        "phone": null,
        "traffic_ca": null,
        "diet_veget": null,
        "artwork_ty": null,
        "delivery": null,
        "drive_thro": null,
        "outdoor_se": null,
        "sport": null,
        "crossing": null,
        "bench": null,
        "bin": null,
        "telecom": null,
        "historic": null,
        "man_made": null,
        "parking": null,
        "healthcare": null,
        "note": null,
        "operator": null,
        "waste": null,
        "parcel_pic": null,
        "diet_meat": null,
        "shelter_ty": null
      },
      "geometry": {
        "type": "Point",
        "coordinates": [
          114.36967027096713,
          30.532362739449916
        ]
      }
    },
    {
      "type": "Feature",
      "properties": {
        "LAYER": "amenity - fast_food",
        "GM_TYPE": "Restaurant",
        "barrier": null,
        "name": "抹茶炒酸奶",
        "id": 4631070000.0,
        "visible": "true",
        "version": 1,
        "changeset": 45458199,
        "timestamp": "2017-01-25T02:44:11Z",
        "user": "gryffindor",
        "uid": 5161539,
        "highway": null,
        "amenity": "fast_food",
        "place": null,
        "bicycle": null,
        "foot": null,
        "motor_vehi": null,
        "tourism": null,
        "addr_city": "武汉",
        "addr_house": "64",
        "addr_postc": 430079,
        "addr_stree": "广八路",
        "atm": null,
        "brand": null,
        "brand_en": null,
        "brand_wiki": null,
        "brand_wik1": null,
        "name_en": null,
        "bus": null,
        "public_tra": null,
        "shop": null,
        "level": 0,
        "cuisine": null,
        "brand_zh": null,
        "name_zh": null,
        "takeaway": null,
        "opening_ho": "10:30 - 22:00",
        "office": null,
        "railway": null,
        "leisure": null,
        "addr_distr": null,
        "addr_provi": null,
        "subway": null,
        "building": null,
        "horse": null,
        "locked": null,
        "access": null,
        "natural": null,
        "capacity": 0,
        "phone": null,
        "traffic_ca": null,
        "diet_veget": null,
        "artwork_ty": null,
        "delivery": null,
        "drive_thro": null,
        "outdoor_se": null,
        "sport": null,
        "crossing": null,
        "bench": null,
        "bin": null,
        "telecom": null,
        "historic": null,
        "man_made": null,
        "parking": null,
        "healthcare": null,
        "note": null,
        "operator": null,
        "waste": null,
        "parcel_pic": null,
        "diet_meat": null,
        "shelter_ty": null
      },
      "geometry": {
        "type": "Point",
        "coordinates": [
          114.36985793509793,
          30.532705488906526
        ]
      }
    },
    {
      "type": "Feature",
      "properties": {
        "LAYER": "amenity - fast_food",
        "GM_TYPE": "Restaurant",
        "barrier": null,
        "name": "周黑鸭",
        "id": 4631070000.0,
        "visible": "true",
        "version": 1,
        "changeset": 45458199,
        "timestamp": "2017-01-25T02:44:11Z",
        "user": "gryffindor",
        "uid": 5161539,
        "highway": null,
        "amenity": "fast_food",
        "place": null,
        "bicycle": null,
        "foot": null,
        "motor_vehi": null,
        "tourism": null,
        "addr_city": "武汉",
        "addr_house": null,
        "addr_postc": 430079,
        "addr_stree": "广八路",
        "atm": null,
        "brand": null,
        "brand_en": null,
        "brand_wiki": null,
        "brand_wik1": null,
        "name_en": null,
        "bus": null,
        "public_tra": null,
        "shop": null,
        "level": 0,
        "cuisine": null,
        "brand_zh": null,
        "name_zh": null,
        "takeaway": null,
        "opening_ho": "10:00 - 22:00",
        "office": null,
        "railway": null,
        "leisure": null,
        "addr_distr": null,
        "addr_provi": null,
        "subway": null,
        "building": null,
        "horse": null,
        "locked": null,
        "access": null,
        "natural": null,
        "capacity": 0,
        "phone": "4001717917",
        "traffic_ca": null,
        "diet_veget": null,
        "artwork_ty": null,
        "delivery": null,
        "drive_thro": null,
        "outdoor_se": null,
        "sport": null,
        "crossing": null,
        "bench": null,
        "bin": null,
        "telecom": null,
        "historic": null,
        "man_made": null,
        "parking": null,
        "healthcare": null,
        "note": null,
        "operator": null,
        "waste": null,
        "parcel_pic": null,
        "diet_meat": null,
        "shelter_ty": null
      },
      "geometry": {
        "type": "Point",
        "coordinates": [
          114.3700144275199,
          30.53291464474721
        ]
      }
    },
    {
      "type": "Feature",
      "properties": {
        "LAYER": "amenity - cafe",
        "GM_TYPE": "Restaurant",
        "barrier": null,
        "name": "帝森蛋糕",
        "id": 4631070000.0,
        "visible": "true",
        "version": 1,
        "changeset": 45458199,
        "timestamp": "2017-01-25T02:44:11Z",
        "user": "gryffindor",
        "uid": 5161539,
        "highway": null,
        "amenity": "cafe",
        "place": null,
        "bicycle": null,
        "foot": null,
        "motor_vehi": null,
        "tourism": null,
        "addr_city": "武汉",
        "addr_house": "62",
        "addr_postc": 430079,
        "addr_stree": "广八路",
        "atm": null,
        "brand": null,
        "brand_en": null,
        "brand_wiki": null,
        "brand_wik1": null,
        "name_en": null,
        "bus": null,
        "public_tra": null,
        "shop": null,
        "level": 0,
        "cuisine": null,
        "brand_zh": null,
        "name_zh": null,
        "takeaway": null,
        "opening_ho": null,
        "office": null,
        "railway": null,
        "leisure": null,
        "addr_distr": null,
        "addr_provi": null,
        "subway": null,
        "building": null,
        "horse": null,
        "locked": null,
        "access": null,
        "natural": null,
        "capacity": 0,
        "phone": "13627297150",
        "traffic_ca": null,
        "diet_veget": null,
        "artwork_ty": null,
        "delivery": null,
        "drive_thro": null,
        "outdoor_se": null,
        "sport": null,
        "crossing": null,
        "bench": null,
        "bin": null,
        "telecom": null,
        "historic": null,
        "man_made": null,
        "parking": null,
        "healthcare": null,
        "note": null,
        "operator": null,
        "waste": null,
        "parcel_pic": null,
        "diet_meat": null,
        "shelter_ty": null
      },
      "geometry": {
        "type": "Point",
        "coordinates": [
          114.37005394329016,
          30.53301598500599
        ]
      }
    },
    {
      "type": "Feature",
      "properties": {
        "LAYER": "amenity - restaurant",
        "GM_TYPE": "Restaurant",
        "barrier": null,
        "name": "广东烧卤饭",
        "id": 4631070000.0,
        "visible": "true",
        "version": 1,
        "changeset": 45458199,
        "timestamp": "2017-01-25T02:44:11Z",
        "user": "gryffindor",
        "uid": 5161539,
        "highway": null,
        "amenity": "restaurant",
        "place": null,
        "bicycle": null,
        "foot": null,
        "motor_vehi": null,
        "tourism": null,
        "addr_city": "武汉",
        "addr_house": "12",
        "addr_postc": 430079,
        "addr_stree": "广八路",
        "atm": null,
        "brand": null,
        "brand_en": null,
        "brand_wiki": null,
        "brand_wik1": null,
        "name_en": null,
        "bus": null,
        "public_tra": null,
        "shop": null,
        "level": 0,
        "cuisine": null,
        "brand_zh": null,
        "name_zh": null,
        "takeaway": null,
        "opening_ho": "10:00 - 19:30",
        "office": null,
        "railway": null,
        "leisure": null,
        "addr_distr": null,
        "addr_provi": null,
        "subway": null,
        "building": null,
        "horse": null,
        "locked": null,
        "access": null,
        "natural": null,
        "capacity": 0,
        "phone": "13986285151",
        "traffic_ca": null,
        "diet_veget": null,
        "artwork_ty": null,
        "delivery": null,
        "drive_thro": null,
        "outdoor_se": null,
        "sport": null,
        "crossing": null,
        "bench": null,
        "bin": null,
        "telecom": null,
        "historic": null,
        "man_made": null,
        "parking": null,
        "healthcare": null,
        "note": null,
        "operator": null,
        "waste": null,
        "parcel_pic": null,
        "diet_meat": null,
        "shelter_ty": null
      },
      "geometry": {
        "type": "Point",
        "coordinates": [
          114.37011478077419,
          30.533152987790412
        ]
      }
    },
    {
      "type": "Feature",
      "properties": {
        "LAYER": "amenity - fast_food",
        "GM_TYPE": "Restaurant",
        "barrier": null,
        "name": "赵记怪味面",
        "id": 4631070000.0,
        "visible": "true",
        "version": 1,
        "changeset": 45458199,
        "timestamp": "2017-01-25T02:44:11Z",
        "user": "gryffindor",
        "uid": 5161539,
        "highway": null,
        "amenity": "fast_food",
        "place": null,
        "bicycle": null,
        "foot": null,
        "motor_vehi": null,
        "tourism": null,
        "addr_city": "武汉",
        "addr_house": null,
        "addr_postc": 430079,
        "addr_stree": "广八路",
        "atm": null,
        "brand": null,
        "brand_en": null,
        "brand_wiki": null,
        "brand_wik1": null,
        "name_en": null,
        "bus": null,
        "public_tra": null,
        "shop": null,
        "level": 0,
        "cuisine": null,
        "brand_zh": null,
        "name_zh": null,
        "takeaway": null,
        "opening_ho": null,
        "office": null,
        "railway": null,
        "leisure": null,
        "addr_distr": null,
        "addr_provi": null,
        "subway": null,
        "building": null,
        "horse": null,
        "locked": null,
        "access": null,
        "natural": null,
        "capacity": 0,
        "phone": "18271937194",
        "traffic_ca": null,
        "diet_veget": null,
        "artwork_ty": null,
        "delivery": null,
        "drive_thro": null,
        "outdoor_se": null,
        "sport": null,
        "crossing": null,
        "bench": null,
        "bin": null,
        "telecom": null,
        "historic": null,
        "man_made": null,
        "parking": null,
        "healthcare": null,
        "note": null,
        "operator": null,
        "waste": null,
        "parcel_pic": null,
        "diet_meat": null,
        "shelter_ty": null
      },
      "geometry": {
        "type": "Point",
        "coordinates": [
          114.37043511473304,
          30.53382771057779
        ]
      }
    },
    {
      "type": "Feature",
      "properties": {
        "LAYER": "amenity - fast_food",
        "GM_TYPE": "Restaurant",
        "barrier": null,
        "name": "扇味黄焖鸡米饭",
        "id": 4631070000.0,
        "visible": "true",
        "version": 1,
        "changeset": 45458199,
        "timestamp": "2017-01-25T02:44:11Z",
        "user": "gryffindor",
        "uid": 5161539,
        "highway": null,
        "amenity": "fast_food",
        "place": null,
        "bicycle": null,
        "foot": null,
        "motor_vehi": null,
        "tourism": null,
        "addr_city": null,
        "addr_house": null,
        "addr_postc": 0,
        "addr_stree": null,
        "atm": null,
        "brand": null,
        "brand_en": null,
        "brand_wiki": null,
        "brand_wik1": null,
        "name_en": null,
        "bus": null,
        "public_tra": null,
        "shop": null,
        "level": 0,
        "cuisine": null,
        "brand_zh": null,
        "name_zh": null,
        "takeaway": null,
        "opening_ho": "8:00 - 24:00",
        "office": null,
        "railway": null,
        "leisure": null,
        "addr_distr": null,
        "addr_provi": null,
        "subway": null,
        "building": null,
        "horse": null,
        "locked": null,
        "access": null,
        "natural": null,
        "capacity": 0,
        "phone": "18827618800",
        "traffic_ca": null,
        "diet_veget": null,
        "artwork_ty": null,
        "delivery": null,
        "drive_thro": null,
        "outdoor_se": null,
        "sport": null,
        "crossing": null,
        "bench": null,
        "bin": null,
        "telecom": null,
        "historic": null,
        "man_made": null,
        "parking": null,
        "healthcare": null,
        "note": null,
        "operator": null,
        "waste": null,
        "parcel_pic": null,
        "diet_meat": null,
        "shelter_ty": null
      },
      "geometry": {
        "type": "Point",
        "coordinates": [
          114.37093933944915,
          30.534431351867227
        ]
      }
    },
    {
      "type": "Feature",
      "properties": {
        "LAYER": "amenity - fast_food",
        "GM_TYPE": "Restaurant",
        "barrier": null,
        "name": "馋嘴花甲",
        "id": 4631070000.0,
        "visible": "true",
        "version": 1,
        "changeset": 45458199,
        "timestamp": "2017-01-25T02:44:11Z",
        "user": "gryffindor",
        "uid": 5161539,
        "highway": null,
        "amenity": "fast_food",
        "place": null,
        "bicycle": null,
        "foot": null,
        "motor_vehi": null,
        "tourism": null,
        "addr_city": "武汉",
        "addr_house": "113",
        "addr_postc": 430079,
        "addr_stree": "广八路",
        "atm": null,
        "brand": null,
        "brand_en": null,
        "brand_wiki": null,
        "brand_wik1": null,
        "name_en": null,
        "bus": null,
        "public_tra": null,
        "shop": null,
        "level": 0,
        "cuisine": null,
        "brand_zh": null,
        "name_zh": null,
        "takeaway": null,
        "opening_ho": "10:00-22:00",
        "office": null,
        "railway": null,
        "leisure": null,
        "addr_distr": null,
        "addr_provi": null,
        "subway": null,
        "building": null,
        "horse": null,
        "locked": null,
        "access": null,
        "natural": null,
        "capacity": 0,
        "phone": "15827032773",
        "traffic_ca": null,
        "diet_veget": null,
        "artwork_ty": null,
        "delivery": null,
        "drive_thro": null,
        "outdoor_se": null,
        "sport": null,
        "crossing": null,
        "bench": null,
        "bin": null,
        "telecom": null,
        "historic": null,
        "man_made": null,
        "parking": null,
        "healthcare": null,
        "note": null,
        "operator": null,
        "waste": null,
        "parcel_pic": null,
        "diet_meat": null,
        "shelter_ty": null
      },
      "geometry": {
        "type": "Point",
        "coordinates": [
          114.37100038727344,
          30.53456250120565
        ]
      }
    },
    {
      "type": "Feature",
      "properties": {
        "LAYER": "amenity - restaurant",
        "GM_TYPE": "Restaurant",
        "barrier": null,
        "name": "重庆红牛小吃",
        "id": 4631070000.0,
        "visible": "true",
        "version": 1,
        "changeset": 45458199,
        "timestamp": "2017-01-25T02:44:11Z",
        "user": "gryffindor",
        "uid": 5161539,
        "highway": null,
        "amenity": "restaurant",
        "place": null,
        "bicycle": null,
        "foot": null,
        "motor_vehi": null,
        "tourism": null,
        "addr_city": "武汉",
        "addr_house": "113",
        "addr_postc": 430079,
        "addr_stree": "广八路",
        "atm": null,
        "brand": null,
        "brand_en": null,
        "brand_wiki": null,
        "brand_wik1": null,
        "name_en": null,
        "bus": null,
        "public_tra": null,
        "shop": null,
        "level": 0,
        "cuisine": null,
        "brand_zh": null,
        "name_zh": null,
        "takeaway": null,
        "opening_ho": "10:00-23:00",
        "office": null,
        "railway": null,
        "leisure": null,
        "addr_distr": null,
        "addr_provi": null,
        "subway": null,
        "building": null,
        "horse": null,
        "locked": null,
        "access": null,
        "natural": null,
        "capacity": 0,
        "phone": "15927309879",
        "traffic_ca": null,
        "diet_veget": null,
        "artwork_ty": null,
        "delivery": null,
        "drive_thro": null,
        "outdoor_se": null,
        "sport": null,
        "crossing": null,
        "bench": null,
        "bin": null,
        "telecom": null,
        "historic": null,
        "man_made": null,
        "parking": null,
        "healthcare": null,
        "note": null,
        "operator": null,
        "waste": null,
        "parcel_pic": null,
        "diet_meat": null,
        "shelter_ty": null
      },
      "geometry": {
        "type": "Point",
        "coordinates": [
          114.37105599910059,
          30.534724965201153
        ]
      }
    },
    {
      "type": "Feature",
      "properties": {
        "LAYER": "amenity - restaurant",
        "GM_TYPE": "Restaurant",
        "barrier": null,
        "name": "小罗餐厅",
        "id": 4631070000.0,
        "visible": "true",
        "version": 1,
        "changeset": 45458199,
        "timestamp": "2017-01-25T02:44:11Z",
        "user": "gryffindor",
        "uid": 5161539,
        "highway": null,
        "amenity": "restaurant",
        "place": null,
        "bicycle": null,
        "foot": null,
        "motor_vehi": null,
        "tourism": null,
        "addr_city": "武汉",
        "addr_house": null,
        "addr_postc": 430079,
        "addr_stree": "广八路",
        "atm": null,
        "brand": null,
        "brand_en": null,
        "brand_wiki": null,
        "brand_wik1": null,
        "name_en": null,
        "bus": null,
        "public_tra": null,
        "shop": null,
        "level": 0,
        "cuisine": null,
        "brand_zh": null,
        "name_zh": null,
        "takeaway": null,
        "opening_ho": "11:00-24:00",
        "office": null,
        "railway": null,
        "leisure": null,
        "addr_distr": null,
        "addr_provi": null,
        "subway": null,
        "building": null,
        "horse": null,
        "locked": null,
        "access": null,
        "natural": null,
        "capacity": 0,
        "phone": null,
        "traffic_ca": null,
        "diet_veget": null,
        "artwork_ty": null,
        "delivery": null,
        "drive_thro": null,
        "outdoor_se": null,
        "sport": null,
        "crossing": null,
        "bench": null,
        "bin": null,
        "telecom": null,
        "historic": null,
        "man_made": null,
        "parking": null,
        "healthcare": null,
        "note": null,
        "operator": null,
        "waste": null,
        "parcel_pic": null,
        "diet_meat": null,
        "shelter_ty": null
      },
      "geometry": {
        "type": "Point",
        "coordinates": [
          114.37113249996717,
          30.53496867508703
        ]
      }
    },
    {
      "type": "Feature",
      "properties": {
        "LAYER": "amenity - restaurant",
        "GM_TYPE": "Restaurant",
        "barrier": null,
        "name": "香溪园餐厅",
        "id": 4631070000.0,
        "visible": "true",
        "version": 1,
        "changeset": 45458199,
        "timestamp": "2017-01-25T02:44:11Z",
        "user": "gryffindor",
        "uid": 5161539,
        "highway": null,
        "amenity": "restaurant",
        "place": null,
        "bicycle": null,
        "foot": null,
        "motor_vehi": null,
        "tourism": null,
        "addr_city": "武汉",
        "addr_house": null,
        "addr_postc": 430079,
        "addr_stree": "广八路",
        "atm": null,
        "brand": null,
        "brand_en": null,
        "brand_wiki": null,
        "brand_wik1": null,
        "name_en": null,
        "bus": null,
        "public_tra": null,
        "shop": null,
        "level": 0,
        "cuisine": null,
        "brand_zh": null,
        "name_zh": null,
        "takeaway": null,
        "opening_ho": "10:30-04:00",
        "office": null,
        "railway": null,
        "leisure": null,
        "addr_distr": null,
        "addr_provi": null,
        "subway": null,
        "building": null,
        "horse": null,
        "locked": null,
        "access": null,
        "natural": null,
        "capacity": 0,
        "phone": null,
        "traffic_ca": null,
        "diet_veget": null,
        "artwork_ty": null,
        "delivery": null,
        "drive_thro": null,
        "outdoor_se": null,
        "sport": null,
        "crossing": null,
        "bench": null,
        "bin": null,
        "telecom": null,
        "historic": null,
        "man_made": null,
        "parking": null,
        "healthcare": null,
        "note": null,
        "operator": null,
        "waste": null,
        "parcel_pic": null,
        "diet_meat": null,
        "shelter_ty": null
      },
      "geometry": {
        "type": "Point",
        "coordinates": [
          114.37133327483001,
          30.535510938728606
        ]
      }
    },
    {
      "type": "Feature",
      "properties": {
        "LAYER": "amenity - fast_food",
        "GM_TYPE": "Restaurant",
        "barrier": null,
        "name": "老王烧烤",
        "id": 4631070000.0,
        "visible": "true",
        "version": 1,
        "changeset": 45458199,
        "timestamp": "2017-01-25T02:44:11Z",
        "user": "gryffindor",
        "uid": 5161539,
        "highway": null,
        "amenity": "fast_food",
        "place": null,
        "bicycle": null,
        "foot": null,
        "motor_vehi": null,
        "tourism": null,
        "addr_city": null,
        "addr_house": null,
        "addr_postc": 0,
        "addr_stree": null,
        "atm": null,
        "brand": null,
        "brand_en": null,
        "brand_wiki": null,
        "brand_wik1": null,
        "name_en": null,
        "bus": null,
        "public_tra": null,
        "shop": null,
        "level": 0,
        "cuisine": null,
        "brand_zh": null,
        "name_zh": null,
        "takeaway": null,
        "opening_ho": null,
        "office": null,
        "railway": null,
        "leisure": null,
        "addr_distr": null,
        "addr_provi": null,
        "subway": null,
        "building": null,
        "horse": null,
        "locked": null,
        "access": null,
        "natural": null,
        "capacity": 0,
        "phone": null,
        "traffic_ca": null,
        "diet_veget": null,
        "artwork_ty": null,
        "delivery": null,
        "drive_thro": null,
        "outdoor_se": null,
        "sport": null,
        "crossing": null,
        "bench": null,
        "bin": null,
        "telecom": null,
        "historic": null,
        "man_made": null,
        "parking": null,
        "healthcare": null,
        "note": null,
        "operator": null,
        "waste": null,
        "parcel_pic": null,
        "diet_meat": null,
        "shelter_ty": null
      },
      "geometry": {
        "type": "Point",
        "coordinates": [
          114.37131535603856,
          30.535347577053297
        ]
      }
    },
    {
      "type": "Feature",
      "properties": {
        "LAYER": "amenity - restaurant",
        "GM_TYPE": "Restaurant",
        "barrier": null,
        "name": "老熊家私房菜",
        "id": 4631070000.0,
        "visible": "true",
        "version": 1,
        "changeset": 45458199,
        "timestamp": "2017-01-25T02:44:12Z",
        "user": "gryffindor",
        "uid": 5161539,
        "highway": null,
        "amenity": "restaurant",
        "place": null,
        "bicycle": null,
        "foot": null,
        "motor_vehi": null,
        "tourism": null,
        "addr_city": "武汉",
        "addr_house": null,
        "addr_postc": 430079,
        "addr_stree": "广八路",
        "atm": null,
        "brand": null,
        "brand_en": null,
        "brand_wiki": null,
        "brand_wik1": null,
        "name_en": null,
        "bus": null,
        "public_tra": null,
        "shop": null,
        "level": 0,
        "cuisine": null,
        "brand_zh": null,
        "name_zh": null,
        "takeaway": null,
        "opening_ho": "9:00 - 21:30",
        "office": null,
        "railway": null,
        "leisure": null,
        "addr_distr": null,
        "addr_provi": null,
        "subway": null,
        "building": null,
        "horse": null,
        "locked": null,
        "access": null,
        "natural": null,
        "capacity": 0,
        "phone": null,
        "traffic_ca": null,
        "diet_veget": null,
        "artwork_ty": null,
        "delivery": null,
        "drive_thro": null,
        "outdoor_se": null,
        "sport": null,
        "crossing": null,
        "bench": null,
        "bin": null,
        "telecom": null,
        "historic": null,
        "man_made": null,
        "parking": null,
        "healthcare": null,
        "note": null,
        "operator": null,
        "waste": null,
        "parcel_pic": null,
        "diet_meat": null,
        "shelter_ty": null
      },
      "geometry": {
        "type": "Point",
        "coordinates": [
          114.37158456662222,
          30.536319623432735
        ]
      }
    },
    {
      "type": "Feature",
      "properties": {
        "LAYER": "amenity - restaurant",
        "GM_TYPE": "Restaurant",
        "barrier": null,
        "name": "川香碳锅鱼",
        "id": 4631070000.0,
        "visible": "true",
        "version": 1,
        "changeset": 45458199,
        "timestamp": "2017-01-25T02:44:12Z",
        "user": "gryffindor",
        "uid": 5161539,
        "highway": null,
        "amenity": "restaurant",
        "place": null,
        "bicycle": null,
        "foot": null,
        "motor_vehi": null,
        "tourism": null,
        "addr_city": "武汉",
        "addr_house": null,
        "addr_postc": 430079,
        "addr_stree": "广八路",
        "atm": null,
        "brand": null,
        "brand_en": null,
        "brand_wiki": null,
        "brand_wik1": null,
        "name_en": null,
        "bus": null,
        "public_tra": null,
        "shop": null,
        "level": 0,
        "cuisine": null,
        "brand_zh": null,
        "name_zh": null,
        "takeaway": null,
        "opening_ho": "10:00-22:00",
        "office": null,
        "railway": null,
        "leisure": null,
        "addr_distr": null,
        "addr_provi": null,
        "subway": null,
        "building": null,
        "horse": null,
        "locked": null,
        "access": null,
        "natural": null,
        "capacity": 0,
        "phone": null,
        "traffic_ca": null,
        "diet_veget": null,
        "artwork_ty": null,
        "delivery": null,
        "drive_thro": null,
        "outdoor_se": null,
        "sport": null,
        "crossing": null,
        "bench": null,
        "bin": null,
        "telecom": null,
        "historic": null,
        "man_made": null,
        "parking": null,
        "healthcare": null,
        "note": null,
        "operator": null,
        "waste": null,
        "parcel_pic": null,
        "diet_meat": null,
        "shelter_ty": null
      },
      "geometry": {
        "type": "Point",
        "coordinates": [
          114.37136999576705,
          30.536242595524843
        ]
      }
    },
    {
      "type": "Feature",
      "properties": {
        "LAYER": "amenity - restaurant",
        "GM_TYPE": "Restaurant",
        "barrier": null,
        "name": "饭米李米",
        "id": 4631070000.0,
        "visible": "true",
        "version": 1,
        "changeset": 45458199,
        "timestamp": "2017-01-25T02:44:12Z",
        "user": "gryffindor",
        "uid": 5161539,
        "highway": null,
        "amenity": "restaurant",
        "place": null,
        "bicycle": null,
        "foot": null,
        "motor_vehi": null,
        "tourism": null,
        "addr_city": "武汉",
        "addr_house": "6 - 8",
        "addr_postc": 430079,
        "addr_stree": "广八路",
        "atm": null,
        "brand": null,
        "brand_en": null,
        "brand_wiki": null,
        "brand_wik1": null,
        "name_en": null,
        "bus": null,
        "public_tra": null,
        "shop": null,
        "level": 0,
        "cuisine": null,
        "brand_zh": null,
        "name_zh": null,
        "takeaway": null,
        "opening_ho": null,
        "office": null,
        "railway": null,
        "leisure": null,
        "addr_distr": null,
        "addr_provi": null,
        "subway": null,
        "building": null,
        "horse": null,
        "locked": null,
        "access": null,
        "natural": null,
        "capacity": 0,
        "phone": "15342605559",
        "traffic_ca": null,
        "diet_veget": null,
        "artwork_ty": null,
        "delivery": null,
        "drive_thro": null,
        "outdoor_se": null,
        "sport": null,
        "crossing": null,
        "bench": null,
        "bin": null,
        "telecom": null,
        "historic": null,
        "man_made": null,
        "parking": null,
        "healthcare": null,
        "note": null,
        "operator": null,
        "waste": null,
        "parcel_pic": null,
        "diet_meat": null,
        "shelter_ty": null
      },
      "geometry": {
        "type": "Point",
        "coordinates": [
          114.37115185363284,
          30.536130431720707
        ]
      }
    },
    {
      "type": "Feature",
      "properties": {
        "LAYER": "amenity - restaurant",
        "GM_TYPE": "Restaurant",
        "barrier": null,
        "name": "徐氏牛杂馆",
        "id": 4631070000.0,
        "visible": "true",
        "version": 1,
        "changeset": 45458199,
        "timestamp": "2017-01-25T02:44:12Z",
        "user": "gryffindor",
        "uid": 5161539,
        "highway": null,
        "amenity": "restaurant",
        "place": null,
        "bicycle": null,
        "foot": null,
        "motor_vehi": null,
        "tourism": null,
        "addr_city": null,
        "addr_house": null,
        "addr_postc": 0,
        "addr_stree": null,
        "atm": null,
        "brand": null,
        "brand_en": null,
        "brand_wiki": null,
        "brand_wik1": null,
        "name_en": null,
        "bus": null,
        "public_tra": null,
        "shop": null,
        "level": 0,
        "cuisine": null,
        "brand_zh": null,
        "name_zh": null,
        "takeaway": null,
        "opening_ho": null,
        "office": null,
        "railway": null,
        "leisure": null,
        "addr_distr": null,
        "addr_provi": null,
        "subway": null,
        "building": null,
        "horse": null,
        "locked": null,
        "access": null,
        "natural": null,
        "capacity": 0,
        "phone": "18627720132",
        "traffic_ca": null,
        "diet_veget": null,
        "artwork_ty": null,
        "delivery": null,
        "drive_thro": null,
        "outdoor_se": null,
        "sport": null,
        "crossing": null,
        "bench": null,
        "bin": null,
        "telecom": null,
        "historic": null,
        "man_made": null,
        "parking": null,
        "healthcare": null,
        "note": null,
        "operator": null,
        "waste": null,
        "parcel_pic": null,
        "diet_meat": null,
        "shelter_ty": null
      },
      "geometry": {
        "type": "Point",
        "coordinates": [
          114.3713571026769,
          30.53619363047725
        ]
      }
    },
    {
      "type": "Feature",
      "properties": {
        "LAYER": "amenity - restaurant",
        "GM_TYPE": "Restaurant",
        "barrier": null,
        "name": "周氏鸭脖",
        "id": 4631070000.0,
        "visible": "true",
        "version": 1,
        "changeset": 45458199,
        "timestamp": "2017-01-25T02:44:12Z",
        "user": "gryffindor",
        "uid": 5161539,
        "highway": null,
        "amenity": "restaurant",
        "place": null,
        "bicycle": null,
        "foot": null,
        "motor_vehi": null,
        "tourism": null,
        "addr_city": null,
        "addr_house": null,
        "addr_postc": 0,
        "addr_stree": null,
        "atm": null,
        "brand": null,
        "brand_en": null,
        "brand_wiki": null,
        "brand_wik1": null,
        "name_en": null,
        "bus": null,
        "public_tra": null,
        "shop": null,
        "level": 0,
        "cuisine": null,
        "brand_zh": null,
        "name_zh": null,
        "takeaway": null,
        "opening_ho": null,
        "office": null,
        "railway": null,
        "leisure": null,
        "addr_distr": null,
        "addr_provi": null,
        "subway": null,
        "building": null,
        "horse": null,
        "locked": null,
        "access": null,
        "natural": null,
        "capacity": 0,
        "phone": null,
        "traffic_ca": null,
        "diet_veget": null,
        "artwork_ty": null,
        "delivery": null,
        "drive_thro": null,
        "outdoor_se": null,
        "sport": null,
        "crossing": null,
        "bench": null,
        "bin": null,
        "telecom": null,
        "historic": null,
        "man_made": null,
        "parking": null,
        "healthcare": null,
        "note": null,
        "operator": null,
        "waste": null,
        "parcel_pic": null,
        "diet_meat": null,
        "shelter_ty": null
      },
      "geometry": {
        "type": "Point",
        "coordinates": [
          114.3712810474121,
          30.53640827959768
        ]
      }
    },
    {
      "type": "Feature",
      "properties": {
        "LAYER": "amenity - restaurant",
        "GM_TYPE": "Restaurant",
        "barrier": null,
        "name": "辣子香",
        "id": 4631070000.0,
        "visible": "true",
        "version": 1,
        "changeset": 45458199,
        "timestamp": "2017-01-25T02:44:12Z",
        "user": "gryffindor",
        "uid": 5161539,
        "highway": null,
        "amenity": "restaurant",
        "place": null,
        "bicycle": null,
        "foot": null,
        "motor_vehi": null,
        "tourism": null,
        "addr_city": "武汉",
        "addr_house": "334",
        "addr_postc": 430079,
        "addr_stree": "八一路",
        "atm": null,
        "brand": null,
        "brand_en": null,
        "brand_wiki": null,
        "brand_wik1": null,
        "name_en": null,
        "bus": null,
        "public_tra": null,
        "shop": null,
        "level": 0,
        "cuisine": null,
        "brand_zh": null,
        "name_zh": null,
        "takeaway": null,
        "opening_ho": null,
        "office": null,
        "railway": null,
        "leisure": null,
        "addr_distr": null,
        "addr_provi": null,
        "subway": null,
        "building": null,
        "horse": null,
        "locked": null,
        "access": null,
        "natural": null,
        "capacity": 0,
        "phone": null,
        "traffic_ca": null,
        "diet_veget": null,
        "artwork_ty": null,
        "delivery": null,
        "drive_thro": null,
        "outdoor_se": null,
        "sport": null,
        "crossing": null,
        "bench": null,
        "bin": null,
        "telecom": null,
        "historic": null,
        "man_made": null,
        "parking": null,
        "healthcare": null,
        "note": null,
        "operator": null,
        "waste": null,
        "parcel_pic": null,
        "diet_meat": null,
        "shelter_ty": null
      },
      "geometry": {
        "type": "Point",
        "coordinates": [
          114.37114548427581,
          30.53645237937531
        ]
      }
    },
    {
      "type": "Feature",
      "properties": {
        "LAYER": "amenity - fast_food",
        "GM_TYPE": "Restaurant",
        "barrier": null,
        "name": "奇味黄焖鸡米饭",
        "id": 4631070000.0,
        "visible": "true",
        "version": 1,
        "changeset": 45458199,
        "timestamp": "2017-01-25T02:44:12Z",
        "user": "gryffindor",
        "uid": 5161539,
        "highway": null,
        "amenity": "fast_food",
        "place": null,
        "bicycle": null,
        "foot": null,
        "motor_vehi": null,
        "tourism": null,
        "addr_city": "武汉",
        "addr_house": "324",
        "addr_postc": 430079,
        "addr_stree": "八一路",
        "atm": null,
        "brand": null,
        "brand_en": null,
        "brand_wiki": null,
        "brand_wik1": null,
        "name_en": null,
        "bus": null,
        "public_tra": null,
        "shop": null,
        "level": 0,
        "cuisine": null,
        "brand_zh": null,
        "name_zh": null,
        "takeaway": null,
        "opening_ho": null,
        "office": null,
        "railway": null,
        "leisure": null,
        "addr_distr": null,
        "addr_provi": null,
        "subway": null,
        "building": null,
        "horse": null,
        "locked": null,
        "access": null,
        "natural": null,
        "capacity": 0,
        "phone": null,
        "traffic_ca": null,
        "diet_veget": null,
        "artwork_ty": null,
        "delivery": null,
        "drive_thro": null,
        "outdoor_se": null,
        "sport": null,
        "crossing": null,
        "bench": null,
        "bin": null,
        "telecom": null,
        "historic": null,
        "man_made": null,
        "parking": null,
        "healthcare": null,
        "note": null,
        "operator": null,
        "waste": null,
        "parcel_pic": null,
        "diet_meat": null,
        "shelter_ty": null
      },
      "geometry": {
        "type": "Point",
        "coordinates": [
          114.37007645840603,
          30.53680022911539
        ]
      }
    },
    {
      "type": "Feature",
      "properties": {
        "LAYER": "amenity - restaurant",
        "GM_TYPE": "Restaurant",
        "barrier": null,
        "name": "重庆鸡公煲",
        "id": 4631070000.0,
        "visible": "true",
        "version": 1,
        "changeset": 45458199,
        "timestamp": "2017-01-25T02:44:12Z",
        "user": "gryffindor",
        "uid": 5161539,
        "highway": null,
        "amenity": "restaurant",
        "place": null,
        "bicycle": null,
        "foot": null,
        "motor_vehi": null,
        "tourism": null,
        "addr_city": "武汉",
        "addr_house": "334",
        "addr_postc": 430079,
        "addr_stree": "八一路",
        "atm": null,
        "brand": null,
        "brand_en": null,
        "brand_wiki": null,
        "brand_wik1": null,
        "name_en": null,
        "bus": null,
        "public_tra": null,
        "shop": null,
        "level": 0,
        "cuisine": null,
        "brand_zh": null,
        "name_zh": null,
        "takeaway": null,
        "opening_ho": "10:00 - 24:00",
        "office": null,
        "railway": null,
        "leisure": null,
        "addr_distr": null,
        "addr_provi": null,
        "subway": null,
        "building": null,
        "horse": null,
        "locked": null,
        "access": null,
        "natural": null,
        "capacity": 0,
        "phone": null,
        "traffic_ca": null,
        "diet_veget": null,
        "artwork_ty": null,
        "delivery": null,
        "drive_thro": null,
        "outdoor_se": null,
        "sport": null,
        "crossing": null,
        "bench": null,
        "bin": null,
        "telecom": null,
        "historic": null,
        "man_made": null,
        "parking": null,
        "healthcare": null,
        "note": null,
        "operator": null,
        "waste": null,
        "parcel_pic": null,
        "diet_meat": null,
        "shelter_ty": null
      },
      "geometry": {
        "type": "Point",
        "coordinates": [
          114.36959386184205,
          30.537015432579388
        ]
      }
    },
    {
      "type": "Feature",
      "properties": {
        "LAYER": "amenity - fast_food",
        "GM_TYPE": "Restaurant",
        "barrier": null,
        "name": "新农明彪秘制牛肉面馆",
        "id": 4631070000.0,
        "visible": "true",
        "version": 1,
        "changeset": 45458199,
        "timestamp": "2017-01-25T02:44:12Z",
        "user": "gryffindor",
        "uid": 5161539,
        "highway": null,
        "amenity": "fast_food",
        "place": null,
        "bicycle": null,
        "foot": null,
        "motor_vehi": null,
        "tourism": null,
        "addr_city": "武汉",
        "addr_house": "35",
        "addr_postc": 430079,
        "addr_stree": "珞珈山路",
        "atm": null,
        "brand": null,
        "brand_en": null,
        "brand_wiki": null,
        "brand_wik1": null,
        "name_en": null,
        "bus": null,
        "public_tra": null,
        "shop": null,
        "level": 0,
        "cuisine": null,
        "brand_zh": null,
        "name_zh": null,
        "takeaway": null,
        "opening_ho": null,
        "office": null,
        "railway": null,
        "leisure": null,
        "addr_distr": null,
        "addr_provi": null,
        "subway": null,
        "building": null,
        "horse": null,
        "locked": null,
        "access": null,
        "natural": null,
        "capacity": 0,
        "phone": null,
        "traffic_ca": null,
        "diet_veget": null,
        "artwork_ty": null,
        "delivery": null,
        "drive_thro": null,
        "outdoor_se": null,
        "sport": null,
        "crossing": null,
        "bench": null,
        "bin": null,
        "telecom": null,
        "historic": null,
        "man_made": null,
        "parking": null,
        "healthcare": null,
        "note": null,
        "operator": null,
        "waste": null,
        "parcel_pic": null,
        "diet_meat": null,
        "shelter_ty": null
      },
      "geometry": {
        "type": "Point",
        "coordinates": [
          114.3629158407662,
          30.538290141400772
        ]
      }
    },
    {
      "type": "Feature",
      "properties": {
        "LAYER": "amenity - restaurant",
        "GM_TYPE": "Restaurant",
        "barrier": null,
        "name": "农家木桶套餐饭",
        "id": 4631070000.0,
        "visible": "true",
        "version": 1,
        "changeset": 45458199,
        "timestamp": "2017-01-25T02:44:12Z",
        "user": "gryffindor",
        "uid": 5161539,
        "highway": null,
        "amenity": "restaurant",
        "place": null,
        "bicycle": null,
        "foot": null,
        "motor_vehi": null,
        "tourism": null,
        "addr_city": "武汉",
        "addr_house": "64",
        "addr_postc": 430079,
        "addr_stree": "珞珈山路",
        "atm": null,
        "brand": null,
        "brand_en": null,
        "brand_wiki": null,
        "brand_wik1": null,
        "name_en": null,
        "bus": null,
        "public_tra": null,
        "shop": null,
        "level": 0,
        "cuisine": null,
        "brand_zh": null,
        "name_zh": null,
        "takeaway": null,
        "opening_ho": null,
        "office": null,
        "railway": null,
        "leisure": null,
        "addr_distr": null,
        "addr_provi": null,
        "subway": null,
        "building": null,
        "horse": null,
        "locked": null,
        "access": null,
        "natural": null,
        "capacity": 0,
        "phone": null,
        "traffic_ca": null,
        "diet_veget": null,
        "artwork_ty": null,
        "delivery": null,
        "drive_thro": null,
        "outdoor_se": null,
        "sport": null,
        "crossing": null,
        "bench": null,
        "bin": null,
        "telecom": null,
        "historic": null,
        "man_made": null,
        "parking": null,
        "healthcare": null,
        "note": null,
        "operator": null,
        "waste": null,
        "parcel_pic": null,
        "diet_meat": null,
        "shelter_ty": null
      },
      "geometry": {
        "type": "Point",
        "coordinates": [
          114.36241984826196,
          30.537986324162283
        ]
      }
    },
    {
      "type": "Feature",
      "properties": {
        "LAYER": "amenity - restaurant",
        "GM_TYPE": "Restaurant",
        "barrier": null,
        "name": "大味火锅",
        "id": 4631070000.0,
        "visible": "true",
        "version": 2,
        "changeset": 88208185,
        "timestamp": "2020-07-19T21:41:57Z",
        "user": "Metrohsrtheedit",
        "uid": 7030314,
        "highway": null,
        "amenity": "restaurant",
        "place": null,
        "bicycle": null,
        "foot": null,
        "motor_vehi": null,
        "tourism": null,
        "addr_city": null,
        "addr_house": null,
        "addr_postc": 0,
        "addr_stree": null,
        "atm": null,
        "brand": null,
        "brand_en": null,
        "brand_wiki": null,
        "brand_wik1": null,
        "name_en": null,
        "bus": null,
        "public_tra": null,
        "shop": null,
        "level": 0,
        "cuisine": "hotpot",
        "brand_zh": null,
        "name_zh": null,
        "takeaway": null,
        "opening_ho": null,
        "office": null,
        "railway": null,
        "leisure": null,
        "addr_distr": null,
        "addr_provi": null,
        "subway": null,
        "building": null,
        "horse": null,
        "locked": null,
        "access": null,
        "natural": null,
        "capacity": 0,
        "phone": null,
        "traffic_ca": null,
        "diet_veget": null,
        "artwork_ty": null,
        "delivery": null,
        "drive_thro": null,
        "outdoor_se": null,
        "sport": null,
        "crossing": null,
        "bench": null,
        "bin": null,
        "telecom": null,
        "historic": null,
        "man_made": null,
        "parking": null,
        "healthcare": null,
        "note": null,
        "operator": null,
        "waste": null,
        "parcel_pic": null,
        "diet_meat": null,
        "shelter_ty": null
      },
      "geometry": {
        "type": "Point",
        "coordinates": [
          114.36212730319083,
          30.53765555779875
        ]
      }
    },
    {
      "type": "Feature",
      "properties": {
        "LAYER": "amenity - fast_food",
        "GM_TYPE": "Restaurant",
        "barrier": null,
        "name": "汝矣岛炒酸奶",
        "id": 4631070000.0,
        "visible": "true",
        "version": 1,
        "changeset": 45458199,
        "timestamp": "2017-01-25T02:44:12Z",
        "user": "gryffindor",
        "uid": 5161539,
        "highway": null,
        "amenity": "fast_food",
        "place": null,
        "bicycle": null,
        "foot": null,
        "motor_vehi": null,
        "tourism": null,
        "addr_city": "武汉",
        "addr_house": "10",
        "addr_postc": 430079,
        "addr_stree": "珞狮路",
        "atm": null,
        "brand": null,
        "brand_en": null,
        "brand_wiki": null,
        "brand_wik1": null,
        "name_en": null,
        "bus": null,
        "public_tra": null,
        "shop": null,
        "level": 0,
        "cuisine": null,
        "brand_zh": null,
        "name_zh": null,
        "takeaway": null,
        "opening_ho": null,
        "office": null,
        "railway": null,
        "leisure": null,
        "addr_distr": null,
        "addr_provi": null,
        "subway": null,
        "building": null,
        "horse": null,
        "locked": null,
        "access": null,
        "natural": null,
        "capacity": 0,
        "phone": null,
        "traffic_ca": null,
        "diet_veget": null,
        "artwork_ty": null,
        "delivery": null,
        "drive_thro": null,
        "outdoor_se": null,
        "sport": null,
        "crossing": null,
        "bench": null,
        "bin": null,
        "telecom": null,
        "historic": null,
        "man_made": null,
        "parking": null,
        "healthcare": null,
        "note": null,
        "operator": null,
        "waste": null,
        "parcel_pic": null,
        "diet_meat": null,
        "shelter_ty": null
      },
      "geometry": {
        "type": "Point",
        "coordinates": [
          114.36181828639216,
          30.53754863223822
        ]
      }
    },
    {
      "type": "Feature",
      "properties": {
        "LAYER": "amenity - fast_food",
        "GM_TYPE": "Restaurant",
        "barrier": null,
        "name": "王氏饼屋",
        "id": 4631070000.0,
        "visible": "true",
        "version": 1,
        "changeset": 45458199,
        "timestamp": "2017-01-25T02:44:12Z",
        "user": "gryffindor",
        "uid": 5161539,
        "highway": null,
        "amenity": "fast_food",
        "place": null,
        "bicycle": null,
        "foot": null,
        "motor_vehi": null,
        "tourism": null,
        "addr_city": "武汉",
        "addr_house": "45",
        "addr_postc": 430079,
        "addr_stree": "珞狮路",
        "atm": null,
        "brand": null,
        "brand_en": null,
        "brand_wiki": null,
        "brand_wik1": null,
        "name_en": null,
        "bus": null,
        "public_tra": null,
        "shop": null,
        "level": 0,
        "cuisine": null,
        "brand_zh": null,
        "name_zh": null,
        "takeaway": null,
        "opening_ho": null,
        "office": null,
        "railway": null,
        "leisure": null,
        "addr_distr": null,
        "addr_provi": null,
        "subway": null,
        "building": null,
        "horse": null,
        "locked": null,
        "access": null,
        "natural": null,
        "capacity": 0,
        "phone": null,
        "traffic_ca": null,
        "diet_veget": null,
        "artwork_ty": null,
        "delivery": null,
        "drive_thro": null,
        "outdoor_se": null,
        "sport": null,
        "crossing": null,
        "bench": null,
        "bin": null,
        "telecom": null,
        "historic": null,
        "man_made": null,
        "parking": null,
        "healthcare": null,
        "note": null,
        "operator": null,
        "waste": null,
        "parcel_pic": null,
        "diet_meat": null,
        "shelter_ty": null
      },
      "geometry": {
        "type": "Point",
        "coordinates": [
          114.36196892927812,
          30.537311406566303
        ]
      }
    },
    {
      "type": "Feature",
      "properties": {
        "LAYER": "amenity - restaurant",
        "GM_TYPE": "Restaurant",
        "barrier": null,
        "name": "蓉城自助小火锅",
        "id": 4631070000.0,
        "visible": "true",
        "version": 2,
        "changeset": 88208185,
        "timestamp": "2020-07-19T21:41:57Z",
        "user": "Metrohsrtheedit",
        "uid": 7030314,
        "highway": null,
        "amenity": "restaurant",
        "place": null,
        "bicycle": null,
        "foot": null,
        "motor_vehi": null,
        "tourism": null,
        "addr_city": "武汉",
        "addr_house": "91",
        "addr_postc": 430079,
        "addr_stree": "珞狮北路",
        "atm": null,
        "brand": null,
        "brand_en": null,
        "brand_wiki": null,
        "brand_wik1": null,
        "name_en": null,
        "bus": null,
        "public_tra": null,
        "shop": null,
        "level": 0,
        "cuisine": "hotpot",
        "brand_zh": null,
        "name_zh": null,
        "takeaway": null,
        "opening_ho": null,
        "office": null,
        "railway": null,
        "leisure": null,
        "addr_distr": null,
        "addr_provi": null,
        "subway": null,
        "building": null,
        "horse": null,
        "locked": null,
        "access": null,
        "natural": null,
        "capacity": 0,
        "phone": null,
        "traffic_ca": null,
        "diet_veget": null,
        "artwork_ty": null,
        "delivery": null,
        "drive_thro": null,
        "outdoor_se": null,
        "sport": null,
        "crossing": null,
        "bench": null,
        "bin": null,
        "telecom": null,
        "historic": null,
        "man_made": null,
        "parking": null,
        "healthcare": null,
        "note": null,
        "operator": null,
        "waste": null,
        "parcel_pic": null,
        "diet_meat": null,
        "shelter_ty": null
      },
      "geometry": {
        "type": "Point",
        "coordinates": [
          114.36099333289867,
          30.535253821153674
        ]
      }
    },
    {
      "type": "Feature",
      "properties": {
        "LAYER": "amenity - restaurant",
        "GM_TYPE": "Restaurant",
        "barrier": null,
        "name": "粥王府",
        "id": 4631070000.0,
        "visible": "true",
        "version": 1,
        "changeset": 45458199,
        "timestamp": "2017-01-25T02:44:13Z",
        "user": "gryffindor",
        "uid": 5161539,
        "highway": null,
        "amenity": "restaurant",
        "place": null,
        "bicycle": null,
        "foot": null,
        "motor_vehi": null,
        "tourism": null,
        "addr_city": "武汉",
        "addr_house": "85",
        "addr_postc": 430079,
        "addr_stree": "珞狮路",
        "atm": null,
        "brand": null,
        "brand_en": null,
        "brand_wiki": null,
        "brand_wik1": null,
        "name_en": null,
        "bus": null,
        "public_tra": null,
        "shop": null,
        "level": 0,
        "cuisine": null,
        "brand_zh": null,
        "name_zh": null,
        "takeaway": null,
        "opening_ho": null,
        "office": null,
        "railway": null,
        "leisure": null,
        "addr_distr": null,
        "addr_provi": null,
        "subway": null,
        "building": null,
        "horse": null,
        "locked": null,
        "access": null,
        "natural": null,
        "capacity": 0,
        "phone": null,
        "traffic_ca": null,
        "diet_veget": null,
        "artwork_ty": null,
        "delivery": null,
        "drive_thro": null,
        "outdoor_se": null,
        "sport": null,
        "crossing": null,
        "bench": null,
        "bin": null,
        "telecom": null,
        "historic": null,
        "man_made": null,
        "parking": null,
        "healthcare": null,
        "note": null,
        "operator": null,
        "waste": null,
        "parcel_pic": null,
        "diet_meat": null,
        "shelter_ty": null
      },
      "geometry": {
        "type": "Point",
        "coordinates": [
          114.36106369327722,
          30.535577830589638
        ]
      }
    },
    {
      "type": "Feature",
      "properties": {
        "LAYER": "amenity - restaurant",
        "GM_TYPE": "Restaurant",
        "barrier": null,
        "name": "小川料理",
        "id": 4631070000.0,
        "visible": "true",
        "version": 1,
        "changeset": 45458199,
        "timestamp": "2017-01-25T02:44:13Z",
        "user": "gryffindor",
        "uid": 5161539,
        "highway": null,
        "amenity": "restaurant",
        "place": null,
        "bicycle": null,
        "foot": null,
        "motor_vehi": null,
        "tourism": null,
        "addr_city": "武汉",
        "addr_house": "97",
        "addr_postc": 430079,
        "addr_stree": "珞狮路",
        "atm": null,
        "brand": null,
        "brand_en": null,
        "brand_wiki": null,
        "brand_wik1": null,
        "name_en": null,
        "bus": null,
        "public_tra": null,
        "shop": null,
        "level": 0,
        "cuisine": null,
        "brand_zh": null,
        "name_zh": null,
        "takeaway": null,
        "opening_ho": "11:30 - 21:30",
        "office": null,
        "railway": null,
        "leisure": null,
        "addr_distr": null,
        "addr_provi": null,
        "subway": null,
        "building": null,
        "horse": null,
        "locked": null,
        "access": null,
        "natural": null,
        "capacity": 0,
        "phone": null,
        "traffic_ca": null,
        "diet_veget": null,
        "artwork_ty": null,
        "delivery": null,
        "drive_thro": null,
        "outdoor_se": null,
        "sport": null,
        "crossing": null,
        "bench": null,
        "bin": null,
        "telecom": null,
        "historic": null,
        "man_made": null,
        "parking": null,
        "healthcare": null,
        "note": null,
        "operator": null,
        "waste": null,
        "parcel_pic": null,
        "diet_meat": null,
        "shelter_ty": null
      },
      "geometry": {
        "type": "Point",
        "coordinates": [
          114.36093012314733,
          30.53512587656535
        ]
      }
    },
    {
      "type": "Feature",
      "properties": {
        "LAYER": "amenity - fast_food",
        "GM_TYPE": "Restaurant",
        "barrier": null,
        "name": "凌枫轩中式快餐",
        "id": 4631070000.0,
        "visible": "true",
        "version": 1,
        "changeset": 45458199,
        "timestamp": "2017-01-25T02:44:13Z",
        "user": "gryffindor",
        "uid": 5161539,
        "highway": null,
        "amenity": "fast_food",
        "place": null,
        "bicycle": null,
        "foot": null,
        "motor_vehi": null,
        "tourism": null,
        "addr_city": null,
        "addr_house": null,
        "addr_postc": 0,
        "addr_stree": null,
        "atm": null,
        "brand": null,
        "brand_en": null,
        "brand_wiki": null,
        "brand_wik1": null,
        "name_en": null,
        "bus": null,
        "public_tra": null,
        "shop": null,
        "level": 0,
        "cuisine": null,
        "brand_zh": null,
        "name_zh": null,
        "takeaway": null,
        "opening_ho": null,
        "office": null,
        "railway": null,
        "leisure": null,
        "addr_distr": null,
        "addr_provi": null,
        "subway": null,
        "building": null,
        "horse": null,
        "locked": null,
        "access": null,
        "natural": null,
        "capacity": 0,
        "phone": null,
        "traffic_ca": null,
        "diet_veget": null,
        "artwork_ty": null,
        "delivery": null,
        "drive_thro": null,
        "outdoor_se": null,
        "sport": null,
        "crossing": null,
        "bench": null,
        "bin": null,
        "telecom": null,
        "historic": null,
        "man_made": null,
        "parking": null,
        "healthcare": null,
        "note": null,
        "operator": null,
        "waste": null,
        "parcel_pic": null,
        "diet_meat": null,
        "shelter_ty": null
      },
      "geometry": {
        "type": "Point",
        "coordinates": [
          114.36082478983701,
          30.534892225021647
        ]
      }
    },
    {
      "type": "Feature",
      "properties": {
        "LAYER": "amenity - fast_food",
        "GM_TYPE": "Restaurant",
        "barrier": null,
        "name": "小派鸡排",
        "id": 4631070000.0,
        "visible": "true",
        "version": 1,
        "changeset": 45458199,
        "timestamp": "2017-01-25T02:44:13Z",
        "user": "gryffindor",
        "uid": 5161539,
        "highway": null,
        "amenity": "fast_food",
        "place": null,
        "bicycle": null,
        "foot": null,
        "motor_vehi": null,
        "tourism": null,
        "addr_city": "武汉",
        "addr_house": "64",
        "addr_postc": 430079,
        "addr_stree": "珞狮路",
        "atm": null,
        "brand": null,
        "brand_en": null,
        "brand_wiki": null,
        "brand_wik1": null,
        "name_en": null,
        "bus": null,
        "public_tra": null,
        "shop": null,
        "level": 0,
        "cuisine": null,
        "brand_zh": null,
        "name_zh": null,
        "takeaway": null,
        "opening_ho": null,
        "office": null,
        "railway": null,
        "leisure": null,
        "addr_distr": null,
        "addr_provi": null,
        "subway": null,
        "building": null,
        "horse": null,
        "locked": null,
        "access": null,
        "natural": null,
        "capacity": 0,
        "phone": null,
        "traffic_ca": null,
        "diet_veget": null,
        "artwork_ty": null,
        "delivery": null,
        "drive_thro": null,
        "outdoor_se": null,
        "sport": null,
        "crossing": null,
        "bench": null,
        "bin": null,
        "telecom": null,
        "historic": null,
        "man_made": null,
        "parking": null,
        "healthcare": null,
        "note": null,
        "operator": null,
        "waste": null,
        "parcel_pic": null,
        "diet_meat": null,
        "shelter_ty": null
      },
      "geometry": {
        "type": "Point",
        "coordinates": [
          114.36065917989714,
          30.53435380274857
        ]
      }
    },
    {
      "type": "Feature",
      "properties": {
        "LAYER": "amenity - restaurant",
        "GM_TYPE": "Restaurant",
        "barrier": null,
        "name": "重百火锅",
        "id": 4631070000.0,
        "visible": "true",
        "version": 4,
        "changeset": 88208185,
        "timestamp": "2020-07-19T21:41:57Z",
        "user": "Metrohsrtheedit",
        "uid": 7030314,
        "highway": null,
        "amenity": "restaurant",
        "place": null,
        "bicycle": null,
        "foot": null,
        "motor_vehi": null,
        "tourism": null,
        "addr_city": "武汉",
        "addr_house": null,
        "addr_postc": 430079,
        "addr_stree": "珞喻路",
        "atm": null,
        "brand": null,
        "brand_en": null,
        "brand_wiki": null,
        "brand_wik1": null,
        "name_en": null,
        "bus": null,
        "public_tra": null,
        "shop": null,
        "level": 0,
        "cuisine": "hotpot",
        "brand_zh": null,
        "name_zh": null,
        "takeaway": null,
        "opening_ho": "11:00 - 22:00",
        "office": null,
        "railway": null,
        "leisure": null,
        "addr_distr": null,
        "addr_provi": null,
        "subway": null,
        "building": null,
        "horse": null,
        "locked": null,
        "access": null,
        "natural": null,
        "capacity": 0,
        "phone": null,
        "traffic_ca": null,
        "diet_veget": null,
        "artwork_ty": null,
        "delivery": null,
        "drive_thro": null,
        "outdoor_se": null,
        "sport": null,
        "crossing": null,
        "bench": null,
        "bin": null,
        "telecom": null,
        "historic": null,
        "man_made": null,
        "parking": null,
        "healthcare": null,
        "note": null,
        "operator": null,
        "waste": null,
        "parcel_pic": null,
        "diet_meat": null,
        "shelter_ty": null
      },
      "geometry": {
        "type": "Point",
        "coordinates": [
          114.3643119108117,
          30.532106530495074
        ]
      }
    },
    {
      "type": "Feature",
      "properties": {
        "LAYER": "amenity - post_box",
        "GM_TYPE": "Post Office",
        "barrier": null,
        "name": "申通快递",
        "id": 4787800000.0,
        "visible": "true",
        "version": 1,
        "changeset": 47649236,
        "timestamp": "2017-04-11T08:09:20Z",
        "user": "gpp超爱吃芒果",
        "uid": 5646411,
        "highway": null,
        "amenity": "post_box",
        "place": null,
        "bicycle": null,
        "foot": null,
        "motor_vehi": null,
        "tourism": null,
        "addr_city": null,
        "addr_house": null,
        "addr_postc": 0,
        "addr_stree": null,
        "atm": null,
        "brand": null,
        "brand_en": null,
        "brand_wiki": null,
        "brand_wik1": null,
        "name_en": null,
        "bus": null,
        "public_tra": null,
        "shop": null,
        "level": 0,
        "cuisine": null,
        "brand_zh": null,
        "name_zh": null,
        "takeaway": null,
        "opening_ho": null,
        "office": null,
        "railway": null,
        "leisure": null,
        "addr_distr": null,
        "addr_provi": null,
        "subway": null,
        "building": null,
        "horse": null,
        "locked": null,
        "access": null,
        "natural": null,
        "capacity": 0,
        "phone": null,
        "traffic_ca": null,
        "diet_veget": null,
        "artwork_ty": null,
        "delivery": null,
        "drive_thro": null,
        "outdoor_se": null,
        "sport": null,
        "crossing": null,
        "bench": null,
        "bin": null,
        "telecom": null,
        "historic": null,
        "man_made": null,
        "parking": null,
        "healthcare": null,
        "note": null,
        "operator": null,
        "waste": null,
        "parcel_pic": null,
        "diet_meat": null,
        "shelter_ty": null
      },
      "geometry": {
        "type": "Point",
        "coordinates": [
          114.36415400280123,
          30.535296307341785
        ]
      }
    },
    {
      "type": "Feature",
      "properties": {
        "LAYER": "amenity - restaurant",
        "GM_TYPE": "Restaurant",
        "barrier": null,
        "name": "水果捞",
        "id": 4955190000.0,
        "visible": "true",
        "version": 4,
        "changeset": 133813011,
        "timestamp": "2023-03-18T07:42:35Z",
        "user": "LLLanx",
        "uid": 18757089,
        "highway": null,
        "amenity": "restaurant",
        "place": null,
        "bicycle": null,
        "foot": null,
        "motor_vehi": null,
        "tourism": null,
        "addr_city": "武汉市",
        "addr_house": null,
        "addr_postc": 430072,
        "addr_stree": "求是大道",
        "atm": null,
        "brand": null,
        "brand_en": null,
        "brand_wiki": null,
        "brand_wik1": null,
        "name_en": null,
        "bus": null,
        "public_tra": null,
        "shop": null,
        "level": 0,
        "cuisine": null,
        "brand_zh": null,
        "name_zh": null,
        "takeaway": null,
        "opening_ho": "Mo-Su 09:00-23:00",
        "office": null,
        "railway": null,
        "leisure": null,
        "addr_distr": "洪山区",
        "addr_provi": "湖北省",
        "subway": null,
        "building": null,
        "horse": null,
        "locked": null,
        "access": null,
        "natural": null,
        "capacity": 0,
        "phone": null,
        "traffic_ca": null,
        "diet_veget": "yes",
        "artwork_ty": null,
        "delivery": null,
        "drive_thro": null,
        "outdoor_se": null,
        "sport": null,
        "crossing": null,
        "bench": null,
        "bin": null,
        "telecom": null,
        "historic": null,
        "man_made": null,
        "parking": null,
        "healthcare": null,
        "note": null,
        "operator": null,
        "waste": null,
        "parcel_pic": null,
        "diet_meat": null,
        "shelter_ty": null
      },
      "geometry": {
        "type": "Point",
        "coordinates": [
          114.36424817179586,
          30.53423954902128
        ]
      }
    },
    {
      "type": "Feature",
      "properties": {
        "LAYER": "Unknown Point Feature",
        "GM_TYPE": "Unknown Point Feature",
        "barrier": "gate",
        "name": "武汉大学珞南四门（广贤门）",
        "id": 5128770000.0,
        "visible": "true",
        "version": 1,
        "changeset": 52360153,
        "timestamp": "2017-09-25T16:10:39Z",
        "user": "RetroPoktan",
        "uid": 3008501,
        "highway": null,
        "amenity": null,
        "place": null,
        "bicycle": null,
        "foot": null,
        "motor_vehi": null,
        "tourism": null,
        "addr_city": null,
        "addr_house": null,
        "addr_postc": 0,
        "addr_stree": null,
        "atm": null,
        "brand": null,
        "brand_en": null,
        "brand_wiki": null,
        "brand_wik1": null,
        "name_en": null,
        "bus": null,
        "public_tra": null,
        "shop": null,
        "level": 0,
        "cuisine": null,
        "brand_zh": null,
        "name_zh": null,
        "takeaway": null,
        "opening_ho": null,
        "office": null,
        "railway": null,
        "leisure": null,
        "addr_distr": null,
        "addr_provi": null,
        "subway": null,
        "building": null,
        "horse": null,
        "locked": null,
        "access": null,
        "natural": null,
        "capacity": 0,
        "phone": null,
        "traffic_ca": null,
        "diet_veget": null,
        "artwork_ty": null,
        "delivery": null,
        "drive_thro": null,
        "outdoor_se": null,
        "sport": null,
        "crossing": null,
        "bench": null,
        "bin": null,
        "telecom": null,
        "historic": null,
        "man_made": null,
        "parking": null,
        "healthcare": null,
        "note": null,
        "operator": null,
        "waste": null,
        "parcel_pic": null,
        "diet_meat": null,
        "shelter_ty": null
      },
      "geometry": {
        "type": "Point",
        "coordinates": [
          114.37169015344348,
          30.536670105020754
        ]
      }
    },
    {
      "type": "Feature",
      "properties": {
        "LAYER": "tourism - artwork",
        "GM_TYPE": "Landmark",
        "barrier": null,
        "name": "夏坚白半身像",
        "id": 5223030000.0,
        "visible": "true",
        "version": 2,
        "changeset": 118059411,
        "timestamp": "2022-03-03T15:07:05Z",
        "user": "Wei Yuanbiao",
        "uid": 12389142,
        "highway": null,
        "amenity": null,
        "place": null,
        "bicycle": null,
        "foot": null,
        "motor_vehi": null,
        "tourism": "artwork",
        "addr_city": null,
        "addr_house": null,
        "addr_postc": 0,
        "addr_stree": null,
        "atm": null,
        "brand": null,
        "brand_en": null,
        "brand_wiki": null,
        "brand_wik1": null,
        "name_en": null,
        "bus": null,
        "public_tra": null,
        "shop": null,
        "level": 0,
        "cuisine": null,
        "brand_zh": null,
        "name_zh": null,
        "takeaway": null,
        "opening_ho": null,
        "office": null,
        "railway": null,
        "leisure": null,
        "addr_distr": null,
        "addr_provi": null,
        "subway": null,
        "building": null,
        "horse": null,
        "locked": null,
        "access": null,
        "natural": null,
        "capacity": 0,
        "phone": null,
        "traffic_ca": null,
        "diet_veget": null,
        "artwork_ty": "statue",
        "delivery": null,
        "drive_thro": null,
        "outdoor_se": null,
        "sport": null,
        "crossing": null,
        "bench": null,
        "bin": null,
        "telecom": null,
        "historic": null,
        "man_made": null,
        "parking": null,
        "healthcare": null,
        "note": null,
        "operator": null,
        "waste": null,
        "parcel_pic": null,
        "diet_meat": null,
        "shelter_ty": null
      },
      "geometry": {
        "type": "Point",
        "coordinates": [
          114.3691277099205,
          30.535378426984085
        ]
      }
    },
    {
      "type": "Feature",
      "properties": {
        "LAYER": "shop - books",
        "GM_TYPE": "Shopping",
        "barrier": null,
        "name": "西西弗書店",
        "id": 6108210000.0,
        "visible": "true",
        "version": 2,
        "changeset": 91484430,
        "timestamp": "2020-09-25T06:07:41Z",
        "user": "samsung galaxy s6",
        "uid": 3691120,
        "highway": null,
        "amenity": null,
        "place": null,
        "bicycle": null,
        "foot": null,
        "motor_vehi": null,
        "tourism": null,
        "addr_city": null,
        "addr_house": null,
        "addr_postc": 0,
        "addr_stree": null,
        "atm": null,
        "brand": null,
        "brand_en": null,
        "brand_wiki": null,
        "brand_wik1": null,
        "name_en": null,
        "bus": null,
        "public_tra": null,
        "shop": "books",
        "level": 0,
        "cuisine": null,
        "brand_zh": null,
        "name_zh": "西西弗書店",
        "takeaway": null,
        "opening_ho": null,
        "office": null,
        "railway": null,
        "leisure": null,
        "addr_distr": null,
        "addr_provi": null,
        "subway": null,
        "building": null,
        "horse": null,
        "locked": null,
        "access": null,
        "natural": null,
        "capacity": 0,
        "phone": null,
        "traffic_ca": null,
        "diet_veget": null,
        "artwork_ty": null,
        "delivery": null,
        "drive_thro": null,
        "outdoor_se": null,
        "sport": null,
        "crossing": null,
        "bench": null,
        "bin": null,
        "telecom": null,
        "historic": null,
        "man_made": null,
        "parking": null,
        "healthcare": null,
        "note": null,
        "operator": null,
        "waste": null,
        "parcel_pic": null,
        "diet_meat": null,
        "shelter_ty": null
      },
      "geometry": {
        "type": "Point",
        "coordinates": [
          114.36281901086345,
          30.532931099896388
        ]
      }
    },
    {
      "type": "Feature",
      "properties": {
        "LAYER": "amenity - fast_food",
        "GM_TYPE": "Restaurant",
        "barrier": null,
        "name": "正新鸡排",
        "id": 6187420000.000001,
        "visible": "true",
        "version": 2,
        "changeset": 125176371,
        "timestamp": "2022-08-21T10:04:52Z",
        "user": "XLinya",
        "uid": 15250058,
        "highway": null,
        "amenity": "fast_food",
        "place": null,
        "bicycle": null,
        "foot": null,
        "motor_vehi": null,
        "tourism": null,
        "addr_city": null,
        "addr_house": null,
        "addr_postc": 0,
        "addr_stree": null,
        "atm": null,
        "brand": null,
        "brand_en": null,
        "brand_wiki": null,
        "brand_wik1": null,
        "name_en": null,
        "bus": null,
        "public_tra": null,
        "shop": null,
        "level": 0,
        "cuisine": "鸡排;烤鸡肉串;烤鸭肉串;烤鸡翅",
        "brand_zh": null,
        "name_zh": null,
        "takeaway": "yes",
        "opening_ho": null,
        "office": null,
        "railway": null,
        "leisure": null,
        "addr_distr": null,
        "addr_provi": null,
        "subway": null,
        "building": null,
        "horse": null,
        "locked": null,
        "access": null,
        "natural": null,
        "capacity": 0,
        "phone": null,
        "traffic_ca": null,
        "diet_veget": null,
        "artwork_ty": null,
        "delivery": "yes",
        "drive_thro": "no",
        "outdoor_se": "no",
        "sport": null,
        "crossing": null,
        "bench": null,
        "bin": null,
        "telecom": null,
        "historic": null,
        "man_made": null,
        "parking": null,
        "healthcare": null,
        "note": null,
        "operator": null,
        "waste": null,
        "parcel_pic": null,
        "diet_meat": null,
        "shelter_ty": null
      },
      "geometry": {
        "type": "Point",
        "coordinates": [
          114.36665868854296,
          30.531634234090227
        ]
      }
    },
    {
      "type": "Feature",
      "properties": {
        "LAYER": "amenity - ice_cream",
        "GM_TYPE": "Building",
        "barrier": null,
        "name": "Häagen-Dazs",
        "id": 7022940000.000001,
        "visible": "true",
        "version": 1,
        "changeset": 77773178,
        "timestamp": "2019-12-01T05:43:20Z",
        "user": "samsung galaxy s6",
        "uid": 3691120,
        "highway": null,
        "amenity": "ice_cream",
        "place": null,
        "bicycle": null,
        "foot": null,
        "motor_vehi": null,
        "tourism": null,
        "addr_city": null,
        "addr_house": null,
        "addr_postc": 0,
        "addr_stree": null,
        "atm": null,
        "brand": "Häagen-Dazs",
        "brand_en": null,
        "brand_wiki": "Q1143333",
        "brand_wik1": "en:Häagen-Dazs",
        "name_en": null,
        "bus": null,
        "public_tra": null,
        "shop": null,
        "level": 0,
        "cuisine": null,
        "brand_zh": null,
        "name_zh": null,
        "takeaway": null,
        "opening_ho": null,
        "office": null,
        "railway": null,
        "leisure": null,
        "addr_distr": null,
        "addr_provi": null,
        "subway": null,
        "building": null,
        "horse": null,
        "locked": null,
        "access": null,
        "natural": null,
        "capacity": 0,
        "phone": null,
        "traffic_ca": null,
        "diet_veget": null,
        "artwork_ty": null,
        "delivery": null,
        "drive_thro": null,
        "outdoor_se": null,
        "sport": null,
        "crossing": null,
        "bench": null,
        "bin": null,
        "telecom": null,
        "historic": null,
        "man_made": null,
        "parking": null,
        "healthcare": null,
        "note": null,
        "operator": null,
        "waste": null,
        "parcel_pic": null,
        "diet_meat": null,
        "shelter_ty": null
      },
      "geometry": {
        "type": "Point",
        "coordinates": [
          114.3622892370344,
          30.532821960833523
        ]
      }
    },
    {
      "type": "Feature",
      "properties": {
        "LAYER": "amenity - restaurant",
        "GM_TYPE": "Restaurant",
        "barrier": null,
        "name": "绿茶",
        "id": 7554099999.999999,
        "visible": "true",
        "version": 1,
        "changeset": 85686126,
        "timestamp": "2020-05-24T15:25:29Z",
        "user": "hanchao",
        "uid": 499500,
        "highway": null,
        "amenity": "restaurant",
        "place": null,
        "bicycle": null,
        "foot": null,
        "motor_vehi": null,
        "tourism": null,
        "addr_city": null,
        "addr_house": null,
        "addr_postc": 0,
        "addr_stree": null,
        "atm": null,
        "brand": null,
        "brand_en": null,
        "brand_wiki": null,
        "brand_wik1": null,
        "name_en": null,
        "bus": null,
        "public_tra": null,
        "shop": null,
        "level": 0,
        "cuisine": null,
        "brand_zh": null,
        "name_zh": null,
        "takeaway": null,
        "opening_ho": null,
        "office": null,
        "railway": null,
        "leisure": null,
        "addr_distr": null,
        "addr_provi": null,
        "subway": null,
        "building": null,
        "horse": null,
        "locked": null,
        "access": null,
        "natural": null,
        "capacity": 0,
        "phone": null,
        "traffic_ca": null,
        "diet_veget": null,
        "artwork_ty": null,
        "delivery": null,
        "drive_thro": null,
        "outdoor_se": null,
        "sport": null,
        "crossing": null,
        "bench": null,
        "bin": null,
        "telecom": null,
        "historic": null,
        "man_made": null,
        "parking": null,
        "healthcare": null,
        "note": null,
        "operator": null,
        "waste": null,
        "parcel_pic": null,
        "diet_meat": null,
        "shelter_ty": null
      },
      "geometry": {
        "type": "Point",
        "coordinates": [
          114.36221936439368,
          30.532740858419988
        ]
      }
    },
    {
      "type": "Feature",
      "properties": {
        "LAYER": "amenity - restaurant",
        "GM_TYPE": "Restaurant",
        "barrier": null,
        "name": "海底捞",
        "id": 7554099999.999999,
        "visible": "true",
        "version": 3,
        "changeset": 91484430,
        "timestamp": "2020-09-25T06:07:41Z",
        "user": "samsung galaxy s6",
        "uid": 3691120,
        "highway": null,
        "amenity": "restaurant",
        "place": null,
        "bicycle": null,
        "foot": null,
        "motor_vehi": null,
        "tourism": null,
        "addr_city": null,
        "addr_house": null,
        "addr_postc": 0,
        "addr_stree": null,
        "atm": null,
        "brand": "海底捞火锅",
        "brand_en": "Hai Di Lao Hot Pot",
        "brand_wiki": "Q5638920",
        "brand_wik1": "zh:海底捞",
        "name_en": "Hai Di Lao Hot Pot",
        "bus": null,
        "public_tra": null,
        "shop": null,
        "level": 0,
        "cuisine": "chinese",
        "brand_zh": null,
        "name_zh": null,
        "takeaway": null,
        "opening_ho": null,
        "office": null,
        "railway": null,
        "leisure": null,
        "addr_distr": null,
        "addr_provi": null,
        "subway": null,
        "building": null,
        "horse": null,
        "locked": null,
        "access": null,
        "natural": null,
        "capacity": 0,
        "phone": null,
        "traffic_ca": null,
        "diet_veget": null,
        "artwork_ty": null,
        "delivery": null,
        "drive_thro": null,
        "outdoor_se": null,
        "sport": null,
        "crossing": null,
        "bench": null,
        "bin": null,
        "telecom": null,
        "historic": null,
        "man_made": null,
        "parking": null,
        "healthcare": null,
        "note": null,
        "operator": null,
        "waste": null,
        "parcel_pic": null,
        "diet_meat": null,
        "shelter_ty": null
      },
      "geometry": {
        "type": "Point",
        "coordinates": [
          114.36330666370084,
          30.532538518324888
        ]
      }
    },
    {
      "type": "Feature",
      "properties": {
        "LAYER": "amenity - fast_food",
        "GM_TYPE": "Restaurant",
        "barrier": null,
        "name": "McDonald's",
        "id": 7941059999.999999,
        "visible": "true",
        "version": 1,
        "changeset": 91484430,
        "timestamp": "2020-09-25T06:07:41Z",
        "user": "samsung galaxy s6",
        "uid": 3691120,
        "highway": null,
        "amenity": "fast_food",
        "place": null,
        "bicycle": null,
        "foot": null,
        "motor_vehi": null,
        "tourism": null,
        "addr_city": null,
        "addr_house": null,
        "addr_postc": 0,
        "addr_stree": null,
        "atm": null,
        "brand": "McDonald's",
        "brand_en": null,
        "brand_wiki": "Q38076",
        "brand_wik1": "en:McDonald's",
        "name_en": null,
        "bus": null,
        "public_tra": null,
        "shop": null,
        "level": 0,
        "cuisine": "burger",
        "brand_zh": null,
        "name_zh": null,
        "takeaway": "yes",
        "opening_ho": null,
        "office": null,
        "railway": null,
        "leisure": null,
        "addr_distr": null,
        "addr_provi": null,
        "subway": null,
        "building": null,
        "horse": null,
        "locked": null,
        "access": null,
        "natural": null,
        "capacity": 0,
        "phone": null,
        "traffic_ca": null,
        "diet_veget": null,
        "artwork_ty": null,
        "delivery": null,
        "drive_thro": null,
        "outdoor_se": null,
        "sport": null,
        "crossing": null,
        "bench": null,
        "bin": null,
        "telecom": null,
        "historic": null,
        "man_made": null,
        "parking": null,
        "healthcare": null,
        "note": null,
        "operator": null,
        "waste": null,
        "parcel_pic": null,
        "diet_meat": null,
        "shelter_ty": null
      },
      "geometry": {
        "type": "Point",
        "coordinates": [
          114.36049756554873,
          30.533817582320186
        ]
      }
    },
    {
      "type": "Feature",
      "properties": {
        "LAYER": "amenity - fast_food",
        "GM_TYPE": "Restaurant",
        "barrier": null,
        "name": "Burger King",
        "id": 7941059999.999999,
        "visible": "true",
        "version": 1,
        "changeset": 91484430,
        "timestamp": "2020-09-25T06:07:41Z",
        "user": "samsung galaxy s6",
        "uid": 3691120,
        "highway": null,
        "amenity": "fast_food",
        "place": null,
        "bicycle": null,
        "foot": null,
        "motor_vehi": null,
        "tourism": null,
        "addr_city": null,
        "addr_house": null,
        "addr_postc": 0,
        "addr_stree": null,
        "atm": null,
        "brand": "Burger King",
        "brand_en": null,
        "brand_wiki": "Q177054",
        "brand_wik1": "en:Burger King",
        "name_en": null,
        "bus": null,
        "public_tra": null,
        "shop": null,
        "level": 0,
        "cuisine": "burger",
        "brand_zh": null,
        "name_zh": null,
        "takeaway": "yes",
        "opening_ho": null,
        "office": null,
        "railway": null,
        "leisure": null,
        "addr_distr": null,
        "addr_provi": null,
        "subway": null,
        "building": null,
        "horse": null,
        "locked": null,
        "access": null,
        "natural": null,
        "capacity": 0,
        "phone": null,
        "traffic_ca": null,
        "diet_veget": null,
        "artwork_ty": null,
        "delivery": null,
        "drive_thro": null,
        "outdoor_se": null,
        "sport": null,
        "crossing": null,
        "bench": null,
        "bin": null,
        "telecom": null,
        "historic": null,
        "man_made": null,
        "parking": null,
        "healthcare": null,
        "note": null,
        "operator": null,
        "waste": null,
        "parcel_pic": null,
        "diet_meat": null,
        "shelter_ty": null
      },
      "geometry": {
        "type": "Point",
        "coordinates": [
          114.36240577751086,
          30.53268828856552
        ]
      }
    },
    {
      "type": "Feature",
      "properties": {
        "LAYER": "amenity - cafe",
        "GM_TYPE": "Restaurant",
        "barrier": null,
        "name": "矢量咖啡",
        "id": 7941059999.999999,
        "visible": "true",
        "version": 1,
        "changeset": 91484430,
        "timestamp": "2020-09-25T06:07:41Z",
        "user": "samsung galaxy s6",
        "uid": 3691120,
        "highway": null,
        "amenity": "cafe",
        "place": null,
        "bicycle": null,
        "foot": null,
        "motor_vehi": null,
        "tourism": null,
        "addr_city": null,
        "addr_house": null,
        "addr_postc": 0,
        "addr_stree": null,
        "atm": null,
        "brand": null,
        "brand_en": null,
        "brand_wiki": null,
        "brand_wik1": null,
        "name_en": null,
        "bus": null,
        "public_tra": null,
        "shop": null,
        "level": 0,
        "cuisine": "coffee_shop",
        "brand_zh": null,
        "name_zh": "矢量咖啡",
        "takeaway": null,
        "opening_ho": null,
        "office": null,
        "railway": null,
        "leisure": null,
        "addr_distr": null,
        "addr_provi": null,
        "subway": null,
        "building": null,
        "horse": null,
        "locked": null,
        "access": null,
        "natural": null,
        "capacity": 0,
        "phone": null,
        "traffic_ca": null,
        "diet_veget": null,
        "artwork_ty": null,
        "delivery": null,
        "drive_thro": null,
        "outdoor_se": null,
        "sport": null,
        "crossing": null,
        "bench": null,
        "bin": null,
        "telecom": null,
        "historic": null,
        "man_made": null,
        "parking": null,
        "healthcare": null,
        "note": null,
        "operator": null,
        "waste": null,
        "parcel_pic": null,
        "diet_meat": null,
        "shelter_ty": null
      },
      "geometry": {
        "type": "Point",
        "coordinates": [
          114.36297719715309,
          30.532931592363198
        ]
      }
    },
    {
      "type": "Feature",
      "properties": {
        "LAYER": "shop - hairdresser",
        "GM_TYPE": "Shopping",
        "barrier": null,
        "name": "YESIDO 椰島造型",
        "id": 7941059999.999999,
        "visible": "true",
        "version": 1,
        "changeset": 91484430,
        "timestamp": "2020-09-25T06:07:41Z",
        "user": "samsung galaxy s6",
        "uid": 3691120,
        "highway": null,
        "amenity": null,
        "place": null,
        "bicycle": null,
        "foot": null,
        "motor_vehi": null,
        "tourism": null,
        "addr_city": null,
        "addr_house": null,
        "addr_postc": 0,
        "addr_stree": null,
        "atm": null,
        "brand": null,
        "brand_en": null,
        "brand_wiki": null,
        "brand_wik1": null,
        "name_en": null,
        "bus": null,
        "public_tra": null,
        "shop": "hairdresser",
        "level": 0,
        "cuisine": null,
        "brand_zh": null,
        "name_zh": "YESIDO 椰島造型",
        "takeaway": null,
        "opening_ho": null,
        "office": null,
        "railway": null,
        "leisure": null,
        "addr_distr": null,
        "addr_provi": null,
        "subway": null,
        "building": null,
        "horse": null,
        "locked": null,
        "access": null,
        "natural": null,
        "capacity": 0,
        "phone": null,
        "traffic_ca": null,
        "diet_veget": null,
        "artwork_ty": null,
        "delivery": null,
        "drive_thro": null,
        "outdoor_se": null,
        "sport": null,
        "crossing": null,
        "bench": null,
        "bin": null,
        "telecom": null,
        "historic": null,
        "man_made": null,
        "parking": null,
        "healthcare": null,
        "note": null,
        "operator": null,
        "waste": null,
        "parcel_pic": null,
        "diet_meat": null,
        "shelter_ty": null
      },
      "geometry": {
        "type": "Point",
        "coordinates": [
          114.36339956698806,
          30.53860827116439
        ]
      }
    },
    {
      "type": "Feature",
      "properties": {
        "LAYER": "leisure - fitness_centre",
        "GM_TYPE": "Unknown Point Feature",
        "barrier": null,
        "name": "康斐斯健身",
        "id": 7945590000.0,
        "visible": "true",
        "version": 1,
        "changeset": 91557565,
        "timestamp": "2020-09-26T16:28:49Z",
        "user": "samsung galaxy s6",
        "uid": 3691120,
        "highway": null,
        "amenity": null,
        "place": null,
        "bicycle": null,
        "foot": null,
        "motor_vehi": null,
        "tourism": null,
        "addr_city": null,
        "addr_house": null,
        "addr_postc": 0,
        "addr_stree": null,
        "atm": null,
        "brand": null,
        "brand_en": null,
        "brand_wiki": null,
        "brand_wik1": null,
        "name_en": null,
        "bus": null,
        "public_tra": null,
        "shop": null,
        "level": 0,
        "cuisine": null,
        "brand_zh": null,
        "name_zh": "康斐斯健身",
        "takeaway": null,
        "opening_ho": null,
        "office": null,
        "railway": null,
        "leisure": "fitness_centre",
        "addr_distr": null,
        "addr_provi": null,
        "subway": null,
        "building": null,
        "horse": null,
        "locked": null,
        "access": null,
        "natural": null,
        "capacity": 0,
        "phone": null,
        "traffic_ca": null,
        "diet_veget": null,
        "artwork_ty": null,
        "delivery": null,
        "drive_thro": null,
        "outdoor_se": null,
        "sport": "fitness",
        "crossing": null,
        "bench": null,
        "bin": null,
        "telecom": null,
        "historic": null,
        "man_made": null,
        "parking": null,
        "healthcare": null,
        "note": null,
        "operator": null,
        "waste": null,
        "parcel_pic": null,
        "diet_meat": null,
        "shelter_ty": null
      },
      "geometry": {
        "type": "Point",
        "coordinates": [
          114.36244480979174,
          30.532958334740382
        ]
      }
    },
    {
      "type": "Feature",
      "properties": {
        "LAYER": "amenity - police",
        "GM_TYPE": "Building",
        "barrier": null,
        "name": null,
        "id": 7945590000.0,
        "visible": "true",
        "version": 1,
        "changeset": 91557565,
        "timestamp": "2020-09-26T16:28:49Z",
        "user": "samsung galaxy s6",
        "uid": 3691120,
        "highway": null,
        "amenity": "police",
        "place": null,
        "bicycle": null,
        "foot": null,
        "motor_vehi": null,
        "tourism": null,
        "addr_city": null,
        "addr_house": null,
        "addr_postc": 0,
        "addr_stree": null,
        "atm": null,
        "brand": null,
        "brand_en": null,
        "brand_wiki": null,
        "brand_wik1": null,
        "name_en": null,
        "bus": null,
        "public_tra": null,
        "shop": null,
        "level": 0,
        "cuisine": null,
        "brand_zh": null,
        "name_zh": null,
        "takeaway": null,
        "opening_ho": null,
        "office": null,
        "railway": null,
        "leisure": null,
        "addr_distr": null,
        "addr_provi": null,
        "subway": null,
        "building": null,
        "horse": null,
        "locked": null,
        "access": null,
        "natural": null,
        "capacity": 0,
        "phone": null,
        "traffic_ca": null,
        "diet_veget": null,
        "artwork_ty": null,
        "delivery": null,
        "drive_thro": null,
        "outdoor_se": null,
        "sport": null,
        "crossing": null,
        "bench": null,
        "bin": null,
        "telecom": null,
        "historic": null,
        "man_made": null,
        "parking": null,
        "healthcare": null,
        "note": null,
        "operator": null,
        "waste": null,
        "parcel_pic": null,
        "diet_meat": null,
        "shelter_ty": null
      },
      "geometry": {
        "type": "Point",
        "coordinates": [
          114.36103887826282,
          30.533000671929546
        ]
      }
    },
    {
      "type": "Feature",
      "properties": {
        "LAYER": "shop - mall",
        "GM_TYPE": "Shopping",
        "barrier": null,
        "name": "新世界百貨 (武昌店)",
        "id": 7945590000.0,
        "visible": "true",
        "version": 1,
        "changeset": 91557565,
        "timestamp": "2020-09-26T16:28:49Z",
        "user": "samsung galaxy s6",
        "uid": 3691120,
        "highway": null,
        "amenity": null,
        "place": null,
        "bicycle": null,
        "foot": null,
        "motor_vehi": null,
        "tourism": null,
        "addr_city": null,
        "addr_house": null,
        "addr_postc": 0,
        "addr_stree": null,
        "atm": null,
        "brand": null,
        "brand_en": null,
        "brand_wiki": null,
        "brand_wik1": null,
        "name_en": null,
        "bus": null,
        "public_tra": null,
        "shop": "mall",
        "level": 0,
        "cuisine": null,
        "brand_zh": null,
        "name_zh": "新世界百貨 (武昌店)",
        "takeaway": null,
        "opening_ho": null,
        "office": null,
        "railway": null,
        "leisure": null,
        "addr_distr": null,
        "addr_provi": null,
        "subway": null,
        "building": null,
        "horse": null,
        "locked": null,
        "access": null,
        "natural": null,
        "capacity": 0,
        "phone": null,
        "traffic_ca": null,
        "diet_veget": null,
        "artwork_ty": null,
        "delivery": null,
        "drive_thro": null,
        "outdoor_se": null,
        "sport": null,
        "crossing": null,
        "bench": null,
        "bin": null,
        "telecom": null,
        "historic": null,
        "man_made": null,
        "parking": null,
        "healthcare": null,
        "note": null,
        "operator": null,
        "waste": null,
        "parcel_pic": null,
        "diet_meat": null,
        "shelter_ty": null
      },
      "geometry": {
        "type": "Point",
        "coordinates": [
          114.36046455379412,
          30.533412494722263
        ]
      }
    },
    {
      "type": "Feature",
      "properties": {
        "LAYER": "highway - crossing",
        "GM_TYPE": "Unknown Point Feature",
        "barrier": null,
        "name": null,
        "id": 8512200000.0,
        "visible": "true",
        "version": 1,
        "changeset": 100938183,
        "timestamp": "2021-03-13T00:24:44Z",
        "user": "Maps Man",
        "uid": 10216874,
        "highway": "crossing",
        "amenity": null,
        "place": null,
        "bicycle": null,
        "foot": null,
        "motor_vehi": null,
        "tourism": null,
        "addr_city": null,
        "addr_house": null,
        "addr_postc": 0,
        "addr_stree": null,
        "atm": null,
        "brand": null,
        "brand_en": null,
        "brand_wiki": null,
        "brand_wik1": null,
        "name_en": null,
        "bus": null,
        "public_tra": null,
        "shop": null,
        "level": 0,
        "cuisine": null,
        "brand_zh": null,
        "name_zh": null,
        "takeaway": null,
        "opening_ho": null,
        "office": null,
        "railway": null,
        "leisure": null,
        "addr_distr": null,
        "addr_provi": null,
        "subway": null,
        "building": null,
        "horse": null,
        "locked": null,
        "access": null,
        "natural": null,
        "capacity": 0,
        "phone": null,
        "traffic_ca": null,
        "diet_veget": null,
        "artwork_ty": null,
        "delivery": null,
        "drive_thro": null,
        "outdoor_se": null,
        "sport": null,
        "crossing": "marked",
        "bench": null,
        "bin": null,
        "telecom": null,
        "historic": null,
        "man_made": null,
        "parking": null,
        "healthcare": null,
        "note": null,
        "operator": null,
        "waste": null,
        "parcel_pic": null,
        "diet_meat": null,
        "shelter_ty": null
      },
      "geometry": {
        "type": "Point",
        "coordinates": [
          114.36462619753485,
          30.531327833550165
        ]
      }
    },
    {
      "type": "Feature",
      "properties": {
        "LAYER": "highway - crossing",
        "GM_TYPE": "Unknown Point Feature",
        "barrier": null,
        "name": null,
        "id": 8512200000.0,
        "visible": "true",
        "version": 1,
        "changeset": 100938183,
        "timestamp": "2021-03-13T00:24:44Z",
        "user": "Maps Man",
        "uid": 10216874,
        "highway": "crossing",
        "amenity": null,
        "place": null,
        "bicycle": null,
        "foot": null,
        "motor_vehi": null,
        "tourism": null,
        "addr_city": null,
        "addr_house": null,
        "addr_postc": 0,
        "addr_stree": null,
        "atm": null,
        "brand": null,
        "brand_en": null,
        "brand_wiki": null,
        "brand_wik1": null,
        "name_en": null,
        "bus": null,
        "public_tra": null,
        "shop": null,
        "level": 0,
        "cuisine": null,
        "brand_zh": null,
        "name_zh": null,
        "takeaway": null,
        "opening_ho": null,
        "office": null,
        "railway": null,
        "leisure": null,
        "addr_distr": null,
        "addr_provi": null,
        "subway": null,
        "building": null,
        "horse": null,
        "locked": null,
        "access": null,
        "natural": null,
        "capacity": 0,
        "phone": null,
        "traffic_ca": null,
        "diet_veget": null,
        "artwork_ty": null,
        "delivery": null,
        "drive_thro": null,
        "outdoor_se": null,
        "sport": null,
        "crossing": "marked",
        "bench": null,
        "bin": null,
        "telecom": null,
        "historic": null,
        "man_made": null,
        "parking": null,
        "healthcare": null,
        "note": null,
        "operator": null,
        "waste": null,
        "parcel_pic": null,
        "diet_meat": null,
        "shelter_ty": null
      },
      "geometry": {
        "type": "Point",
        "coordinates": [
          114.36254767804112,
          30.531882653122285
        ]
      }
    },
    {
      "type": "Feature",
      "properties": {
        "LAYER": "highway - crossing",
        "GM_TYPE": "Unknown Point Feature",
        "barrier": null,
        "name": null,
        "id": 8512200000.0,
        "visible": "true",
        "version": 1,
        "changeset": 100938183,
        "timestamp": "2021-03-13T00:24:44Z",
        "user": "Maps Man",
        "uid": 10216874,
        "highway": "crossing",
        "amenity": null,
        "place": null,
        "bicycle": null,
        "foot": null,
        "motor_vehi": null,
        "tourism": null,
        "addr_city": null,
        "addr_house": null,
        "addr_postc": 0,
        "addr_stree": null,
        "atm": null,
        "brand": null,
        "brand_en": null,
        "brand_wiki": null,
        "brand_wik1": null,
        "name_en": null,
        "bus": null,
        "public_tra": null,
        "shop": null,
        "level": 0,
        "cuisine": null,
        "brand_zh": null,
        "name_zh": null,
        "takeaway": null,
        "opening_ho": null,
        "office": null,
        "railway": null,
        "leisure": null,
        "addr_distr": null,
        "addr_provi": null,
        "subway": null,
        "building": null,
        "horse": null,
        "locked": null,
        "access": null,
        "natural": null,
        "capacity": 0,
        "phone": null,
        "traffic_ca": null,
        "diet_veget": null,
        "artwork_ty": null,
        "delivery": null,
        "drive_thro": null,
        "outdoor_se": null,
        "sport": null,
        "crossing": "marked",
        "bench": null,
        "bin": null,
        "telecom": null,
        "historic": null,
        "man_made": null,
        "parking": null,
        "healthcare": null,
        "note": null,
        "operator": null,
        "waste": null,
        "parcel_pic": null,
        "diet_meat": null,
        "shelter_ty": null
      },
      "geometry": {
        "type": "Point",
        "coordinates": [
          114.36261802519932,
          30.531861623736706
        ]
      }
    },
    {
      "type": "Feature",
      "properties": {
        "LAYER": "tourism - artwork",
        "GM_TYPE": "Landmark",
        "barrier": null,
        "name": "金通尹半身像",
        "id": 9546620000.0,
        "visible": "true",
        "version": 2,
        "changeset": 118059411,
        "timestamp": "2022-03-03T15:07:05Z",
        "user": "Wei Yuanbiao",
        "uid": 12389142,
        "highway": null,
        "amenity": null,
        "place": null,
        "bicycle": null,
        "foot": null,
        "motor_vehi": null,
        "tourism": "artwork",
        "addr_city": null,
        "addr_house": null,
        "addr_postc": 0,
        "addr_stree": null,
        "atm": null,
        "brand": null,
        "brand_en": null,
        "brand_wiki": null,
        "brand_wik1": null,
        "name_en": null,
        "bus": null,
        "public_tra": null,
        "shop": null,
        "level": 0,
        "cuisine": null,
        "brand_zh": null,
        "name_zh": null,
        "takeaway": null,
        "opening_ho": null,
        "office": null,
        "railway": null,
        "leisure": null,
        "addr_distr": null,
        "addr_provi": null,
        "subway": null,
        "building": null,
        "horse": null,
        "locked": null,
        "access": null,
        "natural": null,
        "capacity": 0,
        "phone": null,
        "traffic_ca": null,
        "diet_veget": null,
        "artwork_ty": "statue",
        "delivery": null,
        "drive_thro": null,
        "outdoor_se": null,
        "sport": null,
        "crossing": null,
        "bench": null,
        "bin": null,
        "telecom": null,
        "historic": null,
        "man_made": null,
        "parking": null,
        "healthcare": null,
        "note": null,
        "operator": null,
        "waste": null,
        "parcel_pic": null,
        "diet_meat": null,
        "shelter_ty": null
      },
      "geometry": {
        "type": "Point",
        "coordinates": [
          114.36744392347917,
          30.535113150210186
        ]
      }
    },
    {
      "type": "Feature",
      "properties": {
        "LAYER": "amenity - shelter",
        "GM_TYPE": "Building",
        "barrier": null,
        "name": "遥感院门口的小亭子",
        "id": 9546620000.0,
        "visible": "true",
        "version": 1,
        "changeset": 117967536,
        "timestamp": "2022-03-01T06:52:40Z",
        "user": "Pixy233",
        "uid": 15200268,
        "highway": null,
        "amenity": "shelter",
        "place": null,
        "bicycle": null,
        "foot": null,
        "motor_vehi": null,
        "tourism": null,
        "addr_city": null,
        "addr_house": null,
        "addr_postc": 0,
        "addr_stree": null,
        "atm": null,
        "brand": null,
        "brand_en": null,
        "brand_wiki": null,
        "brand_wik1": null,
        "name_en": null,
        "bus": null,
        "public_tra": null,
        "shop": null,
        "level": 0,
        "cuisine": null,
        "brand_zh": null,
        "name_zh": null,
        "takeaway": null,
        "opening_ho": null,
        "office": null,
        "railway": null,
        "leisure": null,
        "addr_distr": null,
        "addr_provi": null,
        "subway": null,
        "building": null,
        "horse": null,
        "locked": null,
        "access": null,
        "natural": null,
        "capacity": 0,
        "phone": null,
        "traffic_ca": null,
        "diet_veget": null,
        "artwork_ty": null,
        "delivery": null,
        "drive_thro": null,
        "outdoor_se": null,
        "sport": null,
        "crossing": null,
        "bench": "yes",
        "bin": "no",
        "telecom": null,
        "historic": null,
        "man_made": null,
        "parking": null,
        "healthcare": null,
        "note": null,
        "operator": null,
        "waste": null,
        "parcel_pic": null,
        "diet_meat": null,
        "shelter_ty": null
      },
      "geometry": {
        "type": "Point",
        "coordinates": [
          114.36659147802573,
          30.531968679886134
        ]
      }
    },
    {
      "type": "Feature",
      "properties": {
        "LAYER": "amenity - restaurant",
        "GM_TYPE": "Restaurant",
        "barrier": null,
        "name": "信息学部学生三食堂",
        "id": 9548630000.0,
        "visible": "true",
        "version": 1,
        "changeset": 118001384,
        "timestamp": "2022-03-02T03:04:40Z",
        "user": "Excessman",
        "uid": 15207439,
        "highway": null,
        "amenity": "restaurant",
        "place": null,
        "bicycle": null,
        "foot": null,
        "motor_vehi": null,
        "tourism": null,
        "addr_city": null,
        "addr_house": null,
        "addr_postc": 0,
        "addr_stree": null,
        "atm": null,
        "brand": null,
        "brand_en": null,
        "brand_wiki": null,
        "brand_wik1": null,
        "name_en": null,
        "bus": null,
        "public_tra": null,
        "shop": null,
        "level": 0,
        "cuisine": null,
        "brand_zh": null,
        "name_zh": null,
        "takeaway": null,
        "opening_ho": null,
        "office": null,
        "railway": null,
        "leisure": null,
        "addr_distr": null,
        "addr_provi": null,
        "subway": null,
        "building": null,
        "horse": null,
        "locked": null,
        "access": null,
        "natural": null,
        "capacity": 0,
        "phone": null,
        "traffic_ca": null,
        "diet_veget": null,
        "artwork_ty": null,
        "delivery": null,
        "drive_thro": null,
        "outdoor_se": null,
        "sport": null,
        "crossing": null,
        "bench": null,
        "bin": null,
        "telecom": null,
        "historic": null,
        "man_made": null,
        "parking": null,
        "healthcare": null,
        "note": null,
        "operator": null,
        "waste": null,
        "parcel_pic": null,
        "diet_meat": null,
        "shelter_ty": null
      },
      "geometry": {
        "type": "Point",
        "coordinates": [
          114.36472487254792,
          30.5335915430668
        ]
      }
    },
    {
      "type": "Feature",
      "properties": {
        "LAYER": "amenity - restaurant",
        "GM_TYPE": "Restaurant",
        "barrier": null,
        "name": "信息学部学生一食堂",
        "id": 9548630000.0,
        "visible": "true",
        "version": 2,
        "changeset": 133780485,
        "timestamp": "2023-03-17T09:34:47Z",
        "user": "xiaohua123123",
        "uid": 18747304,
        "highway": null,
        "amenity": "restaurant",
        "place": null,
        "bicycle": null,
        "foot": null,
        "motor_vehi": null,
        "tourism": null,
        "addr_city": null,
        "addr_house": null,
        "addr_postc": 0,
        "addr_stree": null,
        "atm": null,
        "brand": null,
        "brand_en": null,
        "brand_wiki": null,
        "brand_wik1": null,
        "name_en": null,
        "bus": null,
        "public_tra": null,
        "shop": null,
        "level": 0,
        "cuisine": null,
        "brand_zh": null,
        "name_zh": null,
        "takeaway": null,
        "opening_ho": null,
        "office": null,
        "railway": null,
        "leisure": null,
        "addr_distr": null,
        "addr_provi": null,
        "subway": null,
        "building": null,
        "horse": null,
        "locked": null,
        "access": null,
        "natural": null,
        "capacity": 0,
        "phone": null,
        "traffic_ca": null,
        "diet_veget": null,
        "artwork_ty": null,
        "delivery": null,
        "drive_thro": null,
        "outdoor_se": null,
        "sport": null,
        "crossing": null,
        "bench": null,
        "bin": null,
        "telecom": null,
        "historic": null,
        "man_made": null,
        "parking": null,
        "healthcare": null,
        "note": null,
        "operator": null,
        "waste": null,
        "parcel_pic": null,
        "diet_meat": null,
        "shelter_ty": null
      },
      "geometry": {
        "type": "Point",
        "coordinates": [
          114.36562386874427,
          30.53477642614038
        ]
      }
    },
    {
      "type": "Feature",
      "properties": {
        "LAYER": "amenity - restaurant",
        "GM_TYPE": "Restaurant",
        "barrier": null,
        "name": "信息学部学生二食堂",
        "id": 9548630000.0,
        "visible": "true",
        "version": 3,
        "changeset": 118181570,
        "timestamp": "2022-03-07T04:51:14Z",
        "user": "风紧扯呼",
        "uid": 15220823,
        "highway": null,
        "amenity": "restaurant",
        "place": null,
        "bicycle": null,
        "foot": null,
        "motor_vehi": null,
        "tourism": null,
        "addr_city": null,
        "addr_house": null,
        "addr_postc": 0,
        "addr_stree": null,
        "atm": null,
        "brand": null,
        "brand_en": null,
        "brand_wiki": null,
        "brand_wik1": null,
        "name_en": null,
        "bus": null,
        "public_tra": null,
        "shop": null,
        "level": 0,
        "cuisine": null,
        "brand_zh": null,
        "name_zh": null,
        "takeaway": null,
        "opening_ho": null,
        "office": null,
        "railway": null,
        "leisure": null,
        "addr_distr": null,
        "addr_provi": null,
        "subway": null,
        "building": null,
        "horse": null,
        "locked": null,
        "access": null,
        "natural": null,
        "capacity": 0,
        "phone": null,
        "traffic_ca": null,
        "diet_veget": null,
        "artwork_ty": null,
        "delivery": null,
        "drive_thro": null,
        "outdoor_se": null,
        "sport": null,
        "crossing": null,
        "bench": null,
        "bin": null,
        "telecom": null,
        "historic": null,
        "man_made": null,
        "parking": null,
        "healthcare": null,
        "note": null,
        "operator": null,
        "waste": null,
        "parcel_pic": null,
        "diet_meat": null,
        "shelter_ty": null
      },
      "geometry": {
        "type": "Point",
        "coordinates": [
          114.3656239790401,
          30.53462851064541
        ]
      }
    },
    {
      "type": "Feature",
      "properties": {
        "LAYER": "Unknown Point Feature",
        "GM_TYPE": "Unknown Point Feature",
        "barrier": null,
        "name": "水卡充值点",
        "id": 9548630000.0,
        "visible": "true",
        "version": 2,
        "changeset": 118087225,
        "timestamp": "2022-03-04T10:28:49Z",
        "user": "Lee-whisper",
        "uid": 15220503,
        "highway": null,
        "amenity": null,
        "place": null,
        "bicycle": null,
        "foot": null,
        "motor_vehi": null,
        "tourism": null,
        "addr_city": null,
        "addr_house": null,
        "addr_postc": 0,
        "addr_stree": null,
        "atm": null,
        "brand": null,
        "brand_en": null,
        "brand_wiki": null,
        "brand_wik1": null,
        "name_en": null,
        "bus": null,
        "public_tra": null,
        "shop": null,
        "level": 0,
        "cuisine": null,
        "brand_zh": null,
        "name_zh": null,
        "takeaway": null,
        "opening_ho": null,
        "office": null,
        "railway": null,
        "leisure": null,
        "addr_distr": null,
        "addr_provi": null,
        "subway": null,
        "building": null,
        "horse": null,
        "locked": null,
        "access": null,
        "natural": null,
        "capacity": 0,
        "phone": null,
        "traffic_ca": null,
        "diet_veget": null,
        "artwork_ty": null,
        "delivery": null,
        "drive_thro": null,
        "outdoor_se": null,
        "sport": null,
        "crossing": null,
        "bench": null,
        "bin": null,
        "telecom": "data_center",
        "historic": null,
        "man_made": null,
        "parking": null,
        "healthcare": null,
        "note": null,
        "operator": null,
        "waste": null,
        "parcel_pic": null,
        "diet_meat": null,
        "shelter_ty": null
      },
      "geometry": {
        "type": "Point",
        "coordinates": [
          114.36552746114856,
          30.532520731346565
        ]
      }
    },
    {
      "type": "Feature",
      "properties": {
        "LAYER": "shop - copyshop",
        "GM_TYPE": "Shopping",
        "barrier": null,
        "name": "富强快印",
        "id": 9548630000.0,
        "visible": "true",
        "version": 2,
        "changeset": 118059411,
        "timestamp": "2022-03-03T15:07:05Z",
        "user": "Wei Yuanbiao",
        "uid": 12389142,
        "highway": null,
        "amenity": null,
        "place": null,
        "bicycle": null,
        "foot": null,
        "motor_vehi": null,
        "tourism": null,
        "addr_city": null,
        "addr_house": null,
        "addr_postc": 0,
        "addr_stree": null,
        "atm": null,
        "brand": null,
        "brand_en": null,
        "brand_wiki": null,
        "brand_wik1": null,
        "name_en": null,
        "bus": null,
        "public_tra": null,
        "shop": "copyshop",
        "level": 0,
        "cuisine": null,
        "brand_zh": null,
        "name_zh": null,
        "takeaway": null,
        "opening_ho": null,
        "office": null,
        "railway": null,
        "leisure": null,
        "addr_distr": null,
        "addr_provi": null,
        "subway": null,
        "building": null,
        "horse": null,
        "locked": null,
        "access": null,
        "natural": null,
        "capacity": 0,
        "phone": null,
        "traffic_ca": null,
        "diet_veget": null,
        "artwork_ty": null,
        "delivery": null,
        "drive_thro": null,
        "outdoor_se": null,
        "sport": null,
        "crossing": null,
        "bench": null,
        "bin": null,
        "telecom": null,
        "historic": null,
        "man_made": null,
        "parking": null,
        "healthcare": null,
        "note": null,
        "operator": null,
        "waste": null,
        "parcel_pic": null,
        "diet_meat": null,
        "shelter_ty": null
      },
      "geometry": {
        "type": "Point",
        "coordinates": [
          114.3642527971523,
          30.534072847647256
        ]
      }
    },
    {
      "type": "Feature",
      "properties": {
        "LAYER": "shop - convenience",
        "GM_TYPE": "Shopping",
        "barrier": null,
        "name": "小超市",
        "id": 9548630000.0,
        "visible": "true",
        "version": 1,
        "changeset": 118001384,
        "timestamp": "2022-03-02T03:04:40Z",
        "user": "Excessman",
        "uid": 15207439,
        "highway": null,
        "amenity": null,
        "place": null,
        "bicycle": null,
        "foot": null,
        "motor_vehi": null,
        "tourism": null,
        "addr_city": null,
        "addr_house": null,
        "addr_postc": 0,
        "addr_stree": null,
        "atm": null,
        "brand": null,
        "brand_en": null,
        "brand_wiki": null,
        "brand_wik1": null,
        "name_en": null,
        "bus": null,
        "public_tra": null,
        "shop": "convenience",
        "level": 0,
        "cuisine": null,
        "brand_zh": null,
        "name_zh": null,
        "takeaway": null,
        "opening_ho": null,
        "office": null,
        "railway": null,
        "leisure": null,
        "addr_distr": null,
        "addr_provi": null,
        "subway": null,
        "building": null,
        "horse": null,
        "locked": null,
        "access": null,
        "natural": null,
        "capacity": 0,
        "phone": null,
        "traffic_ca": null,
        "diet_veget": null,
        "artwork_ty": null,
        "delivery": null,
        "drive_thro": null,
        "outdoor_se": null,
        "sport": null,
        "crossing": null,
        "bench": null,
        "bin": null,
        "telecom": null,
        "historic": null,
        "man_made": null,
        "parking": null,
        "healthcare": null,
        "note": null,
        "operator": null,
        "waste": null,
        "parcel_pic": null,
        "diet_meat": null,
        "shelter_ty": null
      },
      "geometry": {
        "type": "Point",
        "coordinates": [
          114.36424307613512,
          30.53449985866035
        ]
      }
    },
    {
      "type": "Feature",
      "properties": {
        "LAYER": "shop - convenience",
        "GM_TYPE": "Shopping",
        "barrier": null,
        "name": "小超市",
        "id": 9548630000.0,
        "visible": "true",
        "version": 2,
        "changeset": 118059411,
        "timestamp": "2022-03-03T15:07:05Z",
        "user": "Wei Yuanbiao",
        "uid": 12389142,
        "highway": null,
        "amenity": null,
        "place": null,
        "bicycle": null,
        "foot": null,
        "motor_vehi": null,
        "tourism": null,
        "addr_city": null,
        "addr_house": null,
        "addr_postc": 0,
        "addr_stree": null,
        "atm": null,
        "brand": null,
        "brand_en": null,
        "brand_wiki": null,
        "brand_wik1": null,
        "name_en": null,
        "bus": null,
        "public_tra": null,
        "shop": "convenience",
        "level": 0,
        "cuisine": null,
        "brand_zh": null,
        "name_zh": null,
        "takeaway": null,
        "opening_ho": null,
        "office": null,
        "railway": null,
        "leisure": null,
        "addr_distr": null,
        "addr_provi": null,
        "subway": null,
        "building": null,
        "horse": null,
        "locked": null,
        "access": null,
        "natural": null,
        "capacity": 0,
        "phone": null,
        "traffic_ca": null,
        "diet_veget": null,
        "artwork_ty": null,
        "delivery": null,
        "drive_thro": null,
        "outdoor_se": null,
        "sport": null,
        "crossing": null,
        "bench": null,
        "bin": null,
        "telecom": null,
        "historic": null,
        "man_made": null,
        "parking": null,
        "healthcare": null,
        "note": null,
        "operator": null,
        "waste": null,
        "parcel_pic": null,
        "diet_meat": null,
        "shelter_ty": null
      },
      "geometry": {
        "type": "Point",
        "coordinates": [
          114.36424311477647,
          30.534447553089922
        ]
      }
    },
    {
      "type": "Feature",
      "properties": {
        "LAYER": "shop - convenience",
        "GM_TYPE": "Shopping",
        "barrier": null,
        "name": "小超市",
        "id": 9548630000.0,
        "visible": "true",
        "version": 2,
        "changeset": 118059411,
        "timestamp": "2022-03-03T15:07:05Z",
        "user": "Wei Yuanbiao",
        "uid": 12389142,
        "highway": null,
        "amenity": null,
        "place": null,
        "bicycle": null,
        "foot": null,
        "motor_vehi": null,
        "tourism": null,
        "addr_city": null,
        "addr_house": null,
        "addr_postc": 0,
        "addr_stree": null,
        "atm": null,
        "brand": null,
        "brand_en": null,
        "brand_wiki": null,
        "brand_wik1": null,
        "name_en": null,
        "bus": null,
        "public_tra": null,
        "shop": "convenience",
        "level": 0,
        "cuisine": null,
        "brand_zh": null,
        "name_zh": null,
        "takeaway": null,
        "opening_ho": null,
        "office": null,
        "railway": null,
        "leisure": null,
        "addr_distr": null,
        "addr_provi": null,
        "subway": null,
        "building": null,
        "horse": null,
        "locked": null,
        "access": null,
        "natural": null,
        "capacity": 0,
        "phone": null,
        "traffic_ca": null,
        "diet_veget": null,
        "artwork_ty": null,
        "delivery": null,
        "drive_thro": null,
        "outdoor_se": null,
        "sport": null,
        "crossing": null,
        "bench": null,
        "bin": null,
        "telecom": null,
        "historic": null,
        "man_made": null,
        "parking": null,
        "healthcare": null,
        "note": null,
        "operator": null,
        "waste": null,
        "parcel_pic": null,
        "diet_meat": null,
        "shelter_ty": null
      },
      "geometry": {
        "type": "Point",
        "coordinates": [
          114.36424704406313,
          30.53441236388327
        ]
      }
    },
    {
      "type": "Feature",
      "properties": {
        "LAYER": "shop - convenience",
        "GM_TYPE": "Shopping",
        "barrier": null,
        "name": "小超市",
        "id": 9548630000.0,
        "visible": "true",
        "version": 2,
        "changeset": 118059411,
        "timestamp": "2022-03-03T15:07:05Z",
        "user": "Wei Yuanbiao",
        "uid": 12389142,
        "highway": null,
        "amenity": null,
        "place": null,
        "bicycle": null,
        "foot": null,
        "motor_vehi": null,
        "tourism": null,
        "addr_city": null,
        "addr_house": null,
        "addr_postc": 0,
        "addr_stree": null,
        "atm": null,
        "brand": null,
        "brand_en": null,
        "brand_wiki": null,
        "brand_wik1": null,
        "name_en": null,
        "bus": null,
        "public_tra": null,
        "shop": "convenience",
        "level": 0,
        "cuisine": null,
        "brand_zh": null,
        "name_zh": null,
        "takeaway": null,
        "opening_ho": null,
        "office": null,
        "railway": null,
        "leisure": null,
        "addr_distr": null,
        "addr_provi": null,
        "subway": null,
        "building": null,
        "horse": null,
        "locked": null,
        "access": null,
        "natural": null,
        "capacity": 0,
        "phone": null,
        "traffic_ca": null,
        "diet_veget": null,
        "artwork_ty": null,
        "delivery": null,
        "drive_thro": null,
        "outdoor_se": null,
        "sport": null,
        "crossing": null,
        "bench": null,
        "bin": null,
        "telecom": null,
        "historic": null,
        "man_made": null,
        "parking": null,
        "healthcare": null,
        "note": null,
        "operator": null,
        "waste": null,
        "parcel_pic": null,
        "diet_meat": null,
        "shelter_ty": null
      },
      "geometry": {
        "type": "Point",
        "coordinates": [
          114.36424598728509,
          30.534352353349377
        ]
      }
    },
    {
      "type": "Feature",
      "properties": {
        "LAYER": "shop - hairdresser",
        "GM_TYPE": "Shopping",
        "barrier": null,
        "name": "理发店",
        "id": 9548630000.0,
        "visible": "true",
        "version": 2,
        "changeset": 118059411,
        "timestamp": "2022-03-03T15:07:05Z",
        "user": "Wei Yuanbiao",
        "uid": 12389142,
        "highway": null,
        "amenity": null,
        "place": null,
        "bicycle": null,
        "foot": null,
        "motor_vehi": null,
        "tourism": null,
        "addr_city": null,
        "addr_house": null,
        "addr_postc": 0,
        "addr_stree": null,
        "atm": null,
        "brand": null,
        "brand_en": null,
        "brand_wiki": null,
        "brand_wik1": null,
        "name_en": null,
        "bus": null,
        "public_tra": null,
        "shop": "hairdresser",
        "level": 0,
        "cuisine": null,
        "brand_zh": null,
        "name_zh": null,
        "takeaway": null,
        "opening_ho": null,
        "office": null,
        "railway": null,
        "leisure": null,
        "addr_distr": null,
        "addr_provi": null,
        "subway": null,
        "building": null,
        "horse": null,
        "locked": null,
        "access": null,
        "natural": null,
        "capacity": 0,
        "phone": null,
        "traffic_ca": null,
        "diet_veget": null,
        "artwork_ty": null,
        "delivery": null,
        "drive_thro": null,
        "outdoor_se": null,
        "sport": null,
        "crossing": null,
        "bench": null,
        "bin": null,
        "telecom": null,
        "historic": null,
        "man_made": null,
        "parking": null,
        "healthcare": null,
        "note": null,
        "operator": null,
        "waste": null,
        "parcel_pic": null,
        "diet_meat": null,
        "shelter_ty": null
      },
      "geometry": {
        "type": "Point",
        "coordinates": [
          114.36424742834878,
          30.534298052729365
        ]
      }
    },
    {
      "type": "Feature",
      "properties": {
        "LAYER": "amenity - college",
        "GM_TYPE": "School",
        "barrier": null,
        "name": "武汉大学宇航学院",
        "id": 9548640000.0,
        "visible": "true",
        "version": 1,
        "changeset": 118001384,
        "timestamp": "2022-03-02T03:04:40Z",
        "user": "Excessman",
        "uid": 15207439,
        "highway": null,
        "amenity": "college",
        "place": null,
        "bicycle": null,
        "foot": null,
        "motor_vehi": null,
        "tourism": null,
        "addr_city": null,
        "addr_house": null,
        "addr_postc": 0,
        "addr_stree": null,
        "atm": null,
        "brand": null,
        "brand_en": null,
        "brand_wiki": null,
        "brand_wik1": null,
        "name_en": null,
        "bus": null,
        "public_tra": null,
        "shop": null,
        "level": 0,
        "cuisine": null,
        "brand_zh": null,
        "name_zh": null,
        "takeaway": null,
        "opening_ho": null,
        "office": null,
        "railway": null,
        "leisure": null,
        "addr_distr": null,
        "addr_provi": null,
        "subway": null,
        "building": null,
        "horse": null,
        "locked": null,
        "access": null,
        "natural": null,
        "capacity": 0,
        "phone": null,
        "traffic_ca": null,
        "diet_veget": null,
        "artwork_ty": null,
        "delivery": null,
        "drive_thro": null,
        "outdoor_se": null,
        "sport": null,
        "crossing": null,
        "bench": null,
        "bin": null,
        "telecom": null,
        "historic": null,
        "man_made": null,
        "parking": null,
        "healthcare": null,
        "note": null,
        "operator": null,
        "waste": null,
        "parcel_pic": null,
        "diet_meat": null,
        "shelter_ty": null
      },
      "geometry": {
        "type": "Point",
        "coordinates": [
          114.3639112342975,
          30.533491454393072
        ]
      }
    },
    {
      "type": "Feature",
      "properties": {
        "LAYER": "amenity - college",
        "GM_TYPE": "School",
        "barrier": null,
        "name": "武汉大学国家网络安全学院",
        "id": 9548640000.0,
        "visible": "true",
        "version": 2,
        "changeset": 132442665,
        "timestamp": "2023-02-12T12:14:04Z",
        "user": "meacon",
        "uid": 751192,
        "highway": null,
        "amenity": "college",
        "place": null,
        "bicycle": null,
        "foot": null,
        "motor_vehi": null,
        "tourism": null,
        "addr_city": null,
        "addr_house": null,
        "addr_postc": 0,
        "addr_stree": null,
        "atm": null,
        "brand": null,
        "brand_en": null,
        "brand_wiki": null,
        "brand_wik1": null,
        "name_en": null,
        "bus": null,
        "public_tra": null,
        "shop": null,
        "level": 0,
        "cuisine": null,
        "brand_zh": null,
        "name_zh": null,
        "takeaway": null,
        "opening_ho": null,
        "office": null,
        "railway": null,
        "leisure": null,
        "addr_distr": null,
        "addr_provi": null,
        "subway": null,
        "building": null,
        "horse": null,
        "locked": null,
        "access": null,
        "natural": null,
        "capacity": 0,
        "phone": null,
        "traffic_ca": null,
        "diet_veget": null,
        "artwork_ty": null,
        "delivery": null,
        "drive_thro": null,
        "outdoor_se": null,
        "sport": null,
        "crossing": null,
        "bench": null,
        "bin": null,
        "telecom": null,
        "historic": null,
        "man_made": null,
        "parking": null,
        "healthcare": null,
        "note": null,
        "operator": null,
        "waste": null,
        "parcel_pic": null,
        "diet_meat": null,
        "shelter_ty": null
      },
      "geometry": {
        "type": "Point",
        "coordinates": [
          114.3628583870028,
          30.533707991733426
        ]
      }
    },
    {
      "type": "Feature",
      "properties": {
        "LAYER": "Unknown Point Feature",
        "GM_TYPE": "Unknown Point Feature",
        "barrier": null,
        "name": "武汉大学学生就业指导与服务中心",
        "id": 9548640000.0,
        "visible": "true",
        "version": 1,
        "changeset": 118001384,
        "timestamp": "2022-03-02T03:04:40Z",
        "user": "Excessman",
        "uid": 15207439,
        "highway": null,
        "amenity": null,
        "place": null,
        "bicycle": null,
        "foot": null,
        "motor_vehi": null,
        "tourism": null,
        "addr_city": null,
        "addr_house": null,
        "addr_postc": 0,
        "addr_stree": null,
        "atm": null,
        "brand": null,
        "brand_en": null,
        "brand_wiki": null,
        "brand_wik1": null,
        "name_en": null,
        "bus": null,
        "public_tra": null,
        "shop": null,
        "level": 0,
        "cuisine": null,
        "brand_zh": null,
        "name_zh": null,
        "takeaway": null,
        "opening_ho": null,
        "office": "educational_institution",
        "railway": null,
        "leisure": null,
        "addr_distr": null,
        "addr_provi": null,
        "subway": null,
        "building": null,
        "horse": null,
        "locked": null,
        "access": null,
        "natural": null,
        "capacity": 0,
        "phone": null,
        "traffic_ca": null,
        "diet_veget": null,
        "artwork_ty": null,
        "delivery": null,
        "drive_thro": null,
        "outdoor_se": null,
        "sport": null,
        "crossing": null,
        "bench": null,
        "bin": null,
        "telecom": null,
        "historic": null,
        "man_made": null,
        "parking": null,
        "healthcare": null,
        "note": null,
        "operator": null,
        "waste": null,
        "parcel_pic": null,
        "diet_meat": null,
        "shelter_ty": null
      },
      "geometry": {
        "type": "Point",
        "coordinates": [
          114.36321092514618,
          30.534486899824067
        ]
      }
    },
    {
      "type": "Feature",
      "properties": {
        "LAYER": "Unknown Point Feature",
        "GM_TYPE": "Unknown Point Feature",
        "barrier": null,
        "name": "武汉大学保卫部三分部",
        "id": 9548640000.0,
        "visible": "true",
        "version": 1,
        "changeset": 118001384,
        "timestamp": "2022-03-02T03:04:40Z",
        "user": "Excessman",
        "uid": 15207439,
        "highway": null,
        "amenity": null,
        "place": null,
        "bicycle": null,
        "foot": null,
        "motor_vehi": null,
        "tourism": null,
        "addr_city": null,
        "addr_house": null,
        "addr_postc": 0,
        "addr_stree": null,
        "atm": null,
        "brand": null,
        "brand_en": null,
        "brand_wiki": null,
        "brand_wik1": null,
        "name_en": null,
        "bus": null,
        "public_tra": null,
        "shop": null,
        "level": 0,
        "cuisine": null,
        "brand_zh": null,
        "name_zh": null,
        "takeaway": null,
        "opening_ho": null,
        "office": "insurance",
        "railway": null,
        "leisure": null,
        "addr_distr": null,
        "addr_provi": null,
        "subway": null,
        "building": null,
        "horse": null,
        "locked": null,
        "access": null,
        "natural": null,
        "capacity": 0,
        "phone": null,
        "traffic_ca": null,
        "diet_veget": null,
        "artwork_ty": null,
        "delivery": null,
        "drive_thro": null,
        "outdoor_se": null,
        "sport": null,
        "crossing": null,
        "bench": null,
        "bin": null,
        "telecom": null,
        "historic": null,
        "man_made": null,
        "parking": null,
        "healthcare": null,
        "note": null,
        "operator": null,
        "waste": null,
        "parcel_pic": null,
        "diet_meat": null,
        "shelter_ty": null
      },
      "geometry": {
        "type": "Point",
        "coordinates": [
          114.36513917152519,
          30.53444871150843
        ]
      }
    },
    {
      "type": "Feature",
      "properties": {
        "LAYER": "amenity - community_centre",
        "GM_TYPE": "Building",
        "barrier": null,
        "name": "武大测绘社区居委会",
        "id": 9548640000.0,
        "visible": "true",
        "version": 1,
        "changeset": 118001384,
        "timestamp": "2022-03-02T03:04:40Z",
        "user": "Excessman",
        "uid": 15207439,
        "highway": null,
        "amenity": "community_centre",
        "place": null,
        "bicycle": null,
        "foot": null,
        "motor_vehi": null,
        "tourism": null,
        "addr_city": null,
        "addr_house": null,
        "addr_postc": 0,
        "addr_stree": null,
        "atm": null,
        "brand": null,
        "brand_en": null,
        "brand_wiki": null,
        "brand_wik1": null,
        "name_en": null,
        "bus": null,
        "public_tra": null,
        "shop": null,
        "level": 0,
        "cuisine": null,
        "brand_zh": null,
        "name_zh": null,
        "takeaway": null,
        "opening_ho": null,
        "office": null,
        "railway": null,
        "leisure": null,
        "addr_distr": null,
        "addr_provi": null,
        "subway": null,
        "building": null,
        "horse": null,
        "locked": null,
        "access": null,
        "natural": null,
        "capacity": 0,
        "phone": null,
        "traffic_ca": null,
        "diet_veget": null,
        "artwork_ty": null,
        "delivery": null,
        "drive_thro": null,
        "outdoor_se": null,
        "sport": null,
        "crossing": null,
        "bench": null,
        "bin": null,
        "telecom": null,
        "historic": null,
        "man_made": null,
        "parking": null,
        "healthcare": null,
        "note": null,
        "operator": null,
        "waste": null,
        "parcel_pic": null,
        "diet_meat": null,
        "shelter_ty": null
      },
      "geometry": {
        "type": "Point",
        "coordinates": [
          114.36514656516079,
          30.53473756382904
        ]
      }
    },
    {
      "type": "Feature",
      "properties": {
        "LAYER": "historic - memorial",
        "GM_TYPE": "Landmark",
        "barrier": null,
        "name": "南极石",
        "id": 9552100000.0,
        "visible": "true",
        "version": 1,
        "changeset": 118059411,
        "timestamp": "2022-03-03T15:07:05Z",
        "user": "Wei Yuanbiao",
        "uid": 12389142,
        "highway": null,
        "amenity": null,
        "place": null,
        "bicycle": null,
        "foot": null,
        "motor_vehi": null,
        "tourism": null,
        "addr_city": null,
        "addr_house": null,
        "addr_postc": 0,
        "addr_stree": null,
        "atm": null,
        "brand": null,
        "brand_en": null,
        "brand_wiki": null,
        "brand_wik1": null,
        "name_en": null,
        "bus": null,
        "public_tra": null,
        "shop": null,
        "level": 0,
        "cuisine": null,
        "brand_zh": null,
        "name_zh": null,
        "takeaway": null,
        "opening_ho": null,
        "office": null,
        "railway": null,
        "leisure": null,
        "addr_distr": null,
        "addr_provi": null,
        "subway": null,
        "building": null,
        "horse": null,
        "locked": null,
        "access": null,
        "natural": null,
        "capacity": 0,
        "phone": null,
        "traffic_ca": null,
        "diet_veget": null,
        "artwork_ty": null,
        "delivery": null,
        "drive_thro": null,
        "outdoor_se": null,
        "sport": null,
        "crossing": null,
        "bench": null,
        "bin": null,
        "telecom": null,
        "historic": "memorial",
        "man_made": null,
        "parking": null,
        "healthcare": null,
        "note": null,
        "operator": null,
        "waste": null,
        "parcel_pic": null,
        "diet_meat": null,
        "shelter_ty": null
      },
      "geometry": {
        "type": "Point",
        "coordinates": [
          114.36809289875303,
          30.531382242849173
        ]
      }
    },
    {
      "type": "Feature",
      "properties": {
        "LAYER": "highway - bus_stop",
        "GM_TYPE": "Unknown Point Feature",
        "barrier": null,
        "name": "大循环--信息学部图书馆",
        "id": 9552100000.0,
        "visible": "true",
        "version": 2,
        "changeset": 133829447,
        "timestamp": "2023-03-18T16:18:49Z",
        "user": "hhh@@",
        "uid": 18759919,
        "highway": "bus_stop",
        "amenity": null,
        "place": null,
        "bicycle": null,
        "foot": null,
        "motor_vehi": null,
        "tourism": null,
        "addr_city": null,
        "addr_house": null,
        "addr_postc": 0,
        "addr_stree": null,
        "atm": null,
        "brand": null,
        "brand_en": null,
        "brand_wiki": null,
        "brand_wik1": null,
        "name_en": null,
        "bus": "yes",
        "public_tra": "platform",
        "shop": null,
        "level": 0,
        "cuisine": null,
        "brand_zh": null,
        "name_zh": null,
        "takeaway": null,
        "opening_ho": null,
        "office": null,
        "railway": null,
        "leisure": null,
        "addr_distr": null,
        "addr_provi": null,
        "subway": null,
        "building": null,
        "horse": null,
        "locked": null,
        "access": null,
        "natural": null,
        "capacity": 0,
        "phone": null,
        "traffic_ca": null,
        "diet_veget": null,
        "artwork_ty": null,
        "delivery": null,
        "drive_thro": null,
        "outdoor_se": null,
        "sport": null,
        "crossing": null,
        "bench": null,
        "bin": null,
        "telecom": null,
        "historic": null,
        "man_made": null,
        "parking": null,
        "healthcare": null,
        "note": null,
        "operator": null,
        "waste": null,
        "parcel_pic": null,
        "diet_meat": null,
        "shelter_ty": null
      },
      "geometry": {
        "type": "Point",
        "coordinates": [
          114.36701462384013,
          30.53555882430674
        ]
      }
    },
    {
      "type": "Feature",
      "properties": {
        "LAYER": "amenity - restaurant",
        "GM_TYPE": "Restaurant",
        "barrier": null,
        "name": "学生四食堂",
        "id": 9553920000.0,
        "visible": "true",
        "version": 1,
        "changeset": 118087225,
        "timestamp": "2022-03-04T10:28:49Z",
        "user": "Lee-whisper",
        "uid": 15220503,
        "highway": null,
        "amenity": "restaurant",
        "place": null,
        "bicycle": null,
        "foot": null,
        "motor_vehi": null,
        "tourism": null,
        "addr_city": null,
        "addr_house": null,
        "addr_postc": 0,
        "addr_stree": null,
        "atm": null,
        "brand": null,
        "brand_en": null,
        "brand_wiki": null,
        "brand_wik1": null,
        "name_en": null,
        "bus": null,
        "public_tra": null,
        "shop": null,
        "level": 0,
        "cuisine": null,
        "brand_zh": null,
        "name_zh": null,
        "takeaway": null,
        "opening_ho": "Mo-Su 06:30-19:00",
        "office": null,
        "railway": null,
        "leisure": null,
        "addr_distr": null,
        "addr_provi": null,
        "subway": null,
        "building": null,
        "horse": null,
        "locked": null,
        "access": null,
        "natural": null,
        "capacity": 0,
        "phone": null,
        "traffic_ca": null,
        "diet_veget": null,
        "artwork_ty": null,
        "delivery": null,
        "drive_thro": null,
        "outdoor_se": null,
        "sport": null,
        "crossing": null,
        "bench": null,
        "bin": null,
        "telecom": null,
        "historic": null,
        "man_made": null,
        "parking": null,
        "healthcare": null,
        "note": null,
        "operator": null,
        "waste": null,
        "parcel_pic": null,
        "diet_meat": null,
        "shelter_ty": null
      },
      "geometry": {
        "type": "Point",
        "coordinates": [
          114.36495930499501,
          30.533450166966606
        ]
      }
    },
    {
      "type": "Feature",
      "properties": {
        "LAYER": "amenity - restaurant",
        "GM_TYPE": "Restaurant",
        "barrier": null,
        "name": "信息学部清真食堂",
        "id": 9553920000.0,
        "visible": "true",
        "version": 1,
        "changeset": 118087225,
        "timestamp": "2022-03-04T10:28:49Z",
        "user": "Lee-whisper",
        "uid": 15220503,
        "highway": null,
        "amenity": "restaurant",
        "place": null,
        "bicycle": null,
        "foot": null,
        "motor_vehi": null,
        "tourism": null,
        "addr_city": null,
        "addr_house": null,
        "addr_postc": 0,
        "addr_stree": null,
        "atm": null,
        "brand": null,
        "brand_en": null,
        "brand_wiki": null,
        "brand_wik1": null,
        "name_en": null,
        "bus": null,
        "public_tra": null,
        "shop": null,
        "level": 0,
        "cuisine": null,
        "brand_zh": null,
        "name_zh": null,
        "takeaway": null,
        "opening_ho": null,
        "office": null,
        "railway": null,
        "leisure": null,
        "addr_distr": null,
        "addr_provi": null,
        "subway": null,
        "building": null,
        "horse": null,
        "locked": null,
        "access": null,
        "natural": null,
        "capacity": 0,
        "phone": null,
        "traffic_ca": null,
        "diet_veget": null,
        "artwork_ty": null,
        "delivery": null,
        "drive_thro": null,
        "outdoor_se": null,
        "sport": null,
        "crossing": null,
        "bench": null,
        "bin": null,
        "telecom": null,
        "historic": null,
        "man_made": null,
        "parking": null,
        "healthcare": null,
        "note": null,
        "operator": null,
        "waste": null,
        "parcel_pic": null,
        "diet_meat": null,
        "shelter_ty": null
      },
      "geometry": {
        "type": "Point",
        "coordinates": [
          114.365008126922,
          30.533347902578193
        ]
      }
    },
    {
      "type": "Feature",
      "properties": {
        "LAYER": "amenity - restaurant",
        "GM_TYPE": "Restaurant",
        "barrier": null,
        "name": "珞珈川味面馆",
        "id": 9553920000.0,
        "visible": "true",
        "version": 1,
        "changeset": 118087225,
        "timestamp": "2022-03-04T10:28:49Z",
        "user": "Lee-whisper",
        "uid": 15220503,
        "highway": null,
        "amenity": "restaurant",
        "place": null,
        "bicycle": null,
        "foot": null,
        "motor_vehi": null,
        "tourism": null,
        "addr_city": null,
        "addr_house": null,
        "addr_postc": 0,
        "addr_stree": null,
        "atm": null,
        "brand": null,
        "brand_en": null,
        "brand_wiki": null,
        "brand_wik1": null,
        "name_en": null,
        "bus": null,
        "public_tra": null,
        "shop": null,
        "level": 0,
        "cuisine": null,
        "brand_zh": null,
        "name_zh": null,
        "takeaway": null,
        "opening_ho": null,
        "office": null,
        "railway": null,
        "leisure": null,
        "addr_distr": null,
        "addr_provi": null,
        "subway": null,
        "building": null,
        "horse": null,
        "locked": null,
        "access": null,
        "natural": null,
        "capacity": 0,
        "phone": null,
        "traffic_ca": null,
        "diet_veget": null,
        "artwork_ty": null,
        "delivery": null,
        "drive_thro": null,
        "outdoor_se": null,
        "sport": null,
        "crossing": null,
        "bench": null,
        "bin": null,
        "telecom": null,
        "historic": null,
        "man_made": null,
        "parking": null,
        "healthcare": null,
        "note": null,
        "operator": null,
        "waste": null,
        "parcel_pic": null,
        "diet_meat": null,
        "shelter_ty": null
      },
      "geometry": {
        "type": "Point",
        "coordinates": [
          114.36576606717375,
          30.534870368608733
        ]
      }
    },
    {
      "type": "Feature",
      "properties": {
        "LAYER": "man_made - pumping_station",
        "GM_TYPE": "Unknown Point Feature",
        "barrier": null,
        "name": null,
        "id": 9554370000.0,
        "visible": "true",
        "version": 1,
        "changeset": 118097360,
        "timestamp": "2022-03-04T15:24:30Z",
        "user": "Lee-whisper",
        "uid": 15220503,
        "highway": null,
        "amenity": null,
        "place": null,
        "bicycle": null,
        "foot": null,
        "motor_vehi": null,
        "tourism": null,
        "addr_city": null,
        "addr_house": null,
        "addr_postc": 0,
        "addr_stree": null,
        "atm": null,
        "brand": null,
        "brand_en": null,
        "brand_wiki": null,
        "brand_wik1": null,
        "name_en": null,
        "bus": null,
        "public_tra": null,
        "shop": null,
        "level": 0,
        "cuisine": null,
        "brand_zh": null,
        "name_zh": null,
        "takeaway": null,
        "opening_ho": null,
        "office": null,
        "railway": null,
        "leisure": null,
        "addr_distr": null,
        "addr_provi": null,
        "subway": null,
        "building": null,
        "horse": null,
        "locked": null,
        "access": null,
        "natural": null,
        "capacity": 0,
        "phone": null,
        "traffic_ca": null,
        "diet_veget": null,
        "artwork_ty": null,
        "delivery": null,
        "drive_thro": null,
        "outdoor_se": null,
        "sport": null,
        "crossing": null,
        "bench": null,
        "bin": null,
        "telecom": null,
        "historic": null,
        "man_made": "pumping_station",
        "parking": null,
        "healthcare": null,
        "note": null,
        "operator": null,
        "waste": null,
        "parcel_pic": null,
        "diet_meat": null,
        "shelter_ty": null
      },
      "geometry": {
        "type": "Point",
        "coordinates": [
          114.36560088909485,
          30.532605122794667
        ]
      }
    },
    {
      "type": "Feature",
      "properties": {
        "LAYER": "man_made - pumping_station",
        "GM_TYPE": "Unknown Point Feature",
        "barrier": null,
        "name": null,
        "id": 9554370000.0,
        "visible": "true",
        "version": 1,
        "changeset": 118097360,
        "timestamp": "2022-03-04T15:24:30Z",
        "user": "Lee-whisper",
        "uid": 15220503,
        "highway": null,
        "amenity": null,
        "place": null,
        "bicycle": null,
        "foot": null,
        "motor_vehi": null,
        "tourism": null,
        "addr_city": null,
        "addr_house": null,
        "addr_postc": 0,
        "addr_stree": null,
        "atm": null,
        "brand": null,
        "brand_en": null,
        "brand_wiki": null,
        "brand_wik1": null,
        "name_en": null,
        "bus": null,
        "public_tra": null,
        "shop": null,
        "level": 0,
        "cuisine": null,
        "brand_zh": null,
        "name_zh": null,
        "takeaway": null,
        "opening_ho": null,
        "office": null,
        "railway": null,
        "leisure": null,
        "addr_distr": null,
        "addr_provi": null,
        "subway": null,
        "building": null,
        "horse": null,
        "locked": null,
        "access": null,
        "natural": null,
        "capacity": 0,
        "phone": null,
        "traffic_ca": null,
        "diet_veget": null,
        "artwork_ty": null,
        "delivery": null,
        "drive_thro": null,
        "outdoor_se": null,
        "sport": null,
        "crossing": null,
        "bench": null,
        "bin": null,
        "telecom": null,
        "historic": null,
        "man_made": "pumping_station",
        "parking": null,
        "healthcare": null,
        "note": null,
        "operator": null,
        "waste": null,
        "parcel_pic": null,
        "diet_meat": null,
        "shelter_ty": null
      },
      "geometry": {
        "type": "Point",
        "coordinates": [
          114.3641344551664,
          30.53271104066636
        ]
      }
    },
    {
      "type": "Feature",
      "properties": {
        "LAYER": "amenity - shelter",
        "GM_TYPE": "Building",
        "barrier": null,
        "name": "碧华轩",
        "id": 9554500000.0,
        "visible": "true",
        "version": 1,
        "changeset": 118099318,
        "timestamp": "2022-03-04T16:15:40Z",
        "user": "Lee-whisper",
        "uid": 15220503,
        "highway": null,
        "amenity": "shelter",
        "place": null,
        "bicycle": null,
        "foot": null,
        "motor_vehi": null,
        "tourism": null,
        "addr_city": null,
        "addr_house": null,
        "addr_postc": 0,
        "addr_stree": null,
        "atm": null,
        "brand": null,
        "brand_en": null,
        "brand_wiki": null,
        "brand_wik1": null,
        "name_en": null,
        "bus": null,
        "public_tra": null,
        "shop": null,
        "level": 0,
        "cuisine": null,
        "brand_zh": null,
        "name_zh": null,
        "takeaway": null,
        "opening_ho": null,
        "office": null,
        "railway": null,
        "leisure": null,
        "addr_distr": null,
        "addr_provi": null,
        "subway": null,
        "building": null,
        "horse": null,
        "locked": null,
        "access": null,
        "natural": null,
        "capacity": 0,
        "phone": null,
        "traffic_ca": null,
        "diet_veget": null,
        "artwork_ty": null,
        "delivery": null,
        "drive_thro": null,
        "outdoor_se": null,
        "sport": null,
        "crossing": null,
        "bench": null,
        "bin": null,
        "telecom": null,
        "historic": null,
        "man_made": null,
        "parking": null,
        "healthcare": null,
        "note": null,
        "operator": null,
        "waste": null,
        "parcel_pic": null,
        "diet_meat": null,
        "shelter_ty": null
      },
      "geometry": {
        "type": "Point",
        "coordinates": [
          114.3655560499428,
          30.533454914162867
        ]
      }
    },
    {
      "type": "Feature",
      "properties": {
        "LAYER": "historic - memorial",
        "GM_TYPE": "Landmark",
        "barrier": null,
        "name": "竹园",
        "id": 9554500000.0,
        "visible": "true",
        "version": 1,
        "changeset": 118099318,
        "timestamp": "2022-03-04T16:15:40Z",
        "user": "Lee-whisper",
        "uid": 15220503,
        "highway": null,
        "amenity": null,
        "place": null,
        "bicycle": null,
        "foot": null,
        "motor_vehi": null,
        "tourism": null,
        "addr_city": null,
        "addr_house": null,
        "addr_postc": 0,
        "addr_stree": null,
        "atm": null,
        "brand": null,
        "brand_en": null,
        "brand_wiki": null,
        "brand_wik1": null,
        "name_en": null,
        "bus": null,
        "public_tra": null,
        "shop": null,
        "level": 0,
        "cuisine": null,
        "brand_zh": null,
        "name_zh": null,
        "takeaway": null,
        "opening_ho": null,
        "office": null,
        "railway": null,
        "leisure": null,
        "addr_distr": null,
        "addr_provi": null,
        "subway": null,
        "building": null,
        "horse": null,
        "locked": null,
        "access": null,
        "natural": null,
        "capacity": 0,
        "phone": null,
        "traffic_ca": null,
        "diet_veget": null,
        "artwork_ty": null,
        "delivery": null,
        "drive_thro": null,
        "outdoor_se": null,
        "sport": null,
        "crossing": null,
        "bench": null,
        "bin": null,
        "telecom": null,
        "historic": "memorial",
        "man_made": null,
        "parking": null,
        "healthcare": null,
        "note": null,
        "operator": null,
        "waste": null,
        "parcel_pic": null,
        "diet_meat": null,
        "shelter_ty": null
      },
      "geometry": {
        "type": "Point",
        "coordinates": [
          114.3657421290086,
          30.533226431077914
        ]
      }
    },
    {
      "type": "Feature",
      "properties": {
        "LAYER": "Unknown Point Feature",
        "GM_TYPE": "Unknown Point Feature",
        "barrier": "gate",
        "name": null,
        "id": 9555360000.0,
        "visible": "true",
        "version": 1,
        "changeset": 118113040,
        "timestamp": "2022-03-05T02:58:58Z",
        "user": "Lee-whisper",
        "uid": 15220503,
        "highway": null,
        "amenity": null,
        "place": null,
        "bicycle": null,
        "foot": "yes",
        "motor_vehi": null,
        "tourism": null,
        "addr_city": null,
        "addr_house": null,
        "addr_postc": 0,
        "addr_stree": null,
        "atm": null,
        "brand": null,
        "brand_en": null,
        "brand_wiki": null,
        "brand_wik1": null,
        "name_en": null,
        "bus": null,
        "public_tra": null,
        "shop": null,
        "level": 0,
        "cuisine": null,
        "brand_zh": null,
        "name_zh": null,
        "takeaway": null,
        "opening_ho": null,
        "office": null,
        "railway": null,
        "leisure": null,
        "addr_distr": null,
        "addr_provi": null,
        "subway": null,
        "building": null,
        "horse": null,
        "locked": null,
        "access": "no",
        "natural": null,
        "capacity": 0,
        "phone": null,
        "traffic_ca": null,
        "diet_veget": null,
        "artwork_ty": null,
        "delivery": null,
        "drive_thro": null,
        "outdoor_se": null,
        "sport": null,
        "crossing": null,
        "bench": null,
        "bin": null,
        "telecom": null,
        "historic": null,
        "man_made": null,
        "parking": null,
        "healthcare": null,
        "note": null,
        "operator": null,
        "waste": null,
        "parcel_pic": null,
        "diet_meat": null,
        "shelter_ty": null
      },
      "geometry": {
        "type": "Point",
        "coordinates": [
          114.36673103829457,
          30.538018409536306
        ]
      }
    },
    {
      "type": "Feature",
      "properties": {
        "LAYER": "amenity - parking",
        "GM_TYPE": "Unknown Point Feature",
        "barrier": null,
        "name": null,
        "id": 9555520000.0,
        "visible": "true",
        "version": 1,
        "changeset": 118115821,
        "timestamp": "2022-03-05T07:06:15Z",
        "user": "宋你一个小丸子",
        "uid": 15234607,
        "highway": null,
        "amenity": "parking",
        "place": null,
        "bicycle": null,
        "foot": null,
        "motor_vehi": null,
        "tourism": null,
        "addr_city": null,
        "addr_house": null,
        "addr_postc": 0,
        "addr_stree": null,
        "atm": null,
        "brand": null,
        "brand_en": null,
        "brand_wiki": null,
        "brand_wik1": null,
        "name_en": null,
        "bus": null,
        "public_tra": null,
        "shop": null,
        "level": 0,
        "cuisine": null,
        "brand_zh": null,
        "name_zh": null,
        "takeaway": null,
        "opening_ho": null,
        "office": null,
        "railway": null,
        "leisure": null,
        "addr_distr": null,
        "addr_provi": null,
        "subway": null,
        "building": null,
        "horse": null,
        "locked": null,
        "access": null,
        "natural": null,
        "capacity": 0,
        "phone": null,
        "traffic_ca": null,
        "diet_veget": null,
        "artwork_ty": null,
        "delivery": null,
        "drive_thro": null,
        "outdoor_se": null,
        "sport": null,
        "crossing": null,
        "bench": null,
        "bin": null,
        "telecom": null,
        "historic": null,
        "man_made": null,
        "parking": "surface",
        "healthcare": null,
        "note": null,
        "operator": null,
        "waste": null,
        "parcel_pic": null,
        "diet_meat": null,
        "shelter_ty": null
      },
      "geometry": {
        "type": "Point",
        "coordinates": [
          114.36765796244184,
          30.532463872761017
        ]
      }
    },
    {
      "type": "Feature",
      "properties": {
        "LAYER": "amenity - bank",
        "GM_TYPE": "Bank",
        "barrier": null,
        "name": "水卡办理处",
        "id": 9555900000.0,
        "visible": "true",
        "version": 1,
        "changeset": 118123123,
        "timestamp": "2022-03-05T11:41:00Z",
        "user": "红心柚柚子",
        "uid": 15194206,
        "highway": null,
        "amenity": "bank",
        "place": null,
        "bicycle": null,
        "foot": null,
        "motor_vehi": null,
        "tourism": null,
        "addr_city": null,
        "addr_house": null,
        "addr_postc": 0,
        "addr_stree": null,
        "atm": null,
        "brand": null,
        "brand_en": null,
        "brand_wiki": null,
        "brand_wik1": null,
        "name_en": null,
        "bus": null,
        "public_tra": null,
        "shop": null,
        "level": 0,
        "cuisine": null,
        "brand_zh": null,
        "name_zh": null,
        "takeaway": null,
        "opening_ho": null,
        "office": null,
        "railway": null,
        "leisure": null,
        "addr_distr": null,
        "addr_provi": null,
        "subway": null,
        "building": null,
        "horse": null,
        "locked": null,
        "access": null,
        "natural": null,
        "capacity": 0,
        "phone": null,
        "traffic_ca": null,
        "diet_veget": null,
        "artwork_ty": null,
        "delivery": null,
        "drive_thro": null,
        "outdoor_se": null,
        "sport": null,
        "crossing": null,
        "bench": null,
        "bin": null,
        "telecom": null,
        "historic": null,
        "man_made": null,
        "parking": null,
        "healthcare": null,
        "note": null,
        "operator": null,
        "waste": null,
        "parcel_pic": null,
        "diet_meat": null,
        "shelter_ty": null
      },
      "geometry": {
        "type": "Point",
        "coordinates": [
          114.36481443700609,
          30.53417929859511
        ]
      }
    },
    {
      "type": "Feature",
      "properties": {
        "LAYER": "shop - supermarket",
        "GM_TYPE": "Shopping",
        "barrier": null,
        "name": "伊达图文快印",
        "id": 9555900000.0,
        "visible": "true",
        "version": 1,
        "changeset": 118123123,
        "timestamp": "2022-03-05T11:41:00Z",
        "user": "红心柚柚子",
        "uid": 15194206,
        "highway": null,
        "amenity": null,
        "place": null,
        "bicycle": null,
        "foot": null,
        "motor_vehi": null,
        "tourism": null,
        "addr_city": null,
        "addr_house": null,
        "addr_postc": 0,
        "addr_stree": null,
        "atm": null,
        "brand": null,
        "brand_en": null,
        "brand_wiki": null,
        "brand_wik1": null,
        "name_en": null,
        "bus": null,
        "public_tra": null,
        "shop": "supermarket",
        "level": 0,
        "cuisine": null,
        "brand_zh": null,
        "name_zh": null,
        "takeaway": null,
        "opening_ho": null,
        "office": null,
        "railway": null,
        "leisure": null,
        "addr_distr": null,
        "addr_provi": null,
        "subway": null,
        "building": null,
        "horse": null,
        "locked": null,
        "access": null,
        "natural": null,
        "capacity": 0,
        "phone": null,
        "traffic_ca": null,
        "diet_veget": null,
        "artwork_ty": null,
        "delivery": null,
        "drive_thro": null,
        "outdoor_se": null,
        "sport": null,
        "crossing": null,
        "bench": null,
        "bin": null,
        "telecom": null,
        "historic": null,
        "man_made": null,
        "parking": null,
        "healthcare": null,
        "note": null,
        "operator": null,
        "waste": null,
        "parcel_pic": null,
        "diet_meat": null,
        "shelter_ty": null
      },
      "geometry": {
        "type": "Point",
        "coordinates": [
          114.36650888327077,
          30.536601261152196
        ]
      }
    },
    {
      "type": "Feature",
      "properties": {
        "LAYER": "shop - supermarket",
        "GM_TYPE": "Shopping",
        "barrier": null,
        "name": "水果店",
        "id": 9555900000.0,
        "visible": "true",
        "version": 1,
        "changeset": 118123123,
        "timestamp": "2022-03-05T11:41:00Z",
        "user": "红心柚柚子",
        "uid": 15194206,
        "highway": null,
        "amenity": null,
        "place": null,
        "bicycle": null,
        "foot": null,
        "motor_vehi": null,
        "tourism": null,
        "addr_city": null,
        "addr_house": null,
        "addr_postc": 0,
        "addr_stree": null,
        "atm": null,
        "brand": null,
        "brand_en": null,
        "brand_wiki": null,
        "brand_wik1": null,
        "name_en": null,
        "bus": null,
        "public_tra": null,
        "shop": "supermarket",
        "level": 0,
        "cuisine": null,
        "brand_zh": null,
        "name_zh": null,
        "takeaway": null,
        "opening_ho": null,
        "office": null,
        "railway": null,
        "leisure": null,
        "addr_distr": null,
        "addr_provi": null,
        "subway": null,
        "building": null,
        "horse": null,
        "locked": null,
        "access": null,
        "natural": null,
        "capacity": 0,
        "phone": null,
        "traffic_ca": null,
        "diet_veget": null,
        "artwork_ty": null,
        "delivery": null,
        "drive_thro": null,
        "outdoor_se": null,
        "sport": null,
        "crossing": null,
        "bench": null,
        "bin": null,
        "telecom": null,
        "historic": null,
        "man_made": null,
        "parking": null,
        "healthcare": null,
        "note": null,
        "operator": null,
        "waste": null,
        "parcel_pic": null,
        "diet_meat": null,
        "shelter_ty": null
      },
      "geometry": {
        "type": "Point",
        "coordinates": [
          114.36654639012117,
          30.536906547068646
        ]
      }
    },
    {
      "type": "Feature",
      "properties": {
        "LAYER": "amenity - restaurant",
        "GM_TYPE": "Restaurant",
        "barrier": null,
        "name": "五洲餐厅",
        "id": 9555900000.0,
        "visible": "true",
        "version": 1,
        "changeset": 118123123,
        "timestamp": "2022-03-05T11:41:00Z",
        "user": "红心柚柚子",
        "uid": 15194206,
        "highway": null,
        "amenity": "restaurant",
        "place": null,
        "bicycle": null,
        "foot": null,
        "motor_vehi": null,
        "tourism": null,
        "addr_city": null,
        "addr_house": null,
        "addr_postc": 0,
        "addr_stree": null,
        "atm": null,
        "brand": null,
        "brand_en": null,
        "brand_wiki": null,
        "brand_wik1": null,
        "name_en": null,
        "bus": null,
        "public_tra": null,
        "shop": null,
        "level": 0,
        "cuisine": null,
        "brand_zh": null,
        "name_zh": null,
        "takeaway": null,
        "opening_ho": null,
        "office": null,
        "railway": null,
        "leisure": null,
        "addr_distr": null,
        "addr_provi": null,
        "subway": null,
        "building": null,
        "horse": null,
        "locked": null,
        "access": null,
        "natural": null,
        "capacity": 0,
        "phone": null,
        "traffic_ca": null,
        "diet_veget": null,
        "artwork_ty": null,
        "delivery": null,
        "drive_thro": null,
        "outdoor_se": null,
        "sport": null,
        "crossing": null,
        "bench": null,
        "bin": null,
        "telecom": null,
        "historic": null,
        "man_made": null,
        "parking": null,
        "healthcare": null,
        "note": null,
        "operator": null,
        "waste": null,
        "parcel_pic": null,
        "diet_meat": null,
        "shelter_ty": null
      },
      "geometry": {
        "type": "Point",
        "coordinates": [
          114.36457181248265,
          30.536651251787543
        ]
      }
    },
    {
      "type": "Feature",
      "properties": {
        "LAYER": "shop - supermarket",
        "GM_TYPE": "Shopping",
        "barrier": null,
        "name": "珞俐便民店",
        "id": 9555900000.0,
        "visible": "true",
        "version": 1,
        "changeset": 118123123,
        "timestamp": "2022-03-05T11:41:00Z",
        "user": "红心柚柚子",
        "uid": 15194206,
        "highway": null,
        "amenity": null,
        "place": null,
        "bicycle": null,
        "foot": null,
        "motor_vehi": null,
        "tourism": null,
        "addr_city": null,
        "addr_house": null,
        "addr_postc": 0,
        "addr_stree": null,
        "atm": null,
        "brand": null,
        "brand_en": null,
        "brand_wiki": null,
        "brand_wik1": null,
        "name_en": null,
        "bus": null,
        "public_tra": null,
        "shop": "supermarket",
        "level": 0,
        "cuisine": null,
        "brand_zh": null,
        "name_zh": null,
        "takeaway": null,
        "opening_ho": null,
        "office": null,
        "railway": null,
        "leisure": null,
        "addr_distr": null,
        "addr_provi": null,
        "subway": null,
        "building": null,
        "horse": null,
        "locked": null,
        "access": null,
        "natural": null,
        "capacity": 0,
        "phone": null,
        "traffic_ca": null,
        "diet_veget": null,
        "artwork_ty": null,
        "delivery": null,
        "drive_thro": null,
        "outdoor_se": null,
        "sport": null,
        "crossing": null,
        "bench": null,
        "bin": null,
        "telecom": null,
        "historic": null,
        "man_made": null,
        "parking": null,
        "healthcare": null,
        "note": null,
        "operator": null,
        "waste": null,
        "parcel_pic": null,
        "diet_meat": null,
        "shelter_ty": null
      },
      "geometry": {
        "type": "Point",
        "coordinates": [
          114.36563988256931,
          30.537823257972224
        ]
      }
    },
    {
      "type": "Feature",
      "properties": {
        "LAYER": "shop",
        "GM_TYPE": "Shopping",
        "barrier": null,
        "name": "木亿设计",
        "id": 9555950000.0,
        "visible": "true",
        "version": 1,
        "changeset": 118124653,
        "timestamp": "2022-03-05T12:33:48Z",
        "user": "Wenifred",
        "uid": 15235882,
        "highway": null,
        "amenity": null,
        "place": null,
        "bicycle": null,
        "foot": null,
        "motor_vehi": null,
        "tourism": null,
        "addr_city": null,
        "addr_house": null,
        "addr_postc": 0,
        "addr_stree": null,
        "atm": null,
        "brand": null,
        "brand_en": null,
        "brand_wiki": null,
        "brand_wik1": null,
        "name_en": null,
        "bus": null,
        "public_tra": null,
        "shop": "yes",
        "level": 0,
        "cuisine": null,
        "brand_zh": null,
        "name_zh": null,
        "takeaway": null,
        "opening_ho": null,
        "office": null,
        "railway": null,
        "leisure": null,
        "addr_distr": null,
        "addr_provi": null,
        "subway": null,
        "building": null,
        "horse": null,
        "locked": null,
        "access": null,
        "natural": null,
        "capacity": 0,
        "phone": null,
        "traffic_ca": null,
        "diet_veget": null,
        "artwork_ty": null,
        "delivery": null,
        "drive_thro": null,
        "outdoor_se": null,
        "sport": null,
        "crossing": null,
        "bench": null,
        "bin": null,
        "telecom": null,
        "historic": null,
        "man_made": null,
        "parking": null,
        "healthcare": null,
        "note": null,
        "operator": null,
        "waste": null,
        "parcel_pic": null,
        "diet_meat": null,
        "shelter_ty": null
      },
      "geometry": {
        "type": "Point",
        "coordinates": [
          114.36623665315548,
          30.536305174198144
        ]
      }
    },
    {
      "type": "Feature",
      "properties": {
        "LAYER": "shop - books",
        "GM_TYPE": "Shopping",
        "barrier": null,
        "name": "读者服务部",
        "id": 9555980000.0,
        "visible": "true",
        "version": 1,
        "changeset": 118125933,
        "timestamp": "2022-03-05T13:13:33Z",
        "user": "zhangjiamin",
        "uid": 15213281,
        "highway": null,
        "amenity": null,
        "place": null,
        "bicycle": null,
        "foot": null,
        "motor_vehi": null,
        "tourism": null,
        "addr_city": null,
        "addr_house": null,
        "addr_postc": 0,
        "addr_stree": null,
        "atm": null,
        "brand": null,
        "brand_en": null,
        "brand_wiki": null,
        "brand_wik1": null,
        "name_en": null,
        "bus": null,
        "public_tra": null,
        "shop": "books",
        "level": 0,
        "cuisine": null,
        "brand_zh": null,
        "name_zh": null,
        "takeaway": null,
        "opening_ho": null,
        "office": null,
        "railway": null,
        "leisure": null,
        "addr_distr": null,
        "addr_provi": null,
        "subway": null,
        "building": null,
        "horse": null,
        "locked": null,
        "access": null,
        "natural": null,
        "capacity": 0,
        "phone": null,
        "traffic_ca": null,
        "diet_veget": null,
        "artwork_ty": null,
        "delivery": null,
        "drive_thro": null,
        "outdoor_se": null,
        "sport": null,
        "crossing": null,
        "bench": null,
        "bin": null,
        "telecom": null,
        "historic": null,
        "man_made": null,
        "parking": null,
        "healthcare": null,
        "note": null,
        "operator": null,
        "waste": null,
        "parcel_pic": null,
        "diet_meat": null,
        "shelter_ty": null
      },
      "geometry": {
        "type": "Point",
        "coordinates": [
          114.3651207134971,
          30.534365149214853
        ]
      }
    },
    {
      "type": "Feature",
      "properties": {
        "LAYER": "amenity - hospital",
        "GM_TYPE": "Hospital",
        "barrier": null,
        "name": "武汉大学医院信息学部分院",
        "id": 9555980000.0,
        "visible": "true",
        "version": 1,
        "changeset": 118125933,
        "timestamp": "2022-03-05T13:13:33Z",
        "user": "zhangjiamin",
        "uid": 15213281,
        "highway": null,
        "amenity": "hospital",
        "place": null,
        "bicycle": null,
        "foot": null,
        "motor_vehi": null,
        "tourism": null,
        "addr_city": null,
        "addr_house": null,
        "addr_postc": 0,
        "addr_stree": null,
        "atm": null,
        "brand": null,
        "brand_en": null,
        "brand_wiki": null,
        "brand_wik1": null,
        "name_en": null,
        "bus": null,
        "public_tra": null,
        "shop": null,
        "level": 0,
        "cuisine": null,
        "brand_zh": null,
        "name_zh": null,
        "takeaway": null,
        "opening_ho": null,
        "office": null,
        "railway": null,
        "leisure": null,
        "addr_distr": null,
        "addr_provi": null,
        "subway": null,
        "building": null,
        "horse": null,
        "locked": null,
        "access": null,
        "natural": null,
        "capacity": 0,
        "phone": null,
        "traffic_ca": null,
        "diet_veget": null,
        "artwork_ty": null,
        "delivery": null,
        "drive_thro": null,
        "outdoor_se": null,
        "sport": null,
        "crossing": null,
        "bench": null,
        "bin": null,
        "telecom": null,
        "historic": null,
        "man_made": null,
        "parking": null,
        "healthcare": "hospital",
        "note": null,
        "operator": null,
        "waste": null,
        "parcel_pic": null,
        "diet_meat": null,
        "shelter_ty": null
      },
      "geometry": {
        "type": "Point",
        "coordinates": [
          114.36413381820911,
          30.53538503932774
        ]
      }
    },
    {
      "type": "Feature",
      "properties": {
        "LAYER": "shop - copyshop",
        "GM_TYPE": "Shopping",
        "barrier": null,
        "name": "印刷店",
        "id": 9555980000.0,
        "visible": "true",
        "version": 1,
        "changeset": 118125933,
        "timestamp": "2022-03-05T13:13:33Z",
        "user": "zhangjiamin",
        "uid": 15213281,
        "highway": null,
        "amenity": null,
        "place": null,
        "bicycle": null,
        "foot": null,
        "motor_vehi": null,
        "tourism": null,
        "addr_city": null,
        "addr_house": null,
        "addr_postc": 0,
        "addr_stree": null,
        "atm": null,
        "brand": null,
        "brand_en": null,
        "brand_wiki": null,
        "brand_wik1": null,
        "name_en": null,
        "bus": null,
        "public_tra": null,
        "shop": "copyshop",
        "level": 0,
        "cuisine": null,
        "brand_zh": null,
        "name_zh": null,
        "takeaway": null,
        "opening_ho": null,
        "office": null,
        "railway": null,
        "leisure": null,
        "addr_distr": null,
        "addr_provi": null,
        "subway": null,
        "building": null,
        "horse": null,
        "locked": null,
        "access": null,
        "natural": null,
        "capacity": 0,
        "phone": null,
        "traffic_ca": null,
        "diet_veget": null,
        "artwork_ty": null,
        "delivery": null,
        "drive_thro": null,
        "outdoor_se": null,
        "sport": null,
        "crossing": null,
        "bench": null,
        "bin": null,
        "telecom": null,
        "historic": null,
        "man_made": null,
        "parking": null,
        "healthcare": null,
        "note": null,
        "operator": null,
        "waste": null,
        "parcel_pic": null,
        "diet_meat": null,
        "shelter_ty": null
      },
      "geometry": {
        "type": "Point",
        "coordinates": [
          114.36424640122006,
          30.534333852853603
        ]
      }
    },
    {
      "type": "Feature",
      "properties": {
        "LAYER": "shop - stationery",
        "GM_TYPE": "Shopping",
        "barrier": null,
        "name": "晨光文具",
        "id": 9555980000.0,
        "visible": "true",
        "version": 1,
        "changeset": 118125933,
        "timestamp": "2022-03-05T13:13:33Z",
        "user": "zhangjiamin",
        "uid": 15213281,
        "highway": null,
        "amenity": null,
        "place": null,
        "bicycle": null,
        "foot": null,
        "motor_vehi": null,
        "tourism": null,
        "addr_city": null,
        "addr_house": null,
        "addr_postc": 0,
        "addr_stree": null,
        "atm": null,
        "brand": null,
        "brand_en": null,
        "brand_wiki": null,
        "brand_wik1": null,
        "name_en": null,
        "bus": null,
        "public_tra": null,
        "shop": "stationery",
        "level": 0,
        "cuisine": null,
        "brand_zh": null,
        "name_zh": null,
        "takeaway": null,
        "opening_ho": null,
        "office": null,
        "railway": null,
        "leisure": null,
        "addr_distr": null,
        "addr_provi": null,
        "subway": null,
        "building": null,
        "horse": null,
        "locked": null,
        "access": null,
        "natural": null,
        "capacity": 0,
        "phone": null,
        "traffic_ca": null,
        "diet_veget": null,
        "artwork_ty": null,
        "delivery": null,
        "drive_thro": null,
        "outdoor_se": null,
        "sport": null,
        "crossing": null,
        "bench": null,
        "bin": null,
        "telecom": null,
        "historic": null,
        "man_made": null,
        "parking": null,
        "healthcare": null,
        "note": null,
        "operator": null,
        "waste": null,
        "parcel_pic": null,
        "diet_meat": null,
        "shelter_ty": null
      },
      "geometry": {
        "type": "Point",
        "coordinates": [
          114.364244519851,
          30.53457757249881
        ]
      }
    },
    {
      "type": "Feature",
      "properties": {
        "LAYER": "amenity - waste_disposal",
        "GM_TYPE": "Unknown Point Feature",
        "barrier": null,
        "name": null,
        "id": 9555980000.0,
        "visible": "true",
        "version": 1,
        "changeset": 118125236,
        "timestamp": "2022-03-05T12:51:03Z",
        "user": "zhangshihao",
        "uid": 15193411,
        "highway": null,
        "amenity": "waste_disposal",
        "place": null,
        "bicycle": null,
        "foot": null,
        "motor_vehi": null,
        "tourism": null,
        "addr_city": null,
        "addr_house": null,
        "addr_postc": 0,
        "addr_stree": null,
        "atm": null,
        "brand": null,
        "brand_en": null,
        "brand_wiki": null,
        "brand_wik1": null,
        "name_en": null,
        "bus": null,
        "public_tra": null,
        "shop": null,
        "level": 0,
        "cuisine": null,
        "brand_zh": null,
        "name_zh": null,
        "takeaway": null,
        "opening_ho": null,
        "office": null,
        "railway": null,
        "leisure": null,
        "addr_distr": null,
        "addr_provi": null,
        "subway": null,
        "building": null,
        "horse": null,
        "locked": null,
        "access": "yes",
        "natural": null,
        "capacity": 0,
        "phone": null,
        "traffic_ca": null,
        "diet_veget": null,
        "artwork_ty": null,
        "delivery": null,
        "drive_thro": null,
        "outdoor_se": null,
        "sport": null,
        "crossing": null,
        "bench": null,
        "bin": null,
        "telecom": null,
        "historic": null,
        "man_made": null,
        "parking": null,
        "healthcare": null,
        "note": "用于储存垃圾，起到中转站的作用",
        "operator": "保卫处",
        "waste": "mixed",
        "parcel_pic": null,
        "diet_meat": null,
        "shelter_ty": null
      },
      "geometry": {
        "type": "Point",
        "coordinates": [
          114.36450184936348,
          30.53304042510156
        ]
      }
    },
    {
      "type": "Feature",
      "properties": {
        "LAYER": "amenity - shelter",
        "GM_TYPE": "Building",
        "barrier": null,
        "name": "流芳廊",
        "id": 9556030000.0,
        "visible": "true",
        "version": 1,
        "changeset": 118126208,
        "timestamp": "2022-03-05T13:23:21Z",
        "user": "zhangshihao",
        "uid": 15193411,
        "highway": null,
        "amenity": "shelter",
        "place": null,
        "bicycle": null,
        "foot": null,
        "motor_vehi": null,
        "tourism": null,
        "addr_city": null,
        "addr_house": null,
        "addr_postc": 0,
        "addr_stree": null,
        "atm": null,
        "brand": null,
        "brand_en": null,
        "brand_wiki": null,
        "brand_wik1": null,
        "name_en": null,
        "bus": null,
        "public_tra": null,
        "shop": null,
        "level": 0,
        "cuisine": null,
        "brand_zh": null,
        "name_zh": null,
        "takeaway": null,
        "opening_ho": null,
        "office": null,
        "railway": null,
        "leisure": null,
        "addr_distr": null,
        "addr_provi": null,
        "subway": null,
        "building": null,
        "horse": null,
        "locked": null,
        "access": null,
        "natural": null,
        "capacity": 0,
        "phone": null,
        "traffic_ca": null,
        "diet_veget": null,
        "artwork_ty": null,
        "delivery": null,
        "drive_thro": null,
        "outdoor_se": null,
        "sport": null,
        "crossing": null,
        "bench": null,
        "bin": null,
        "telecom": null,
        "historic": null,
        "man_made": null,
        "parking": null,
        "healthcare": null,
        "note": null,
        "operator": null,
        "waste": null,
        "parcel_pic": null,
        "diet_meat": null,
        "shelter_ty": null
      },
      "geometry": {
        "type": "Point",
        "coordinates": [
          114.3659362889149,
          30.53333627131993
        ]
      }
    },
    {
      "type": "Feature",
      "properties": {
        "LAYER": "amenity - college",
        "GM_TYPE": "School",
        "barrier": null,
        "name": "武汉法语联盟",
        "id": 9557590000.0,
        "visible": "true",
        "version": 1,
        "changeset": 118155567,
        "timestamp": "2022-03-06T11:53:15Z",
        "user": "离去的小猪",
        "uid": 15225782,
        "highway": null,
        "amenity": "college",
        "place": null,
        "bicycle": null,
        "foot": null,
        "motor_vehi": null,
        "tourism": null,
        "addr_city": null,
        "addr_house": null,
        "addr_postc": 0,
        "addr_stree": null,
        "atm": null,
        "brand": null,
        "brand_en": null,
        "brand_wiki": null,
        "brand_wik1": null,
        "name_en": null,
        "bus": null,
        "public_tra": null,
        "shop": null,
        "level": 0,
        "cuisine": null,
        "brand_zh": null,
        "name_zh": null,
        "takeaway": null,
        "opening_ho": null,
        "office": null,
        "railway": null,
        "leisure": null,
        "addr_distr": null,
        "addr_provi": null,
        "subway": null,
        "building": null,
        "horse": null,
        "locked": null,
        "access": null,
        "natural": null,
        "capacity": 0,
        "phone": null,
        "traffic_ca": null,
        "diet_veget": null,
        "artwork_ty": null,
        "delivery": null,
        "drive_thro": null,
        "outdoor_se": null,
        "sport": null,
        "crossing": null,
        "bench": null,
        "bin": null,
        "telecom": null,
        "historic": null,
        "man_made": null,
        "parking": null,
        "healthcare": null,
        "note": null,
        "operator": null,
        "waste": null,
        "parcel_pic": null,
        "diet_meat": null,
        "shelter_ty": null
      },
      "geometry": {
        "type": "Point",
        "coordinates": [
          114.36425370259623,
          30.537178866772102
        ]
      }
    },
    {
      "type": "Feature",
      "properties": {
        "LAYER": "highway - bus_stop",
        "GM_TYPE": "Unknown Point Feature",
        "barrier": null,
        "name": "大循环--信息学部一教",
        "id": 9558230000.0,
        "visible": "true",
        "version": 3,
        "changeset": 133829447,
        "timestamp": "2023-03-18T16:18:49Z",
        "user": "hhh@@",
        "uid": 18759919,
        "highway": "bus_stop",
        "amenity": null,
        "place": null,
        "bicycle": null,
        "foot": null,
        "motor_vehi": null,
        "tourism": null,
        "addr_city": null,
        "addr_house": null,
        "addr_postc": 0,
        "addr_stree": null,
        "atm": null,
        "brand": null,
        "brand_en": null,
        "brand_wiki": null,
        "brand_wik1": null,
        "name_en": null,
        "bus": "yes",
        "public_tra": "platform",
        "shop": null,
        "level": 0,
        "cuisine": null,
        "brand_zh": null,
        "name_zh": null,
        "takeaway": null,
        "opening_ho": null,
        "office": null,
        "railway": null,
        "leisure": null,
        "addr_distr": null,
        "addr_provi": null,
        "subway": null,
        "building": null,
        "horse": null,
        "locked": null,
        "access": null,
        "natural": null,
        "capacity": 0,
        "phone": null,
        "traffic_ca": null,
        "diet_veget": null,
        "artwork_ty": null,
        "delivery": null,
        "drive_thro": null,
        "outdoor_se": null,
        "sport": null,
        "crossing": null,
        "bench": null,
        "bin": null,
        "telecom": null,
        "historic": null,
        "man_made": null,
        "parking": null,
        "healthcare": null,
        "note": null,
        "operator": null,
        "waste": null,
        "parcel_pic": null,
        "diet_meat": null,
        "shelter_ty": null
      },
      "geometry": {
        "type": "Point",
        "coordinates": [
          114.36704501579597,
          30.533463832438297
        ]
      }
    },
    {
      "type": "Feature",
      "properties": {
        "LAYER": "shop - supermarket",
        "GM_TYPE": "Shopping",
        "barrier": null,
        "name": "珞珈山综合商店",
        "id": 9722190000.0,
        "visible": "true",
        "version": 3,
        "changeset": 133829447,
        "timestamp": "2023-03-18T16:18:49Z",
        "user": "hhh@@",
        "uid": 18759919,
        "highway": null,
        "amenity": null,
        "place": null,
        "bicycle": null,
        "foot": null,
        "motor_vehi": null,
        "tourism": null,
        "addr_city": null,
        "addr_house": null,
        "addr_postc": 0,
        "addr_stree": null,
        "atm": null,
        "brand": null,
        "brand_en": null,
        "brand_wiki": null,
        "brand_wik1": null,
        "name_en": null,
        "bus": null,
        "public_tra": null,
        "shop": "supermarket",
        "level": 1,
        "cuisine": null,
        "brand_zh": null,
        "name_zh": null,
        "takeaway": null,
        "opening_ho": null,
        "office": null,
        "railway": null,
        "leisure": null,
        "addr_distr": null,
        "addr_provi": null,
        "subway": null,
        "building": null,
        "horse": null,
        "locked": null,
        "access": null,
        "natural": null,
        "capacity": 0,
        "phone": null,
        "traffic_ca": null,
        "diet_veget": null,
        "artwork_ty": null,
        "delivery": null,
        "drive_thro": null,
        "outdoor_se": null,
        "sport": null,
        "crossing": null,
        "bench": null,
        "bin": null,
        "telecom": null,
        "historic": null,
        "man_made": null,
        "parking": null,
        "healthcare": null,
        "note": null,
        "operator": null,
        "waste": null,
        "parcel_pic": null,
        "diet_meat": null,
        "shelter_ty": null
      },
      "geometry": {
        "type": "Point",
        "coordinates": [
          114.36585479787126,
          30.53416259003995
        ]
      }
    },
    {
      "type": "Feature",
      "properties": {
        "LAYER": "amenity - waste_basket",
        "GM_TYPE": "Building",
        "barrier": null,
        "name": null,
        "id": 9722190000.0,
        "visible": "true",
        "version": 1,
        "changeset": 120659211,
        "timestamp": "2022-05-07T09:16:53Z",
        "user": "636663",
        "uid": 15396410,
        "highway": null,
        "amenity": "waste_basket",
        "place": null,
        "bicycle": null,
        "foot": null,
        "motor_vehi": null,
        "tourism": null,
        "addr_city": null,
        "addr_house": null,
        "addr_postc": 0,
        "addr_stree": null,
        "atm": null,
        "brand": null,
        "brand_en": null,
        "brand_wiki": null,
        "brand_wik1": null,
        "name_en": null,
        "bus": null,
        "public_tra": null,
        "shop": null,
        "level": 0,
        "cuisine": null,
        "brand_zh": null,
        "name_zh": null,
        "takeaway": null,
        "opening_ho": null,
        "office": null,
        "railway": null,
        "leisure": null,
        "addr_distr": null,
        "addr_provi": null,
        "subway": null,
        "building": null,
        "horse": null,
        "locked": null,
        "access": null,
        "natural": null,
        "capacity": 0,
        "phone": null,
        "traffic_ca": null,
        "diet_veget": null,
        "artwork_ty": null,
        "delivery": null,
        "drive_thro": null,
        "outdoor_se": null,
        "sport": null,
        "crossing": null,
        "bench": null,
        "bin": null,
        "telecom": null,
        "historic": null,
        "man_made": null,
        "parking": null,
        "healthcare": null,
        "note": null,
        "operator": null,
        "waste": "trash",
        "parcel_pic": null,
        "diet_meat": null,
        "shelter_ty": null
      },
      "geometry": {
        "type": "Point",
        "coordinates": [
          114.3643281612155,
          30.533936209979792
        ]
      }
    },
    {
      "type": "Feature",
      "properties": {
        "LAYER": "amenity - college",
        "GM_TYPE": "School",
        "barrier": null,
        "name": "武汉大学电子信息学院",
        "id": 10651500000.0,
        "visible": "true",
        "version": 1,
        "changeset": 132442665,
        "timestamp": "2023-02-12T12:14:04Z",
        "user": "meacon",
        "uid": 751192,
        "highway": null,
        "amenity": "college",
        "place": null,
        "bicycle": null,
        "foot": null,
        "motor_vehi": null,
        "tourism": null,
        "addr_city": null,
        "addr_house": null,
        "addr_postc": 0,
        "addr_stree": null,
        "atm": null,
        "brand": null,
        "brand_en": null,
        "brand_wiki": null,
        "brand_wik1": null,
        "name_en": null,
        "bus": null,
        "public_tra": null,
        "shop": null,
        "level": 0,
        "cuisine": null,
        "brand_zh": null,
        "name_zh": null,
        "takeaway": null,
        "opening_ho": null,
        "office": null,
        "railway": null,
        "leisure": null,
        "addr_distr": null,
        "addr_provi": null,
        "subway": null,
        "building": null,
        "horse": null,
        "locked": null,
        "access": null,
        "natural": null,
        "capacity": 0,
        "phone": null,
        "traffic_ca": null,
        "diet_veget": null,
        "artwork_ty": null,
        "delivery": null,
        "drive_thro": null,
        "outdoor_se": null,
        "sport": null,
        "crossing": null,
        "bench": null,
        "bin": null,
        "telecom": null,
        "historic": null,
        "man_made": null,
        "parking": null,
        "healthcare": null,
        "note": "5-11楼",
        "operator": null,
        "waste": null,
        "parcel_pic": null,
        "diet_meat": null,
        "shelter_ty": null
      },
      "geometry": {
        "type": "Point",
        "coordinates": [
          114.36285763474228,
          30.533640480093844
        ]
      }
    },
    {
      "type": "Feature",
      "properties": {
        "LAYER": "amenity - parcel_locker",
        "GM_TYPE": "Building",
        "barrier": null,
        "name": null,
        "id": 10741100000.0,
        "visible": "true",
        "version": 2,
        "changeset": 133844459,
        "timestamp": "2023-03-19T03:59:59Z",
        "user": "Lee2",
        "uid": 18761862,
        "highway": null,
        "amenity": "parcel_locker",
        "place": null,
        "bicycle": null,
        "foot": null,
        "motor_vehi": null,
        "tourism": null,
        "addr_city": null,
        "addr_house": null,
        "addr_postc": 0,
        "addr_stree": null,
        "atm": null,
        "brand": null,
        "brand_en": null,
        "brand_wiki": null,
        "brand_wik1": null,
        "name_en": null,
        "bus": null,
        "public_tra": null,
        "shop": null,
        "level": 0,
        "cuisine": null,
        "brand_zh": null,
        "name_zh": null,
        "takeaway": null,
        "opening_ho": null,
        "office": null,
        "railway": null,
        "leisure": null,
        "addr_distr": null,
        "addr_provi": null,
        "subway": null,
        "building": null,
        "horse": null,
        "locked": null,
        "access": null,
        "natural": null,
        "capacity": 0,
        "phone": null,
        "traffic_ca": null,
        "diet_veget": null,
        "artwork_ty": null,
        "delivery": null,
        "drive_thro": null,
        "outdoor_se": null,
        "sport": null,
        "crossing": null,
        "bench": null,
        "bin": null,
        "telecom": null,
        "historic": null,
        "man_made": null,
        "parking": null,
        "healthcare": null,
        "note": null,
        "operator": null,
        "waste": null,
        "parcel_pic": "yes",
        "diet_meat": null,
        "shelter_ty": null
      },
      "geometry": {
        "type": "Point",
        "coordinates": [
          114.36564021970811,
          30.53419140212587
        ]
      }
    },
    {
      "type": "Feature",
      "properties": {
        "LAYER": "leisure - pitch",
        "GM_TYPE": "Stadium",
        "barrier": null,
        "name": "羽毛球场",
        "id": 10742600000.0,
        "visible": "true",
        "version": 1,
        "changeset": 133809121,
        "timestamp": "2023-03-18T02:01:22Z",
        "user": "xukun cai",
        "uid": 18755370,
        "highway": null,
        "amenity": null,
        "place": null,
        "bicycle": null,
        "foot": null,
        "motor_vehi": null,
        "tourism": null,
        "addr_city": null,
        "addr_house": null,
        "addr_postc": 0,
        "addr_stree": null,
        "atm": null,
        "brand": null,
        "brand_en": null,
        "brand_wiki": null,
        "brand_wik1": null,
        "name_en": null,
        "bus": null,
        "public_tra": null,
        "shop": null,
        "level": 0,
        "cuisine": null,
        "brand_zh": null,
        "name_zh": null,
        "takeaway": null,
        "opening_ho": null,
        "office": null,
        "railway": null,
        "leisure": "pitch",
        "addr_distr": null,
        "addr_provi": null,
        "subway": null,
        "building": null,
        "horse": null,
        "locked": null,
        "access": null,
        "natural": null,
        "capacity": 0,
        "phone": null,
        "traffic_ca": null,
        "diet_veget": null,
        "artwork_ty": null,
        "delivery": null,
        "drive_thro": null,
        "outdoor_se": null,
        "sport": "badminton",
        "crossing": null,
        "bench": null,
        "bin": null,
        "telecom": null,
        "historic": null,
        "man_made": null,
        "parking": null,
        "healthcare": null,
        "note": null,
        "operator": null,
        "waste": null,
        "parcel_pic": null,
        "diet_meat": null,
        "shelter_ty": null
      },
      "geometry": {
        "type": "Point",
        "coordinates": [
          114.36874328601603,
          30.533875965565354
        ]
      }
    },
    {
      "type": "Feature",
      "properties": {
        "LAYER": "shop - convenience",
        "GM_TYPE": "Shopping",
        "barrier": null,
        "name": "Today",
        "id": 10742600000.0,
        "visible": "true",
        "version": 1,
        "changeset": 133809179,
        "timestamp": "2023-03-18T02:06:53Z",
        "user": "归月_",
        "uid": 18749302,
        "highway": null,
        "amenity": null,
        "place": null,
        "bicycle": null,
        "foot": null,
        "motor_vehi": null,
        "tourism": null,
        "addr_city": null,
        "addr_house": null,
        "addr_postc": 0,
        "addr_stree": null,
        "atm": null,
        "brand": null,
        "brand_en": null,
        "brand_wiki": null,
        "brand_wik1": null,
        "name_en": null,
        "bus": null,
        "public_tra": null,
        "shop": "convenience",
        "level": 0,
        "cuisine": null,
        "brand_zh": null,
        "name_zh": null,
        "takeaway": null,
        "opening_ho": null,
        "office": null,
        "railway": null,
        "leisure": null,
        "addr_distr": null,
        "addr_provi": null,
        "subway": null,
        "building": null,
        "horse": null,
        "locked": null,
        "access": null,
        "natural": null,
        "capacity": 0,
        "phone": null,
        "traffic_ca": null,
        "diet_veget": null,
        "artwork_ty": null,
        "delivery": null,
        "drive_thro": null,
        "outdoor_se": null,
        "sport": null,
        "crossing": null,
        "bench": null,
        "bin": null,
        "telecom": null,
        "historic": null,
        "man_made": null,
        "parking": null,
        "healthcare": null,
        "note": null,
        "operator": null,
        "waste": null,
        "parcel_pic": null,
        "diet_meat": null,
        "shelter_ty": null
      },
      "geometry": {
        "type": "Point",
        "coordinates": [
          114.36407627904795,
          30.532307465690963
        ]
      }
    },
    {
      "type": "Feature",
      "properties": {
        "LAYER": "amenity - restaurant",
        "GM_TYPE": "Restaurant",
        "barrier": null,
        "name": "研卤堂",
        "id": 10743000000.0,
        "visible": "true",
        "version": 3,
        "changeset": 134381227,
        "timestamp": "2023-04-01T13:27:11Z",
        "user": "mueschel",
        "uid": 616774,
        "highway": null,
        "amenity": "restaurant",
        "place": null,
        "bicycle": null,
        "foot": null,
        "motor_vehi": null,
        "tourism": null,
        "addr_city": null,
        "addr_house": null,
        "addr_postc": 0,
        "addr_stree": null,
        "atm": null,
        "brand": null,
        "brand_en": null,
        "brand_wiki": null,
        "brand_wik1": null,
        "name_en": null,
        "bus": null,
        "public_tra": null,
        "shop": null,
        "level": 0,
        "cuisine": "chinese;卤菜",
        "brand_zh": null,
        "name_zh": null,
        "takeaway": null,
        "opening_ho": null,
        "office": null,
        "railway": null,
        "leisure": null,
        "addr_distr": null,
        "addr_provi": null,
        "subway": null,
        "building": null,
        "horse": null,
        "locked": null,
        "access": null,
        "natural": null,
        "capacity": 0,
        "phone": null,
        "traffic_ca": null,
        "diet_veget": null,
        "artwork_ty": null,
        "delivery": null,
        "drive_thro": null,
        "outdoor_se": null,
        "sport": null,
        "crossing": null,
        "bench": null,
        "bin": null,
        "telecom": null,
        "historic": null,
        "man_made": null,
        "parking": null,
        "healthcare": null,
        "note": null,
        "operator": null,
        "waste": null,
        "parcel_pic": null,
        "diet_meat": "yes",
        "shelter_ty": null
      },
      "geometry": {
        "type": "Point",
        "coordinates": [
          114.36656118863246,
          30.534203898689288
        ]
      }
    },
    {
      "type": "Feature",
      "properties": {
        "LAYER": "shop - convenience",
        "GM_TYPE": "Shopping",
        "barrier": null,
        "name": "7-Eleven",
        "id": 10743000000.0,
        "visible": "true",
        "version": 2,
        "changeset": 133827580,
        "timestamp": "2023-03-18T15:28:16Z",
        "user": "TileBZ",
        "uid": 18756215,
        "highway": null,
        "amenity": null,
        "place": null,
        "bicycle": null,
        "foot": null,
        "motor_vehi": null,
        "tourism": null,
        "addr_city": null,
        "addr_house": null,
        "addr_postc": 0,
        "addr_stree": null,
        "atm": null,
        "brand": "7-Eleven",
        "brand_en": null,
        "brand_wiki": "Q259340",
        "brand_wik1": null,
        "name_en": null,
        "bus": null,
        "public_tra": null,
        "shop": "convenience",
        "level": 0,
        "cuisine": null,
        "brand_zh": null,
        "name_zh": null,
        "takeaway": null,
        "opening_ho": null,
        "office": null,
        "railway": null,
        "leisure": null,
        "addr_distr": null,
        "addr_provi": null,
        "subway": null,
        "building": null,
        "horse": null,
        "locked": null,
        "access": null,
        "natural": null,
        "capacity": 0,
        "phone": null,
        "traffic_ca": null,
        "diet_veget": null,
        "artwork_ty": null,
        "delivery": null,
        "drive_thro": null,
        "outdoor_se": null,
        "sport": null,
        "crossing": null,
        "bench": null,
        "bin": null,
        "telecom": null,
        "historic": null,
        "man_made": null,
        "parking": null,
        "healthcare": null,
        "note": null,
        "operator": null,
        "waste": null,
        "parcel_pic": null,
        "diet_meat": null,
        "shelter_ty": null
      },
      "geometry": {
        "type": "Point",
        "coordinates": [
          114.36650601274232,
          30.534203714072802
        ]
      }
    },
    {
      "type": "Feature",
      "properties": {
        "LAYER": "amenity - cafe",
        "GM_TYPE": "Restaurant",
        "barrier": null,
        "name": "茶颜悦色",
        "id": 10743000000.0,
        "visible": "true",
        "version": 2,
        "changeset": 133827580,
        "timestamp": "2023-03-18T15:28:16Z",
        "user": "TileBZ",
        "uid": 18756215,
        "highway": null,
        "amenity": "cafe",
        "place": null,
        "bicycle": null,
        "foot": null,
        "motor_vehi": null,
        "tourism": null,
        "addr_city": null,
        "addr_house": null,
        "addr_postc": 0,
        "addr_stree": null,
        "atm": null,
        "brand": "茶颜悦色",
        "brand_en": "Sexytea",
        "brand_wiki": "Q60992994",
        "brand_wik1": null,
        "name_en": "Sexytea",
        "bus": null,
        "public_tra": null,
        "shop": null,
        "level": 0,
        "cuisine": "bubble_tea",
        "brand_zh": "茶颜悦色",
        "name_zh": "茶颜悦色",
        "takeaway": "yes",
        "opening_ho": null,
        "office": null,
        "railway": null,
        "leisure": null,
        "addr_distr": null,
        "addr_provi": null,
        "subway": null,
        "building": null,
        "horse": null,
        "locked": null,
        "access": null,
        "natural": null,
        "capacity": 0,
        "phone": null,
        "traffic_ca": null,
        "diet_veget": null,
        "artwork_ty": null,
        "delivery": null,
        "drive_thro": null,
        "outdoor_se": "no",
        "sport": null,
        "crossing": null,
        "bench": null,
        "bin": null,
        "telecom": null,
        "historic": null,
        "man_made": null,
        "parking": null,
        "healthcare": null,
        "note": "新开",
        "operator": null,
        "waste": null,
        "parcel_pic": null,
        "diet_meat": null,
        "shelter_ty": null
      },
      "geometry": {
        "type": "Point",
        "coordinates": [
          114.36643691669963,
          30.534206204280203
        ]
      }
    },
    {
      "type": "Feature",
      "properties": {
        "LAYER": "amenity - cafe",
        "GM_TYPE": "Restaurant",
        "barrier": null,
        "name": "古茗",
        "id": 10743000000.0,
        "visible": "true",
        "version": 2,
        "changeset": 133827580,
        "timestamp": "2023-03-18T15:28:16Z",
        "user": "TileBZ",
        "uid": 18756215,
        "highway": null,
        "amenity": "cafe",
        "place": null,
        "bicycle": null,
        "foot": null,
        "motor_vehi": null,
        "tourism": null,
        "addr_city": null,
        "addr_house": null,
        "addr_postc": 0,
        "addr_stree": null,
        "atm": null,
        "brand": null,
        "brand_en": null,
        "brand_wiki": null,
        "brand_wik1": null,
        "name_en": null,
        "bus": null,
        "public_tra": null,
        "shop": null,
        "level": 0,
        "cuisine": "bubble_tea",
        "brand_zh": null,
        "name_zh": null,
        "takeaway": null,
        "opening_ho": null,
        "office": null,
        "railway": null,
        "leisure": null,
        "addr_distr": null,
        "addr_provi": null,
        "subway": null,
        "building": null,
        "horse": null,
        "locked": null,
        "access": null,
        "natural": null,
        "capacity": 0,
        "phone": null,
        "traffic_ca": null,
        "diet_veget": null,
        "artwork_ty": null,
        "delivery": null,
        "drive_thro": null,
        "outdoor_se": null,
        "sport": null,
        "crossing": null,
        "bench": null,
        "bin": null,
        "telecom": null,
        "historic": null,
        "man_made": null,
        "parking": null,
        "healthcare": null,
        "note": null,
        "operator": null,
        "waste": null,
        "parcel_pic": null,
        "diet_meat": null,
        "shelter_ty": null
      },
      "geometry": {
        "type": "Point",
        "coordinates": [
          114.36637252973311,
          30.53420639760721
        ]
      }
    },
    {
      "type": "Feature",
      "properties": {
        "LAYER": "amenity - cafe",
        "GM_TYPE": "Restaurant",
        "barrier": null,
        "name": "Noworry",
        "id": 10743300000.0,
        "visible": "true",
        "version": 1,
        "changeset": 133821979,
        "timestamp": "2023-03-18T12:57:47Z",
        "user": "yawuxin",
        "uid": 18759123,
        "highway": null,
        "amenity": "cafe",
        "place": null,
        "bicycle": null,
        "foot": null,
        "motor_vehi": null,
        "tourism": null,
        "addr_city": null,
        "addr_house": null,
        "addr_postc": 0,
        "addr_stree": null,
        "atm": null,
        "brand": null,
        "brand_en": null,
        "brand_wiki": null,
        "brand_wik1": null,
        "name_en": null,
        "bus": null,
        "public_tra": null,
        "shop": null,
        "level": 0,
        "cuisine": "coffee_shop",
        "brand_zh": null,
        "name_zh": null,
        "takeaway": null,
        "opening_ho": null,
        "office": null,
        "railway": null,
        "leisure": null,
        "addr_distr": null,
        "addr_provi": null,
        "subway": null,
        "building": null,
        "horse": null,
        "locked": null,
        "access": null,
        "natural": null,
        "capacity": 0,
        "phone": null,
        "traffic_ca": null,
        "diet_veget": null,
        "artwork_ty": null,
        "delivery": null,
        "drive_thro": null,
        "outdoor_se": "yes",
        "sport": null,
        "crossing": null,
        "bench": null,
        "bin": null,
        "telecom": null,
        "historic": null,
        "man_made": null,
        "parking": null,
        "healthcare": null,
        "note": null,
        "operator": null,
        "waste": null,
        "parcel_pic": null,
        "diet_meat": null,
        "shelter_ty": null
      },
      "geometry": {
        "type": "Point",
        "coordinates": [
          114.36612461645191,
          30.53432646271151
        ]
      }
    },
    {
      "type": "Feature",
      "properties": {
        "LAYER": "shop - convenience",
        "GM_TYPE": "Shopping",
        "barrier": null,
        "name": "罗森",
        "id": 10743300000.0,
        "visible": "true",
        "version": 1,
        "changeset": 133821979,
        "timestamp": "2023-03-18T12:57:47Z",
        "user": "yawuxin",
        "uid": 18759123,
        "highway": null,
        "amenity": null,
        "place": null,
        "bicycle": null,
        "foot": null,
        "motor_vehi": null,
        "tourism": null,
        "addr_city": null,
        "addr_house": null,
        "addr_postc": 0,
        "addr_stree": null,
        "atm": null,
        "brand": "罗森",
        "brand_en": "LAWSON",
        "brand_wiki": "Q1557223",
        "brand_wik1": null,
        "name_en": "LAOSON",
        "bus": null,
        "public_tra": null,
        "shop": "convenience",
        "level": 0,
        "cuisine": null,
        "brand_zh": "罗森",
        "name_zh": "罗森",
        "takeaway": null,
        "opening_ho": null,
        "office": null,
        "railway": null,
        "leisure": null,
        "addr_distr": null,
        "addr_provi": null,
        "subway": null,
        "building": null,
        "horse": null,
        "locked": null,
        "access": null,
        "natural": null,
        "capacity": 0,
        "phone": null,
        "traffic_ca": null,
        "diet_veget": null,
        "artwork_ty": null,
        "delivery": null,
        "drive_thro": null,
        "outdoor_se": null,
        "sport": null,
        "crossing": null,
        "bench": null,
        "bin": null,
        "telecom": null,
        "historic": null,
        "man_made": null,
        "parking": null,
        "healthcare": null,
        "note": null,
        "operator": "罗森（中国）投资有限公司",
        "waste": null,
        "parcel_pic": null,
        "diet_meat": null,
        "shelter_ty": null
      },
      "geometry": {
        "type": "Point",
        "coordinates": [
          114.36612524253262,
          30.534291960157297
        ]
      }
    },
    {
      "type": "Feature",
      "properties": {
        "LAYER": "amenity - cafe",
        "GM_TYPE": "Restaurant",
        "barrier": null,
        "name": "瑞幸咖啡",
        "id": 10743300000.0,
        "visible": "true",
        "version": 2,
        "changeset": 133844459,
        "timestamp": "2023-03-19T03:59:59Z",
        "user": "Lee2",
        "uid": 18761862,
        "highway": null,
        "amenity": "cafe",
        "place": null,
        "bicycle": null,
        "foot": null,
        "motor_vehi": null,
        "tourism": null,
        "addr_city": null,
        "addr_house": null,
        "addr_postc": 0,
        "addr_stree": null,
        "atm": null,
        "brand": "瑞幸咖啡",
        "brand_en": "Luckin Coffee",
        "brand_wiki": "Q56811344",
        "brand_wik1": null,
        "name_en": "Luckin Coffee",
        "bus": null,
        "public_tra": null,
        "shop": null,
        "level": 0,
        "cuisine": "coffee_shop",
        "brand_zh": "瑞幸咖啡",
        "name_zh": "瑞幸咖啡",
        "takeaway": "yes",
        "opening_ho": null,
        "office": null,
        "railway": null,
        "leisure": null,
        "addr_distr": null,
        "addr_provi": null,
        "subway": null,
        "building": null,
        "horse": null,
        "locked": null,
        "access": null,
        "natural": null,
        "capacity": 0,
        "phone": null,
        "traffic_ca": null,
        "diet_veget": null,
        "artwork_ty": null,
        "delivery": null,
        "drive_thro": null,
        "outdoor_se": null,
        "sport": null,
        "crossing": null,
        "bench": null,
        "bin": null,
        "telecom": null,
        "historic": null,
        "man_made": null,
        "parking": null,
        "healthcare": null,
        "note": null,
        "operator": null,
        "waste": null,
        "parcel_pic": null,
        "diet_meat": null,
        "shelter_ty": null
      },
      "geometry": {
        "type": "Point",
        "coordinates": [
          114.36612696105732,
          30.534269661030418
        ]
      }
    },
    {
      "type": "Feature",
      "properties": {
        "LAYER": "tourism - hotel",
        "GM_TYPE": "Lodging",
        "barrier": null,
        "name": "武汉君宜王朝大饭店",
        "id": 10743300000.0,
        "visible": "true",
        "version": 1,
        "changeset": 133822579,
        "timestamp": "2023-03-18T13:18:06Z",
        "user": "ranyan QIAN",
        "uid": 18759641,
        "highway": null,
        "amenity": null,
        "place": null,
        "bicycle": null,
        "foot": null,
        "motor_vehi": null,
        "tourism": "hotel",
        "addr_city": "武汉市",
        "addr_house": null,
        "addr_postc": 430079,
        "addr_stree": "珞喻路",
        "atm": null,
        "brand": null,
        "brand_en": null,
        "brand_wiki": null,
        "brand_wik1": null,
        "name_en": null,
        "bus": null,
        "public_tra": null,
        "shop": null,
        "level": 0,
        "cuisine": null,
        "brand_zh": null,
        "name_zh": null,
        "takeaway": null,
        "opening_ho": null,
        "office": null,
        "railway": null,
        "leisure": null,
        "addr_distr": "洪山区",
        "addr_provi": "湖北省",
        "subway": null,
        "building": null,
        "horse": null,
        "locked": null,
        "access": null,
        "natural": null,
        "capacity": 0,
        "phone": null,
        "traffic_ca": null,
        "diet_veget": null,
        "artwork_ty": null,
        "delivery": null,
        "drive_thro": null,
        "outdoor_se": null,
        "sport": null,
        "crossing": null,
        "bench": null,
        "bin": null,
        "telecom": null,
        "historic": null,
        "man_made": null,
        "parking": null,
        "healthcare": null,
        "note": null,
        "operator": null,
        "waste": null,
        "parcel_pic": null,
        "diet_meat": null,
        "shelter_ty": null
      },
      "geometry": {
        "type": "Point",
        "coordinates": [
          114.36709163298357,
          30.531296512237645
        ]
      }
    },
    {
      "type": "Feature",
      "properties": {
        "LAYER": "shop - 玩具商店",
        "GM_TYPE": "Shopping",
        "barrier": null,
        "name": "乐高",
        "id": 10743300000.0,
        "visible": "true",
        "version": 1,
        "changeset": 133822579,
        "timestamp": "2023-03-18T13:18:06Z",
        "user": "ranyan QIAN",
        "uid": 18759641,
        "highway": null,
        "amenity": null,
        "place": null,
        "bicycle": null,
        "foot": null,
        "motor_vehi": null,
        "tourism": null,
        "addr_city": "武汉",
        "addr_house": "1",
        "addr_postc": 430079,
        "addr_stree": "珞喻路",
        "atm": null,
        "brand": null,
        "brand_en": null,
        "brand_wiki": null,
        "brand_wik1": null,
        "name_en": null,
        "bus": null,
        "public_tra": null,
        "shop": "玩具商店",
        "level": 0,
        "cuisine": null,
        "brand_zh": null,
        "name_zh": null,
        "takeaway": null,
        "opening_ho": null,
        "office": null,
        "railway": null,
        "leisure": null,
        "addr_distr": "洪山区",
        "addr_provi": "湖北省",
        "subway": null,
        "building": null,
        "horse": null,
        "locked": null,
        "access": null,
        "natural": null,
        "capacity": 0,
        "phone": null,
        "traffic_ca": null,
        "diet_veget": null,
        "artwork_ty": null,
        "delivery": null,
        "drive_thro": null,
        "outdoor_se": null,
        "sport": null,
        "crossing": null,
        "bench": null,
        "bin": null,
        "telecom": null,
        "historic": null,
        "man_made": null,
        "parking": null,
        "healthcare": null,
        "note": null,
        "operator": null,
        "waste": null,
        "parcel_pic": null,
        "diet_meat": null,
        "shelter_ty": null
      },
      "geometry": {
        "type": "Point",
        "coordinates": [
          114.36365457576177,
          30.532426355168845
        ]
      }
    },
    {
      "type": "Feature",
      "properties": {
        "LAYER": "highway - bus_stop",
        "GM_TYPE": "Unknown Point Feature",
        "barrier": null,
        "name": "校车1号线-信息学部图书馆站",
        "id": 10743400000.0,
        "visible": "true",
        "version": 1,
        "changeset": 133826053,
        "timestamp": "2023-03-18T14:52:12Z",
        "user": "TileBZ",
        "uid": 18756215,
        "highway": "bus_stop",
        "amenity": null,
        "place": null,
        "bicycle": null,
        "foot": null,
        "motor_vehi": null,
        "tourism": null,
        "addr_city": null,
        "addr_house": null,
        "addr_postc": 0,
        "addr_stree": null,
        "atm": null,
        "brand": null,
        "brand_en": null,
        "brand_wiki": null,
        "brand_wik1": null,
        "name_en": null,
        "bus": "yes",
        "public_tra": "platform",
        "shop": null,
        "level": 0,
        "cuisine": null,
        "brand_zh": null,
        "name_zh": null,
        "takeaway": null,
        "opening_ho": null,
        "office": null,
        "railway": null,
        "leisure": null,
        "addr_distr": null,
        "addr_provi": null,
        "subway": null,
        "building": null,
        "horse": null,
        "locked": null,
        "access": null,
        "natural": null,
        "capacity": 0,
        "phone": null,
        "traffic_ca": null,
        "diet_veget": null,
        "artwork_ty": null,
        "delivery": null,
        "drive_thro": null,
        "outdoor_se": null,
        "sport": null,
        "crossing": null,
        "bench": null,
        "bin": null,
        "telecom": null,
        "historic": null,
        "man_made": null,
        "parking": null,
        "healthcare": null,
        "note": null,
        "operator": null,
        "waste": null,
        "parcel_pic": null,
        "diet_meat": null,
        "shelter_ty": null
      },
      "geometry": {
        "type": "Point",
        "coordinates": [
          114.36699803547869,
          30.535770727387572
        ]
      }
    },
    {
      "type": "Feature",
      "properties": {
        "LAYER": "amenity - fast_food",
        "GM_TYPE": "Restaurant",
        "barrier": null,
        "name": "肯德基",
        "id": 10743500000.0,
        "visible": "true",
        "version": 1,
        "changeset": 133827580,
        "timestamp": "2023-03-18T15:28:16Z",
        "user": "TileBZ",
        "uid": 18756215,
        "highway": null,
        "amenity": "fast_food",
        "place": null,
        "bicycle": null,
        "foot": null,
        "motor_vehi": null,
        "tourism": null,
        "addr_city": null,
        "addr_house": null,
        "addr_postc": 0,
        "addr_stree": null,
        "atm": null,
        "brand": "肯德基",
        "brand_en": "KFC",
        "brand_wiki": "Q524757",
        "brand_wik1": null,
        "name_en": "KFC",
        "bus": null,
        "public_tra": null,
        "shop": null,
        "level": 0,
        "cuisine": "chicken",
        "brand_zh": "肯德基",
        "name_zh": "肯德基",
        "takeaway": "yes",
        "opening_ho": null,
        "office": null,
        "railway": null,
        "leisure": null,
        "addr_distr": null,
        "addr_provi": null,
        "subway": null,
        "building": null,
        "horse": null,
        "locked": null,
        "access": null,
        "natural": null,
        "capacity": 0,
        "phone": null,
        "traffic_ca": null,
        "diet_veget": null,
        "artwork_ty": null,
        "delivery": null,
        "drive_thro": null,
        "outdoor_se": null,
        "sport": null,
        "crossing": null,
        "bench": null,
        "bin": null,
        "telecom": null,
        "historic": null,
        "man_made": null,
        "parking": null,
        "healthcare": null,
        "note": null,
        "operator": null,
        "waste": null,
        "parcel_pic": null,
        "diet_meat": null,
        "shelter_ty": null
      },
      "geometry": {
        "type": "Point",
        "coordinates": [
          114.36630393938626,
          30.53420487939812
        ]
      }
    },
    {
      "type": "Feature",
      "properties": {
        "LAYER": "amenity - restaurant",
        "GM_TYPE": "Restaurant",
        "barrier": null,
        "name": "嗨购猫",
        "id": 10744500000.0,
        "visible": "true",
        "version": 1,
        "changeset": 133843701,
        "timestamp": "2023-03-19T02:31:41Z",
        "user": "xiangnuo",
        "uid": 18759863,
        "highway": null,
        "amenity": "restaurant",
        "place": null,
        "bicycle": null,
        "foot": null,
        "motor_vehi": null,
        "tourism": null,
        "addr_city": null,
        "addr_house": null,
        "addr_postc": 0,
        "addr_stree": null,
        "atm": null,
        "brand": null,
        "brand_en": null,
        "brand_wiki": null,
        "brand_wik1": null,
        "name_en": null,
        "bus": null,
        "public_tra": null,
        "shop": null,
        "level": 0,
        "cuisine": null,
        "brand_zh": null,
        "name_zh": null,
        "takeaway": null,
        "opening_ho": null,
        "office": null,
        "railway": null,
        "leisure": null,
        "addr_distr": null,
        "addr_provi": null,
        "subway": null,
        "building": null,
        "horse": null,
        "locked": null,
        "access": null,
        "natural": null,
        "capacity": 0,
        "phone": null,
        "traffic_ca": null,
        "diet_veget": null,
        "artwork_ty": null,
        "delivery": null,
        "drive_thro": null,
        "outdoor_se": null,
        "sport": null,
        "crossing": null,
        "bench": null,
        "bin": null,
        "telecom": null,
        "historic": null,
        "man_made": null,
        "parking": null,
        "healthcare": null,
        "note": null,
        "operator": null,
        "waste": null,
        "parcel_pic": null,
        "diet_meat": null,
        "shelter_ty": null
      },
      "geometry": {
        "type": "Point",
        "coordinates": [
          114.36612440194838,
          30.53631216486136
        ]
      }
    },
    {
      "type": "Feature",
      "properties": {
        "LAYER": "Unknown Point Feature",
        "GM_TYPE": "Unknown Point Feature",
        "barrier": null,
        "name": "六舍二号菜鸟驿站",
        "id": 10744500000.0,
        "visible": "true",
        "version": 1,
        "changeset": 133844640,
        "timestamp": "2023-03-19T04:20:11Z",
        "user": "Lee2",
        "uid": 18761862,
        "highway": null,
        "amenity": null,
        "place": null,
        "bicycle": null,
        "foot": null,
        "motor_vehi": null,
        "tourism": null,
        "addr_city": "武汉",
        "addr_house": null,
        "addr_postc": 0,
        "addr_stree": null,
        "atm": null,
        "brand": null,
        "brand_en": null,
        "brand_wiki": null,
        "brand_wik1": null,
        "name_en": null,
        "bus": null,
        "public_tra": null,
        "shop": null,
        "level": 0,
        "cuisine": null,
        "brand_zh": null,
        "name_zh": null,
        "takeaway": null,
        "opening_ho": null,
        "office": null,
        "railway": null,
        "leisure": null,
        "addr_distr": null,
        "addr_provi": null,
        "subway": null,
        "building": null,
        "horse": null,
        "locked": null,
        "access": null,
        "natural": null,
        "capacity": 0,
        "phone": null,
        "traffic_ca": null,
        "diet_veget": null,
        "artwork_ty": null,
        "delivery": null,
        "drive_thro": null,
        "outdoor_se": null,
        "sport": null,
        "crossing": null,
        "bench": null,
        "bin": null,
        "telecom": null,
        "historic": null,
        "man_made": null,
        "parking": null,
        "healthcare": null,
        "note": null,
        "operator": null,
        "waste": null,
        "parcel_pic": null,
        "diet_meat": null,
        "shelter_ty": null
      },
      "geometry": {
        "type": "Point",
        "coordinates": [
          114.36554502474986,
          30.534169767712346
        ]
      }
    },
    {
      "type": "Feature",
      "properties": {
        "LAYER": "Unknown Point Feature",
        "GM_TYPE": "Unknown Point Feature",
        "barrier": null,
        "name": "中通菜鸟驿站",
        "id": 10744500000.0,
        "visible": "true",
        "version": 1,
        "changeset": 133844640,
        "timestamp": "2023-03-19T04:20:11Z",
        "user": "Lee2",
        "uid": 18761862,
        "highway": null,
        "amenity": null,
        "place": null,
        "bicycle": null,
        "foot": null,
        "motor_vehi": null,
        "tourism": null,
        "addr_city": "武汉",
        "addr_house": null,
        "addr_postc": 0,
        "addr_stree": null,
        "atm": null,
        "brand": null,
        "brand_en": null,
        "brand_wiki": null,
        "brand_wik1": null,
        "name_en": null,
        "bus": null,
        "public_tra": null,
        "shop": null,
        "level": 0,
        "cuisine": null,
        "brand_zh": null,
        "name_zh": null,
        "takeaway": null,
        "opening_ho": null,
        "office": null,
        "railway": null,
        "leisure": null,
        "addr_distr": null,
        "addr_provi": null,
        "subway": null,
        "building": null,
        "horse": null,
        "locked": null,
        "access": null,
        "natural": null,
        "capacity": 0,
        "phone": null,
        "traffic_ca": null,
        "diet_veget": null,
        "artwork_ty": null,
        "delivery": null,
        "drive_thro": null,
        "outdoor_se": null,
        "sport": null,
        "crossing": null,
        "bench": null,
        "bin": null,
        "telecom": null,
        "historic": null,
        "man_made": null,
        "parking": null,
        "healthcare": null,
        "note": null,
        "operator": null,
        "waste": null,
        "parcel_pic": null,
        "diet_meat": null,
        "shelter_ty": null
      },
      "geometry": {
        "type": "Point",
        "coordinates": [
          114.36561470583362,
          30.534169438369588
        ]
      }
    },
    {
      "type": "Feature",
      "properties": {
        "LAYER": "Unknown Point Feature",
        "GM_TYPE": "Unknown Point Feature",
        "barrier": null,
        "name": "顺丰快递",
        "id": 10744500000.0,
        "visible": "true",
        "version": 1,
        "changeset": 133844640,
        "timestamp": "2023-03-19T04:20:11Z",
        "user": "Lee2",
        "uid": 18761862,
        "highway": null,
        "amenity": null,
        "place": null,
        "bicycle": null,
        "foot": null,
        "motor_vehi": null,
        "tourism": null,
        "addr_city": "武汉",
        "addr_house": null,
        "addr_postc": 0,
        "addr_stree": null,
        "atm": null,
        "brand": null,
        "brand_en": null,
        "brand_wiki": null,
        "brand_wik1": null,
        "name_en": null,
        "bus": null,
        "public_tra": null,
        "shop": null,
        "level": 0,
        "cuisine": null,
        "brand_zh": null,
        "name_zh": null,
        "takeaway": null,
        "opening_ho": null,
        "office": null,
        "railway": null,
        "leisure": null,
        "addr_distr": null,
        "addr_provi": null,
        "subway": null,
        "building": null,
        "horse": null,
        "locked": null,
        "access": null,
        "natural": null,
        "capacity": 0,
        "phone": null,
        "traffic_ca": null,
        "diet_veget": null,
        "artwork_ty": null,
        "delivery": null,
        "drive_thro": null,
        "outdoor_se": null,
        "sport": null,
        "crossing": null,
        "bench": null,
        "bin": null,
        "telecom": null,
        "historic": null,
        "man_made": null,
        "parking": null,
        "healthcare": null,
        "note": null,
        "operator": null,
        "waste": null,
        "parcel_pic": null,
        "diet_meat": null,
        "shelter_ty": null
      },
      "geometry": {
        "type": "Point",
        "coordinates": [
          114.36567247242955,
          30.534171176533945
        ]
      }
    },
    {
      "type": "Feature",
      "properties": {
        "LAYER": "amenity - shelter",
        "GM_TYPE": "Building",
        "barrier": null,
        "name": "武汉大学信息学部凉亭",
        "id": 10744900000.0,
        "visible": "true",
        "version": 1,
        "changeset": 133851861,
        "timestamp": "2023-03-19T10:24:41Z",
        "user": "Zijian Zhao",
        "uid": 18763193,
        "highway": null,
        "amenity": "shelter",
        "place": null,
        "bicycle": null,
        "foot": null,
        "motor_vehi": null,
        "tourism": null,
        "addr_city": null,
        "addr_house": null,
        "addr_postc": 0,
        "addr_stree": null,
        "atm": null,
        "brand": null,
        "brand_en": null,
        "brand_wiki": null,
        "brand_wik1": null,
        "name_en": null,
        "bus": null,
        "public_tra": null,
        "shop": null,
        "level": 0,
        "cuisine": null,
        "brand_zh": null,
        "name_zh": null,
        "takeaway": null,
        "opening_ho": null,
        "office": null,
        "railway": null,
        "leisure": null,
        "addr_distr": null,
        "addr_provi": null,
        "subway": null,
        "building": null,
        "horse": null,
        "locked": null,
        "access": null,
        "natural": null,
        "capacity": 0,
        "phone": null,
        "traffic_ca": null,
        "diet_veget": null,
        "artwork_ty": null,
        "delivery": null,
        "drive_thro": null,
        "outdoor_se": null,
        "sport": null,
        "crossing": null,
        "bench": null,
        "bin": null,
        "telecom": null,
        "historic": null,
        "man_made": null,
        "parking": null,
        "healthcare": null,
        "note": null,
        "operator": null,
        "waste": null,
        "parcel_pic": null,
        "diet_meat": null,
        "shelter_ty": "gazebo"
      },
      "geometry": {
        "type": "Point",
        "coordinates": [
          114.36805492047834,
          30.535131075019347
        ]
      }
    },
    {
      "type": "Feature",
      "properties": {
        "LAYER": "shop - copyshop",
        "GM_TYPE": "Shopping",
        "barrier": null,
        "name": "康康快印",
        "id": 10744900000.0,
        "visible": "true",
        "version": 1,
        "changeset": 133852012,
        "timestamp": "2023-03-19T10:28:27Z",
        "user": "Zijian Zhao",
        "uid": 18763193,
        "highway": null,
        "amenity": null,
        "place": null,
        "bicycle": null,
        "foot": null,
        "motor_vehi": null,
        "tourism": null,
        "addr_city": null,
        "addr_house": null,
        "addr_postc": 0,
        "addr_stree": null,
        "atm": null,
        "brand": null,
        "brand_en": null,
        "brand_wiki": null,
        "brand_wik1": null,
        "name_en": null,
        "bus": null,
        "public_tra": null,
        "shop": "copyshop",
        "level": 0,
        "cuisine": null,
        "brand_zh": null,
        "name_zh": null,
        "takeaway": null,
        "opening_ho": null,
        "office": null,
        "railway": null,
        "leisure": null,
        "addr_distr": null,
        "addr_provi": null,
        "subway": null,
        "building": null,
        "horse": null,
        "locked": null,
        "access": null,
        "natural": null,
        "capacity": 0,
        "phone": null,
        "traffic_ca": null,
        "diet_veget": null,
        "artwork_ty": null,
        "delivery": null,
        "drive_thro": null,
        "outdoor_se": null,
        "sport": null,
        "crossing": null,
        "bench": null,
        "bin": null,
        "telecom": null,
        "historic": null,
        "man_made": null,
        "parking": null,
        "healthcare": null,
        "note": null,
        "operator": null,
        "waste": null,
        "parcel_pic": null,
        "diet_meat": null,
        "shelter_ty": null
      },
      "geometry": {
        "type": "Point",
        "coordinates": [
          114.36662456274826,
          30.537686732674718
        ]
      }
    },
    {
      "type": "Feature",
      "properties": {
        "LAYER": "tourism - artwork",
        "GM_TYPE": "Landmark",
        "barrier": null,
        "name": "陈永龄半身像",
        "id": 10744900000.0,
        "visible": "true",
        "version": 1,
        "changeset": 133852132,
        "timestamp": "2023-03-19T10:32:02Z",
        "user": "tanjieyi",
        "uid": 18711453,
        "highway": null,
        "amenity": null,
        "place": null,
        "bicycle": null,
        "foot": null,
        "motor_vehi": null,
        "tourism": "artwork",
        "addr_city": null,
        "addr_house": null,
        "addr_postc": 0,
        "addr_stree": null,
        "atm": null,
        "brand": null,
        "brand_en": null,
        "brand_wiki": null,
        "brand_wik1": null,
        "name_en": null,
        "bus": null,
        "public_tra": null,
        "shop": null,
        "level": 0,
        "cuisine": null,
        "brand_zh": null,
        "name_zh": null,
        "takeaway": null,
        "opening_ho": null,
        "office": null,
        "railway": null,
        "leisure": null,
        "addr_distr": null,
        "addr_provi": null,
        "subway": null,
        "building": null,
        "horse": null,
        "locked": null,
        "access": null,
        "natural": null,
        "capacity": 0,
        "phone": null,
        "traffic_ca": null,
        "diet_veget": null,
        "artwork_ty": "statue",
        "delivery": null,
        "drive_thro": null,
        "outdoor_se": null,
        "sport": null,
        "crossing": null,
        "bench": null,
        "bin": null,
        "telecom": null,
        "historic": null,
        "man_made": null,
        "parking": null,
        "healthcare": null,
        "note": null,
        "operator": null,
        "waste": null,
        "parcel_pic": null,
        "diet_meat": null,
        "shelter_ty": null
      },
      "geometry": {
        "type": "Point",
        "coordinates": [
          114.36912766837891,
          30.53543263238264
        ]
      }
    },
    {
      "type": "Feature",
      "properties": {
        "LAYER": "tourism - artwork",
        "GM_TYPE": "Landmark",
        "barrier": null,
        "name": "叶雪安半身像",
        "id": 10744900000.0,
        "visible": "true",
        "version": 1,
        "changeset": 133852132,
        "timestamp": "2023-03-19T10:32:02Z",
        "user": "tanjieyi",
        "uid": 18711453,
        "highway": null,
        "amenity": null,
        "place": null,
        "bicycle": null,
        "foot": null,
        "motor_vehi": null,
        "tourism": "artwork",
        "addr_city": null,
        "addr_house": null,
        "addr_postc": 0,
        "addr_stree": null,
        "atm": null,
        "brand": null,
        "brand_en": null,
        "brand_wiki": null,
        "brand_wik1": null,
        "name_en": null,
        "bus": null,
        "public_tra": null,
        "shop": null,
        "level": 0,
        "cuisine": null,
        "brand_zh": null,
        "name_zh": null,
        "takeaway": null,
        "opening_ho": null,
        "office": null,
        "railway": null,
        "leisure": null,
        "addr_distr": null,
        "addr_provi": null,
        "subway": null,
        "building": null,
        "horse": null,
        "locked": null,
        "access": null,
        "natural": null,
        "capacity": 0,
        "phone": null,
        "traffic_ca": null,
        "diet_veget": null,
        "artwork_ty": "statue",
        "delivery": null,
        "drive_thro": null,
        "outdoor_se": null,
        "sport": null,
        "crossing": null,
        "bench": null,
        "bin": null,
        "telecom": null,
        "historic": null,
        "man_made": null,
        "parking": null,
        "healthcare": null,
        "note": null,
        "operator": null,
        "waste": null,
        "parcel_pic": null,
        "diet_meat": null,
        "shelter_ty": null
      },
      "geometry": {
        "type": "Point",
        "coordinates": [
          114.369128560668,
          30.53531411979001
        ]
      }
    }
  ]
}